[0.000000] (-) TimerEvent: {}
[0.000178] (SAM-2) JobQueued: {'identifier': 'SAM-2', 'dependencies': OrderedDict()}
[0.000341] (harvest_interfaces) JobQueued: {'identifier': 'harvest_interfaces', 'dependencies': OrderedDict()}
[0.000370] (realsense2_camera_msgs) JobQueued: {'identifier': 'realsense2_camera_msgs', 'dependencies': OrderedDict()}
[0.000388] (ur5e_custom_hardware) JobQueued: {'identifier': 'ur5e_custom_hardware', 'dependencies': OrderedDict()}
[0.000405] (ur_dashboard_msgs) JobQueued: {'identifier': 'ur_dashboard_msgs', 'dependencies': OrderedDict()}
[0.000424] (ur_description) JobQueued: {'identifier': 'ur_description', 'dependencies': OrderedDict()}
[0.000441] (harvest) JobQueued: {'identifier': 'harvest', 'dependencies': OrderedDict([('harvest_interfaces', '/home/imml/git/research_2025/install/harvest_interfaces')])}
[0.000461] (harvest_control) JobQueued: {'identifier': 'harvest_control', 'dependencies': OrderedDict([('harvest_interfaces', '/home/imml/git/research_2025/install/harvest_interfaces')])}
[0.000480] (harvest_vision) JobQueued: {'identifier': 'harvest_vision', 'dependencies': OrderedDict([('harvest_interfaces', '/home/imml/git/research_2025/install/harvest_interfaces')])}
[0.000498] (realsense2_camera) JobQueued: {'identifier': 'realsense2_camera', 'dependencies': OrderedDict([('realsense2_camera_msgs', '/home/imml/git/research_2025/install/realsense2_camera_msgs')])}
[0.000515] (realsense2_description) JobQueued: {'identifier': 'realsense2_description', 'dependencies': OrderedDict([('realsense2_camera_msgs', '/home/imml/git/research_2025/install/realsense2_camera_msgs')])}
[0.000532] (ur_controllers) JobQueued: {'identifier': 'ur_controllers', 'dependencies': OrderedDict([('ur_dashboard_msgs', '/home/imml/git/research_2025/install/ur_dashboard_msgs')])}
[0.000548] (ur_moveit_config) JobQueued: {'identifier': 'ur_moveit_config', 'dependencies': OrderedDict([('ur_description', '/home/imml/git/research_2025/install/ur_description')])}
[0.000565] (ur_bringup) JobQueued: {'identifier': 'ur_bringup', 'dependencies': OrderedDict([('ur_dashboard_msgs', '/home/imml/git/research_2025/install/ur_dashboard_msgs'), ('ur_description', '/home/imml/git/research_2025/install/ur_description'), ('ur_controllers', '/home/imml/git/research_2025/install/ur_controllers')])}
[0.000583] (ur_robot_driver) JobQueued: {'identifier': 'ur_robot_driver', 'dependencies': OrderedDict([('ur_dashboard_msgs', '/home/imml/git/research_2025/install/ur_dashboard_msgs'), ('ur_description', '/home/imml/git/research_2025/install/ur_description'), ('ur_controllers', '/home/imml/git/research_2025/install/ur_controllers')])}
[0.000601] (ur_calibration) JobQueued: {'identifier': 'ur_calibration', 'dependencies': OrderedDict([('ur_dashboard_msgs', '/home/imml/git/research_2025/install/ur_dashboard_msgs'), ('ur_description', '/home/imml/git/research_2025/install/ur_description'), ('ur_controllers', '/home/imml/git/research_2025/install/ur_controllers'), ('ur_robot_driver', '/home/imml/git/research_2025/install/ur_robot_driver')])}
[0.000619] (ur) JobQueued: {'identifier': 'ur', 'dependencies': OrderedDict([('ur_dashboard_msgs', '/home/imml/git/research_2025/install/ur_dashboard_msgs'), ('ur_description', '/home/imml/git/research_2025/install/ur_description'), ('ur_controllers', '/home/imml/git/research_2025/install/ur_controllers'), ('ur_moveit_config', '/home/imml/git/research_2025/install/ur_moveit_config'), ('ur_robot_driver', '/home/imml/git/research_2025/install/ur_robot_driver'), ('ur_calibration', '/home/imml/git/research_2025/install/ur_calibration')])}
[0.000648] (ur_dashboard_msgs) JobStarted: {'identifier': 'ur_dashboard_msgs'}
[0.006854] (ur_description) JobStarted: {'identifier': 'ur_description'}
[0.009538] (harvest_interfaces) JobStarted: {'identifier': 'harvest_interfaces'}
[0.012106] (realsense2_camera_msgs) JobStarted: {'identifier': 'realsense2_camera_msgs'}
[0.014522] (SAM-2) JobStarted: {'identifier': 'SAM-2'}
[0.016995] (ur5e_custom_hardware) JobStarted: {'identifier': 'ur5e_custom_hardware'}
[0.021893] (ur_dashboard_msgs) JobProgress: {'identifier': 'ur_dashboard_msgs', 'progress': 'cmake'}
[0.022331] (ur_dashboard_msgs) Command: {'cmd': ['/usr/bin/cmake', '/home/imml/git/research_2025/apple-harvest-refactor/harvest_hardware/Universal_Robots_ROS2_Driver/ur_dashboard_msgs', '-DAMENT_CMAKE_SYMLINK_INSTALL=1', '-DCMAKE_INSTALL_PREFIX=/home/imml/git/research_2025/install/ur_dashboard_msgs'], 'cwd': '/home/imml/git/research_2025/build/ur_dashboard_msgs', 'env': OrderedDict([('LESSOPEN', '| /usr/bin/lesspipe %s'), ('USER', 'imml'), ('XDG_SESSION_TYPE', 'x11'), ('SHLVL', '1'), ('LD_LIBRARY_PATH', '/usr/local/cuda-12.9/lib64:/opt/ros/humble/opt/rviz_ogre_vendor/lib:/opt/ros/humble/lib/x86_64-linux-gnu:/opt/ros/humble/lib'), ('HOME', '/home/imml'), ('OLDPWD', '/home/imml/git'), ('DESKTOP_SESSION', 'ubuntu'), ('ROS_PYTHON_VERSION', '3'), ('GNOME_SHELL_SESSION_MODE', 'ubuntu'), ('GTK_MODULES', 'gail:atk-bridge'), ('SYSTEMD_EXEC_PID', '1850'), ('DBUS_SESSION_BUS_ADDRESS', 'unix:path=/run/user/1000/bus'), ('COLORTERM', 'truecolor'), ('ROS_DISTRO', 'humble'), ('GTK_IM_MODULE', 'ibus'), ('LOGNAME', 'imml'), ('_', '/usr/bin/colcon'), ('ROS_VERSION', '2'), ('XDG_SESSION_CLASS', 'user'), ('USERNAME', 'imml'), ('TERM', 'xterm-256color'), ('GNOME_DESKTOP_SESSION_ID', 'this-is-deprecated'), ('ROS_LOCALHOST_ONLY', '0'), ('WINDOWPATH', '2'), ('PATH', '/usr/local/cuda-12.9/bin:/opt/ros/humble/bin:/home/imml/.local/bin:/usr/local/sbin:/usr/local/bin:/usr/sbin:/usr/bin:/sbin:/bin:/usr/games:/usr/local/games:/snap/bin:/snap/bin'), ('SESSION_MANAGER', 'local/imml-ROG-Zephyrus:@/tmp/.ICE-unix/1823,unix/imml-ROG-Zephyrus:/tmp/.ICE-unix/1823'), ('XDG_MENU_PREFIX', 'gnome-'), ('GNOME_TERMINAL_SCREEN', '/org/gnome/Terminal/screen/fcc6e117_352e_4f01_85c2_26238b2dcabb'), ('XDG_RUNTIME_DIR', '/run/user/1000'), ('DISPLAY', ':1'), ('LANG', 'en_US.UTF-8'), ('XDG_CURRENT_DESKTOP', 'ubuntu:GNOME'), ('XMODIFIERS', '@im=ibus'), ('XDG_SESSION_DESKTOP', 'ubuntu'), ('XAUTHORITY', '/run/user/1000/gdm/Xauthority'), ('LS_COLORS', 'rs=0:di=01;34:ln=01;36:mh=00:pi=40;33:so=01;35:do=01;35:bd=40;33;01:cd=40;33;01:or=40;31;01:mi=00:su=37;41:sg=30;43:ca=30;41:tw=30;42:ow=34;42:st=37;44:ex=01;32:*.tar=01;31:*.tgz=01;31:*.arc=01;31:*.arj=01;31:*.taz=01;31:*.lha=01;31:*.lz4=01;31:*.lzh=01;31:*.lzma=01;31:*.tlz=01;31:*.txz=01;31:*.tzo=01;31:*.t7z=01;31:*.zip=01;31:*.z=01;31:*.dz=01;31:*.gz=01;31:*.lrz=01;31:*.lz=01;31:*.lzo=01;31:*.xz=01;31:*.zst=01;31:*.tzst=01;31:*.bz2=01;31:*.bz=01;31:*.tbz=01;31:*.tbz2=01;31:*.tz=01;31:*.deb=01;31:*.rpm=01;31:*.jar=01;31:*.war=01;31:*.ear=01;31:*.sar=01;31:*.rar=01;31:*.alz=01;31:*.ace=01;31:*.zoo=01;31:*.cpio=01;31:*.7z=01;31:*.rz=01;31:*.cab=01;31:*.wim=01;31:*.swm=01;31:*.dwm=01;31:*.esd=01;31:*.jpg=01;35:*.jpeg=01;35:*.mjpg=01;35:*.mjpeg=01;35:*.gif=01;35:*.bmp=01;35:*.pbm=01;35:*.pgm=01;35:*.ppm=01;35:*.tga=01;35:*.xbm=01;35:*.xpm=01;35:*.tif=01;35:*.tiff=01;35:*.png=01;35:*.svg=01;35:*.svgz=01;35:*.mng=01;35:*.pcx=01;35:*.mov=01;35:*.mpg=01;35:*.mpeg=01;35:*.m2v=01;35:*.mkv=01;35:*.webm=01;35:*.webp=01;35:*.ogm=01;35:*.mp4=01;35:*.m4v=01;35:*.mp4v=01;35:*.vob=01;35:*.qt=01;35:*.nuv=01;35:*.wmv=01;35:*.asf=01;35:*.rm=01;35:*.rmvb=01;35:*.flc=01;35:*.avi=01;35:*.fli=01;35:*.flv=01;35:*.gl=01;35:*.dl=01;35:*.xcf=01;35:*.xwd=01;35:*.yuv=01;35:*.cgm=01;35:*.emf=01;35:*.ogv=01;35:*.ogx=01;35:*.aac=00;36:*.au=00;36:*.flac=00;36:*.m4a=00;36:*.mid=00;36:*.midi=00;36:*.mka=00;36:*.mp3=00;36:*.mpc=00;36:*.ogg=00;36:*.ra=00;36:*.wav=00;36:*.oga=00;36:*.opus=00;36:*.spx=00;36:*.xspf=00;36:'), ('GNOME_TERMINAL_SERVICE', ':1.91'), ('SSH_AGENT_LAUNCHER', 'gnome-keyring'), ('SSH_AUTH_SOCK', '/run/user/1000/keyring/ssh'), ('AMENT_PREFIX_PATH', '/opt/ros/humble'), ('SHELL', '/bin/bash'), ('QT_ACCESSIBILITY', '1'), ('GDMSESSION', 'ubuntu'), ('LESSCLOSE', '/usr/bin/lesspipe %s %s'), ('GPG_AGENT_INFO', '/run/user/1000/gnupg/S.gpg-agent:0:1'), ('QT_IM_MODULE', 'ibus'), ('PWD', '/home/imml/git/research_2025/build/ur_dashboard_msgs'), ('LC_ALL', 'en_US.UTF-8'), ('XDG_CONFIG_DIRS', '/etc/xdg/xdg-ubuntu:/etc/xdg'), ('XDG_DATA_DIRS', '/usr/share/ubuntu:/usr/share/gnome:/usr/local/share/:/usr/share/:/var/lib/snapd/desktop'), ('PYTHONPATH', '/opt/ros/humble/lib/python3.10/site-packages:/opt/ros/humble/local/lib/python3.10/dist-packages'), ('COLCON', '1'), ('VTE_VERSION', '6800'), ('CMAKE_PREFIX_PATH', '/opt/ros/humble')]), 'shell': False}
[0.024466] (ur_description) JobProgress: {'identifier': 'ur_description', 'progress': 'cmake'}
[0.025201] (ur_description) Command: {'cmd': ['/usr/bin/cmake', '/home/imml/git/research_2025/apple-harvest-refactor/harvest_hardware/Universal_Robots_ROS2_Description', '-DAMENT_CMAKE_SYMLINK_INSTALL=1', '-DCMAKE_INSTALL_PREFIX=/home/imml/git/research_2025/install/ur_description'], 'cwd': '/home/imml/git/research_2025/build/ur_description', 'env': OrderedDict([('LESSOPEN', '| /usr/bin/lesspipe %s'), ('USER', 'imml'), ('XDG_SESSION_TYPE', 'x11'), ('SHLVL', '1'), ('LD_LIBRARY_PATH', '/usr/local/cuda-12.9/lib64:/opt/ros/humble/opt/rviz_ogre_vendor/lib:/opt/ros/humble/lib/x86_64-linux-gnu:/opt/ros/humble/lib'), ('HOME', '/home/imml'), ('OLDPWD', '/home/imml/git'), ('DESKTOP_SESSION', 'ubuntu'), ('ROS_PYTHON_VERSION', '3'), ('GNOME_SHELL_SESSION_MODE', 'ubuntu'), ('GTK_MODULES', 'gail:atk-bridge'), ('SYSTEMD_EXEC_PID', '1850'), ('DBUS_SESSION_BUS_ADDRESS', 'unix:path=/run/user/1000/bus'), ('COLORTERM', 'truecolor'), ('ROS_DISTRO', 'humble'), ('GTK_IM_MODULE', 'ibus'), ('LOGNAME', 'imml'), ('_', '/usr/bin/colcon'), ('ROS_VERSION', '2'), ('XDG_SESSION_CLASS', 'user'), ('USERNAME', 'imml'), ('TERM', 'xterm-256color'), ('GNOME_DESKTOP_SESSION_ID', 'this-is-deprecated'), ('ROS_LOCALHOST_ONLY', '0'), ('WINDOWPATH', '2'), ('PATH', '/usr/local/cuda-12.9/bin:/opt/ros/humble/bin:/home/imml/.local/bin:/usr/local/sbin:/usr/local/bin:/usr/sbin:/usr/bin:/sbin:/bin:/usr/games:/usr/local/games:/snap/bin:/snap/bin'), ('SESSION_MANAGER', 'local/imml-ROG-Zephyrus:@/tmp/.ICE-unix/1823,unix/imml-ROG-Zephyrus:/tmp/.ICE-unix/1823'), ('XDG_MENU_PREFIX', 'gnome-'), ('GNOME_TERMINAL_SCREEN', '/org/gnome/Terminal/screen/fcc6e117_352e_4f01_85c2_26238b2dcabb'), ('XDG_RUNTIME_DIR', '/run/user/1000'), ('DISPLAY', ':1'), ('LANG', 'en_US.UTF-8'), ('XDG_CURRENT_DESKTOP', 'ubuntu:GNOME'), ('XMODIFIERS', '@im=ibus'), ('XDG_SESSION_DESKTOP', 'ubuntu'), ('XAUTHORITY', '/run/user/1000/gdm/Xauthority'), ('LS_COLORS', 'rs=0:di=01;34:ln=01;36:mh=00:pi=40;33:so=01;35:do=01;35:bd=40;33;01:cd=40;33;01:or=40;31;01:mi=00:su=37;41:sg=30;43:ca=30;41:tw=30;42:ow=34;42:st=37;44:ex=01;32:*.tar=01;31:*.tgz=01;31:*.arc=01;31:*.arj=01;31:*.taz=01;31:*.lha=01;31:*.lz4=01;31:*.lzh=01;31:*.lzma=01;31:*.tlz=01;31:*.txz=01;31:*.tzo=01;31:*.t7z=01;31:*.zip=01;31:*.z=01;31:*.dz=01;31:*.gz=01;31:*.lrz=01;31:*.lz=01;31:*.lzo=01;31:*.xz=01;31:*.zst=01;31:*.tzst=01;31:*.bz2=01;31:*.bz=01;31:*.tbz=01;31:*.tbz2=01;31:*.tz=01;31:*.deb=01;31:*.rpm=01;31:*.jar=01;31:*.war=01;31:*.ear=01;31:*.sar=01;31:*.rar=01;31:*.alz=01;31:*.ace=01;31:*.zoo=01;31:*.cpio=01;31:*.7z=01;31:*.rz=01;31:*.cab=01;31:*.wim=01;31:*.swm=01;31:*.dwm=01;31:*.esd=01;31:*.jpg=01;35:*.jpeg=01;35:*.mjpg=01;35:*.mjpeg=01;35:*.gif=01;35:*.bmp=01;35:*.pbm=01;35:*.pgm=01;35:*.ppm=01;35:*.tga=01;35:*.xbm=01;35:*.xpm=01;35:*.tif=01;35:*.tiff=01;35:*.png=01;35:*.svg=01;35:*.svgz=01;35:*.mng=01;35:*.pcx=01;35:*.mov=01;35:*.mpg=01;35:*.mpeg=01;35:*.m2v=01;35:*.mkv=01;35:*.webm=01;35:*.webp=01;35:*.ogm=01;35:*.mp4=01;35:*.m4v=01;35:*.mp4v=01;35:*.vob=01;35:*.qt=01;35:*.nuv=01;35:*.wmv=01;35:*.asf=01;35:*.rm=01;35:*.rmvb=01;35:*.flc=01;35:*.avi=01;35:*.fli=01;35:*.flv=01;35:*.gl=01;35:*.dl=01;35:*.xcf=01;35:*.xwd=01;35:*.yuv=01;35:*.cgm=01;35:*.emf=01;35:*.ogv=01;35:*.ogx=01;35:*.aac=00;36:*.au=00;36:*.flac=00;36:*.m4a=00;36:*.mid=00;36:*.midi=00;36:*.mka=00;36:*.mp3=00;36:*.mpc=00;36:*.ogg=00;36:*.ra=00;36:*.wav=00;36:*.oga=00;36:*.opus=00;36:*.spx=00;36:*.xspf=00;36:'), ('GNOME_TERMINAL_SERVICE', ':1.91'), ('SSH_AGENT_LAUNCHER', 'gnome-keyring'), ('SSH_AUTH_SOCK', '/run/user/1000/keyring/ssh'), ('AMENT_PREFIX_PATH', '/opt/ros/humble'), ('SHELL', '/bin/bash'), ('QT_ACCESSIBILITY', '1'), ('GDMSESSION', 'ubuntu'), ('LESSCLOSE', '/usr/bin/lesspipe %s %s'), ('GPG_AGENT_INFO', '/run/user/1000/gnupg/S.gpg-agent:0:1'), ('QT_IM_MODULE', 'ibus'), ('PWD', '/home/imml/git/research_2025/build/ur_description'), ('LC_ALL', 'en_US.UTF-8'), ('XDG_CONFIG_DIRS', '/etc/xdg/xdg-ubuntu:/etc/xdg'), ('XDG_DATA_DIRS', '/usr/share/ubuntu:/usr/share/gnome:/usr/local/share/:/usr/share/:/var/lib/snapd/desktop'), ('PYTHONPATH', '/opt/ros/humble/lib/python3.10/site-packages:/opt/ros/humble/local/lib/python3.10/dist-packages'), ('COLCON', '1'), ('VTE_VERSION', '6800'), ('CMAKE_PREFIX_PATH', '/opt/ros/humble')]), 'shell': False}
[0.025930] (harvest_interfaces) JobProgress: {'identifier': 'harvest_interfaces', 'progress': 'cmake'}
[0.026040] (harvest_interfaces) Command: {'cmd': ['/usr/bin/cmake', '/home/imml/git/research_2025/apple-harvest-refactor/harvest_interfaces', '-DAMENT_CMAKE_SYMLINK_INSTALL=1', '-DCMAKE_INSTALL_PREFIX=/home/imml/git/research_2025/install/harvest_interfaces'], 'cwd': '/home/imml/git/research_2025/build/harvest_interfaces', 'env': OrderedDict([('LESSOPEN', '| /usr/bin/lesspipe %s'), ('USER', 'imml'), ('XDG_SESSION_TYPE', 'x11'), ('SHLVL', '1'), ('LD_LIBRARY_PATH', '/usr/local/cuda-12.9/lib64:/opt/ros/humble/opt/rviz_ogre_vendor/lib:/opt/ros/humble/lib/x86_64-linux-gnu:/opt/ros/humble/lib'), ('HOME', '/home/imml'), ('OLDPWD', '/home/imml/git'), ('DESKTOP_SESSION', 'ubuntu'), ('ROS_PYTHON_VERSION', '3'), ('GNOME_SHELL_SESSION_MODE', 'ubuntu'), ('GTK_MODULES', 'gail:atk-bridge'), ('SYSTEMD_EXEC_PID', '1850'), ('DBUS_SESSION_BUS_ADDRESS', 'unix:path=/run/user/1000/bus'), ('COLORTERM', 'truecolor'), ('ROS_DISTRO', 'humble'), ('GTK_IM_MODULE', 'ibus'), ('LOGNAME', 'imml'), ('_', '/usr/bin/colcon'), ('ROS_VERSION', '2'), ('XDG_SESSION_CLASS', 'user'), ('USERNAME', 'imml'), ('TERM', 'xterm-256color'), ('GNOME_DESKTOP_SESSION_ID', 'this-is-deprecated'), ('ROS_LOCALHOST_ONLY', '0'), ('WINDOWPATH', '2'), ('PATH', '/usr/local/cuda-12.9/bin:/opt/ros/humble/bin:/home/imml/.local/bin:/usr/local/sbin:/usr/local/bin:/usr/sbin:/usr/bin:/sbin:/bin:/usr/games:/usr/local/games:/snap/bin:/snap/bin'), ('SESSION_MANAGER', 'local/imml-ROG-Zephyrus:@/tmp/.ICE-unix/1823,unix/imml-ROG-Zephyrus:/tmp/.ICE-unix/1823'), ('XDG_MENU_PREFIX', 'gnome-'), ('GNOME_TERMINAL_SCREEN', '/org/gnome/Terminal/screen/fcc6e117_352e_4f01_85c2_26238b2dcabb'), ('XDG_RUNTIME_DIR', '/run/user/1000'), ('DISPLAY', ':1'), ('LANG', 'en_US.UTF-8'), ('XDG_CURRENT_DESKTOP', 'ubuntu:GNOME'), ('XMODIFIERS', '@im=ibus'), ('XDG_SESSION_DESKTOP', 'ubuntu'), ('XAUTHORITY', '/run/user/1000/gdm/Xauthority'), ('LS_COLORS', 'rs=0:di=01;34:ln=01;36:mh=00:pi=40;33:so=01;35:do=01;35:bd=40;33;01:cd=40;33;01:or=40;31;01:mi=00:su=37;41:sg=30;43:ca=30;41:tw=30;42:ow=34;42:st=37;44:ex=01;32:*.tar=01;31:*.tgz=01;31:*.arc=01;31:*.arj=01;31:*.taz=01;31:*.lha=01;31:*.lz4=01;31:*.lzh=01;31:*.lzma=01;31:*.tlz=01;31:*.txz=01;31:*.tzo=01;31:*.t7z=01;31:*.zip=01;31:*.z=01;31:*.dz=01;31:*.gz=01;31:*.lrz=01;31:*.lz=01;31:*.lzo=01;31:*.xz=01;31:*.zst=01;31:*.tzst=01;31:*.bz2=01;31:*.bz=01;31:*.tbz=01;31:*.tbz2=01;31:*.tz=01;31:*.deb=01;31:*.rpm=01;31:*.jar=01;31:*.war=01;31:*.ear=01;31:*.sar=01;31:*.rar=01;31:*.alz=01;31:*.ace=01;31:*.zoo=01;31:*.cpio=01;31:*.7z=01;31:*.rz=01;31:*.cab=01;31:*.wim=01;31:*.swm=01;31:*.dwm=01;31:*.esd=01;31:*.jpg=01;35:*.jpeg=01;35:*.mjpg=01;35:*.mjpeg=01;35:*.gif=01;35:*.bmp=01;35:*.pbm=01;35:*.pgm=01;35:*.ppm=01;35:*.tga=01;35:*.xbm=01;35:*.xpm=01;35:*.tif=01;35:*.tiff=01;35:*.png=01;35:*.svg=01;35:*.svgz=01;35:*.mng=01;35:*.pcx=01;35:*.mov=01;35:*.mpg=01;35:*.mpeg=01;35:*.m2v=01;35:*.mkv=01;35:*.webm=01;35:*.webp=01;35:*.ogm=01;35:*.mp4=01;35:*.m4v=01;35:*.mp4v=01;35:*.vob=01;35:*.qt=01;35:*.nuv=01;35:*.wmv=01;35:*.asf=01;35:*.rm=01;35:*.rmvb=01;35:*.flc=01;35:*.avi=01;35:*.fli=01;35:*.flv=01;35:*.gl=01;35:*.dl=01;35:*.xcf=01;35:*.xwd=01;35:*.yuv=01;35:*.cgm=01;35:*.emf=01;35:*.ogv=01;35:*.ogx=01;35:*.aac=00;36:*.au=00;36:*.flac=00;36:*.m4a=00;36:*.mid=00;36:*.midi=00;36:*.mka=00;36:*.mp3=00;36:*.mpc=00;36:*.ogg=00;36:*.ra=00;36:*.wav=00;36:*.oga=00;36:*.opus=00;36:*.spx=00;36:*.xspf=00;36:'), ('GNOME_TERMINAL_SERVICE', ':1.91'), ('SSH_AGENT_LAUNCHER', 'gnome-keyring'), ('SSH_AUTH_SOCK', '/run/user/1000/keyring/ssh'), ('AMENT_PREFIX_PATH', '/opt/ros/humble'), ('SHELL', '/bin/bash'), ('QT_ACCESSIBILITY', '1'), ('GDMSESSION', 'ubuntu'), ('LESSCLOSE', '/usr/bin/lesspipe %s %s'), ('GPG_AGENT_INFO', '/run/user/1000/gnupg/S.gpg-agent:0:1'), ('QT_IM_MODULE', 'ibus'), ('PWD', '/home/imml/git/research_2025/build/harvest_interfaces'), ('LC_ALL', 'en_US.UTF-8'), ('XDG_CONFIG_DIRS', '/etc/xdg/xdg-ubuntu:/etc/xdg'), ('XDG_DATA_DIRS', '/usr/share/ubuntu:/usr/share/gnome:/usr/local/share/:/usr/share/:/var/lib/snapd/desktop'), ('PYTHONPATH', '/opt/ros/humble/lib/python3.10/site-packages:/opt/ros/humble/local/lib/python3.10/dist-packages'), ('COLCON', '1'), ('VTE_VERSION', '6800'), ('CMAKE_PREFIX_PATH', '/opt/ros/humble')]), 'shell': False}
[0.027200] (realsense2_camera_msgs) JobProgress: {'identifier': 'realsense2_camera_msgs', 'progress': 'cmake'}
[0.027944] (realsense2_camera_msgs) Command: {'cmd': ['/usr/bin/cmake', '/home/imml/git/research_2025/apple-harvest-refactor/harvest_hardware/realsense-ros/realsense2_camera_msgs', '-DAMENT_CMAKE_SYMLINK_INSTALL=1', '-DCMAKE_INSTALL_PREFIX=/home/imml/git/research_2025/install/realsense2_camera_msgs'], 'cwd': '/home/imml/git/research_2025/build/realsense2_camera_msgs', 'env': OrderedDict([('LESSOPEN', '| /usr/bin/lesspipe %s'), ('USER', 'imml'), ('XDG_SESSION_TYPE', 'x11'), ('SHLVL', '1'), ('LD_LIBRARY_PATH', '/usr/local/cuda-12.9/lib64:/opt/ros/humble/opt/rviz_ogre_vendor/lib:/opt/ros/humble/lib/x86_64-linux-gnu:/opt/ros/humble/lib'), ('HOME', '/home/imml'), ('OLDPWD', '/home/imml/git'), ('DESKTOP_SESSION', 'ubuntu'), ('ROS_PYTHON_VERSION', '3'), ('GNOME_SHELL_SESSION_MODE', 'ubuntu'), ('GTK_MODULES', 'gail:atk-bridge'), ('SYSTEMD_EXEC_PID', '1850'), ('DBUS_SESSION_BUS_ADDRESS', 'unix:path=/run/user/1000/bus'), ('COLORTERM', 'truecolor'), ('ROS_DISTRO', 'humble'), ('GTK_IM_MODULE', 'ibus'), ('LOGNAME', 'imml'), ('_', '/usr/bin/colcon'), ('ROS_VERSION', '2'), ('XDG_SESSION_CLASS', 'user'), ('USERNAME', 'imml'), ('TERM', 'xterm-256color'), ('GNOME_DESKTOP_SESSION_ID', 'this-is-deprecated'), ('ROS_LOCALHOST_ONLY', '0'), ('WINDOWPATH', '2'), ('PATH', '/usr/local/cuda-12.9/bin:/opt/ros/humble/bin:/home/imml/.local/bin:/usr/local/sbin:/usr/local/bin:/usr/sbin:/usr/bin:/sbin:/bin:/usr/games:/usr/local/games:/snap/bin:/snap/bin'), ('SESSION_MANAGER', 'local/imml-ROG-Zephyrus:@/tmp/.ICE-unix/1823,unix/imml-ROG-Zephyrus:/tmp/.ICE-unix/1823'), ('XDG_MENU_PREFIX', 'gnome-'), ('GNOME_TERMINAL_SCREEN', '/org/gnome/Terminal/screen/fcc6e117_352e_4f01_85c2_26238b2dcabb'), ('XDG_RUNTIME_DIR', '/run/user/1000'), ('DISPLAY', ':1'), ('LANG', 'en_US.UTF-8'), ('XDG_CURRENT_DESKTOP', 'ubuntu:GNOME'), ('XMODIFIERS', '@im=ibus'), ('XDG_SESSION_DESKTOP', 'ubuntu'), ('XAUTHORITY', '/run/user/1000/gdm/Xauthority'), ('LS_COLORS', 'rs=0:di=01;34:ln=01;36:mh=00:pi=40;33:so=01;35:do=01;35:bd=40;33;01:cd=40;33;01:or=40;31;01:mi=00:su=37;41:sg=30;43:ca=30;41:tw=30;42:ow=34;42:st=37;44:ex=01;32:*.tar=01;31:*.tgz=01;31:*.arc=01;31:*.arj=01;31:*.taz=01;31:*.lha=01;31:*.lz4=01;31:*.lzh=01;31:*.lzma=01;31:*.tlz=01;31:*.txz=01;31:*.tzo=01;31:*.t7z=01;31:*.zip=01;31:*.z=01;31:*.dz=01;31:*.gz=01;31:*.lrz=01;31:*.lz=01;31:*.lzo=01;31:*.xz=01;31:*.zst=01;31:*.tzst=01;31:*.bz2=01;31:*.bz=01;31:*.tbz=01;31:*.tbz2=01;31:*.tz=01;31:*.deb=01;31:*.rpm=01;31:*.jar=01;31:*.war=01;31:*.ear=01;31:*.sar=01;31:*.rar=01;31:*.alz=01;31:*.ace=01;31:*.zoo=01;31:*.cpio=01;31:*.7z=01;31:*.rz=01;31:*.cab=01;31:*.wim=01;31:*.swm=01;31:*.dwm=01;31:*.esd=01;31:*.jpg=01;35:*.jpeg=01;35:*.mjpg=01;35:*.mjpeg=01;35:*.gif=01;35:*.bmp=01;35:*.pbm=01;35:*.pgm=01;35:*.ppm=01;35:*.tga=01;35:*.xbm=01;35:*.xpm=01;35:*.tif=01;35:*.tiff=01;35:*.png=01;35:*.svg=01;35:*.svgz=01;35:*.mng=01;35:*.pcx=01;35:*.mov=01;35:*.mpg=01;35:*.mpeg=01;35:*.m2v=01;35:*.mkv=01;35:*.webm=01;35:*.webp=01;35:*.ogm=01;35:*.mp4=01;35:*.m4v=01;35:*.mp4v=01;35:*.vob=01;35:*.qt=01;35:*.nuv=01;35:*.wmv=01;35:*.asf=01;35:*.rm=01;35:*.rmvb=01;35:*.flc=01;35:*.avi=01;35:*.fli=01;35:*.flv=01;35:*.gl=01;35:*.dl=01;35:*.xcf=01;35:*.xwd=01;35:*.yuv=01;35:*.cgm=01;35:*.emf=01;35:*.ogv=01;35:*.ogx=01;35:*.aac=00;36:*.au=00;36:*.flac=00;36:*.m4a=00;36:*.mid=00;36:*.midi=00;36:*.mka=00;36:*.mp3=00;36:*.mpc=00;36:*.ogg=00;36:*.ra=00;36:*.wav=00;36:*.oga=00;36:*.opus=00;36:*.spx=00;36:*.xspf=00;36:'), ('GNOME_TERMINAL_SERVICE', ':1.91'), ('SSH_AGENT_LAUNCHER', 'gnome-keyring'), ('SSH_AUTH_SOCK', '/run/user/1000/keyring/ssh'), ('AMENT_PREFIX_PATH', '/opt/ros/humble'), ('SHELL', '/bin/bash'), ('QT_ACCESSIBILITY', '1'), ('GDMSESSION', 'ubuntu'), ('LESSCLOSE', '/usr/bin/lesspipe %s %s'), ('GPG_AGENT_INFO', '/run/user/1000/gnupg/S.gpg-agent:0:1'), ('QT_IM_MODULE', 'ibus'), ('PWD', '/home/imml/git/research_2025/build/realsense2_camera_msgs'), ('LC_ALL', 'en_US.UTF-8'), ('XDG_CONFIG_DIRS', '/etc/xdg/xdg-ubuntu:/etc/xdg'), ('XDG_DATA_DIRS', '/usr/share/ubuntu:/usr/share/gnome:/usr/local/share/:/usr/share/:/var/lib/snapd/desktop'), ('PYTHONPATH', '/opt/ros/humble/lib/python3.10/site-packages:/opt/ros/humble/local/lib/python3.10/dist-packages'), ('COLCON', '1'), ('VTE_VERSION', '6800'), ('CMAKE_PREFIX_PATH', '/opt/ros/humble')]), 'shell': False}
[0.099284] (-) TimerEvent: {}
[0.199595] (-) TimerEvent: {}
[0.299959] (-) TimerEvent: {}
[0.400340] (-) TimerEvent: {}
[0.500685] (-) TimerEvent: {}
[0.602085] (-) TimerEvent: {}
[0.702388] (-) TimerEvent: {}
[0.802659] (-) TimerEvent: {}
[0.902940] (-) TimerEvent: {}
[1.003222] (-) TimerEvent: {}
[1.103491] (-) TimerEvent: {}
[1.203778] (-) TimerEvent: {}
[1.304092] (-) TimerEvent: {}
[1.404404] (-) TimerEvent: {}
[1.504700] (-) TimerEvent: {}
[1.604994] (-) TimerEvent: {}
[1.705298] (-) TimerEvent: {}
[1.805599] (-) TimerEvent: {}
[1.905925] (-) TimerEvent: {}
[2.006251] (-) TimerEvent: {}
[2.106542] (-) TimerEvent: {}
[2.180347] (ur_dashboard_msgs) StdoutLine: {'line': b'-- The C compiler identification is GNU 11.4.0\n'}
[2.181067] (ur_dashboard_msgs) StdoutLine: {'line': b'-- The CXX compiler identification is GNU 11.4.0\n'}
[2.181153] (ur_dashboard_msgs) StdoutLine: {'line': b'-- Detecting C compiler ABI info\n'}
[2.181347] (ur_dashboard_msgs) StdoutLine: {'line': b'-- Detecting C compiler ABI info - done\n'}
[2.181407] (ur_dashboard_msgs) StdoutLine: {'line': b'-- Check for working C compiler: /usr/bin/cc - skipped\n'}
[2.181496] (ur_dashboard_msgs) StdoutLine: {'line': b'-- Detecting C compile features\n'}
[2.181576] (ur_dashboard_msgs) StdoutLine: {'line': b'-- Detecting C compile features - done\n'}
[2.181642] (ur_dashboard_msgs) StdoutLine: {'line': b'-- Detecting CXX compiler ABI info\n'}
[2.181776] (ur_dashboard_msgs) StdoutLine: {'line': b'-- Detecting CXX compiler ABI info - done\n'}
[2.181862] (ur_dashboard_msgs) StdoutLine: {'line': b'-- Check for working CXX compiler: /usr/bin/c++ - skipped\n'}
[2.182079] (ur_dashboard_msgs) StdoutLine: {'line': b'-- Detecting CXX compile features\n'}
[2.182397] (ur_dashboard_msgs) StdoutLine: {'line': b'-- Detecting CXX compile features - done\n'}
[2.182543] (ur_dashboard_msgs) StdoutLine: {'line': b'-- Found ament_cmake: 1.3.11 (/opt/ros/humble/share/ament_cmake/cmake)\n'}
[2.182665] (ur_dashboard_msgs) StdoutLine: {'line': b'-- Found Python3: /usr/bin/python3 (found version "3.10.12") found components: Interpreter \n'}
[2.182722] (ur_dashboard_msgs) StdoutLine: {'line': b'-- Override CMake install command with custom implementation using symlinks instead of copying resources\n'}
[2.182775] (ur_dashboard_msgs) StdoutLine: {'line': b'-- Found rosidl_default_generators: 1.2.0 (/opt/ros/humble/share/rosidl_default_generators/cmake)\n'}
[2.182827] (ur_dashboard_msgs) StdoutLine: {'line': b'-- Using all available rosidl_typesupport_c: rosidl_typesupport_fastrtps_c;rosidl_typesupport_introspection_c\n'}
[2.182876] (ur_dashboard_msgs) StdoutLine: {'line': b'-- Found rosidl_adapter: 3.1.6 (/opt/ros/humble/share/rosidl_adapter/cmake)\n'}
[2.182926] (ur_dashboard_msgs) StdoutLine: {'line': b'-- Using all available rosidl_typesupport_cpp: rosidl_typesupport_fastrtps_cpp;rosidl_typesupport_introspection_cpp\n'}
[2.182974] (ur_dashboard_msgs) StdoutLine: {'line': b'-- Found action_msgs: 1.2.1 (/opt/ros/humble/share/action_msgs/cmake)\n'}
[2.183860] (ur_dashboard_msgs) StdoutLine: {'line': b'-- Found ament_cmake_ros: 0.10.0 (/opt/ros/humble/share/ament_cmake_ros/cmake)\n'}
[2.184285] (ur_dashboard_msgs) StdoutLine: {'line': b'-- Using all available rosidl_typesupport_c: rosidl_typesupport_fastrtps_c;rosidl_typesupport_introspection_c\n'}
[2.184360] (ur_dashboard_msgs) StdoutLine: {'line': b'-- Using all available rosidl_typesupport_cpp: rosidl_typesupport_fastrtps_cpp;rosidl_typesupport_introspection_cpp\n'}
[2.184437] (ur_dashboard_msgs) StdoutLine: {'line': b'-- Found PythonInterp: /usr/bin/python3 (found suitable version "3.10.12", minimum required is "3.6") \n'}
[2.184511] (ur_dashboard_msgs) StdoutLine: {'line': b'-- Found python_cmake_module: 0.10.0 (/opt/ros/humble/share/python_cmake_module/cmake)\n'}
[2.184580] (ur_dashboard_msgs) StdoutLine: {'line': b'-- Found PythonLibs: /usr/lib/x86_64-linux-gnu/libpython3.10.so (found suitable version "3.10.12", minimum required is "3.5") \n'}
[2.184647] (ur_dashboard_msgs) StdoutLine: {'line': b'-- Using PYTHON_EXECUTABLE: /usr/bin/python3\n'}
[2.184719] (ur_dashboard_msgs) StdoutLine: {'line': b'-- Using PYTHON_INCLUDE_DIRS: /usr/include/python3.10\n'}
[2.184776] (ur_dashboard_msgs) StdoutLine: {'line': b'-- Using PYTHON_LIBRARIES: /usr/lib/x86_64-linux-gnu/libpython3.10.so\n'}
[2.184830] (ur_dashboard_msgs) StdoutLine: {'line': b'-- Found PythonExtra: .so  \n'}
[2.184874] (ur_dashboard_msgs) StdoutLine: {'line': b'-- Configuring done\n'}
[2.184917] (ur_dashboard_msgs) StdoutLine: {'line': b'-- Generating done\n'}
[2.184960] (ur_dashboard_msgs) StdoutLine: {'line': b'-- Build files have been written to: /home/imml/git/research_2025/build/ur_dashboard_msgs\n'}
[2.185004] (ur_description) StdoutLine: {'line': b'-- The C compiler identification is GNU 11.4.0\n'}
[2.185083] (ur_description) StdoutLine: {'line': b'-- The CXX compiler identification is GNU 11.4.0\n'}
[2.185134] (ur_description) StdoutLine: {'line': b'-- Detecting C compiler ABI info\n'}
[2.185181] (ur_description) StdoutLine: {'line': b'-- Detecting C compiler ABI info - done\n'}
[2.185226] (ur_description) StdoutLine: {'line': b'-- Check for working C compiler: /usr/bin/cc - skipped\n'}
[2.185269] (ur_description) StdoutLine: {'line': b'-- Detecting C compile features\n'}
[2.185312] (ur_description) StdoutLine: {'line': b'-- Detecting C compile features - done\n'}
[2.185355] (ur_description) StdoutLine: {'line': b'-- Detecting CXX compiler ABI info\n'}
[2.185398] (ur_description) StdoutLine: {'line': b'-- Detecting CXX compiler ABI info - done\n'}
[2.185440] (ur_description) StdoutLine: {'line': b'-- Check for working CXX compiler: /usr/bin/c++ - skipped\n'}
[2.185483] (ur_description) StdoutLine: {'line': b'-- Detecting CXX compile features\n'}
[2.185525] (ur_description) StdoutLine: {'line': b'-- Detecting CXX compile features - done\n'}
[2.185567] (ur_description) StdoutLine: {'line': b'-- Found ament_cmake: 1.3.11 (/opt/ros/humble/share/ament_cmake/cmake)\n'}
[2.185609] (ur_description) StdoutLine: {'line': b'-- Found Python3: /usr/bin/python3 (found version "3.10.12") found components: Interpreter \n'}
[2.185651] (ur_description) StdoutLine: {'line': b'-- Override CMake install command with custom implementation using symlinks instead of copying resources\n'}
[2.185694] (ur_description) StdoutLine: {'line': b'-- Found ament_cmake_pytest: 1.3.11 (/opt/ros/humble/share/ament_cmake_pytest/cmake)\n'}
[2.185737] (harvest_interfaces) StdoutLine: {'line': b'-- The C compiler identification is GNU 11.4.0\n'}
[2.185799] (harvest_interfaces) StdoutLine: {'line': b'-- The CXX compiler identification is GNU 11.4.0\n'}
[2.185846] (harvest_interfaces) StdoutLine: {'line': b'-- Detecting C compiler ABI info\n'}
[2.185888] (harvest_interfaces) StdoutLine: {'line': b'-- Detecting C compiler ABI info - done\n'}
[2.185931] (harvest_interfaces) StdoutLine: {'line': b'-- Check for working C compiler: /usr/bin/cc - skipped\n'}
[2.185973] (harvest_interfaces) StdoutLine: {'line': b'-- Detecting C compile features\n'}
[2.186014] (harvest_interfaces) StdoutLine: {'line': b'-- Detecting C compile features - done\n'}
[2.186076] (harvest_interfaces) StdoutLine: {'line': b'-- Detecting CXX compiler ABI info\n'}
[2.186122] (harvest_interfaces) StdoutLine: {'line': b'-- Detecting CXX compiler ABI info - done\n'}
[2.186165] (harvest_interfaces) StdoutLine: {'line': b'-- Check for working CXX compiler: /usr/bin/c++ - skipped\n'}
[2.186209] (harvest_interfaces) StdoutLine: {'line': b'-- Detecting CXX compile features\n'}
[2.186251] (harvest_interfaces) StdoutLine: {'line': b'-- Detecting CXX compile features - done\n'}
[2.186294] (harvest_interfaces) StdoutLine: {'line': b'-- Found ament_cmake: 1.3.11 (/opt/ros/humble/share/ament_cmake/cmake)\n'}
[2.186335] (harvest_interfaces) StdoutLine: {'line': b'-- Found Python3: /usr/bin/python3 (found version "3.10.12") found components: Interpreter \n'}
[2.186378] (harvest_interfaces) StdoutLine: {'line': b'-- Override CMake install command with custom implementation using symlinks instead of copying resources\n'}
[2.186424] (harvest_interfaces) StdoutLine: {'line': b'-- Found rosidl_default_generators: 1.2.0 (/opt/ros/humble/share/rosidl_default_generators/cmake)\n'}
[2.186470] (harvest_interfaces) StdoutLine: {'line': b'-- Using all available rosidl_typesupport_c: rosidl_typesupport_fastrtps_c;rosidl_typesupport_introspection_c\n'}
[2.186513] (harvest_interfaces) StdoutLine: {'line': b'-- Found rosidl_adapter: 3.1.6 (/opt/ros/humble/share/rosidl_adapter/cmake)\n'}
[2.186557] (harvest_interfaces) StdoutLine: {'line': b'-- Using all available rosidl_typesupport_cpp: rosidl_typesupport_fastrtps_cpp;rosidl_typesupport_introspection_cpp\n'}
[2.186601] (harvest_interfaces) StdoutLine: {'line': b'-- Found std_msgs: 4.9.0 (/opt/ros/humble/share/std_msgs/cmake)\n'}
[2.186645] (harvest_interfaces) StdoutLine: {'line': b'-- Found std_srvs: 4.9.0 (/opt/ros/humble/share/std_srvs/cmake)\n'}
[2.186688] (harvest_interfaces) StdoutLine: {'line': b'-- Found tf2_ros: 0.25.13 (/opt/ros/humble/share/tf2_ros/cmake)\n'}
[2.186732] (harvest_interfaces) StdoutLine: {'line': b'-- Found rmw_implementation_cmake: 6.1.2 (/opt/ros/humble/share/rmw_implementation_cmake/cmake)\n'}
[2.186774] (harvest_interfaces) StdoutLine: {'line': b'-- Found rmw_fastrtps_cpp: 6.2.7 (/opt/ros/humble/share/rmw_fastrtps_cpp/cmake)\n'}
[2.186817] (harvest_interfaces) StdoutLine: {'line': b'-- Found OpenSSL: /usr/lib/x86_64-linux-gnu/libcrypto.so (found version "3.0.2")  \n'}
[2.186859] (harvest_interfaces) StdoutLine: {'line': b'-- Found FastRTPS: /opt/ros/humble/include  \n'}
[2.186901] (harvest_interfaces) StdoutLine: {'line': b"-- Using RMW implementation 'rmw_fastrtps_cpp' as default\n"}
[2.186942] (harvest_interfaces) StdoutLine: {'line': b'-- Looking for pthread.h\n'}
[2.186983] (harvest_interfaces) StdoutLine: {'line': b'-- Looking for pthread.h - found\n'}
[2.187033] (harvest_interfaces) StdoutLine: {'line': b'-- Performing Test CMAKE_HAVE_LIBC_PTHREAD\n'}
[2.187082] (harvest_interfaces) StdoutLine: {'line': b'-- Performing Test CMAKE_HAVE_LIBC_PTHREAD - Success\n'}
[2.187125] (harvest_interfaces) StdoutLine: {'line': b'-- Found Threads: TRUE  \n'}
[2.187168] (harvest_interfaces) StdoutLine: {'line': b'-- Found ament_cmake_ros: 0.10.0 (/opt/ros/humble/share/ament_cmake_ros/cmake)\n'}
[2.187210] (harvest_interfaces) StdoutLine: {'line': b'-- Using all available rosidl_typesupport_c: rosidl_typesupport_fastrtps_c;rosidl_typesupport_introspection_c\n'}
[2.187253] (harvest_interfaces) StdoutLine: {'line': b'-- Using all available rosidl_typesupport_cpp: rosidl_typesupport_fastrtps_cpp;rosidl_typesupport_introspection_cpp\n'}
[2.187297] (harvest_interfaces) StdoutLine: {'line': b'-- Found PythonInterp: /usr/bin/python3 (found suitable version "3.10.12", minimum required is "3.6") \n'}
[2.187341] (harvest_interfaces) StdoutLine: {'line': b'-- Found python_cmake_module: 0.10.0 (/opt/ros/humble/share/python_cmake_module/cmake)\n'}
[2.187384] (harvest_interfaces) StdoutLine: {'line': b'-- Found PythonLibs: /usr/lib/x86_64-linux-gnu/libpython3.10.so (found suitable version "3.10.12", minimum required is "3.5") \n'}
[2.187433] (harvest_interfaces) StdoutLine: {'line': b'-- Using PYTHON_EXECUTABLE: /usr/bin/python3\n'}
[2.187476] (harvest_interfaces) StdoutLine: {'line': b'-- Using PYTHON_INCLUDE_DIRS: /usr/include/python3.10\n'}
[2.187519] (harvest_interfaces) StdoutLine: {'line': b'-- Using PYTHON_LIBRARIES: /usr/lib/x86_64-linux-gnu/libpython3.10.so\n'}
[2.187561] (harvest_interfaces) StdoutLine: {'line': b'-- Found PythonExtra: .so  \n'}
[2.187604] (realsense2_camera_msgs) StdoutLine: {'line': b'-- The C compiler identification is GNU 11.4.0\n'}
[2.187666] (realsense2_camera_msgs) StdoutLine: {'line': b'-- The CXX compiler identification is GNU 11.4.0\n'}
[2.187711] (realsense2_camera_msgs) StdoutLine: {'line': b'-- Detecting C compiler ABI info\n'}
[2.187754] (realsense2_camera_msgs) StdoutLine: {'line': b'-- Detecting C compiler ABI info - done\n'}
[2.187796] (realsense2_camera_msgs) StdoutLine: {'line': b'-- Check for working C compiler: /usr/bin/cc - skipped\n'}
[2.187840] (realsense2_camera_msgs) StdoutLine: {'line': b'-- Detecting C compile features\n'}
[2.187884] (realsense2_camera_msgs) StdoutLine: {'line': b'-- Detecting C compile features - done\n'}
[2.187927] (realsense2_camera_msgs) StdoutLine: {'line': b'-- Detecting CXX compiler ABI info\n'}
[2.187969] (realsense2_camera_msgs) StdoutLine: {'line': b'-- Detecting CXX compiler ABI info - done\n'}
[2.188012] (realsense2_camera_msgs) StdoutLine: {'line': b'-- Check for working CXX compiler: /usr/bin/c++ - skipped\n'}
[2.188069] (realsense2_camera_msgs) StdoutLine: {'line': b'-- Detecting CXX compile features\n'}
[2.188115] (realsense2_camera_msgs) StdoutLine: {'line': b'-- Detecting CXX compile features - done\n'}
[2.188158] (realsense2_camera_msgs) StdoutLine: {'line': b'-- Found ament_cmake: 1.3.11 (/opt/ros/humble/share/ament_cmake/cmake)\n'}
[2.188201] (realsense2_camera_msgs) StdoutLine: {'line': b'-- Found Python3: /usr/bin/python3 (found version "3.10.12") found components: Interpreter \n'}
[2.188244] (realsense2_camera_msgs) StdoutLine: {'line': b'-- Override CMake install command with custom implementation using symlinks instead of copying resources\n'}
[2.188288] (realsense2_camera_msgs) StdoutLine: {'line': b'-- Found rosidl_default_generators: 1.2.0 (/opt/ros/humble/share/rosidl_default_generators/cmake)\n'}
[2.188331] (realsense2_camera_msgs) StdoutLine: {'line': b'-- Using all available rosidl_typesupport_c: rosidl_typesupport_fastrtps_c;rosidl_typesupport_introspection_c\n'}
[2.188374] (realsense2_camera_msgs) StdoutLine: {'line': b'-- Found rosidl_adapter: 3.1.6 (/opt/ros/humble/share/rosidl_adapter/cmake)\n'}
[2.188417] (realsense2_camera_msgs) StdoutLine: {'line': b'-- Using all available rosidl_typesupport_cpp: rosidl_typesupport_fastrtps_cpp;rosidl_typesupport_introspection_cpp\n'}
[2.188460] (realsense2_camera_msgs) StdoutLine: {'line': b'-- Found builtin_interfaces: 1.2.1 (/opt/ros/humble/share/builtin_interfaces/cmake)\n'}
[2.188503] (realsense2_camera_msgs) StdoutLine: {'line': b'-- Found std_msgs: 4.9.0 (/opt/ros/humble/share/std_msgs/cmake)\n'}
[2.188571] (realsense2_camera_msgs) StdoutLine: {'line': b'-- Found sensor_msgs: 4.9.0 (/opt/ros/humble/share/sensor_msgs/cmake)\n'}
[2.188683] (realsense2_camera_msgs) StdoutLine: {'line': b'-- Found ament_cmake_cppcheck: 0.12.12 (/opt/ros/humble/share/ament_cmake_cppcheck/cmake)\n'}
[2.188763] (realsense2_camera_msgs) StdoutLine: {'line': b'-- Found ament_cmake_cpplint: 0.12.12 (/opt/ros/humble/share/ament_cmake_cpplint/cmake)\n'}
[2.188845] (realsense2_camera_msgs) StdoutLine: {'line': b'-- Found ament_cmake_uncrustify: 0.12.12 (/opt/ros/humble/share/ament_cmake_uncrustify/cmake)\n'}
[2.188924] (realsense2_camera_msgs) StdoutLine: {'line': b'-- Found ament_cmake_ros: 0.10.0 (/opt/ros/humble/share/ament_cmake_ros/cmake)\n'}
[2.188978] (realsense2_camera_msgs) StdoutLine: {'line': b'-- Using all available rosidl_typesupport_c: rosidl_typesupport_fastrtps_c;rosidl_typesupport_introspection_c\n'}
[2.189065] (realsense2_camera_msgs) StdoutLine: {'line': b'-- Using all available rosidl_typesupport_cpp: rosidl_typesupport_fastrtps_cpp;rosidl_typesupport_introspection_cpp\n'}
[2.189192] (realsense2_camera_msgs) StdoutLine: {'line': b'-- Found PythonInterp: /usr/bin/python3 (found suitable version "3.10.12", minimum required is "3.6") \n'}
[2.189247] (realsense2_camera_msgs) StdoutLine: {'line': b'-- Found python_cmake_module: 0.10.0 (/opt/ros/humble/share/python_cmake_module/cmake)\n'}
[2.189298] (realsense2_camera_msgs) StdoutLine: {'line': b'-- Found PythonLibs: /usr/lib/x86_64-linux-gnu/libpython3.10.so (found suitable version "3.10.12", minimum required is "3.5") \n'}
[2.189375] (realsense2_camera_msgs) StdoutLine: {'line': b'-- Using PYTHON_EXECUTABLE: /usr/bin/python3\n'}
[2.189454] (realsense2_camera_msgs) StdoutLine: {'line': b'-- Using PYTHON_INCLUDE_DIRS: /usr/include/python3.10\n'}
[2.189535] (realsense2_camera_msgs) StdoutLine: {'line': b'-- Using PYTHON_LIBRARIES: /usr/lib/x86_64-linux-gnu/libpython3.10.so\n'}
[2.189613] (realsense2_camera_msgs) StdoutLine: {'line': b'-- Found PythonExtra: .so  \n'}
[2.189693] (realsense2_camera_msgs) StdoutLine: {'line': b'-- Found ament_cmake_flake8: 0.12.12 (/opt/ros/humble/share/ament_cmake_flake8/cmake)\n'}
[2.189773] (realsense2_camera_msgs) StdoutLine: {'line': b'-- Found ament_cmake_pep257: 0.12.12 (/opt/ros/humble/share/ament_cmake_pep257/cmake)\n'}
[2.189850] (realsense2_camera_msgs) StdoutLine: {'line': b'-- Configuring done\n'}
[2.189932] (realsense2_camera_msgs) StdoutLine: {'line': b'-- Generating done\n'}
[2.190018] (realsense2_camera_msgs) StdoutLine: {'line': b'-- Build files have been written to: /home/imml/git/research_2025/build/realsense2_camera_msgs\n'}
[2.190119] (harvest_interfaces) StdoutLine: {'line': b'-- Found ament_lint_auto: 0.12.12 (/opt/ros/humble/share/ament_lint_auto/cmake)\n'}
[2.206656] (-) TimerEvent: {}
[2.210004] (harvest_interfaces) StdoutLine: {'line': b"-- Added test 'lint_cmake' to check CMake code style\n"}
[2.211794] (harvest_interfaces) StdoutLine: {'line': b"-- Added test 'xmllint' to check XML markup files\n"}
[2.214773] (harvest_interfaces) StdoutLine: {'line': b'-- Configuring done\n'}
[2.263775] (harvest_interfaces) StdoutLine: {'line': b'-- Generating done\n'}
[2.274803] (harvest_interfaces) StdoutLine: {'line': b'-- Build files have been written to: /home/imml/git/research_2025/build/harvest_interfaces\n'}
[2.306760] (-) TimerEvent: {}
[2.407109] (-) TimerEvent: {}
[2.410070] (ur_dashboard_msgs) CommandEnded: {'returncode': 0}
[2.410526] (ur_dashboard_msgs) JobProgress: {'identifier': 'ur_dashboard_msgs', 'progress': 'build'}
[2.411615] (ur_dashboard_msgs) Command: {'cmd': ['/usr/bin/cmake', '--build', '/home/imml/git/research_2025/build/ur_dashboard_msgs', '--', '-j16', '-l16'], 'cwd': '/home/imml/git/research_2025/build/ur_dashboard_msgs', 'env': OrderedDict([('LESSOPEN', '| /usr/bin/lesspipe %s'), ('USER', 'imml'), ('XDG_SESSION_TYPE', 'x11'), ('SHLVL', '1'), ('LD_LIBRARY_PATH', '/usr/local/cuda-12.9/lib64:/opt/ros/humble/opt/rviz_ogre_vendor/lib:/opt/ros/humble/lib/x86_64-linux-gnu:/opt/ros/humble/lib'), ('HOME', '/home/imml'), ('OLDPWD', '/home/imml/git'), ('DESKTOP_SESSION', 'ubuntu'), ('ROS_PYTHON_VERSION', '3'), ('GNOME_SHELL_SESSION_MODE', 'ubuntu'), ('GTK_MODULES', 'gail:atk-bridge'), ('SYSTEMD_EXEC_PID', '1850'), ('DBUS_SESSION_BUS_ADDRESS', 'unix:path=/run/user/1000/bus'), ('COLORTERM', 'truecolor'), ('ROS_DISTRO', 'humble'), ('GTK_IM_MODULE', 'ibus'), ('LOGNAME', 'imml'), ('_', '/usr/bin/colcon'), ('ROS_VERSION', '2'), ('XDG_SESSION_CLASS', 'user'), ('USERNAME', 'imml'), ('TERM', 'xterm-256color'), ('GNOME_DESKTOP_SESSION_ID', 'this-is-deprecated'), ('ROS_LOCALHOST_ONLY', '0'), ('WINDOWPATH', '2'), ('PATH', '/usr/local/cuda-12.9/bin:/opt/ros/humble/bin:/home/imml/.local/bin:/usr/local/sbin:/usr/local/bin:/usr/sbin:/usr/bin:/sbin:/bin:/usr/games:/usr/local/games:/snap/bin:/snap/bin'), ('SESSION_MANAGER', 'local/imml-ROG-Zephyrus:@/tmp/.ICE-unix/1823,unix/imml-ROG-Zephyrus:/tmp/.ICE-unix/1823'), ('XDG_MENU_PREFIX', 'gnome-'), ('GNOME_TERMINAL_SCREEN', '/org/gnome/Terminal/screen/fcc6e117_352e_4f01_85c2_26238b2dcabb'), ('XDG_RUNTIME_DIR', '/run/user/1000'), ('DISPLAY', ':1'), ('LANG', 'en_US.UTF-8'), ('XDG_CURRENT_DESKTOP', 'ubuntu:GNOME'), ('XMODIFIERS', '@im=ibus'), ('XDG_SESSION_DESKTOP', 'ubuntu'), ('XAUTHORITY', '/run/user/1000/gdm/Xauthority'), ('LS_COLORS', 'rs=0:di=01;34:ln=01;36:mh=00:pi=40;33:so=01;35:do=01;35:bd=40;33;01:cd=40;33;01:or=40;31;01:mi=00:su=37;41:sg=30;43:ca=30;41:tw=30;42:ow=34;42:st=37;44:ex=01;32:*.tar=01;31:*.tgz=01;31:*.arc=01;31:*.arj=01;31:*.taz=01;31:*.lha=01;31:*.lz4=01;31:*.lzh=01;31:*.lzma=01;31:*.tlz=01;31:*.txz=01;31:*.tzo=01;31:*.t7z=01;31:*.zip=01;31:*.z=01;31:*.dz=01;31:*.gz=01;31:*.lrz=01;31:*.lz=01;31:*.lzo=01;31:*.xz=01;31:*.zst=01;31:*.tzst=01;31:*.bz2=01;31:*.bz=01;31:*.tbz=01;31:*.tbz2=01;31:*.tz=01;31:*.deb=01;31:*.rpm=01;31:*.jar=01;31:*.war=01;31:*.ear=01;31:*.sar=01;31:*.rar=01;31:*.alz=01;31:*.ace=01;31:*.zoo=01;31:*.cpio=01;31:*.7z=01;31:*.rz=01;31:*.cab=01;31:*.wim=01;31:*.swm=01;31:*.dwm=01;31:*.esd=01;31:*.jpg=01;35:*.jpeg=01;35:*.mjpg=01;35:*.mjpeg=01;35:*.gif=01;35:*.bmp=01;35:*.pbm=01;35:*.pgm=01;35:*.ppm=01;35:*.tga=01;35:*.xbm=01;35:*.xpm=01;35:*.tif=01;35:*.tiff=01;35:*.png=01;35:*.svg=01;35:*.svgz=01;35:*.mng=01;35:*.pcx=01;35:*.mov=01;35:*.mpg=01;35:*.mpeg=01;35:*.m2v=01;35:*.mkv=01;35:*.webm=01;35:*.webp=01;35:*.ogm=01;35:*.mp4=01;35:*.m4v=01;35:*.mp4v=01;35:*.vob=01;35:*.qt=01;35:*.nuv=01;35:*.wmv=01;35:*.asf=01;35:*.rm=01;35:*.rmvb=01;35:*.flc=01;35:*.avi=01;35:*.fli=01;35:*.flv=01;35:*.gl=01;35:*.dl=01;35:*.xcf=01;35:*.xwd=01;35:*.yuv=01;35:*.cgm=01;35:*.emf=01;35:*.ogv=01;35:*.ogx=01;35:*.aac=00;36:*.au=00;36:*.flac=00;36:*.m4a=00;36:*.mid=00;36:*.midi=00;36:*.mka=00;36:*.mp3=00;36:*.mpc=00;36:*.ogg=00;36:*.ra=00;36:*.wav=00;36:*.oga=00;36:*.opus=00;36:*.spx=00;36:*.xspf=00;36:'), ('GNOME_TERMINAL_SERVICE', ':1.91'), ('SSH_AGENT_LAUNCHER', 'gnome-keyring'), ('SSH_AUTH_SOCK', '/run/user/1000/keyring/ssh'), ('AMENT_PREFIX_PATH', '/opt/ros/humble'), ('SHELL', '/bin/bash'), ('QT_ACCESSIBILITY', '1'), ('GDMSESSION', 'ubuntu'), ('LESSCLOSE', '/usr/bin/lesspipe %s %s'), ('GPG_AGENT_INFO', '/run/user/1000/gnupg/S.gpg-agent:0:1'), ('QT_IM_MODULE', 'ibus'), ('PWD', '/home/imml/git/research_2025/build/ur_dashboard_msgs'), ('LC_ALL', 'en_US.UTF-8'), ('XDG_CONFIG_DIRS', '/etc/xdg/xdg-ubuntu:/etc/xdg'), ('XDG_DATA_DIRS', '/usr/share/ubuntu:/usr/share/gnome:/usr/local/share/:/usr/share/:/var/lib/snapd/desktop'), ('PYTHONPATH', '/opt/ros/humble/lib/python3.10/site-packages:/opt/ros/humble/local/lib/python3.10/dist-packages'), ('COLCON', '1'), ('VTE_VERSION', '6800'), ('CMAKE_PREFIX_PATH', '/opt/ros/humble')]), 'shell': False}
[2.412101] (realsense2_camera_msgs) CommandEnded: {'returncode': 0}
[2.412457] (realsense2_camera_msgs) JobProgress: {'identifier': 'realsense2_camera_msgs', 'progress': 'build'}
[2.413136] (realsense2_camera_msgs) Command: {'cmd': ['/usr/bin/cmake', '--build', '/home/imml/git/research_2025/build/realsense2_camera_msgs', '--', '-j16', '-l16'], 'cwd': '/home/imml/git/research_2025/build/realsense2_camera_msgs', 'env': OrderedDict([('LESSOPEN', '| /usr/bin/lesspipe %s'), ('USER', 'imml'), ('XDG_SESSION_TYPE', 'x11'), ('SHLVL', '1'), ('LD_LIBRARY_PATH', '/usr/local/cuda-12.9/lib64:/opt/ros/humble/opt/rviz_ogre_vendor/lib:/opt/ros/humble/lib/x86_64-linux-gnu:/opt/ros/humble/lib'), ('HOME', '/home/imml'), ('OLDPWD', '/home/imml/git'), ('DESKTOP_SESSION', 'ubuntu'), ('ROS_PYTHON_VERSION', '3'), ('GNOME_SHELL_SESSION_MODE', 'ubuntu'), ('GTK_MODULES', 'gail:atk-bridge'), ('SYSTEMD_EXEC_PID', '1850'), ('DBUS_SESSION_BUS_ADDRESS', 'unix:path=/run/user/1000/bus'), ('COLORTERM', 'truecolor'), ('ROS_DISTRO', 'humble'), ('GTK_IM_MODULE', 'ibus'), ('LOGNAME', 'imml'), ('_', '/usr/bin/colcon'), ('ROS_VERSION', '2'), ('XDG_SESSION_CLASS', 'user'), ('USERNAME', 'imml'), ('TERM', 'xterm-256color'), ('GNOME_DESKTOP_SESSION_ID', 'this-is-deprecated'), ('ROS_LOCALHOST_ONLY', '0'), ('WINDOWPATH', '2'), ('PATH', '/usr/local/cuda-12.9/bin:/opt/ros/humble/bin:/home/imml/.local/bin:/usr/local/sbin:/usr/local/bin:/usr/sbin:/usr/bin:/sbin:/bin:/usr/games:/usr/local/games:/snap/bin:/snap/bin'), ('SESSION_MANAGER', 'local/imml-ROG-Zephyrus:@/tmp/.ICE-unix/1823,unix/imml-ROG-Zephyrus:/tmp/.ICE-unix/1823'), ('XDG_MENU_PREFIX', 'gnome-'), ('GNOME_TERMINAL_SCREEN', '/org/gnome/Terminal/screen/fcc6e117_352e_4f01_85c2_26238b2dcabb'), ('XDG_RUNTIME_DIR', '/run/user/1000'), ('DISPLAY', ':1'), ('LANG', 'en_US.UTF-8'), ('XDG_CURRENT_DESKTOP', 'ubuntu:GNOME'), ('XMODIFIERS', '@im=ibus'), ('XDG_SESSION_DESKTOP', 'ubuntu'), ('XAUTHORITY', '/run/user/1000/gdm/Xauthority'), ('LS_COLORS', 'rs=0:di=01;34:ln=01;36:mh=00:pi=40;33:so=01;35:do=01;35:bd=40;33;01:cd=40;33;01:or=40;31;01:mi=00:su=37;41:sg=30;43:ca=30;41:tw=30;42:ow=34;42:st=37;44:ex=01;32:*.tar=01;31:*.tgz=01;31:*.arc=01;31:*.arj=01;31:*.taz=01;31:*.lha=01;31:*.lz4=01;31:*.lzh=01;31:*.lzma=01;31:*.tlz=01;31:*.txz=01;31:*.tzo=01;31:*.t7z=01;31:*.zip=01;31:*.z=01;31:*.dz=01;31:*.gz=01;31:*.lrz=01;31:*.lz=01;31:*.lzo=01;31:*.xz=01;31:*.zst=01;31:*.tzst=01;31:*.bz2=01;31:*.bz=01;31:*.tbz=01;31:*.tbz2=01;31:*.tz=01;31:*.deb=01;31:*.rpm=01;31:*.jar=01;31:*.war=01;31:*.ear=01;31:*.sar=01;31:*.rar=01;31:*.alz=01;31:*.ace=01;31:*.zoo=01;31:*.cpio=01;31:*.7z=01;31:*.rz=01;31:*.cab=01;31:*.wim=01;31:*.swm=01;31:*.dwm=01;31:*.esd=01;31:*.jpg=01;35:*.jpeg=01;35:*.mjpg=01;35:*.mjpeg=01;35:*.gif=01;35:*.bmp=01;35:*.pbm=01;35:*.pgm=01;35:*.ppm=01;35:*.tga=01;35:*.xbm=01;35:*.xpm=01;35:*.tif=01;35:*.tiff=01;35:*.png=01;35:*.svg=01;35:*.svgz=01;35:*.mng=01;35:*.pcx=01;35:*.mov=01;35:*.mpg=01;35:*.mpeg=01;35:*.m2v=01;35:*.mkv=01;35:*.webm=01;35:*.webp=01;35:*.ogm=01;35:*.mp4=01;35:*.m4v=01;35:*.mp4v=01;35:*.vob=01;35:*.qt=01;35:*.nuv=01;35:*.wmv=01;35:*.asf=01;35:*.rm=01;35:*.rmvb=01;35:*.flc=01;35:*.avi=01;35:*.fli=01;35:*.flv=01;35:*.gl=01;35:*.dl=01;35:*.xcf=01;35:*.xwd=01;35:*.yuv=01;35:*.cgm=01;35:*.emf=01;35:*.ogv=01;35:*.ogx=01;35:*.aac=00;36:*.au=00;36:*.flac=00;36:*.m4a=00;36:*.mid=00;36:*.midi=00;36:*.mka=00;36:*.mp3=00;36:*.mpc=00;36:*.ogg=00;36:*.ra=00;36:*.wav=00;36:*.oga=00;36:*.opus=00;36:*.spx=00;36:*.xspf=00;36:'), ('GNOME_TERMINAL_SERVICE', ':1.91'), ('SSH_AGENT_LAUNCHER', 'gnome-keyring'), ('SSH_AUTH_SOCK', '/run/user/1000/keyring/ssh'), ('AMENT_PREFIX_PATH', '/opt/ros/humble'), ('SHELL', '/bin/bash'), ('QT_ACCESSIBILITY', '1'), ('GDMSESSION', 'ubuntu'), ('LESSCLOSE', '/usr/bin/lesspipe %s %s'), ('GPG_AGENT_INFO', '/run/user/1000/gnupg/S.gpg-agent:0:1'), ('QT_IM_MODULE', 'ibus'), ('PWD', '/home/imml/git/research_2025/build/realsense2_camera_msgs'), ('LC_ALL', 'en_US.UTF-8'), ('XDG_CONFIG_DIRS', '/etc/xdg/xdg-ubuntu:/etc/xdg'), ('XDG_DATA_DIRS', '/usr/share/ubuntu:/usr/share/gnome:/usr/local/share/:/usr/share/:/var/lib/snapd/desktop'), ('PYTHONPATH', '/opt/ros/humble/lib/python3.10/site-packages:/opt/ros/humble/local/lib/python3.10/dist-packages'), ('COLCON', '1'), ('VTE_VERSION', '6800'), ('CMAKE_PREFIX_PATH', '/opt/ros/humble')]), 'shell': False}
[2.415791] (harvest_interfaces) CommandEnded: {'returncode': 0}
[2.416237] (harvest_interfaces) JobProgress: {'identifier': 'harvest_interfaces', 'progress': 'build'}
[2.416889] (harvest_interfaces) Command: {'cmd': ['/usr/bin/cmake', '--build', '/home/imml/git/research_2025/build/harvest_interfaces', '--', '-j16', '-l16'], 'cwd': '/home/imml/git/research_2025/build/harvest_interfaces', 'env': OrderedDict([('LESSOPEN', '| /usr/bin/lesspipe %s'), ('USER', 'imml'), ('XDG_SESSION_TYPE', 'x11'), ('SHLVL', '1'), ('LD_LIBRARY_PATH', '/usr/local/cuda-12.9/lib64:/opt/ros/humble/opt/rviz_ogre_vendor/lib:/opt/ros/humble/lib/x86_64-linux-gnu:/opt/ros/humble/lib'), ('HOME', '/home/imml'), ('OLDPWD', '/home/imml/git'), ('DESKTOP_SESSION', 'ubuntu'), ('ROS_PYTHON_VERSION', '3'), ('GNOME_SHELL_SESSION_MODE', 'ubuntu'), ('GTK_MODULES', 'gail:atk-bridge'), ('SYSTEMD_EXEC_PID', '1850'), ('DBUS_SESSION_BUS_ADDRESS', 'unix:path=/run/user/1000/bus'), ('COLORTERM', 'truecolor'), ('ROS_DISTRO', 'humble'), ('GTK_IM_MODULE', 'ibus'), ('LOGNAME', 'imml'), ('_', '/usr/bin/colcon'), ('ROS_VERSION', '2'), ('XDG_SESSION_CLASS', 'user'), ('USERNAME', 'imml'), ('TERM', 'xterm-256color'), ('GNOME_DESKTOP_SESSION_ID', 'this-is-deprecated'), ('ROS_LOCALHOST_ONLY', '0'), ('WINDOWPATH', '2'), ('PATH', '/usr/local/cuda-12.9/bin:/opt/ros/humble/bin:/home/imml/.local/bin:/usr/local/sbin:/usr/local/bin:/usr/sbin:/usr/bin:/sbin:/bin:/usr/games:/usr/local/games:/snap/bin:/snap/bin'), ('SESSION_MANAGER', 'local/imml-ROG-Zephyrus:@/tmp/.ICE-unix/1823,unix/imml-ROG-Zephyrus:/tmp/.ICE-unix/1823'), ('XDG_MENU_PREFIX', 'gnome-'), ('GNOME_TERMINAL_SCREEN', '/org/gnome/Terminal/screen/fcc6e117_352e_4f01_85c2_26238b2dcabb'), ('XDG_RUNTIME_DIR', '/run/user/1000'), ('DISPLAY', ':1'), ('LANG', 'en_US.UTF-8'), ('XDG_CURRENT_DESKTOP', 'ubuntu:GNOME'), ('XMODIFIERS', '@im=ibus'), ('XDG_SESSION_DESKTOP', 'ubuntu'), ('XAUTHORITY', '/run/user/1000/gdm/Xauthority'), ('LS_COLORS', 'rs=0:di=01;34:ln=01;36:mh=00:pi=40;33:so=01;35:do=01;35:bd=40;33;01:cd=40;33;01:or=40;31;01:mi=00:su=37;41:sg=30;43:ca=30;41:tw=30;42:ow=34;42:st=37;44:ex=01;32:*.tar=01;31:*.tgz=01;31:*.arc=01;31:*.arj=01;31:*.taz=01;31:*.lha=01;31:*.lz4=01;31:*.lzh=01;31:*.lzma=01;31:*.tlz=01;31:*.txz=01;31:*.tzo=01;31:*.t7z=01;31:*.zip=01;31:*.z=01;31:*.dz=01;31:*.gz=01;31:*.lrz=01;31:*.lz=01;31:*.lzo=01;31:*.xz=01;31:*.zst=01;31:*.tzst=01;31:*.bz2=01;31:*.bz=01;31:*.tbz=01;31:*.tbz2=01;31:*.tz=01;31:*.deb=01;31:*.rpm=01;31:*.jar=01;31:*.war=01;31:*.ear=01;31:*.sar=01;31:*.rar=01;31:*.alz=01;31:*.ace=01;31:*.zoo=01;31:*.cpio=01;31:*.7z=01;31:*.rz=01;31:*.cab=01;31:*.wim=01;31:*.swm=01;31:*.dwm=01;31:*.esd=01;31:*.jpg=01;35:*.jpeg=01;35:*.mjpg=01;35:*.mjpeg=01;35:*.gif=01;35:*.bmp=01;35:*.pbm=01;35:*.pgm=01;35:*.ppm=01;35:*.tga=01;35:*.xbm=01;35:*.xpm=01;35:*.tif=01;35:*.tiff=01;35:*.png=01;35:*.svg=01;35:*.svgz=01;35:*.mng=01;35:*.pcx=01;35:*.mov=01;35:*.mpg=01;35:*.mpeg=01;35:*.m2v=01;35:*.mkv=01;35:*.webm=01;35:*.webp=01;35:*.ogm=01;35:*.mp4=01;35:*.m4v=01;35:*.mp4v=01;35:*.vob=01;35:*.qt=01;35:*.nuv=01;35:*.wmv=01;35:*.asf=01;35:*.rm=01;35:*.rmvb=01;35:*.flc=01;35:*.avi=01;35:*.fli=01;35:*.flv=01;35:*.gl=01;35:*.dl=01;35:*.xcf=01;35:*.xwd=01;35:*.yuv=01;35:*.cgm=01;35:*.emf=01;35:*.ogv=01;35:*.ogx=01;35:*.aac=00;36:*.au=00;36:*.flac=00;36:*.m4a=00;36:*.mid=00;36:*.midi=00;36:*.mka=00;36:*.mp3=00;36:*.mpc=00;36:*.ogg=00;36:*.ra=00;36:*.wav=00;36:*.oga=00;36:*.opus=00;36:*.spx=00;36:*.xspf=00;36:'), ('GNOME_TERMINAL_SERVICE', ':1.91'), ('SSH_AGENT_LAUNCHER', 'gnome-keyring'), ('SSH_AUTH_SOCK', '/run/user/1000/keyring/ssh'), ('AMENT_PREFIX_PATH', '/opt/ros/humble'), ('SHELL', '/bin/bash'), ('QT_ACCESSIBILITY', '1'), ('GDMSESSION', 'ubuntu'), ('LESSCLOSE', '/usr/bin/lesspipe %s %s'), ('GPG_AGENT_INFO', '/run/user/1000/gnupg/S.gpg-agent:0:1'), ('QT_IM_MODULE', 'ibus'), ('PWD', '/home/imml/git/research_2025/build/harvest_interfaces'), ('LC_ALL', 'en_US.UTF-8'), ('XDG_CONFIG_DIRS', '/etc/xdg/xdg-ubuntu:/etc/xdg'), ('XDG_DATA_DIRS', '/usr/share/ubuntu:/usr/share/gnome:/usr/local/share/:/usr/share/:/var/lib/snapd/desktop'), ('PYTHONPATH', '/opt/ros/humble/lib/python3.10/site-packages:/opt/ros/humble/local/lib/python3.10/dist-packages'), ('COLCON', '1'), ('VTE_VERSION', '6800'), ('CMAKE_PREFIX_PATH', '/opt/ros/humble')]), 'shell': False}
[2.449179] (realsense2_camera_msgs) StdoutLine: {'line': b'[  1%] \x1b[34m\x1b[1mGenerating C code for ROS interfaces\x1b[0m\n'}
[2.450590] (ur_dashboard_msgs) StdoutLine: {'line': b'[  1%] \x1b[34m\x1b[1mGenerating C code for ROS interfaces\x1b[0m\n'}
[2.459581] (harvest_interfaces) StdoutLine: {'line': b'[  1%] \x1b[34m\x1b[1mGenerating C code for ROS interfaces\x1b[0m\n'}
[2.460736] (realsense2_camera_msgs) StdoutLine: {'line': b'[  3%] \x1b[34m\x1b[1mGenerating C++ code for ROS interfaces\x1b[0m\n'}
[2.464089] (ur_dashboard_msgs) StdoutLine: {'line': b'[  1%] \x1b[34m\x1b[1mGenerating C++ code for ROS interfaces\x1b[0m\n'}
[2.469657] (realsense2_camera_msgs) StdoutLine: {'line': b'[  3%] Built target ament_cmake_python_symlink_realsense2_camera_msgs\n'}
[2.474822] (harvest_interfaces) StdoutLine: {'line': b'[  1%] \x1b[34m\x1b[1mGenerating C++ code for ROS interfaces\x1b[0m\n'}
[2.475175] (ur_dashboard_msgs) StdoutLine: {'line': b'[  1%] Built target ament_cmake_python_symlink_ur_dashboard_msgs\n'}
[2.480419] (harvest_interfaces) StdoutLine: {'line': b'[  1%] Built target ament_cmake_python_symlink_harvest_interfaces\n'}
[2.507259] (-) TimerEvent: {}
[2.607673] (-) TimerEvent: {}
[2.708060] (-) TimerEvent: {}
[2.740443] (ur_dashboard_msgs) StdoutLine: {'line': b'running egg_info\n'}
[2.741101] (ur_dashboard_msgs) StdoutLine: {'line': b'creating ur_dashboard_msgs.egg-info\n'}
[2.741409] (ur_dashboard_msgs) StdoutLine: {'line': b'writing ur_dashboard_msgs.egg-info/PKG-INFO\n'}
[2.741639] (ur_dashboard_msgs) StdoutLine: {'line': b'writing dependency_links to ur_dashboard_msgs.egg-info/dependency_links.txt\n'}
[2.741831] (ur_dashboard_msgs) StdoutLine: {'line': b'writing top-level names to ur_dashboard_msgs.egg-info/top_level.txt\n'}
[2.742147] (ur_dashboard_msgs) StdoutLine: {'line': b"writing manifest file 'ur_dashboard_msgs.egg-info/SOURCES.txt'\n"}
[2.744321] (ur_dashboard_msgs) StdoutLine: {'line': b"reading manifest file 'ur_dashboard_msgs.egg-info/SOURCES.txt'\n"}
[2.744766] (ur_dashboard_msgs) StdoutLine: {'line': b"writing manifest file 'ur_dashboard_msgs.egg-info/SOURCES.txt'\n"}
[2.754580] (harvest_interfaces) StdoutLine: {'line': b'running egg_info\n'}
[2.755113] (harvest_interfaces) StdoutLine: {'line': b'creating harvest_interfaces.egg-info\n'}
[2.755371] (harvest_interfaces) StdoutLine: {'line': b'writing harvest_interfaces.egg-info/PKG-INFO\n'}
[2.755527] (harvest_interfaces) StdoutLine: {'line': b'writing dependency_links to harvest_interfaces.egg-info/dependency_links.txt\n'}
[2.755687] (harvest_interfaces) StdoutLine: {'line': b'writing top-level names to harvest_interfaces.egg-info/top_level.txt\n'}
[2.755898] (harvest_interfaces) StdoutLine: {'line': b"writing manifest file 'harvest_interfaces.egg-info/SOURCES.txt'\n"}
[2.757978] (harvest_interfaces) StdoutLine: {'line': b"reading manifest file 'harvest_interfaces.egg-info/SOURCES.txt'\n"}
[2.758434] (harvest_interfaces) StdoutLine: {'line': b"writing manifest file 'harvest_interfaces.egg-info/SOURCES.txt'\n"}
[2.779155] (ur_dashboard_msgs) StdoutLine: {'line': b'[  1%] Built target ament_cmake_python_build_ur_dashboard_msgs_egg\n'}
[2.793135] (harvest_interfaces) StdoutLine: {'line': b'[  1%] Built target ament_cmake_python_build_harvest_interfaces_egg\n'}
[2.808168] (-) TimerEvent: {}
[2.830753] (realsense2_camera_msgs) StdoutLine: {'line': b'running egg_info\n'}
[2.831293] (realsense2_camera_msgs) StdoutLine: {'line': b'creating realsense2_camera_msgs.egg-info\n'}
[2.831531] (realsense2_camera_msgs) StdoutLine: {'line': b'writing realsense2_camera_msgs.egg-info/PKG-INFO\n'}
[2.831722] (realsense2_camera_msgs) StdoutLine: {'line': b'writing dependency_links to realsense2_camera_msgs.egg-info/dependency_links.txt\n'}
[2.831895] (realsense2_camera_msgs) StdoutLine: {'line': b'writing top-level names to realsense2_camera_msgs.egg-info/top_level.txt\n'}
[2.832067] (realsense2_camera_msgs) StdoutLine: {'line': b"writing manifest file 'realsense2_camera_msgs.egg-info/SOURCES.txt'\n"}
[2.833751] (realsense2_camera_msgs) StdoutLine: {'line': b"reading manifest file 'realsense2_camera_msgs.egg-info/SOURCES.txt'\n"}
[2.834184] (realsense2_camera_msgs) StdoutLine: {'line': b"writing manifest file 'realsense2_camera_msgs.egg-info/SOURCES.txt'\n"}
[2.864559] (ur5e_custom_hardware) Command: {'cmd': ['/usr/bin/python3', '-W', 'ignore:setup.py install is deprecated', '-W', 'ignore:easy_install command is deprecated', 'setup.py', 'develop', '--editable', '--build-directory', '/home/imml/git/research_2025/build/ur5e_custom_hardware/build', '--no-deps', 'symlink_data'], 'cwd': '/home/imml/git/research_2025/build/ur5e_custom_hardware', 'env': {'LESSOPEN': '| /usr/bin/lesspipe %s', 'USER': 'imml', 'XDG_SESSION_TYPE': 'x11', 'SHLVL': '1', 'LD_LIBRARY_PATH': '/usr/local/cuda-12.9/lib64:/opt/ros/humble/opt/rviz_ogre_vendor/lib:/opt/ros/humble/lib/x86_64-linux-gnu:/opt/ros/humble/lib', 'HOME': '/home/imml', 'OLDPWD': '/home/imml/git', 'DESKTOP_SESSION': 'ubuntu', 'ROS_PYTHON_VERSION': '3', 'GNOME_SHELL_SESSION_MODE': 'ubuntu', 'GTK_MODULES': 'gail:atk-bridge', 'SYSTEMD_EXEC_PID': '1850', 'DBUS_SESSION_BUS_ADDRESS': 'unix:path=/run/user/1000/bus', 'COLORTERM': 'truecolor', 'ROS_DISTRO': 'humble', 'GTK_IM_MODULE': 'ibus', 'LOGNAME': 'imml', '_': '/usr/bin/colcon', 'ROS_VERSION': '2', 'XDG_SESSION_CLASS': 'user', 'USERNAME': 'imml', 'TERM': 'xterm-256color', 'GNOME_DESKTOP_SESSION_ID': 'this-is-deprecated', 'ROS_LOCALHOST_ONLY': '0', 'WINDOWPATH': '2', 'PATH': '/usr/local/cuda-12.9/bin:/opt/ros/humble/bin:/home/imml/.local/bin:/usr/local/sbin:/usr/local/bin:/usr/sbin:/usr/bin:/sbin:/bin:/usr/games:/usr/local/games:/snap/bin:/snap/bin', 'SESSION_MANAGER': 'local/imml-ROG-Zephyrus:@/tmp/.ICE-unix/1823,unix/imml-ROG-Zephyrus:/tmp/.ICE-unix/1823', 'XDG_MENU_PREFIX': 'gnome-', 'GNOME_TERMINAL_SCREEN': '/org/gnome/Terminal/screen/fcc6e117_352e_4f01_85c2_26238b2dcabb', 'XDG_RUNTIME_DIR': '/run/user/1000', 'DISPLAY': ':1', 'LANG': 'en_US.UTF-8', 'XDG_CURRENT_DESKTOP': 'ubuntu:GNOME', 'XMODIFIERS': '@im=ibus', 'XDG_SESSION_DESKTOP': 'ubuntu', 'XAUTHORITY': '/run/user/1000/gdm/Xauthority', 'LS_COLORS': 'rs=0:di=01;34:ln=01;36:mh=00:pi=40;33:so=01;35:do=01;35:bd=40;33;01:cd=40;33;01:or=40;31;01:mi=00:su=37;41:sg=30;43:ca=30;41:tw=30;42:ow=34;42:st=37;44:ex=01;32:*.tar=01;31:*.tgz=01;31:*.arc=01;31:*.arj=01;31:*.taz=01;31:*.lha=01;31:*.lz4=01;31:*.lzh=01;31:*.lzma=01;31:*.tlz=01;31:*.txz=01;31:*.tzo=01;31:*.t7z=01;31:*.zip=01;31:*.z=01;31:*.dz=01;31:*.gz=01;31:*.lrz=01;31:*.lz=01;31:*.lzo=01;31:*.xz=01;31:*.zst=01;31:*.tzst=01;31:*.bz2=01;31:*.bz=01;31:*.tbz=01;31:*.tbz2=01;31:*.tz=01;31:*.deb=01;31:*.rpm=01;31:*.jar=01;31:*.war=01;31:*.ear=01;31:*.sar=01;31:*.rar=01;31:*.alz=01;31:*.ace=01;31:*.zoo=01;31:*.cpio=01;31:*.7z=01;31:*.rz=01;31:*.cab=01;31:*.wim=01;31:*.swm=01;31:*.dwm=01;31:*.esd=01;31:*.jpg=01;35:*.jpeg=01;35:*.mjpg=01;35:*.mjpeg=01;35:*.gif=01;35:*.bmp=01;35:*.pbm=01;35:*.pgm=01;35:*.ppm=01;35:*.tga=01;35:*.xbm=01;35:*.xpm=01;35:*.tif=01;35:*.tiff=01;35:*.png=01;35:*.svg=01;35:*.svgz=01;35:*.mng=01;35:*.pcx=01;35:*.mov=01;35:*.mpg=01;35:*.mpeg=01;35:*.m2v=01;35:*.mkv=01;35:*.webm=01;35:*.webp=01;35:*.ogm=01;35:*.mp4=01;35:*.m4v=01;35:*.mp4v=01;35:*.vob=01;35:*.qt=01;35:*.nuv=01;35:*.wmv=01;35:*.asf=01;35:*.rm=01;35:*.rmvb=01;35:*.flc=01;35:*.avi=01;35:*.fli=01;35:*.flv=01;35:*.gl=01;35:*.dl=01;35:*.xcf=01;35:*.xwd=01;35:*.yuv=01;35:*.cgm=01;35:*.emf=01;35:*.ogv=01;35:*.ogx=01;35:*.aac=00;36:*.au=00;36:*.flac=00;36:*.m4a=00;36:*.mid=00;36:*.midi=00;36:*.mka=00;36:*.mp3=00;36:*.mpc=00;36:*.ogg=00;36:*.ra=00;36:*.wav=00;36:*.oga=00;36:*.opus=00;36:*.spx=00;36:*.xspf=00;36:', 'GNOME_TERMINAL_SERVICE': ':1.91', 'SSH_AGENT_LAUNCHER': 'gnome-keyring', 'SSH_AUTH_SOCK': '/run/user/1000/keyring/ssh', 'AMENT_PREFIX_PATH': '/opt/ros/humble', 'SHELL': '/bin/bash', 'QT_ACCESSIBILITY': '1', 'GDMSESSION': 'ubuntu', 'LESSCLOSE': '/usr/bin/lesspipe %s %s', 'GPG_AGENT_INFO': '/run/user/1000/gnupg/S.gpg-agent:0:1', 'QT_IM_MODULE': 'ibus', 'PWD': '/home/imml/git/research_2025/build/ur5e_custom_hardware', 'LC_ALL': 'en_US.UTF-8', 'XDG_CONFIG_DIRS': '/etc/xdg/xdg-ubuntu:/etc/xdg', 'XDG_DATA_DIRS': '/usr/share/ubuntu:/usr/share/gnome:/usr/local/share/:/usr/share/:/var/lib/snapd/desktop', 'PYTHONPATH': '/home/imml/git/research_2025/build/ur5e_custom_hardware/prefix_override:/usr/lib/python3/dist-packages/colcon_core/task/python/colcon_distutils_commands:/home/imml/git/research_2025/install/ur5e_custom_hardware/lib/python3.10/site-packages:/opt/ros/humble/lib/python3.10/site-packages:/opt/ros/humble/local/lib/python3.10/dist-packages', 'COLCON': '1', 'VTE_VERSION': '6800'}, 'shell': False}
[2.870241] (realsense2_camera_msgs) StdoutLine: {'line': b'[  3%] Built target ament_cmake_python_build_realsense2_camera_msgs_egg\n'}
[2.908301] (-) TimerEvent: {}
[3.010084] (-) TimerEvent: {}
[3.090155] (realsense2_camera_msgs) StdoutLine: {'line': b'[  3%] Built target realsense2_camera_msgs__cpp\n'}
[3.110209] (-) TimerEvent: {}
[3.118134] (realsense2_camera_msgs) StdoutLine: {'line': b'[  4%] \x1b[34m\x1b[1mGenerating C++ type support dispatch for ROS interfaces\x1b[0m\n'}
[3.121985] (realsense2_camera_msgs) StdoutLine: {'line': b'[  6%] \x1b[34m\x1b[1mGenerating C++ introspection for ROS interfaces\x1b[0m\n'}
[3.123882] (realsense2_camera_msgs) StdoutLine: {'line': b'[  7%] \x1b[34m\x1b[1mGenerating C++ type support for eProsima Fast-RTPS\x1b[0m\n'}
[3.148893] (ur_description) StdoutLine: {'line': b'-- Configuring done\n'}
[3.153715] (ur_description) StdoutLine: {'line': b'-- Generating done\n'}
[3.158897] (ur_description) StdoutLine: {'line': b'-- Build files have been written to: /home/imml/git/research_2025/build/ur_description\n'}
[3.162939] (realsense2_camera_msgs) StdoutLine: {'line': b'[  9%] \x1b[32mBuilding C object CMakeFiles/realsense2_camera_msgs__rosidl_generator_c.dir/rosidl_generator_c/realsense2_camera_msgs/msg/detail/metadata__functions.c.o\x1b[0m\n'}
[3.163545] (realsense2_camera_msgs) StdoutLine: {'line': b'[ 14%] \x1b[32mBuilding C object CMakeFiles/realsense2_camera_msgs__rosidl_generator_c.dir/rosidl_generator_c/realsense2_camera_msgs/msg/detail/extrinsics__functions.c.o\x1b[0m\n'}
[3.163726] (realsense2_camera_msgs) StdoutLine: {'line': b'[ 14%] \x1b[32mBuilding C object CMakeFiles/realsense2_camera_msgs__rosidl_generator_c.dir/rosidl_generator_c/realsense2_camera_msgs/srv/detail/device_info__functions.c.o\x1b[0m\n'}
[3.163941] (realsense2_camera_msgs) StdoutLine: {'line': b'[ 15%] \x1b[32mBuilding C object CMakeFiles/realsense2_camera_msgs__rosidl_generator_c.dir/rosidl_generator_c/realsense2_camera_msgs/msg/detail/imu_info__functions.c.o\x1b[0m\n'}
[3.164056] (realsense2_camera_msgs) StdoutLine: {'line': b'[ 15%] \x1b[32mBuilding C object CMakeFiles/realsense2_camera_msgs__rosidl_generator_c.dir/rosidl_generator_c/realsense2_camera_msgs/msg/detail/rgbd__functions.c.o\x1b[0m\n'}
[3.165039] (ur_description) CommandEnded: {'returncode': 0}
[3.165739] (ur_description) JobProgress: {'identifier': 'ur_description', 'progress': 'build'}
[3.166338] (ur_description) Command: {'cmd': ['/usr/bin/cmake', '--build', '/home/imml/git/research_2025/build/ur_description', '--', '-j16', '-l16'], 'cwd': '/home/imml/git/research_2025/build/ur_description', 'env': OrderedDict([('LESSOPEN', '| /usr/bin/lesspipe %s'), ('USER', 'imml'), ('XDG_SESSION_TYPE', 'x11'), ('SHLVL', '1'), ('LD_LIBRARY_PATH', '/usr/local/cuda-12.9/lib64:/opt/ros/humble/opt/rviz_ogre_vendor/lib:/opt/ros/humble/lib/x86_64-linux-gnu:/opt/ros/humble/lib'), ('HOME', '/home/imml'), ('OLDPWD', '/home/imml/git'), ('DESKTOP_SESSION', 'ubuntu'), ('ROS_PYTHON_VERSION', '3'), ('GNOME_SHELL_SESSION_MODE', 'ubuntu'), ('GTK_MODULES', 'gail:atk-bridge'), ('SYSTEMD_EXEC_PID', '1850'), ('DBUS_SESSION_BUS_ADDRESS', 'unix:path=/run/user/1000/bus'), ('COLORTERM', 'truecolor'), ('ROS_DISTRO', 'humble'), ('GTK_IM_MODULE', 'ibus'), ('LOGNAME', 'imml'), ('_', '/usr/bin/colcon'), ('ROS_VERSION', '2'), ('XDG_SESSION_CLASS', 'user'), ('USERNAME', 'imml'), ('TERM', 'xterm-256color'), ('GNOME_DESKTOP_SESSION_ID', 'this-is-deprecated'), ('ROS_LOCALHOST_ONLY', '0'), ('WINDOWPATH', '2'), ('PATH', '/usr/local/cuda-12.9/bin:/opt/ros/humble/bin:/home/imml/.local/bin:/usr/local/sbin:/usr/local/bin:/usr/sbin:/usr/bin:/sbin:/bin:/usr/games:/usr/local/games:/snap/bin:/snap/bin'), ('SESSION_MANAGER', 'local/imml-ROG-Zephyrus:@/tmp/.ICE-unix/1823,unix/imml-ROG-Zephyrus:/tmp/.ICE-unix/1823'), ('XDG_MENU_PREFIX', 'gnome-'), ('GNOME_TERMINAL_SCREEN', '/org/gnome/Terminal/screen/fcc6e117_352e_4f01_85c2_26238b2dcabb'), ('XDG_RUNTIME_DIR', '/run/user/1000'), ('DISPLAY', ':1'), ('LANG', 'en_US.UTF-8'), ('XDG_CURRENT_DESKTOP', 'ubuntu:GNOME'), ('XMODIFIERS', '@im=ibus'), ('XDG_SESSION_DESKTOP', 'ubuntu'), ('XAUTHORITY', '/run/user/1000/gdm/Xauthority'), ('LS_COLORS', 'rs=0:di=01;34:ln=01;36:mh=00:pi=40;33:so=01;35:do=01;35:bd=40;33;01:cd=40;33;01:or=40;31;01:mi=00:su=37;41:sg=30;43:ca=30;41:tw=30;42:ow=34;42:st=37;44:ex=01;32:*.tar=01;31:*.tgz=01;31:*.arc=01;31:*.arj=01;31:*.taz=01;31:*.lha=01;31:*.lz4=01;31:*.lzh=01;31:*.lzma=01;31:*.tlz=01;31:*.txz=01;31:*.tzo=01;31:*.t7z=01;31:*.zip=01;31:*.z=01;31:*.dz=01;31:*.gz=01;31:*.lrz=01;31:*.lz=01;31:*.lzo=01;31:*.xz=01;31:*.zst=01;31:*.tzst=01;31:*.bz2=01;31:*.bz=01;31:*.tbz=01;31:*.tbz2=01;31:*.tz=01;31:*.deb=01;31:*.rpm=01;31:*.jar=01;31:*.war=01;31:*.ear=01;31:*.sar=01;31:*.rar=01;31:*.alz=01;31:*.ace=01;31:*.zoo=01;31:*.cpio=01;31:*.7z=01;31:*.rz=01;31:*.cab=01;31:*.wim=01;31:*.swm=01;31:*.dwm=01;31:*.esd=01;31:*.jpg=01;35:*.jpeg=01;35:*.mjpg=01;35:*.mjpeg=01;35:*.gif=01;35:*.bmp=01;35:*.pbm=01;35:*.pgm=01;35:*.ppm=01;35:*.tga=01;35:*.xbm=01;35:*.xpm=01;35:*.tif=01;35:*.tiff=01;35:*.png=01;35:*.svg=01;35:*.svgz=01;35:*.mng=01;35:*.pcx=01;35:*.mov=01;35:*.mpg=01;35:*.mpeg=01;35:*.m2v=01;35:*.mkv=01;35:*.webm=01;35:*.webp=01;35:*.ogm=01;35:*.mp4=01;35:*.m4v=01;35:*.mp4v=01;35:*.vob=01;35:*.qt=01;35:*.nuv=01;35:*.wmv=01;35:*.asf=01;35:*.rm=01;35:*.rmvb=01;35:*.flc=01;35:*.avi=01;35:*.fli=01;35:*.flv=01;35:*.gl=01;35:*.dl=01;35:*.xcf=01;35:*.xwd=01;35:*.yuv=01;35:*.cgm=01;35:*.emf=01;35:*.ogv=01;35:*.ogx=01;35:*.aac=00;36:*.au=00;36:*.flac=00;36:*.m4a=00;36:*.mid=00;36:*.midi=00;36:*.mka=00;36:*.mp3=00;36:*.mpc=00;36:*.ogg=00;36:*.ra=00;36:*.wav=00;36:*.oga=00;36:*.opus=00;36:*.spx=00;36:*.xspf=00;36:'), ('GNOME_TERMINAL_SERVICE', ':1.91'), ('SSH_AGENT_LAUNCHER', 'gnome-keyring'), ('SSH_AUTH_SOCK', '/run/user/1000/keyring/ssh'), ('AMENT_PREFIX_PATH', '/opt/ros/humble'), ('SHELL', '/bin/bash'), ('QT_ACCESSIBILITY', '1'), ('GDMSESSION', 'ubuntu'), ('LESSCLOSE', '/usr/bin/lesspipe %s %s'), ('GPG_AGENT_INFO', '/run/user/1000/gnupg/S.gpg-agent:0:1'), ('QT_IM_MODULE', 'ibus'), ('PWD', '/home/imml/git/research_2025/build/ur_description'), ('LC_ALL', 'en_US.UTF-8'), ('XDG_CONFIG_DIRS', '/etc/xdg/xdg-ubuntu:/etc/xdg'), ('XDG_DATA_DIRS', '/usr/share/ubuntu:/usr/share/gnome:/usr/local/share/:/usr/share/:/var/lib/snapd/desktop'), ('PYTHONPATH', '/opt/ros/humble/lib/python3.10/site-packages:/opt/ros/humble/local/lib/python3.10/dist-packages'), ('COLCON', '1'), ('VTE_VERSION', '6800'), ('CMAKE_PREFIX_PATH', '/opt/ros/humble')]), 'shell': False}
[3.210331] (-) TimerEvent: {}
[3.236838] (ur_description) CommandEnded: {'returncode': 0}
[3.237742] (ur_description) JobProgress: {'identifier': 'ur_description', 'progress': 'install'}
[3.251867] (ur_description) Command: {'cmd': ['/usr/bin/cmake', '--install', '/home/imml/git/research_2025/build/ur_description'], 'cwd': '/home/imml/git/research_2025/build/ur_description', 'env': OrderedDict([('LESSOPEN', '| /usr/bin/lesspipe %s'), ('USER', 'imml'), ('XDG_SESSION_TYPE', 'x11'), ('SHLVL', '1'), ('LD_LIBRARY_PATH', '/usr/local/cuda-12.9/lib64:/opt/ros/humble/opt/rviz_ogre_vendor/lib:/opt/ros/humble/lib/x86_64-linux-gnu:/opt/ros/humble/lib'), ('HOME', '/home/imml'), ('OLDPWD', '/home/imml/git'), ('DESKTOP_SESSION', 'ubuntu'), ('ROS_PYTHON_VERSION', '3'), ('GNOME_SHELL_SESSION_MODE', 'ubuntu'), ('GTK_MODULES', 'gail:atk-bridge'), ('SYSTEMD_EXEC_PID', '1850'), ('DBUS_SESSION_BUS_ADDRESS', 'unix:path=/run/user/1000/bus'), ('COLORTERM', 'truecolor'), ('ROS_DISTRO', 'humble'), ('GTK_IM_MODULE', 'ibus'), ('LOGNAME', 'imml'), ('_', '/usr/bin/colcon'), ('ROS_VERSION', '2'), ('XDG_SESSION_CLASS', 'user'), ('USERNAME', 'imml'), ('TERM', 'xterm-256color'), ('GNOME_DESKTOP_SESSION_ID', 'this-is-deprecated'), ('ROS_LOCALHOST_ONLY', '0'), ('WINDOWPATH', '2'), ('PATH', '/usr/local/cuda-12.9/bin:/opt/ros/humble/bin:/home/imml/.local/bin:/usr/local/sbin:/usr/local/bin:/usr/sbin:/usr/bin:/sbin:/bin:/usr/games:/usr/local/games:/snap/bin:/snap/bin'), ('SESSION_MANAGER', 'local/imml-ROG-Zephyrus:@/tmp/.ICE-unix/1823,unix/imml-ROG-Zephyrus:/tmp/.ICE-unix/1823'), ('XDG_MENU_PREFIX', 'gnome-'), ('GNOME_TERMINAL_SCREEN', '/org/gnome/Terminal/screen/fcc6e117_352e_4f01_85c2_26238b2dcabb'), ('XDG_RUNTIME_DIR', '/run/user/1000'), ('DISPLAY', ':1'), ('LANG', 'en_US.UTF-8'), ('XDG_CURRENT_DESKTOP', 'ubuntu:GNOME'), ('XMODIFIERS', '@im=ibus'), ('XDG_SESSION_DESKTOP', 'ubuntu'), ('XAUTHORITY', '/run/user/1000/gdm/Xauthority'), ('LS_COLORS', 'rs=0:di=01;34:ln=01;36:mh=00:pi=40;33:so=01;35:do=01;35:bd=40;33;01:cd=40;33;01:or=40;31;01:mi=00:su=37;41:sg=30;43:ca=30;41:tw=30;42:ow=34;42:st=37;44:ex=01;32:*.tar=01;31:*.tgz=01;31:*.arc=01;31:*.arj=01;31:*.taz=01;31:*.lha=01;31:*.lz4=01;31:*.lzh=01;31:*.lzma=01;31:*.tlz=01;31:*.txz=01;31:*.tzo=01;31:*.t7z=01;31:*.zip=01;31:*.z=01;31:*.dz=01;31:*.gz=01;31:*.lrz=01;31:*.lz=01;31:*.lzo=01;31:*.xz=01;31:*.zst=01;31:*.tzst=01;31:*.bz2=01;31:*.bz=01;31:*.tbz=01;31:*.tbz2=01;31:*.tz=01;31:*.deb=01;31:*.rpm=01;31:*.jar=01;31:*.war=01;31:*.ear=01;31:*.sar=01;31:*.rar=01;31:*.alz=01;31:*.ace=01;31:*.zoo=01;31:*.cpio=01;31:*.7z=01;31:*.rz=01;31:*.cab=01;31:*.wim=01;31:*.swm=01;31:*.dwm=01;31:*.esd=01;31:*.jpg=01;35:*.jpeg=01;35:*.mjpg=01;35:*.mjpeg=01;35:*.gif=01;35:*.bmp=01;35:*.pbm=01;35:*.pgm=01;35:*.ppm=01;35:*.tga=01;35:*.xbm=01;35:*.xpm=01;35:*.tif=01;35:*.tiff=01;35:*.png=01;35:*.svg=01;35:*.svgz=01;35:*.mng=01;35:*.pcx=01;35:*.mov=01;35:*.mpg=01;35:*.mpeg=01;35:*.m2v=01;35:*.mkv=01;35:*.webm=01;35:*.webp=01;35:*.ogm=01;35:*.mp4=01;35:*.m4v=01;35:*.mp4v=01;35:*.vob=01;35:*.qt=01;35:*.nuv=01;35:*.wmv=01;35:*.asf=01;35:*.rm=01;35:*.rmvb=01;35:*.flc=01;35:*.avi=01;35:*.fli=01;35:*.flv=01;35:*.gl=01;35:*.dl=01;35:*.xcf=01;35:*.xwd=01;35:*.yuv=01;35:*.cgm=01;35:*.emf=01;35:*.ogv=01;35:*.ogx=01;35:*.aac=00;36:*.au=00;36:*.flac=00;36:*.m4a=00;36:*.mid=00;36:*.midi=00;36:*.mka=00;36:*.mp3=00;36:*.mpc=00;36:*.ogg=00;36:*.ra=00;36:*.wav=00;36:*.oga=00;36:*.opus=00;36:*.spx=00;36:*.xspf=00;36:'), ('GNOME_TERMINAL_SERVICE', ':1.91'), ('SSH_AGENT_LAUNCHER', 'gnome-keyring'), ('SSH_AUTH_SOCK', '/run/user/1000/keyring/ssh'), ('AMENT_PREFIX_PATH', '/opt/ros/humble'), ('SHELL', '/bin/bash'), ('QT_ACCESSIBILITY', '1'), ('GDMSESSION', 'ubuntu'), ('LESSCLOSE', '/usr/bin/lesspipe %s %s'), ('GPG_AGENT_INFO', '/run/user/1000/gnupg/S.gpg-agent:0:1'), ('QT_IM_MODULE', 'ibus'), ('PWD', '/home/imml/git/research_2025/build/ur_description'), ('LC_ALL', 'en_US.UTF-8'), ('XDG_CONFIG_DIRS', '/etc/xdg/xdg-ubuntu:/etc/xdg'), ('XDG_DATA_DIRS', '/usr/share/ubuntu:/usr/share/gnome:/usr/local/share/:/usr/share/:/var/lib/snapd/desktop'), ('PYTHONPATH', '/opt/ros/humble/lib/python3.10/site-packages:/opt/ros/humble/local/lib/python3.10/dist-packages'), ('COLCON', '1'), ('VTE_VERSION', '6800'), ('CMAKE_PREFIX_PATH', '/opt/ros/humble')]), 'shell': False}
[3.261530] (realsense2_camera_msgs) StdoutLine: {'line': b'[ 17%] \x1b[32m\x1b[1mLinking C shared library librealsense2_camera_msgs__rosidl_generator_c.so\x1b[0m\n'}
[3.263659] (ur_description) StdoutLine: {'line': b'-- Install configuration: ""\n'}
[3.264417] (ur_description) StdoutLine: {'line': b'-- Execute custom install script\n'}
[3.265869] (ur5e_custom_hardware) StdoutLine: {'line': b'running develop\n'}
[3.267814] (ur_description) StdoutLine: {'line': b'-- Symlinking: /home/imml/git/research_2025/install/ur_description/share/ur_description/config/initial_positions.yaml\n'}
[3.281665] (ur_description) StdoutLine: {'line': b'-- Symlinking: /home/imml/git/research_2025/install/ur_description/share/ur_description/config/initial_positions_marcus.yaml\n'}
[3.296845] (ur_description) StdoutLine: {'line': b'-- Symlinking: /home/imml/git/research_2025/install/ur_description/share/ur_description/config/ur10/default_kinematics.yaml\n'}
[3.310321] (ur_description) StdoutLine: {'line': b'-- Symlinking: /home/imml/git/research_2025/install/ur_description/share/ur_description/config/ur10/joint_limits.yaml\n'}
[3.310527] (-) TimerEvent: {}
[3.322936] (realsense2_camera_msgs) StdoutLine: {'line': b'[ 17%] Built target realsense2_camera_msgs__rosidl_generator_c\n'}
[3.324129] (ur_description) StdoutLine: {'line': b'-- Symlinking: /home/imml/git/research_2025/install/ur_description/share/ur_description/config/ur10/physical_parameters.yaml\n'}
[3.339167] (ur_description) StdoutLine: {'line': b'-- Symlinking: /home/imml/git/research_2025/install/ur_description/share/ur_description/config/ur10/visual_parameters.yaml\n'}
[3.339391] (realsense2_camera_msgs) StdoutLine: {'line': b'[ 22%] \x1b[34m\x1b[1mGenerating C type support dispatch for ROS interfaces\x1b[0m\n'}
[3.339539] (realsense2_camera_msgs) StdoutLine: {'line': b'[ 22%] \x1b[34m\x1b[1mGenerating C type support for eProsima Fast-RTPS\x1b[0m\n'}
[3.339845] (realsense2_camera_msgs) StdoutLine: {'line': b'[ 22%] \x1b[34m\x1b[1mGenerating C introspection for ROS interfaces\x1b[0m\n'}
[3.354290] (ur_description) StdoutLine: {'line': b'-- Symlinking: /home/imml/git/research_2025/install/ur_description/share/ur_description/config/ur10e/default_kinematics.yaml\n'}
[3.369296] (ur_description) StdoutLine: {'line': b'-- Symlinking: /home/imml/git/research_2025/install/ur_description/share/ur_description/config/ur10e/joint_limits.yaml\n'}
[3.384314] (ur_description) StdoutLine: {'line': b'-- Symlinking: /home/imml/git/research_2025/install/ur_description/share/ur_description/config/ur10e/physical_parameters.yaml\n'}
[3.399255] (ur_description) StdoutLine: {'line': b'-- Symlinking: /home/imml/git/research_2025/install/ur_description/share/ur_description/config/ur10e/visual_parameters.yaml\n'}
[3.410664] (-) TimerEvent: {}
[3.413590] (ur_description) StdoutLine: {'line': b'-- Symlinking: /home/imml/git/research_2025/install/ur_description/share/ur_description/config/ur16e/default_kinematics.yaml\n'}
[3.428062] (ur_description) StdoutLine: {'line': b'-- Symlinking: /home/imml/git/research_2025/install/ur_description/share/ur_description/config/ur16e/joint_limits.yaml\n'}
[3.440554] (ur_description) StdoutLine: {'line': b'-- Symlinking: /home/imml/git/research_2025/install/ur_description/share/ur_description/config/ur16e/physical_parameters.yaml\n'}
[3.451707] (ur_description) StdoutLine: {'line': b'-- Symlinking: /home/imml/git/research_2025/install/ur_description/share/ur_description/config/ur16e/visual_parameters.yaml\n'}
[3.466378] (ur_description) StdoutLine: {'line': b'-- Symlinking: /home/imml/git/research_2025/install/ur_description/share/ur_description/config/ur20/default_kinematics.yaml\n'}
[3.478960] (ur_description) StdoutLine: {'line': b'-- Symlinking: /home/imml/git/research_2025/install/ur_description/share/ur_description/config/ur20/joint_limits.yaml\n'}
[3.492544] (ur_description) StdoutLine: {'line': b'-- Symlinking: /home/imml/git/research_2025/install/ur_description/share/ur_description/config/ur20/physical_parameters.yaml\n'}
[3.506605] (ur_description) StdoutLine: {'line': b'-- Symlinking: /home/imml/git/research_2025/install/ur_description/share/ur_description/config/ur20/visual_parameters.yaml\n'}
[3.514104] (-) TimerEvent: {}
[3.518383] (ur_description) StdoutLine: {'line': b'-- Symlinking: /home/imml/git/research_2025/install/ur_description/share/ur_description/config/ur3/default_kinematics.yaml\n'}
[3.532073] (ur_description) StdoutLine: {'line': b'-- Symlinking: /home/imml/git/research_2025/install/ur_description/share/ur_description/config/ur3/joint_limits.yaml\n'}
[3.552099] (realsense2_camera_msgs) StdoutLine: {'line': b'[ 25%] \x1b[32mBuilding CXX object CMakeFiles/realsense2_camera_msgs__rosidl_typesupport_cpp.dir/rosidl_typesupport_cpp/realsense2_camera_msgs/msg/imu_info__type_support.cpp.o\x1b[0m\n'}
[3.552355] (realsense2_camera_msgs) StdoutLine: {'line': b'[ 25%] \x1b[32mBuilding CXX object CMakeFiles/realsense2_camera_msgs__rosidl_typesupport_cpp.dir/rosidl_typesupport_cpp/realsense2_camera_msgs/msg/extrinsics__type_support.cpp.o\x1b[0m\n'}
[3.552502] (ur_description) StdoutLine: {'line': b'-- Symlinking: /home/imml/git/research_2025/install/ur_description/share/ur_description/config/ur3/physical_parameters.yaml\n'}
[3.552709] (realsense2_camera_msgs) StdoutLine: {'line': b'[ 26%] \x1b[32mBuilding CXX object CMakeFiles/realsense2_camera_msgs__rosidl_typesupport_cpp.dir/rosidl_typesupport_cpp/realsense2_camera_msgs/msg/metadata__type_support.cpp.o\x1b[0m\n'}
[3.555902] (realsense2_camera_msgs) StdoutLine: {'line': b'[ 28%] \x1b[32mBuilding CXX object CMakeFiles/realsense2_camera_msgs__rosidl_typesupport_cpp.dir/rosidl_typesupport_cpp/realsense2_camera_msgs/msg/rgbd__type_support.cpp.o\x1b[0m\n'}
[3.561863] (realsense2_camera_msgs) StdoutLine: {'line': b'[ 30%] \x1b[32mBuilding CXX object CMakeFiles/realsense2_camera_msgs__rosidl_typesupport_cpp.dir/rosidl_typesupport_cpp/realsense2_camera_msgs/srv/device_info__type_support.cpp.o\x1b[0m\n'}
[3.563568] (ur_description) StdoutLine: {'line': b'-- Symlinking: /home/imml/git/research_2025/install/ur_description/share/ur_description/config/ur3/visual_parameters.yaml\n'}
[3.571176] (ur5e_custom_hardware) StdoutLine: {'line': b'running egg_info\n'}
[3.571456] (ur5e_custom_hardware) StdoutLine: {'line': b'creating ur5e_custom_hardware.egg-info\n'}
[3.571584] (ur5e_custom_hardware) StdoutLine: {'line': b'writing ur5e_custom_hardware.egg-info/PKG-INFO\n'}
[3.571706] (ur5e_custom_hardware) StdoutLine: {'line': b'writing dependency_links to ur5e_custom_hardware.egg-info/dependency_links.txt\n'}
[3.571821] (ur5e_custom_hardware) StdoutLine: {'line': b'writing entry points to ur5e_custom_hardware.egg-info/entry_points.txt\n'}
[3.571937] (ur5e_custom_hardware) StdoutLine: {'line': b'writing requirements to ur5e_custom_hardware.egg-info/requires.txt\n'}
[3.572048] (ur5e_custom_hardware) StdoutLine: {'line': b'writing top-level names to ur5e_custom_hardware.egg-info/top_level.txt\n'}
[3.572235] (ur5e_custom_hardware) StdoutLine: {'line': b"writing manifest file 'ur5e_custom_hardware.egg-info/SOURCES.txt'\n"}
[3.574457] (ur5e_custom_hardware) StdoutLine: {'line': b"reading manifest file 'ur5e_custom_hardware.egg-info/SOURCES.txt'\n"}
[3.575405] (ur5e_custom_hardware) StdoutLine: {'line': b"writing manifest file 'ur5e_custom_hardware.egg-info/SOURCES.txt'\n"}
[3.577383] (ur5e_custom_hardware) StdoutLine: {'line': b'running build_ext\n'}
[3.579339] (ur5e_custom_hardware) StdoutLine: {'line': b'Creating /home/imml/git/research_2025/install/ur5e_custom_hardware/lib/python3.10/site-packages/ur5e-custom-hardware.egg-link (link to .)\n'}
[3.579478] (ur5e_custom_hardware) StdoutLine: {'line': b'Installing gripper_palm_camera script to /home/imml/git/research_2025/install/ur5e_custom_hardware/lib/ur5e_custom_hardware\n'}
[3.579573] (ur5e_custom_hardware) StdoutLine: {'line': b'\n'}
[3.579663] (ur5e_custom_hardware) StdoutLine: {'line': b'Installed /home/imml/git/research_2025/build/ur5e_custom_hardware\n'}
[3.579744] (ur5e_custom_hardware) StdoutLine: {'line': b'running symlink_data\n'}
[3.579827] (ur5e_custom_hardware) StdoutLine: {'line': b'creating /home/imml/git/research_2025/install/ur5e_custom_hardware/share/ament_index\n'}
[3.579906] (ur5e_custom_hardware) StdoutLine: {'line': b'creating /home/imml/git/research_2025/install/ur5e_custom_hardware/share/ament_index/resource_index\n'}
[3.579989] (ur5e_custom_hardware) StdoutLine: {'line': b'creating /home/imml/git/research_2025/install/ur5e_custom_hardware/share/ament_index/resource_index/packages\n'}
[3.581634] (ur5e_custom_hardware) StdoutLine: {'line': b'symbolically linking /home/imml/git/research_2025/build/ur5e_custom_hardware/resource/ur5e_custom_hardware -> /home/imml/git/research_2025/install/ur5e_custom_hardware/share/ament_index/resource_index/packages\n'}
[3.581791] (ur5e_custom_hardware) StdoutLine: {'line': b'symbolically linking /home/imml/git/research_2025/build/ur5e_custom_hardware/package.xml -> /home/imml/git/research_2025/install/ur5e_custom_hardware/share/ur5e_custom_hardware\n'}
[3.581906] (ur5e_custom_hardware) StdoutLine: {'line': b'creating /home/imml/git/research_2025/install/ur5e_custom_hardware/share/ur5e_custom_hardware/launch\n'}
[3.582017] (ur5e_custom_hardware) StdoutLine: {'line': b'creating /home/imml/git/research_2025/install/ur5e_custom_hardware/share/ur5e_custom_hardware/urdf\n'}
[3.582158] (ur5e_custom_hardware) StdoutLine: {'line': b'symbolically linking /home/imml/git/research_2025/build/ur5e_custom_hardware/urdf/gripper.urdf.xacro -> /home/imml/git/research_2025/install/ur5e_custom_hardware/share/ur5e_custom_hardware/urdf\n'}
[3.582269] (ur5e_custom_hardware) StdoutLine: {'line': b'symbolically linking /home/imml/git/research_2025/build/ur5e_custom_hardware/urdf/ur_gripper.urdf.xacro -> /home/imml/git/research_2025/install/ur5e_custom_hardware/share/ur5e_custom_hardware/urdf\n'}
[3.582375] (ur5e_custom_hardware) StdoutLine: {'line': b'creating /home/imml/git/research_2025/install/ur5e_custom_hardware/share/ur5e_custom_hardware/meshes\n'}
[3.582481] (ur5e_custom_hardware) StdoutLine: {'line': b'symbolically linking /home/imml/git/research_2025/build/ur5e_custom_hardware/meshes/03_mk3_full_assembly.STL -> /home/imml/git/research_2025/install/ur5e_custom_hardware/share/ur5e_custom_hardware/meshes\n'}
[3.582599] (ur5e_custom_hardware) StdoutLine: {'line': b'symbolically linking /home/imml/git/research_2025/build/ur5e_custom_hardware/meshes/03_mk3_full_assembly_coarse.STL -> /home/imml/git/research_2025/install/ur5e_custom_hardware/share/ur5e_custom_hardware/meshes\n'}
[3.582706] (ur5e_custom_hardware) StdoutLine: {'line': b'symbolically linking /home/imml/git/research_2025/build/ur5e_custom_hardware/meshes/03_mk3_full_assembly_(simplified_for_RVIZ).STL -> /home/imml/git/research_2025/install/ur5e_custom_hardware/share/ur5e_custom_hardware/meshes\n'}
[3.588863] (ur_description) StdoutLine: {'line': b'-- Symlinking: /home/imml/git/research_2025/install/ur_description/share/ur_description/config/ur30/default_kinematics.yaml\n'}
[3.604366] (ur_description) StdoutLine: {'line': b'-- Symlinking: /home/imml/git/research_2025/install/ur_description/share/ur_description/config/ur30/joint_limits.yaml\n'}
[3.616106] (-) TimerEvent: {}
[3.622104] (ur_description) StdoutLine: {'line': b'-- Symlinking: /home/imml/git/research_2025/install/ur_description/share/ur_description/config/ur30/physical_parameters.yaml\n'}
[3.632860] (ur_description) StdoutLine: {'line': b'-- Symlinking: /home/imml/git/research_2025/install/ur_description/share/ur_description/config/ur30/visual_parameters.yaml\n'}
[3.645739] (ur5e_custom_hardware) CommandEnded: {'returncode': 0}
[3.648457] (ur_description) StdoutLine: {'line': b'-- Symlinking: /home/imml/git/research_2025/install/ur_description/share/ur_description/config/ur3e/default_kinematics.yaml\n'}
[3.666196] (ur_description) StdoutLine: {'line': b'-- Symlinking: /home/imml/git/research_2025/install/ur_description/share/ur_description/config/ur3e/joint_limits.yaml\n'}
[3.670848] (ur5e_custom_hardware) JobEnded: {'identifier': 'ur5e_custom_hardware', 'rc': 0}
[3.680894] (ur_description) StdoutLine: {'line': b'-- Symlinking: /home/imml/git/research_2025/install/ur_description/share/ur_description/config/ur3e/physical_parameters.yaml\n'}
[3.708109] (ur_description) StdoutLine: {'line': b'-- Symlinking: /home/imml/git/research_2025/install/ur_description/share/ur_description/config/ur3e/visual_parameters.yaml\n'}
[3.716241] (-) TimerEvent: {}
[3.718910] (ur_description) StdoutLine: {'line': b'-- Symlinking: /home/imml/git/research_2025/install/ur_description/share/ur_description/config/ur5/default_kinematics.yaml\n'}
[3.734434] (ur_description) StdoutLine: {'line': b'-- Symlinking: /home/imml/git/research_2025/install/ur_description/share/ur_description/config/ur5/joint_limits.yaml\n'}
[3.755804] (ur_description) StdoutLine: {'line': b'-- Symlinking: /home/imml/git/research_2025/install/ur_description/share/ur_description/config/ur5/physical_parameters.yaml\n'}
[3.757956] (realsense2_camera_msgs) StdoutLine: {'line': b'[ 31%] \x1b[32mBuilding CXX object CMakeFiles/realsense2_camera_msgs__rosidl_typesupport_fastrtps_cpp.dir/rosidl_typesupport_fastrtps_cpp/realsense2_camera_msgs/msg/detail/dds_fastrtps/imu_info__type_support.cpp.o\x1b[0m\n'}
[3.773501] (realsense2_camera_msgs) StdoutLine: {'line': b'[ 33%] \x1b[32mBuilding CXX object CMakeFiles/realsense2_camera_msgs__rosidl_typesupport_fastrtps_cpp.dir/rosidl_typesupport_fastrtps_cpp/realsense2_camera_msgs/msg/detail/dds_fastrtps/metadata__type_support.cpp.o\x1b[0m\n'}
[3.775034] (realsense2_camera_msgs) StdoutLine: {'line': b'[ 34%] \x1b[32mBuilding CXX object CMakeFiles/realsense2_camera_msgs__rosidl_typesupport_fastrtps_cpp.dir/rosidl_typesupport_fastrtps_cpp/realsense2_camera_msgs/msg/detail/dds_fastrtps/extrinsics__type_support.cpp.o\x1b[0m\n'}
[3.781689] (ur_description) StdoutLine: {'line': b'-- Symlinking: /home/imml/git/research_2025/install/ur_description/share/ur_description/config/ur5/visual_parameters.yaml\n'}
[3.783642] (realsense2_camera_msgs) StdoutLine: {'line': b'[ 36%] \x1b[32mBuilding CXX object CMakeFiles/realsense2_camera_msgs__rosidl_typesupport_fastrtps_cpp.dir/rosidl_typesupport_fastrtps_cpp/realsense2_camera_msgs/msg/detail/dds_fastrtps/rgbd__type_support.cpp.o\x1b[0m\n'}
[3.791105] (realsense2_camera_msgs) StdoutLine: {'line': b'[ 38%] \x1b[32mBuilding CXX object CMakeFiles/realsense2_camera_msgs__rosidl_typesupport_fastrtps_cpp.dir/rosidl_typesupport_fastrtps_cpp/realsense2_camera_msgs/srv/detail/dds_fastrtps/device_info__type_support.cpp.o\x1b[0m\n'}
[3.799868] (ur_description) StdoutLine: {'line': b'-- Symlinking: /home/imml/git/research_2025/install/ur_description/share/ur_description/config/ur5e/default_kinematics.yaml\n'}
[3.817103] (-) TimerEvent: {}
[3.846105] (ur_description) StdoutLine: {'line': b'-- Symlinking: /home/imml/git/research_2025/install/ur_description/share/ur_description/config/ur5e/joint_limits.yaml\n'}
[3.864329] (ur_description) StdoutLine: {'line': b'-- Symlinking: /home/imml/git/research_2025/install/ur_description/share/ur_description/config/ur5e/physical_parameters.yaml\n'}
[3.894776] (ur_description) StdoutLine: {'line': b'-- Symlinking: /home/imml/git/research_2025/install/ur_description/share/ur_description/config/ur5e/visual_parameters.yaml\n'}
[3.918102] (realsense2_camera_msgs) StdoutLine: {'line': b'[ 39%] \x1b[32mBuilding CXX object CMakeFiles/realsense2_camera_msgs__rosidl_typesupport_introspection_cpp.dir/rosidl_typesupport_introspection_cpp/realsense2_camera_msgs/msg/detail/imu_info__type_support.cpp.o\x1b[0m\n'}
[3.918332] (-) TimerEvent: {}
[3.918513] (realsense2_camera_msgs) StdoutLine: {'line': b'[ 41%] \x1b[32mBuilding CXX object CMakeFiles/realsense2_camera_msgs__rosidl_typesupport_introspection_cpp.dir/rosidl_typesupport_introspection_cpp/realsense2_camera_msgs/msg/detail/extrinsics__type_support.cpp.o\x1b[0m\n'}
[3.920280] (realsense2_camera_msgs) StdoutLine: {'line': b'[ 42%] \x1b[32mBuilding CXX object CMakeFiles/realsense2_camera_msgs__rosidl_typesupport_introspection_cpp.dir/rosidl_typesupport_introspection_cpp/realsense2_camera_msgs/msg/detail/metadata__type_support.cpp.o\x1b[0m\n'}
[3.925095] (ur_description) StdoutLine: {'line': b'-- Symlinking: /home/imml/git/research_2025/install/ur_description/share/ur_description/launch/view_ur.launch.py\n'}
[3.963898] (ur_description) StdoutLine: {'line': b'-- Symlinking: /home/imml/git/research_2025/install/ur_description/share/ur_description/meshes/ur10/collision/base.stl\n'}
[3.991866] (ur_description) StdoutLine: {'line': b'-- Symlinking: /home/imml/git/research_2025/install/ur_description/share/ur_description/meshes/ur10/collision/forearm.stl\n'}
[4.012252] (realsense2_camera_msgs) StdoutLine: {'line': b'[ 44%] \x1b[32mBuilding CXX object CMakeFiles/realsense2_camera_msgs__rosidl_typesupport_introspection_cpp.dir/rosidl_typesupport_introspection_cpp/realsense2_camera_msgs/msg/detail/rgbd__type_support.cpp.o\x1b[0m\n'}
[4.018476] (-) TimerEvent: {}
[4.022139] (ur_description) StdoutLine: {'line': b'-- Symlinking: /home/imml/git/research_2025/install/ur_description/share/ur_description/meshes/ur10/collision/shoulder.stl\n'}
[4.039013] (ur_description) StdoutLine: {'line': b'-- Symlinking: /home/imml/git/research_2025/install/ur_description/share/ur_description/meshes/ur10/collision/upperarm.stl\n'}
[4.054399] (realsense2_camera_msgs) StdoutLine: {'line': b'[ 46%] \x1b[32mBuilding CXX object CMakeFiles/realsense2_camera_msgs__rosidl_typesupport_introspection_cpp.dir/rosidl_typesupport_introspection_cpp/realsense2_camera_msgs/srv/detail/device_info__type_support.cpp.o\x1b[0m\n'}
[4.056764] (realsense2_camera_msgs) StdoutLine: {'line': b'[ 47%] \x1b[32mBuilding CXX object CMakeFiles/realsense2_camera_msgs__rosidl_typesupport_c.dir/rosidl_typesupport_c/realsense2_camera_msgs/msg/imu_info__type_support.cpp.o\x1b[0m\n'}
[4.067056] (ur_description) StdoutLine: {'line': b'-- Symlinking: /home/imml/git/research_2025/install/ur_description/share/ur_description/meshes/ur10/collision/wrist1.stl\n'}
[4.091412] (realsense2_camera_msgs) StdoutLine: {'line': b'[ 49%] \x1b[32mBuilding CXX object CMakeFiles/realsense2_camera_msgs__rosidl_typesupport_c.dir/rosidl_typesupport_c/realsense2_camera_msgs/msg/extrinsics__type_support.cpp.o\x1b[0m\n'}
[4.100526] (ur_description) StdoutLine: {'line': b'-- Symlinking: /home/imml/git/research_2025/install/ur_description/share/ur_description/meshes/ur10/collision/wrist2.stl\n'}
[4.118615] (-) TimerEvent: {}
[4.129782] (ur_description) StdoutLine: {'line': b'-- Symlinking: /home/imml/git/research_2025/install/ur_description/share/ur_description/meshes/ur10/collision/wrist3.stl\n'}
[4.153588] (realsense2_camera_msgs) StdoutLine: {'line': b'[ 50%] \x1b[32mBuilding CXX object CMakeFiles/realsense2_camera_msgs__rosidl_typesupport_c.dir/rosidl_typesupport_c/realsense2_camera_msgs/msg/metadata__type_support.cpp.o\x1b[0m\n'}
[4.159876] (ur_description) StdoutLine: {'line': b'-- Symlinking: /home/imml/git/research_2025/install/ur_description/share/ur_description/meshes/ur10/visual/base.dae\n'}
[4.178935] (realsense2_camera_msgs) StdoutLine: {'line': b'[ 52%] \x1b[32mBuilding CXX object CMakeFiles/realsense2_camera_msgs__rosidl_typesupport_c.dir/rosidl_typesupport_c/realsense2_camera_msgs/msg/rgbd__type_support.cpp.o\x1b[0m\n'}
[4.189780] (ur_description) StdoutLine: {'line': b'-- Symlinking: /home/imml/git/research_2025/install/ur_description/share/ur_description/meshes/ur10/visual/forearm.dae\n'}
[4.206284] (realsense2_camera_msgs) StdoutLine: {'line': b'[ 53%] \x1b[32mBuilding CXX object CMakeFiles/realsense2_camera_msgs__rosidl_typesupport_c.dir/rosidl_typesupport_c/realsense2_camera_msgs/srv/device_info__type_support.cpp.o\x1b[0m\n'}
[4.218749] (-) TimerEvent: {}
[4.222195] (ur_description) StdoutLine: {'line': b'-- Symlinking: /home/imml/git/research_2025/install/ur_description/share/ur_description/meshes/ur10/visual/shoulder.dae\n'}
[4.228498] (realsense2_camera_msgs) StdoutLine: {'line': b'[ 57%] \x1b[32m\x1b[1mLinking CXX shared library librealsense2_camera_msgs__rosidl_typesupport_cpp.so\x1b[0m\n'}
[4.229691] (realsense2_camera_msgs) StdoutLine: {'line': b'[ 57%] \x1b[32mBuilding C object CMakeFiles/realsense2_camera_msgs__rosidl_typesupport_introspection_c.dir/rosidl_typesupport_introspection_c/realsense2_camera_msgs/msg/detail/extrinsics__type_support.c.o\x1b[0m\n'}
[4.231809] (realsense2_camera_msgs) StdoutLine: {'line': b'[ 58%] \x1b[32mBuilding C object CMakeFiles/realsense2_camera_msgs__rosidl_typesupport_introspection_c.dir/rosidl_typesupport_introspection_c/realsense2_camera_msgs/msg/detail/imu_info__type_support.c.o\x1b[0m\n'}
[4.256110] (ur_description) StdoutLine: {'line': b'-- Symlinking: /home/imml/git/research_2025/install/ur_description/share/ur_description/meshes/ur10/visual/upperarm.dae\n'}
[4.266226] (realsense2_camera_msgs) StdoutLine: {'line': b'[ 60%] \x1b[32mBuilding C object CMakeFiles/realsense2_camera_msgs__rosidl_typesupport_introspection_c.dir/rosidl_typesupport_introspection_c/realsense2_camera_msgs/msg/detail/metadata__type_support.c.o\x1b[0m\n'}
[4.286020] (ur_description) StdoutLine: {'line': b'-- Symlinking: /home/imml/git/research_2025/install/ur_description/share/ur_description/meshes/ur10/visual/wrist1.dae\n'}
[4.288646] (realsense2_camera_msgs) StdoutLine: {'line': b'[ 61%] \x1b[32mBuilding CXX object CMakeFiles/realsense2_camera_msgs__rosidl_typesupport_fastrtps_c.dir/rosidl_typesupport_fastrtps_c/realsense2_camera_msgs/msg/detail/imu_info__type_support_c.cpp.o\x1b[0m\n'}
[4.307348] (realsense2_camera_msgs) StdoutLine: {'line': b'[ 63%] \x1b[32m\x1b[1mLinking CXX shared library librealsense2_camera_msgs__rosidl_typesupport_c.so\x1b[0m\n'}
[4.315858] (ur_description) StdoutLine: {'line': b'-- Symlinking: /home/imml/git/research_2025/install/ur_description/share/ur_description/meshes/ur10/visual/wrist2.dae\n'}
[4.318880] (-) TimerEvent: {}
[4.320051] (realsense2_camera_msgs) StdoutLine: {'line': b'[ 65%] \x1b[32mBuilding C object CMakeFiles/realsense2_camera_msgs__rosidl_typesupport_introspection_c.dir/rosidl_typesupport_introspection_c/realsense2_camera_msgs/msg/detail/rgbd__type_support.c.o\x1b[0m\n'}
[4.346418] (realsense2_camera_msgs) StdoutLine: {'line': b'[ 66%] \x1b[32mBuilding C object CMakeFiles/realsense2_camera_msgs__rosidl_typesupport_introspection_c.dir/rosidl_typesupport_introspection_c/realsense2_camera_msgs/srv/detail/device_info__type_support.c.o\x1b[0m\n'}
[4.346885] (ur_description) StdoutLine: {'line': b'-- Symlinking: /home/imml/git/research_2025/install/ur_description/share/ur_description/meshes/ur10/visual/wrist3.dae\n'}
[4.376571] (realsense2_camera_msgs) StdoutLine: {'line': b'[ 68%] \x1b[32mBuilding CXX object CMakeFiles/realsense2_camera_msgs__rosidl_typesupport_fastrtps_c.dir/rosidl_typesupport_fastrtps_c/realsense2_camera_msgs/msg/detail/extrinsics__type_support_c.cpp.o\x1b[0m\n'}
[4.382447] (realsense2_camera_msgs) StdoutLine: {'line': b'[ 68%] Built target realsense2_camera_msgs__rosidl_typesupport_cpp\n'}
[4.388511] (ur_description) StdoutLine: {'line': b'-- Symlinking: /home/imml/git/research_2025/install/ur_description/share/ur_description/meshes/ur10e/collision/base.stl\n'}
[4.411129] (realsense2_camera_msgs) StdoutLine: {'line': b'[ 69%] \x1b[32mBuilding CXX object CMakeFiles/realsense2_camera_msgs__rosidl_typesupport_fastrtps_c.dir/rosidl_typesupport_fastrtps_c/realsense2_camera_msgs/msg/detail/metadata__type_support_c.cpp.o\x1b[0m\n'}
[4.416610] (ur_description) StdoutLine: {'line': b'-- Symlinking: /home/imml/git/research_2025/install/ur_description/share/ur_description/meshes/ur10e/collision/forearm.stl\n'}
[4.419007] (-) TimerEvent: {}
[4.443382] (ur_description) StdoutLine: {'line': b'-- Symlinking: /home/imml/git/research_2025/install/ur_description/share/ur_description/meshes/ur10e/collision/shoulder.stl\n'}
[4.459122] (realsense2_camera_msgs) StdoutLine: {'line': b'[ 71%] \x1b[32mBuilding CXX object CMakeFiles/realsense2_camera_msgs__rosidl_typesupport_fastrtps_c.dir/rosidl_typesupport_fastrtps_c/realsense2_camera_msgs/msg/detail/rgbd__type_support_c.cpp.o\x1b[0m\n'}
[4.465244] (realsense2_camera_msgs) StdoutLine: {'line': b'[ 71%] Built target realsense2_camera_msgs__rosidl_typesupport_c\n'}
[4.470125] (ur_description) StdoutLine: {'line': b'-- Symlinking: /home/imml/git/research_2025/install/ur_description/share/ur_description/meshes/ur10e/collision/upperarm.stl\n'}
[4.489444] (realsense2_camera_msgs) StdoutLine: {'line': b'[ 73%] \x1b[32m\x1b[1mLinking C shared library librealsense2_camera_msgs__rosidl_typesupport_introspection_c.so\x1b[0m\n'}
[4.498773] (realsense2_camera_msgs) StdoutLine: {'line': b'[ 74%] \x1b[32mBuilding CXX object CMakeFiles/realsense2_camera_msgs__rosidl_typesupport_fastrtps_c.dir/rosidl_typesupport_fastrtps_c/realsense2_camera_msgs/srv/detail/device_info__type_support_c.cpp.o\x1b[0m\n'}
[4.499253] (ur_description) StdoutLine: {'line': b'-- Symlinking: /home/imml/git/research_2025/install/ur_description/share/ur_description/meshes/ur10e/collision/wrist1.stl\n'}
[4.519148] (-) TimerEvent: {}
[4.530429] (ur_description) StdoutLine: {'line': b'-- Symlinking: /home/imml/git/research_2025/install/ur_description/share/ur_description/meshes/ur10e/collision/wrist2.stl\n'}
[4.559906] (ur_description) StdoutLine: {'line': b'-- Symlinking: /home/imml/git/research_2025/install/ur_description/share/ur_description/meshes/ur10e/collision/wrist3.stl\n'}
[4.589233] (harvest_interfaces) StdoutLine: {'line': b'[  2%] \x1b[32mBuilding C object CMakeFiles/harvest_interfaces__rosidl_generator_c.dir/rosidl_generator_c/harvest_interfaces/action/detail/event_detection__functions.c.o\x1b[0m\n'}
[4.590153] (harvest_interfaces) StdoutLine: {'line': b'[  3%] \x1b[32mBuilding C object CMakeFiles/harvest_interfaces__rosidl_generator_c.dir/rosidl_generator_c/harvest_interfaces/action/detail/send_trajectory__functions.c.o\x1b[0m\n'}
[4.593782] (harvest_interfaces) StdoutLine: {'line': b'[  4%] \x1b[32mBuilding C object CMakeFiles/harvest_interfaces__rosidl_generator_c.dir/rosidl_generator_c/harvest_interfaces/srv/detail/apple_prediction__functions.c.o\x1b[0m\n'}
[4.594201] (ur_description) StdoutLine: {'line': b'-- Symlinking: /home/imml/git/research_2025/install/ur_description/share/ur_description/meshes/ur10e/visual/base.dae\n'}
[4.603066] (harvest_interfaces) StdoutLine: {'line': b'[  5%] \x1b[32mBuilding C object CMakeFiles/harvest_interfaces__rosidl_generator_c.dir/rosidl_generator_c/harvest_interfaces/srv/detail/trajectory_between_points__functions.c.o\x1b[0m\n'}
[4.604331] (harvest_interfaces) StdoutLine: {'line': b'[  6%] \x1b[32mBuilding C object CMakeFiles/harvest_interfaces__rosidl_generator_c.dir/rosidl_generator_c/harvest_interfaces/srv/detail/set_value__functions.c.o\x1b[0m\n'}
[4.614116] (harvest_interfaces) StdoutLine: {'line': b'[  6%] \x1b[32mBuilding C object CMakeFiles/harvest_interfaces__rosidl_generator_c.dir/rosidl_generator_c/harvest_interfaces/srv/detail/send_trajectory__functions.c.o\x1b[0m\n'}
[4.614436] (harvest_interfaces) StdoutLine: {'line': b'[  7%] \x1b[32mBuilding C object CMakeFiles/harvest_interfaces__rosidl_generator_c.dir/rosidl_generator_c/harvest_interfaces/srv/detail/coordinate_to_trajectory__functions.c.o\x1b[0m\n'}
[4.614599] (harvest_interfaces) StdoutLine: {'line': b'[  7%] \x1b[32mBuilding C object CMakeFiles/harvest_interfaces__rosidl_generator_c.dir/rosidl_generator_c/harvest_interfaces/srv/detail/record_topics__functions.c.o\x1b[0m\n'}
[4.620299] (harvest_interfaces) StdoutLine: {'line': b'[  8%] \x1b[32mBuilding C object CMakeFiles/harvest_interfaces__rosidl_generator_c.dir/rosidl_generator_c/harvest_interfaces/srv/detail/get_gripper_pose__functions.c.o\x1b[0m\n'}
[4.620595] (-) TimerEvent: {}
[4.620832] (realsense2_camera_msgs) StdoutLine: {'line': b'[ 74%] Built target realsense2_camera_msgs__rosidl_typesupport_introspection_c\n'}
[4.625198] (harvest_interfaces) StdoutLine: {'line': b'[  9%] \x1b[32mBuilding C object CMakeFiles/harvest_interfaces__rosidl_generator_c.dir/rosidl_generator_c/harvest_interfaces/srv/detail/voxel_grid__functions.c.o\x1b[0m\n'}
[4.637110] (harvest_interfaces) StdoutLine: {'line': b'[ 10%] \x1b[32mBuilding C object CMakeFiles/harvest_interfaces__rosidl_generator_c.dir/rosidl_generator_c/harvest_interfaces/srv/detail/voxel_mask__functions.c.o\x1b[0m\n'}
[4.637446] (harvest_interfaces) StdoutLine: {'line': b'[ 11%] \x1b[32mBuilding C object CMakeFiles/harvest_interfaces__rosidl_generator_c.dir/rosidl_generator_c/harvest_interfaces/srv/detail/move_to_pose__functions.c.o\x1b[0m\n'}
[4.637641] (ur_description) StdoutLine: {'line': b'-- Symlinking: /home/imml/git/research_2025/install/ur_description/share/ur_description/meshes/ur10e/visual/forearm.dae\n'}
[4.676162] (ur_description) StdoutLine: {'line': b'-- Symlinking: /home/imml/git/research_2025/install/ur_description/share/ur_description/meshes/ur10e/visual/shoulder.dae\n'}
[4.696131] (ur_description) StdoutLine: {'line': b'-- Symlinking: /home/imml/git/research_2025/install/ur_description/share/ur_description/meshes/ur10e/visual/upperarm.dae\n'}
[4.720760] (-) TimerEvent: {}
[4.723676] (realsense2_camera_msgs) StdoutLine: {'line': b'[ 76%] \x1b[32m\x1b[1mLinking CXX shared library librealsense2_camera_msgs__rosidl_typesupport_fastrtps_cpp.so\x1b[0m\n'}
[4.724178] (ur_description) StdoutLine: {'line': b'-- Symlinking: /home/imml/git/research_2025/install/ur_description/share/ur_description/meshes/ur10e/visual/wrist1.dae\n'}
[4.750346] (ur_description) StdoutLine: {'line': b'-- Symlinking: /home/imml/git/research_2025/install/ur_description/share/ur_description/meshes/ur10e/visual/wrist2.dae\n'}
[4.788825] (ur_description) StdoutLine: {'line': b'-- Symlinking: /home/imml/git/research_2025/install/ur_description/share/ur_description/meshes/ur10e/visual/wrist3.dae\n'}
[4.820906] (-) TimerEvent: {}
[4.834293] (ur_description) StdoutLine: {'line': b'-- Symlinking: /home/imml/git/research_2025/install/ur_description/share/ur_description/meshes/ur16e/collision/forearm.stl\n'}
[4.858846] (ur_dashboard_msgs) StdoutLine: {'line': b'[  2%] \x1b[32mBuilding C object CMakeFiles/ur_dashboard_msgs__rosidl_generator_c.dir/rosidl_generator_c/ur_dashboard_msgs/msg/detail/robot_mode__functions.c.o\x1b[0m\n'}
[4.859229] (ur_dashboard_msgs) StdoutLine: {'line': b'[  2%] \x1b[32mBuilding C object CMakeFiles/ur_dashboard_msgs__rosidl_generator_c.dir/rosidl_generator_c/ur_dashboard_msgs/msg/detail/program_state__functions.c.o\x1b[0m\n'}
[4.859443] (ur_dashboard_msgs) StdoutLine: {'line': b'[  3%] \x1b[32mBuilding C object CMakeFiles/ur_dashboard_msgs__rosidl_generator_c.dir/rosidl_generator_c/ur_dashboard_msgs/srv/detail/add_to_log__functions.c.o\x1b[0m\n'}
[4.859604] (ur_dashboard_msgs) StdoutLine: {'line': b'[  4%] \x1b[32mBuilding C object CMakeFiles/ur_dashboard_msgs__rosidl_generator_c.dir/rosidl_generator_c/ur_dashboard_msgs/msg/detail/safety_mode__functions.c.o\x1b[0m\n'}
[4.866925] (ur_dashboard_msgs) StdoutLine: {'line': b'[  4%] \x1b[32mBuilding C object CMakeFiles/ur_dashboard_msgs__rosidl_generator_c.dir/rosidl_generator_c/ur_dashboard_msgs/srv/detail/get_loaded_program__functions.c.o\x1b[0m\n'}
[4.867383] (ur_description) StdoutLine: {'line': b'-- Symlinking: /home/imml/git/research_2025/install/ur_description/share/ur_description/meshes/ur16e/collision/upperarm.stl\n'}
[4.872910] (ur_dashboard_msgs) StdoutLine: {'line': b'[  5%] \x1b[32mBuilding C object CMakeFiles/ur_dashboard_msgs__rosidl_generator_c.dir/rosidl_generator_c/ur_dashboard_msgs/srv/detail/get_robot_mode__functions.c.o\x1b[0m\n'}
[4.891190] (ur_dashboard_msgs) StdoutLine: {'line': b'[  6%] \x1b[32mBuilding C object CMakeFiles/ur_dashboard_msgs__rosidl_generator_c.dir/rosidl_generator_c/ur_dashboard_msgs/srv/detail/get_safety_mode__functions.c.o\x1b[0m\n'}
[4.891526] (ur_dashboard_msgs) StdoutLine: {'line': b'[  7%] \x1b[32mBuilding C object CMakeFiles/ur_dashboard_msgs__rosidl_generator_c.dir/rosidl_generator_c/ur_dashboard_msgs/srv/detail/get_program_state__functions.c.o\x1b[0m\n'}
[4.898948] (ur_description) StdoutLine: {'line': b'-- Symlinking: /home/imml/git/research_2025/install/ur_description/share/ur_description/meshes/ur16e/visual/forearm.dae\n'}
[4.915124] (ur_dashboard_msgs) StdoutLine: {'line': b'[  7%] \x1b[32mBuilding C object CMakeFiles/ur_dashboard_msgs__rosidl_generator_c.dir/rosidl_generator_c/ur_dashboard_msgs/srv/detail/is_program_running__functions.c.o\x1b[0m\n'}
[4.921128] (-) TimerEvent: {}
[4.923421] (ur_description) StdoutLine: {'line': b'-- Symlinking: /home/imml/git/research_2025/install/ur_description/share/ur_description/meshes/ur16e/visual/upperarm.dae\n'}
[4.929966] (ur_dashboard_msgs) StdoutLine: {'line': b'[  8%] \x1b[32mBuilding C object CMakeFiles/ur_dashboard_msgs__rosidl_generator_c.dir/rosidl_generator_c/ur_dashboard_msgs/srv/detail/is_program_saved__functions.c.o\x1b[0m\n'}
[4.936130] (ur_dashboard_msgs) StdoutLine: {'line': b'[  9%] \x1b[32mBuilding C object CMakeFiles/ur_dashboard_msgs__rosidl_generator_c.dir/rosidl_generator_c/ur_dashboard_msgs/srv/detail/load__functions.c.o\x1b[0m\n'}
[4.946369] (ur_dashboard_msgs) StdoutLine: {'line': b'[ 10%] \x1b[32mBuilding C object CMakeFiles/ur_dashboard_msgs__rosidl_generator_c.dir/rosidl_generator_c/ur_dashboard_msgs/action/detail/set_mode__functions.c.o\x1b[0m\n'}
[4.946967] (ur_dashboard_msgs) StdoutLine: {'line': b'[ 11%] \x1b[32mBuilding C object CMakeFiles/ur_dashboard_msgs__rosidl_generator_c.dir/rosidl_generator_c/ur_dashboard_msgs/srv/detail/popup__functions.c.o\x1b[0m\n'}
[4.950725] (ur_description) StdoutLine: {'line': b'-- Symlinking: /home/imml/git/research_2025/install/ur_description/share/ur_description/meshes/ur20/LICENSE.txt\n'}
[4.957523] (ur_dashboard_msgs) StdoutLine: {'line': b'[ 11%] \x1b[32mBuilding C object CMakeFiles/ur_dashboard_msgs__rosidl_generator_c.dir/rosidl_generator_c/ur_dashboard_msgs/srv/detail/raw_request__functions.c.o\x1b[0m\n'}
[5.005831] (ur_description) StdoutLine: {'line': b'-- Symlinking: /home/imml/git/research_2025/install/ur_description/share/ur_description/meshes/ur20/collision/base.stl\n'}
[5.021284] (-) TimerEvent: {}
[5.030435] (harvest_interfaces) StdoutLine: {'line': b'[ 12%] \x1b[32m\x1b[1mLinking C shared library libharvest_interfaces__rosidl_generator_c.so\x1b[0m\n'}
[5.036098] (ur_description) StdoutLine: {'line': b'-- Symlinking: /home/imml/git/research_2025/install/ur_description/share/ur_description/meshes/ur20/collision/forearm.stl\n'}
[5.070752] (ur_description) StdoutLine: {'line': b'-- Symlinking: /home/imml/git/research_2025/install/ur_description/share/ur_description/meshes/ur20/collision/shoulder.stl\n'}
[5.105174] (ur_description) StdoutLine: {'line': b'-- Symlinking: /home/imml/git/research_2025/install/ur_description/share/ur_description/meshes/ur20/collision/upperarm.stl\n'}
[5.123864] (-) TimerEvent: {}
[5.137983] (realsense2_camera_msgs) StdoutLine: {'line': b'[ 76%] Built target realsense2_camera_msgs__rosidl_typesupport_fastrtps_cpp\n'}
[5.140874] (ur_description) StdoutLine: {'line': b'-- Symlinking: /home/imml/git/research_2025/install/ur_description/share/ur_description/meshes/ur20/collision/wrist1.stl\n'}
[5.168233] (ur_dashboard_msgs) StdoutLine: {'line': b'[ 11%] Built target ur_dashboard_msgs__cpp\n'}
[5.170765] (ur_description) StdoutLine: {'line': b'-- Symlinking: /home/imml/git/research_2025/install/ur_description/share/ur_description/meshes/ur20/collision/wrist2.stl\n'}
[5.190445] (ur_dashboard_msgs) StdoutLine: {'line': b'[ 11%] \x1b[34m\x1b[1mGenerating C++ introspection for ROS interfaces\x1b[0m\n'}
[5.190844] (harvest_interfaces) StdoutLine: {'line': b'[ 12%] Built target harvest_interfaces__rosidl_generator_c\n'}
[5.191756] (ur_dashboard_msgs) StdoutLine: {'line': b'[ 12%] \x1b[34m\x1b[1mGenerating C++ type support for eProsima Fast-RTPS\x1b[0m\n'}
[5.192309] (ur_dashboard_msgs) StdoutLine: {'line': b'[ 13%] \x1b[34m\x1b[1mGenerating C++ type support dispatch for ROS interfaces\x1b[0m\n'}
[5.193670] (ur_description) StdoutLine: {'line': b'-- Symlinking: /home/imml/git/research_2025/install/ur_description/share/ur_description/meshes/ur20/collision/wrist3.stl\n'}
[5.206079] (harvest_interfaces) StdoutLine: {'line': b'[ 13%] \x1b[34m\x1b[1mGenerating C type support for eProsima Fast-RTPS\x1b[0m\n'}
[5.208379] (ur_description) StdoutLine: {'line': b'-- Symlinking: /home/imml/git/research_2025/install/ur_description/share/ur_description/meshes/ur20/visual/UR20_DIFF_8bit_2K.png\n'}
[5.208774] (harvest_interfaces) StdoutLine: {'line': b'[ 13%] Built target harvest_interfaces__cpp\n'}
[5.212830] (harvest_interfaces) StdoutLine: {'line': b'[ 14%] \x1b[34m\x1b[1mGenerating C introspection for ROS interfaces\x1b[0m\n'}
[5.213958] (harvest_interfaces) StdoutLine: {'line': b'[ 15%] \x1b[34m\x1b[1mGenerating C type support dispatch for ROS interfaces\x1b[0m\n'}
[5.219116] (ur_dashboard_msgs) StdoutLine: {'line': b'[ 14%] \x1b[32m\x1b[1mLinking C shared library libur_dashboard_msgs__rosidl_generator_c.so\x1b[0m\n'}
[5.223983] (-) TimerEvent: {}
[5.225993] (ur_description) StdoutLine: {'line': b'-- Symlinking: /home/imml/git/research_2025/install/ur_description/share/ur_description/meshes/ur20/visual/base.dae\n'}
[5.226264] (harvest_interfaces) StdoutLine: {'line': b'[ 16%] \x1b[34m\x1b[1mGenerating C++ type support dispatch for ROS interfaces\x1b[0m\n'}
[5.226495] (harvest_interfaces) StdoutLine: {'line': b'[ 17%] \x1b[34m\x1b[1mGenerating C++ introspection for ROS interfaces\x1b[0m\n'}
[5.229251] (harvest_interfaces) StdoutLine: {'line': b'[ 17%] \x1b[34m\x1b[1mGenerating C++ type support for eProsima Fast-RTPS\x1b[0m\n'}
[5.241469] (ur_description) StdoutLine: {'line': b'-- Symlinking: /home/imml/git/research_2025/install/ur_description/share/ur_description/meshes/ur20/visual/forearm.dae\n'}
[5.256183] (realsense2_camera_msgs) StdoutLine: {'line': b'[ 77%] \x1b[32m\x1b[1mLinking CXX shared library librealsense2_camera_msgs__rosidl_typesupport_introspection_cpp.so\x1b[0m\n'}
[5.258342] (ur_description) StdoutLine: {'line': b'-- Symlinking: /home/imml/git/research_2025/install/ur_description/share/ur_description/meshes/ur20/visual/shoulder.dae\n'}
[5.273975] (ur_description) StdoutLine: {'line': b'-- Symlinking: /home/imml/git/research_2025/install/ur_description/share/ur_description/meshes/ur20/visual/upperarm.dae\n'}
[5.290872] (ur_description) StdoutLine: {'line': b'-- Symlinking: /home/imml/git/research_2025/install/ur_description/share/ur_description/meshes/ur20/visual/wrist1.dae\n'}
[5.298749] (ur_dashboard_msgs) StdoutLine: {'line': b'[ 14%] Built target ur_dashboard_msgs__rosidl_generator_c\n'}
[5.310209] (ur_description) StdoutLine: {'line': b'-- Symlinking: /home/imml/git/research_2025/install/ur_description/share/ur_description/meshes/ur20/visual/wrist2.dae\n'}
[5.317611] (ur_dashboard_msgs) StdoutLine: {'line': b'[ 15%] \x1b[34m\x1b[1mGenerating C introspection for ROS interfaces\x1b[0m\n'}
[5.317925] (ur_dashboard_msgs) StdoutLine: {'line': b'[ 16%] \x1b[34m\x1b[1mGenerating C type support for eProsima Fast-RTPS\x1b[0m\n'}
[5.318402] (ur_dashboard_msgs) StdoutLine: {'line': b'[ 17%] \x1b[34m\x1b[1mGenerating C type support dispatch for ROS interfaces\x1b[0m\n'}
[5.322366] (ur_description) StdoutLine: {'line': b'-- Symlinking: /home/imml/git/research_2025/install/ur_description/share/ur_description/meshes/ur20/visual/wrist3.dae\n'}
[5.326111] (-) TimerEvent: {}
[5.338921] (ur_description) StdoutLine: {'line': b'-- Symlinking: /home/imml/git/research_2025/install/ur_description/share/ur_description/meshes/ur3/collision/base.stl\n'}
[5.357524] (ur_description) StdoutLine: {'line': b'-- Symlinking: /home/imml/git/research_2025/install/ur_description/share/ur_description/meshes/ur3/collision/forearm.stl\n'}
[5.374484] (ur_description) StdoutLine: {'line': b'-- Symlinking: /home/imml/git/research_2025/install/ur_description/share/ur_description/meshes/ur3/collision/shoulder.stl\n'}
[5.391692] (ur_description) StdoutLine: {'line': b'-- Symlinking: /home/imml/git/research_2025/install/ur_description/share/ur_description/meshes/ur3/collision/upperarm.stl\n'}
[5.407285] (ur_description) StdoutLine: {'line': b'-- Symlinking: /home/imml/git/research_2025/install/ur_description/share/ur_description/meshes/ur3/collision/wrist1.stl\n'}
[5.414493] (realsense2_camera_msgs) StdoutLine: {'line': b'[ 77%] Built target realsense2_camera_msgs__rosidl_typesupport_introspection_cpp\n'}
[5.423378] (ur_description) StdoutLine: {'line': b'-- Symlinking: /home/imml/git/research_2025/install/ur_description/share/ur_description/meshes/ur3/collision/wrist2.stl\n'}
[5.426208] (-) TimerEvent: {}
[5.429194] (realsense2_camera_msgs) StdoutLine: {'line': b'[ 79%] \x1b[32m\x1b[1mLinking CXX shared library librealsense2_camera_msgs__rosidl_typesupport_fastrtps_c.so\x1b[0m\n'}
[5.439391] (ur_description) StdoutLine: {'line': b'-- Symlinking: /home/imml/git/research_2025/install/ur_description/share/ur_description/meshes/ur3/collision/wrist3.stl\n'}
[5.455003] (ur_description) StdoutLine: {'line': b'-- Symlinking: /home/imml/git/research_2025/install/ur_description/share/ur_description/meshes/ur3/visual/base.dae\n'}
[5.469471] (ur_description) StdoutLine: {'line': b'-- Symlinking: /home/imml/git/research_2025/install/ur_description/share/ur_description/meshes/ur3/visual/forearm.dae\n'}
[5.484531] (ur_description) StdoutLine: {'line': b'-- Symlinking: /home/imml/git/research_2025/install/ur_description/share/ur_description/meshes/ur3/visual/shoulder.dae\n'}
[5.499519] (ur_description) StdoutLine: {'line': b'-- Symlinking: /home/imml/git/research_2025/install/ur_description/share/ur_description/meshes/ur3/visual/upperarm.dae\n'}
[5.514766] (ur_description) StdoutLine: {'line': b'-- Symlinking: /home/imml/git/research_2025/install/ur_description/share/ur_description/meshes/ur3/visual/wrist1.dae\n'}
[5.526332] (-) TimerEvent: {}
[5.529765] (ur_description) StdoutLine: {'line': b'-- Symlinking: /home/imml/git/research_2025/install/ur_description/share/ur_description/meshes/ur3/visual/wrist2.dae\n'}
[5.544125] (ur_description) StdoutLine: {'line': b'-- Symlinking: /home/imml/git/research_2025/install/ur_description/share/ur_description/meshes/ur3/visual/wrist3.dae\n'}
[5.559799] (ur_description) StdoutLine: {'line': b'-- Symlinking: /home/imml/git/research_2025/install/ur_description/share/ur_description/meshes/ur30/LICENSE.txt\n'}
[5.564303] (realsense2_camera_msgs) StdoutLine: {'line': b'[ 79%] Built target realsense2_camera_msgs__rosidl_typesupport_fastrtps_c\n'}
[5.574144] (ur_description) StdoutLine: {'line': b'-- Symlinking: /home/imml/git/research_2025/install/ur_description/share/ur_description/meshes/ur30/collision/forearm.stl\n'}
[5.585998] (ur_description) StdoutLine: {'line': b'-- Symlinking: /home/imml/git/research_2025/install/ur_description/share/ur_description/meshes/ur30/collision/upperarm.stl\n'}
[5.596882] (realsense2_camera_msgs) StdoutLine: {'line': b'[ 79%] Built target realsense2_camera_msgs\n'}
[5.600447] (ur_description) StdoutLine: {'line': b'-- Symlinking: /home/imml/git/research_2025/install/ur_description/share/ur_description/meshes/ur30/visual/UR30_DIFF_8bit_2K.png\n'}
[5.613627] (ur_description) StdoutLine: {'line': b'-- Symlinking: /home/imml/git/research_2025/install/ur_description/share/ur_description/meshes/ur30/visual/forearm.dae\n'}
[5.626445] (-) TimerEvent: {}
[5.628192] (ur_description) StdoutLine: {'line': b'-- Symlinking: /home/imml/git/research_2025/install/ur_description/share/ur_description/meshes/ur30/visual/upperarm.dae\n'}
[5.632224] (realsense2_camera_msgs) StdoutLine: {'line': b'[ 80%] \x1b[34m\x1b[1mGenerating Python code for ROS interfaces\x1b[0m\n'}
[5.644023] (ur_description) StdoutLine: {'line': b'-- Symlinking: /home/imml/git/research_2025/install/ur_description/share/ur_description/meshes/ur3e/collision/base.stl\n'}
[5.658157] (ur_description) StdoutLine: {'line': b'-- Symlinking: /home/imml/git/research_2025/install/ur_description/share/ur_description/meshes/ur3e/collision/forearm.stl\n'}
[5.673075] (ur_description) StdoutLine: {'line': b'-- Symlinking: /home/imml/git/research_2025/install/ur_description/share/ur_description/meshes/ur3e/collision/shoulder.stl\n'}
[5.688246] (ur_description) StdoutLine: {'line': b'-- Symlinking: /home/imml/git/research_2025/install/ur_description/share/ur_description/meshes/ur3e/collision/upperarm.stl\n'}
[5.703908] (ur_description) StdoutLine: {'line': b'-- Symlinking: /home/imml/git/research_2025/install/ur_description/share/ur_description/meshes/ur3e/collision/wrist1.stl\n'}
[5.720742] (ur_description) StdoutLine: {'line': b'-- Symlinking: /home/imml/git/research_2025/install/ur_description/share/ur_description/meshes/ur3e/collision/wrist2.stl\n'}
[5.726816] (-) TimerEvent: {}
[5.737181] (ur_description) StdoutLine: {'line': b'-- Symlinking: /home/imml/git/research_2025/install/ur_description/share/ur_description/meshes/ur3e/collision/wrist3.stl\n'}
[5.751209] (ur_description) StdoutLine: {'line': b'-- Symlinking: /home/imml/git/research_2025/install/ur_description/share/ur_description/meshes/ur3e/visual/base.dae\n'}
[5.774938] (ur_description) StdoutLine: {'line': b'-- Symlinking: /home/imml/git/research_2025/install/ur_description/share/ur_description/meshes/ur3e/visual/forearm.dae\n'}
[5.791981] (ur_description) StdoutLine: {'line': b'-- Symlinking: /home/imml/git/research_2025/install/ur_description/share/ur_description/meshes/ur3e/visual/shoulder.dae\n'}
[5.807741] (ur_description) StdoutLine: {'line': b'-- Symlinking: /home/imml/git/research_2025/install/ur_description/share/ur_description/meshes/ur3e/visual/upperarm.dae\n'}
[5.824747] (ur_description) StdoutLine: {'line': b'-- Symlinking: /home/imml/git/research_2025/install/ur_description/share/ur_description/meshes/ur3e/visual/wrist1.dae\n'}
[5.826918] (-) TimerEvent: {}
[5.841465] (ur_description) StdoutLine: {'line': b'-- Symlinking: /home/imml/git/research_2025/install/ur_description/share/ur_description/meshes/ur3e/visual/wrist2.dae\n'}
[5.856541] (ur_description) StdoutLine: {'line': b'-- Symlinking: /home/imml/git/research_2025/install/ur_description/share/ur_description/meshes/ur3e/visual/wrist3.dae\n'}
[5.878580] (ur_description) StdoutLine: {'line': b'-- Symlinking: /home/imml/git/research_2025/install/ur_description/share/ur_description/meshes/ur5/collision/base.stl\n'}
[5.894573] (ur_description) StdoutLine: {'line': b'-- Symlinking: /home/imml/git/research_2025/install/ur_description/share/ur_description/meshes/ur5/collision/forearm.stl\n'}
[5.910380] (ur_description) StdoutLine: {'line': b'-- Symlinking: /home/imml/git/research_2025/install/ur_description/share/ur_description/meshes/ur5/collision/shoulder.stl\n'}
[5.927276] (ur_description) StdoutLine: {'line': b'-- Symlinking: /home/imml/git/research_2025/install/ur_description/share/ur_description/meshes/ur5/collision/upperarm.stl\n'}
[5.927509] (-) TimerEvent: {}
[5.943290] (ur_description) StdoutLine: {'line': b'-- Symlinking: /home/imml/git/research_2025/install/ur_description/share/ur_description/meshes/ur5/collision/wrist1.stl\n'}
[5.960507] (ur_description) StdoutLine: {'line': b'-- Symlinking: /home/imml/git/research_2025/install/ur_description/share/ur_description/meshes/ur5/collision/wrist2.stl\n'}
[5.975663] (ur_description) StdoutLine: {'line': b'-- Symlinking: /home/imml/git/research_2025/install/ur_description/share/ur_description/meshes/ur5/collision/wrist3.stl\n'}
[5.989660] (ur_description) StdoutLine: {'line': b'-- Symlinking: /home/imml/git/research_2025/install/ur_description/share/ur_description/meshes/ur5/visual/base.dae\n'}
[6.004714] (ur_description) StdoutLine: {'line': b'-- Symlinking: /home/imml/git/research_2025/install/ur_description/share/ur_description/meshes/ur5/visual/forearm.dae\n'}
[6.020020] (ur_description) StdoutLine: {'line': b'-- Symlinking: /home/imml/git/research_2025/install/ur_description/share/ur_description/meshes/ur5/visual/shoulder.dae\n'}
[6.029465] (-) TimerEvent: {}
[6.035655] (ur_description) StdoutLine: {'line': b'-- Symlinking: /home/imml/git/research_2025/install/ur_description/share/ur_description/meshes/ur5/visual/upperarm.dae\n'}
[6.050795] (ur_description) StdoutLine: {'line': b'-- Symlinking: /home/imml/git/research_2025/install/ur_description/share/ur_description/meshes/ur5/visual/wrist1.dae\n'}
[6.066812] (ur_description) StdoutLine: {'line': b'-- Symlinking: /home/imml/git/research_2025/install/ur_description/share/ur_description/meshes/ur5/visual/wrist2.dae\n'}
[6.081720] (ur_description) StdoutLine: {'line': b'-- Symlinking: /home/imml/git/research_2025/install/ur_description/share/ur_description/meshes/ur5/visual/wrist3.dae\n'}
[6.095963] (ur_description) StdoutLine: {'line': b'-- Symlinking: /home/imml/git/research_2025/install/ur_description/share/ur_description/meshes/ur5e/collision/base.stl\n'}
[6.113066] (ur_description) StdoutLine: {'line': b'-- Symlinking: /home/imml/git/research_2025/install/ur_description/share/ur_description/meshes/ur5e/collision/forearm.stl\n'}
[6.129586] (-) TimerEvent: {}
[6.133807] (ur_description) StdoutLine: {'line': b'-- Symlinking: /home/imml/git/research_2025/install/ur_description/share/ur_description/meshes/ur5e/collision/shoulder.stl\n'}
[6.147641] (ur_description) StdoutLine: {'line': b'-- Symlinking: /home/imml/git/research_2025/install/ur_description/share/ur_description/meshes/ur5e/collision/upperarm.stl\n'}
[6.166190] (ur_description) StdoutLine: {'line': b'-- Symlinking: /home/imml/git/research_2025/install/ur_description/share/ur_description/meshes/ur5e/collision/wrist1.stl\n'}
[6.183508] (ur_description) StdoutLine: {'line': b'-- Symlinking: /home/imml/git/research_2025/install/ur_description/share/ur_description/meshes/ur5e/collision/wrist2.stl\n'}
[6.199833] (ur_description) StdoutLine: {'line': b'-- Symlinking: /home/imml/git/research_2025/install/ur_description/share/ur_description/meshes/ur5e/collision/wrist3.stl\n'}
[6.215470] (ur_description) StdoutLine: {'line': b'-- Symlinking: /home/imml/git/research_2025/install/ur_description/share/ur_description/meshes/ur5e/visual/base.dae\n'}
[6.229705] (-) TimerEvent: {}
[6.230071] (ur_description) StdoutLine: {'line': b'-- Symlinking: /home/imml/git/research_2025/install/ur_description/share/ur_description/meshes/ur5e/visual/forearm.dae\n'}
[6.245223] (ur_description) StdoutLine: {'line': b'-- Symlinking: /home/imml/git/research_2025/install/ur_description/share/ur_description/meshes/ur5e/visual/shoulder.dae\n'}
[6.259618] (ur_description) StdoutLine: {'line': b'-- Symlinking: /home/imml/git/research_2025/install/ur_description/share/ur_description/meshes/ur5e/visual/upperarm.dae\n'}
[6.273490] (ur_description) StdoutLine: {'line': b'-- Symlinking: /home/imml/git/research_2025/install/ur_description/share/ur_description/meshes/ur5e/visual/wrist1.dae\n'}
[6.287850] (ur_description) StdoutLine: {'line': b'-- Symlinking: /home/imml/git/research_2025/install/ur_description/share/ur_description/meshes/ur5e/visual/wrist2.dae\n'}
[6.305266] (ur_description) StdoutLine: {'line': b'-- Symlinking: /home/imml/git/research_2025/install/ur_description/share/ur_description/meshes/ur5e/visual/wrist3.dae\n'}
[6.330114] (-) TimerEvent: {}
[6.338113] (ur_description) StdoutLine: {'line': b'-- Symlinking: /home/imml/git/research_2025/install/ur_description/share/ur_description/rviz/view_robot.rviz\n'}
[6.349735] (ur_description) StdoutLine: {'line': b'-- Symlinking: /home/imml/git/research_2025/install/ur_description/share/ur_description/urdf/inc/ur_common.xacro\n'}
[6.367253] (harvest_interfaces) StdoutLine: {'line': b'[ 18%] \x1b[32mBuilding CXX object CMakeFiles/harvest_interfaces__rosidl_typesupport_cpp.dir/rosidl_typesupport_cpp/harvest_interfaces/action/event_detection__type_support.cpp.o\x1b[0m\n'}
[6.371546] (ur_description) StdoutLine: {'line': b'-- Symlinking: /home/imml/git/research_2025/install/ur_description/share/ur_description/urdf/inc/ur_transmissions.xacro\n'}
[6.375168] (harvest_interfaces) StdoutLine: {'line': b'[ 19%] \x1b[32mBuilding CXX object CMakeFiles/harvest_interfaces__rosidl_typesupport_cpp.dir/rosidl_typesupport_cpp/harvest_interfaces/action/send_trajectory__type_support.cpp.o\x1b[0m\n'}
[6.380199] (harvest_interfaces) StdoutLine: {'line': b'[ 20%] \x1b[32mBuilding CXX object CMakeFiles/harvest_interfaces__rosidl_typesupport_cpp.dir/rosidl_typesupport_cpp/harvest_interfaces/srv/send_trajectory__type_support.cpp.o\x1b[0m\n'}
[6.383193] (harvest_interfaces) StdoutLine: {'line': b'[ 20%] \x1b[32mBuilding CXX object CMakeFiles/harvest_interfaces__rosidl_typesupport_cpp.dir/rosidl_typesupport_cpp/harvest_interfaces/srv/coordinate_to_trajectory__type_support.cpp.o\x1b[0m\n'}
[6.384360] (harvest_interfaces) StdoutLine: {'line': b'[ 22%] \x1b[32mBuilding CXX object CMakeFiles/harvest_interfaces__rosidl_typesupport_cpp.dir/rosidl_typesupport_cpp/harvest_interfaces/srv/apple_prediction__type_support.cpp.o\x1b[0m\n'}
[6.385077] (harvest_interfaces) StdoutLine: {'line': b'[ 21%] \x1b[32mBuilding CXX object CMakeFiles/harvest_interfaces__rosidl_typesupport_cpp.dir/rosidl_typesupport_cpp/harvest_interfaces/srv/move_to_pose__type_support.cpp.o\x1b[0m\n'}
[6.392122] (harvest_interfaces) StdoutLine: {'line': b'[ 23%] \x1b[32mBuilding CXX object CMakeFiles/harvest_interfaces__rosidl_typesupport_cpp.dir/rosidl_typesupport_cpp/harvest_interfaces/srv/voxel_mask__type_support.cpp.o\x1b[0m\n'}
[6.393259] (harvest_interfaces) StdoutLine: {'line': b'[ 24%] \x1b[32mBuilding CXX object CMakeFiles/harvest_interfaces__rosidl_typesupport_cpp.dir/rosidl_typesupport_cpp/harvest_interfaces/srv/trajectory_between_points__type_support.cpp.o\x1b[0m\n'}
[6.394107] (ur_description) StdoutLine: {'line': b'-- Symlinking: /home/imml/git/research_2025/install/ur_description/share/ur_description/urdf/ur.ros2_control.xacro\n'}
[6.399637] (harvest_interfaces) StdoutLine: {'line': b'[ 25%] \x1b[32mBuilding CXX object CMakeFiles/harvest_interfaces__rosidl_typesupport_cpp.dir/rosidl_typesupport_cpp/harvest_interfaces/srv/record_topics__type_support.cpp.o\x1b[0m\n'}
[6.408131] (harvest_interfaces) StdoutLine: {'line': b'[ 26%] \x1b[32mBuilding CXX object CMakeFiles/harvest_interfaces__rosidl_typesupport_cpp.dir/rosidl_typesupport_cpp/harvest_interfaces/srv/set_value__type_support.cpp.o\x1b[0m\n'}
[6.415564] (harvest_interfaces) StdoutLine: {'line': b'[ 26%] \x1b[32mBuilding CXX object CMakeFiles/harvest_interfaces__rosidl_typesupport_cpp.dir/rosidl_typesupport_cpp/harvest_interfaces/srv/get_gripper_pose__type_support.cpp.o\x1b[0m\n'}
[6.415896] (ur_description) StdoutLine: {'line': b'-- Symlinking: /home/imml/git/research_2025/install/ur_description/share/ur_description/urdf/ur.urdf.xacro\n'}
[6.430232] (-) TimerEvent: {}
[6.447188] (ur_description) StdoutLine: {'line': b'-- Symlinking: /home/imml/git/research_2025/install/ur_description/share/ur_description/urdf/ur_macro.xacro\n'}
[6.485123] (ur_description) StdoutLine: {'line': b'-- Symlinking: /home/imml/git/research_2025/install/ur_description/share/ur_description/test/test_ur_urdf_xacro.py\n'}
[6.498636] (ur_description) StdoutLine: {'line': b'-- Symlinking: /home/imml/git/research_2025/install/ur_description/share/ur_description/test/test_view_ur_launch.py\n'}
[6.528116] (SAM-2) Command: {'cmd': ['/usr/bin/python3', '-W', 'ignore:setup.py install is deprecated', '-W', 'ignore:easy_install command is deprecated', 'setup.py', 'develop', '--editable', '--build-directory', '/home/imml/git/research_2025/build/SAM-2/build', '--no-deps'], 'cwd': '/home/imml/git/research_2025/build/SAM-2', 'env': {'LESSOPEN': '| /usr/bin/lesspipe %s', 'USER': 'imml', 'XDG_SESSION_TYPE': 'x11', 'SHLVL': '1', 'LD_LIBRARY_PATH': '/usr/local/cuda-12.9/lib64:/opt/ros/humble/opt/rviz_ogre_vendor/lib:/opt/ros/humble/lib/x86_64-linux-gnu:/opt/ros/humble/lib', 'HOME': '/home/imml', 'OLDPWD': '/home/imml/git', 'DESKTOP_SESSION': 'ubuntu', 'ROS_PYTHON_VERSION': '3', 'GNOME_SHELL_SESSION_MODE': 'ubuntu', 'GTK_MODULES': 'gail:atk-bridge', 'SYSTEMD_EXEC_PID': '1850', 'DBUS_SESSION_BUS_ADDRESS': 'unix:path=/run/user/1000/bus', 'COLORTERM': 'truecolor', 'ROS_DISTRO': 'humble', 'GTK_IM_MODULE': 'ibus', 'LOGNAME': 'imml', '_': '/usr/bin/colcon', 'ROS_VERSION': '2', 'XDG_SESSION_CLASS': 'user', 'USERNAME': 'imml', 'TERM': 'xterm-256color', 'GNOME_DESKTOP_SESSION_ID': 'this-is-deprecated', 'ROS_LOCALHOST_ONLY': '0', 'WINDOWPATH': '2', 'PATH': '/usr/local/cuda-12.9/bin:/opt/ros/humble/bin:/home/imml/.local/bin:/usr/local/sbin:/usr/local/bin:/usr/sbin:/usr/bin:/sbin:/bin:/usr/games:/usr/local/games:/snap/bin:/snap/bin', 'SESSION_MANAGER': 'local/imml-ROG-Zephyrus:@/tmp/.ICE-unix/1823,unix/imml-ROG-Zephyrus:/tmp/.ICE-unix/1823', 'XDG_MENU_PREFIX': 'gnome-', 'GNOME_TERMINAL_SCREEN': '/org/gnome/Terminal/screen/fcc6e117_352e_4f01_85c2_26238b2dcabb', 'XDG_RUNTIME_DIR': '/run/user/1000', 'DISPLAY': ':1', 'LANG': 'en_US.UTF-8', 'XDG_CURRENT_DESKTOP': 'ubuntu:GNOME', 'XMODIFIERS': '@im=ibus', 'XDG_SESSION_DESKTOP': 'ubuntu', 'XAUTHORITY': '/run/user/1000/gdm/Xauthority', 'LS_COLORS': 'rs=0:di=01;34:ln=01;36:mh=00:pi=40;33:so=01;35:do=01;35:bd=40;33;01:cd=40;33;01:or=40;31;01:mi=00:su=37;41:sg=30;43:ca=30;41:tw=30;42:ow=34;42:st=37;44:ex=01;32:*.tar=01;31:*.tgz=01;31:*.arc=01;31:*.arj=01;31:*.taz=01;31:*.lha=01;31:*.lz4=01;31:*.lzh=01;31:*.lzma=01;31:*.tlz=01;31:*.txz=01;31:*.tzo=01;31:*.t7z=01;31:*.zip=01;31:*.z=01;31:*.dz=01;31:*.gz=01;31:*.lrz=01;31:*.lz=01;31:*.lzo=01;31:*.xz=01;31:*.zst=01;31:*.tzst=01;31:*.bz2=01;31:*.bz=01;31:*.tbz=01;31:*.tbz2=01;31:*.tz=01;31:*.deb=01;31:*.rpm=01;31:*.jar=01;31:*.war=01;31:*.ear=01;31:*.sar=01;31:*.rar=01;31:*.alz=01;31:*.ace=01;31:*.zoo=01;31:*.cpio=01;31:*.7z=01;31:*.rz=01;31:*.cab=01;31:*.wim=01;31:*.swm=01;31:*.dwm=01;31:*.esd=01;31:*.jpg=01;35:*.jpeg=01;35:*.mjpg=01;35:*.mjpeg=01;35:*.gif=01;35:*.bmp=01;35:*.pbm=01;35:*.pgm=01;35:*.ppm=01;35:*.tga=01;35:*.xbm=01;35:*.xpm=01;35:*.tif=01;35:*.tiff=01;35:*.png=01;35:*.svg=01;35:*.svgz=01;35:*.mng=01;35:*.pcx=01;35:*.mov=01;35:*.mpg=01;35:*.mpeg=01;35:*.m2v=01;35:*.mkv=01;35:*.webm=01;35:*.webp=01;35:*.ogm=01;35:*.mp4=01;35:*.m4v=01;35:*.mp4v=01;35:*.vob=01;35:*.qt=01;35:*.nuv=01;35:*.wmv=01;35:*.asf=01;35:*.rm=01;35:*.rmvb=01;35:*.flc=01;35:*.avi=01;35:*.fli=01;35:*.flv=01;35:*.gl=01;35:*.dl=01;35:*.xcf=01;35:*.xwd=01;35:*.yuv=01;35:*.cgm=01;35:*.emf=01;35:*.ogv=01;35:*.ogx=01;35:*.aac=00;36:*.au=00;36:*.flac=00;36:*.m4a=00;36:*.mid=00;36:*.midi=00;36:*.mka=00;36:*.mp3=00;36:*.mpc=00;36:*.ogg=00;36:*.ra=00;36:*.wav=00;36:*.oga=00;36:*.opus=00;36:*.spx=00;36:*.xspf=00;36:', 'GNOME_TERMINAL_SERVICE': ':1.91', 'SSH_AGENT_LAUNCHER': 'gnome-keyring', 'SSH_AUTH_SOCK': '/run/user/1000/keyring/ssh', 'AMENT_PREFIX_PATH': '/opt/ros/humble', 'SHELL': '/bin/bash', 'QT_ACCESSIBILITY': '1', 'GDMSESSION': 'ubuntu', 'LESSCLOSE': '/usr/bin/lesspipe %s %s', 'GPG_AGENT_INFO': '/run/user/1000/gnupg/S.gpg-agent:0:1', 'QT_IM_MODULE': 'ibus', 'PWD': '/home/imml/git/research_2025/build/SAM-2', 'LC_ALL': 'en_US.UTF-8', 'XDG_CONFIG_DIRS': '/etc/xdg/xdg-ubuntu:/etc/xdg', 'XDG_DATA_DIRS': '/usr/share/ubuntu:/usr/share/gnome:/usr/local/share/:/usr/share/:/var/lib/snapd/desktop', 'PYTHONPATH': '/home/imml/git/research_2025/build/SAM-2/prefix_override:/usr/lib/python3/dist-packages/colcon_core/task/python/colcon_distutils_commands:/home/imml/git/research_2025/install/SAM-2/lib/python3.10/site-packages:/opt/ros/humble/lib/python3.10/site-packages:/opt/ros/humble/local/lib/python3.10/dist-packages', 'COLCON': '1', 'VTE_VERSION': '6800'}, 'shell': False}
[6.530500] (-) TimerEvent: {}
[6.545099] (ur_description) StdoutLine: {'line': b'-- Symlinking: /home/imml/git/research_2025/install/ur_description/share/ament_index/resource_index/package_run_dependencies/ur_description\n'}
[6.576903] (ur_description) StdoutLine: {'line': b'-- Symlinking: /home/imml/git/research_2025/install/ur_description/share/ament_index/resource_index/parent_prefix_path/ur_description\n'}
[6.605524] (ur_description) StdoutLine: {'line': b'-- Symlinking: /home/imml/git/research_2025/install/ur_description/share/ur_description/environment/ament_prefix_path.sh\n'}
[6.632123] (ur_dashboard_msgs) StdoutLine: {'line': b'[ 17%] \x1b[32mBuilding CXX object CMakeFiles/ur_dashboard_msgs__rosidl_typesupport_c.dir/rosidl_typesupport_c/ur_dashboard_msgs/msg/program_state__type_support.cpp.o\x1b[0m\n'}
[6.632461] (-) TimerEvent: {}
[6.634130] (ur_description) StdoutLine: {'line': b'-- Symlinking: /home/imml/git/research_2025/install/ur_description/share/ur_description/environment/ament_prefix_path.dsv\n'}
[6.638198] (ur_dashboard_msgs) StdoutLine: {'line': b'[ 18%] \x1b[32mBuilding CXX object CMakeFiles/ur_dashboard_msgs__rosidl_typesupport_c.dir/rosidl_typesupport_c/ur_dashboard_msgs/srv/add_to_log__type_support.cpp.o\x1b[0m\n'}
[6.638504] (ur_dashboard_msgs) StdoutLine: {'line': b'[ 19%] \x1b[32mBuilding CXX object CMakeFiles/ur_dashboard_msgs__rosidl_typesupport_c.dir/rosidl_typesupport_c/ur_dashboard_msgs/msg/safety_mode__type_support.cpp.o\x1b[0m\n'}
[6.638671] (ur_dashboard_msgs) StdoutLine: {'line': b'[ 20%] \x1b[32mBuilding CXX object CMakeFiles/ur_dashboard_msgs__rosidl_typesupport_c.dir/rosidl_typesupport_c/ur_dashboard_msgs/msg/robot_mode__type_support.cpp.o\x1b[0m\n'}
[6.646389] (ur_dashboard_msgs) StdoutLine: {'line': b'[ 20%] \x1b[32mBuilding CXX object CMakeFiles/ur_dashboard_msgs__rosidl_typesupport_c.dir/rosidl_typesupport_c/ur_dashboard_msgs/srv/get_loaded_program__type_support.cpp.o\x1b[0m\n'}
[6.650926] (ur_dashboard_msgs) StdoutLine: {'line': b'[ 21%] \x1b[32mBuilding CXX object CMakeFiles/ur_dashboard_msgs__rosidl_typesupport_c.dir/rosidl_typesupport_c/ur_dashboard_msgs/srv/get_robot_mode__type_support.cpp.o\x1b[0m\n'}
[6.651247] (ur_dashboard_msgs) StdoutLine: {'line': b'[ 22%] \x1b[32mBuilding CXX object CMakeFiles/ur_dashboard_msgs__rosidl_typesupport_c.dir/rosidl_typesupport_c/ur_dashboard_msgs/srv/get_safety_mode__type_support.cpp.o\x1b[0m\n'}
[6.657559] (ur_dashboard_msgs) StdoutLine: {'line': b'[ 23%] \x1b[32mBuilding CXX object CMakeFiles/ur_dashboard_msgs__rosidl_typesupport_c.dir/rosidl_typesupport_c/ur_dashboard_msgs/srv/get_program_state__type_support.cpp.o\x1b[0m\n'}
[6.662919] (ur_dashboard_msgs) StdoutLine: {'line': b'[ 23%] \x1b[32mBuilding CXX object CMakeFiles/ur_dashboard_msgs__rosidl_typesupport_c.dir/rosidl_typesupport_c/ur_dashboard_msgs/srv/is_program_running__type_support.cpp.o\x1b[0m\n'}
[6.665683] (ur_description) StdoutLine: {'line': b'-- Symlinking: /home/imml/git/research_2025/install/ur_description/share/ur_description/environment/path.sh\n'}
[6.668555] (ur_dashboard_msgs) StdoutLine: {'line': b'[ 24%] \x1b[32mBuilding CXX object CMakeFiles/ur_dashboard_msgs__rosidl_typesupport_c.dir/rosidl_typesupport_c/ur_dashboard_msgs/srv/is_program_saved__type_support.cpp.o\x1b[0m\n'}
[6.677175] (ur_dashboard_msgs) StdoutLine: {'line': b'[ 25%] \x1b[32mBuilding CXX object CMakeFiles/ur_dashboard_msgs__rosidl_typesupport_c.dir/rosidl_typesupport_c/ur_dashboard_msgs/srv/load__type_support.cpp.o\x1b[0m\n'}
[6.700224] (ur_description) StdoutLine: {'line': b'-- Symlinking: /home/imml/git/research_2025/install/ur_description/share/ur_description/environment/path.dsv\n'}
[6.714523] (ur_description) StdoutLine: {'line': b'-- Symlinking: /home/imml/git/research_2025/install/ur_description/share/ur_description/local_setup.bash\n'}
[6.730168] (ur_dashboard_msgs) StdoutLine: {'line': b'[ 26%] \x1b[32mBuilding CXX object CMakeFiles/ur_dashboard_msgs__rosidl_typesupport_c.dir/rosidl_typesupport_c/ur_dashboard_msgs/srv/popup__type_support.cpp.o\x1b[0m\n'}
[6.732082] (ur_description) StdoutLine: {'line': b'-- Symlinking: /home/imml/git/research_2025/install/ur_description/share/ur_description/local_setup.sh\n'}
[6.733083] (-) TimerEvent: {}
[6.740110] (ur_dashboard_msgs) StdoutLine: {'line': b'[ 26%] \x1b[32mBuilding CXX object CMakeFiles/ur_dashboard_msgs__rosidl_typesupport_c.dir/rosidl_typesupport_c/ur_dashboard_msgs/srv/raw_request__type_support.cpp.o\x1b[0m\n'}
[6.764818] (ur_dashboard_msgs) StdoutLine: {'line': b'[ 27%] \x1b[32mBuilding CXX object CMakeFiles/ur_dashboard_msgs__rosidl_typesupport_c.dir/rosidl_typesupport_c/ur_dashboard_msgs/action/set_mode__type_support.cpp.o\x1b[0m\n'}
[6.773966] (ur_description) StdoutLine: {'line': b'-- Symlinking: /home/imml/git/research_2025/install/ur_description/share/ur_description/local_setup.zsh\n'}
[6.814928] (ur_description) StdoutLine: {'line': b'-- Symlinking: /home/imml/git/research_2025/install/ur_description/share/ur_description/local_setup.dsv\n'}
[6.833242] (-) TimerEvent: {}
[6.850801] (ur_description) StdoutLine: {'line': b'-- Symlinking: /home/imml/git/research_2025/install/ur_description/share/ur_description/package.dsv\n'}
[6.860636] (harvest_interfaces) StdoutLine: {'line': b'[ 27%] \x1b[32mBuilding CXX object CMakeFiles/harvest_interfaces__rosidl_typesupport_c.dir/rosidl_typesupport_c/harvest_interfaces/action/event_detection__type_support.cpp.o\x1b[0m\n'}
[6.893709] (ur_description) StdoutLine: {'line': b'-- Symlinking: /home/imml/git/research_2025/install/ur_description/share/ament_index/resource_index/packages/ur_description\n'}
[6.894093] (ur_dashboard_msgs) StdoutLine: {'line': b'[ 28%] \x1b[32mBuilding CXX object CMakeFiles/ur_dashboard_msgs__rosidl_typesupport_cpp.dir/rosidl_typesupport_cpp/ur_dashboard_msgs/msg/program_state__type_support.cpp.o\x1b[0m\n'}
[6.896212] (ur_dashboard_msgs) StdoutLine: {'line': b'[ 28%] \x1b[32mBuilding CXX object CMakeFiles/ur_dashboard_msgs__rosidl_typesupport_cpp.dir/rosidl_typesupport_cpp/ur_dashboard_msgs/msg/safety_mode__type_support.cpp.o\x1b[0m\n'}
[6.901456] (ur_dashboard_msgs) StdoutLine: {'line': b'[ 29%] \x1b[32mBuilding CXX object CMakeFiles/ur_dashboard_msgs__rosidl_typesupport_cpp.dir/rosidl_typesupport_cpp/ur_dashboard_msgs/srv/get_robot_mode__type_support.cpp.o\x1b[0m\n'}
[6.901735] (ur_dashboard_msgs) StdoutLine: {'line': b'[ 29%] \x1b[32mBuilding CXX object CMakeFiles/ur_dashboard_msgs__rosidl_typesupport_cpp.dir/rosidl_typesupport_cpp/ur_dashboard_msgs/srv/get_program_state__type_support.cpp.o\x1b[0m\n'}
[6.913099] (ur_dashboard_msgs) StdoutLine: {'line': b'[ 30%] \x1b[32mBuilding CXX object CMakeFiles/ur_dashboard_msgs__rosidl_typesupport_cpp.dir/rosidl_typesupport_cpp/ur_dashboard_msgs/srv/get_loaded_program__type_support.cpp.o\x1b[0m\n'}
[6.913436] (ur_dashboard_msgs) StdoutLine: {'line': b'[ 31%] \x1b[32mBuilding CXX object CMakeFiles/ur_dashboard_msgs__rosidl_typesupport_cpp.dir/rosidl_typesupport_cpp/ur_dashboard_msgs/srv/add_to_log__type_support.cpp.o\x1b[0m\n'}
[6.913593] (ur_dashboard_msgs) StdoutLine: {'line': b'[ 32%] \x1b[32mBuilding CXX object CMakeFiles/ur_dashboard_msgs__rosidl_typesupport_cpp.dir/rosidl_typesupport_cpp/ur_dashboard_msgs/msg/robot_mode__type_support.cpp.o\x1b[0m\n'}
[6.913713] (ur_description) StdoutLine: {'line': b'-- Symlinking: /home/imml/git/research_2025/install/ur_description/share/ur_description/cmake/ur_descriptionConfig.cmake\n'}
[6.913836] (ur_dashboard_msgs) StdoutLine: {'line': b'[ 33%] \x1b[32mBuilding CXX object CMakeFiles/ur_dashboard_msgs__rosidl_typesupport_cpp.dir/rosidl_typesupport_cpp/ur_dashboard_msgs/srv/get_safety_mode__type_support.cpp.o\x1b[0m\n'}
[6.915498] (ur_dashboard_msgs) StdoutLine: {'line': b'[ 33%] \x1b[32mBuilding CXX object CMakeFiles/ur_dashboard_msgs__rosidl_typesupport_cpp.dir/rosidl_typesupport_cpp/ur_dashboard_msgs/srv/is_program_saved__type_support.cpp.o\x1b[0m\n'}
[6.919885] (ur_dashboard_msgs) StdoutLine: {'line': b'[ 34%] \x1b[32mBuilding CXX object CMakeFiles/ur_dashboard_msgs__rosidl_typesupport_cpp.dir/rosidl_typesupport_cpp/ur_dashboard_msgs/srv/is_program_running__type_support.cpp.o\x1b[0m\n'}
[6.920206] (ur_dashboard_msgs) StdoutLine: {'line': b'[ 35%] \x1b[32m\x1b[1mLinking CXX shared library libur_dashboard_msgs__rosidl_typesupport_c.so\x1b[0m\n'}
[6.921565] (ur_dashboard_msgs) StdoutLine: {'line': b'[ 36%] \x1b[32mBuilding CXX object CMakeFiles/ur_dashboard_msgs__rosidl_typesupport_cpp.dir/rosidl_typesupport_cpp/ur_dashboard_msgs/srv/load__type_support.cpp.o\x1b[0m\n'}
[6.937124] (ur_description) StdoutLine: {'line': b'-- Symlinking: /home/imml/git/research_2025/install/ur_description/share/ur_description/cmake/ur_descriptionConfig-version.cmake\n'}
[6.937477] (-) TimerEvent: {}
[6.973150] (ur_description) StdoutLine: {'line': b'-- Symlinking: /home/imml/git/research_2025/install/ur_description/share/ur_description/package.xml\n'}
[6.978320] (harvest_interfaces) StdoutLine: {'line': b'[ 28%] \x1b[32mBuilding CXX object CMakeFiles/harvest_interfaces__rosidl_typesupport_cpp.dir/rosidl_typesupport_cpp/harvest_interfaces/srv/voxel_grid__type_support.cpp.o\x1b[0m\n'}
[7.022372] (ur_description) CommandEnded: {'returncode': 0}
[7.039338] (-) TimerEvent: {}
[7.051290] (harvest_interfaces) StdoutLine: {'line': b'[ 28%] \x1b[32mBuilding CXX object CMakeFiles/harvest_interfaces__rosidl_typesupport_c.dir/rosidl_typesupport_c/harvest_interfaces/action/send_trajectory__type_support.cpp.o\x1b[0m\n'}
[7.076714] (harvest_interfaces) StdoutLine: {'line': b'[ 29%] \x1b[32mBuilding CXX object CMakeFiles/harvest_interfaces__rosidl_typesupport_c.dir/rosidl_typesupport_c/harvest_interfaces/srv/apple_prediction__type_support.cpp.o\x1b[0m\n'}
[7.099101] (ur_dashboard_msgs) StdoutLine: {'line': b'[ 36%] Built target ur_dashboard_msgs__rosidl_typesupport_c\n'}
[7.107091] (harvest_interfaces) StdoutLine: {'line': b'[ 30%] \x1b[32mBuilding CXX object CMakeFiles/harvest_interfaces__rosidl_typesupport_c.dir/rosidl_typesupport_c/harvest_interfaces/srv/send_trajectory__type_support.cpp.o\x1b[0m\n'}
[7.107329] (ur_description) JobEnded: {'identifier': 'ur_description', 'rc': 0}
[7.107838] (ur_moveit_config) JobStarted: {'identifier': 'ur_moveit_config'}
[7.125241] (harvest_interfaces) StdoutLine: {'line': b'[ 31%] \x1b[32mBuilding CXX object CMakeFiles/harvest_interfaces__rosidl_typesupport_c.dir/rosidl_typesupport_c/harvest_interfaces/srv/coordinate_to_trajectory__type_support.cpp.o\x1b[0m\n'}
[7.133505] (ur_moveit_config) JobProgress: {'identifier': 'ur_moveit_config', 'progress': 'cmake'}
[7.134433] (ur_moveit_config) Command: {'cmd': ['/usr/bin/cmake', '/home/imml/git/research_2025/apple-harvest-refactor/harvest_hardware/Universal_Robots_ROS2_Driver/ur_moveit_config', '-DAMENT_CMAKE_SYMLINK_INSTALL=1', '-DCMAKE_INSTALL_PREFIX=/home/imml/git/research_2025/install/ur_moveit_config'], 'cwd': '/home/imml/git/research_2025/build/ur_moveit_config', 'env': OrderedDict([('LESSOPEN', '| /usr/bin/lesspipe %s'), ('USER', 'imml'), ('XDG_SESSION_TYPE', 'x11'), ('SHLVL', '1'), ('LD_LIBRARY_PATH', '/usr/local/cuda-12.9/lib64:/opt/ros/humble/opt/rviz_ogre_vendor/lib:/opt/ros/humble/lib/x86_64-linux-gnu:/opt/ros/humble/lib'), ('HOME', '/home/imml'), ('OLDPWD', '/home/imml/git'), ('DESKTOP_SESSION', 'ubuntu'), ('ROS_PYTHON_VERSION', '3'), ('GNOME_SHELL_SESSION_MODE', 'ubuntu'), ('GTK_MODULES', 'gail:atk-bridge'), ('SYSTEMD_EXEC_PID', '1850'), ('DBUS_SESSION_BUS_ADDRESS', 'unix:path=/run/user/1000/bus'), ('COLORTERM', 'truecolor'), ('ROS_DISTRO', 'humble'), ('GTK_IM_MODULE', 'ibus'), ('LOGNAME', 'imml'), ('_', '/usr/bin/colcon'), ('ROS_VERSION', '2'), ('XDG_SESSION_CLASS', 'user'), ('USERNAME', 'imml'), ('TERM', 'xterm-256color'), ('GNOME_DESKTOP_SESSION_ID', 'this-is-deprecated'), ('ROS_LOCALHOST_ONLY', '0'), ('WINDOWPATH', '2'), ('PATH', '/usr/local/cuda-12.9/bin:/opt/ros/humble/bin:/home/imml/.local/bin:/usr/local/sbin:/usr/local/bin:/usr/sbin:/usr/bin:/sbin:/bin:/usr/games:/usr/local/games:/snap/bin:/snap/bin'), ('SESSION_MANAGER', 'local/imml-ROG-Zephyrus:@/tmp/.ICE-unix/1823,unix/imml-ROG-Zephyrus:/tmp/.ICE-unix/1823'), ('XDG_MENU_PREFIX', 'gnome-'), ('GNOME_TERMINAL_SCREEN', '/org/gnome/Terminal/screen/fcc6e117_352e_4f01_85c2_26238b2dcabb'), ('XDG_RUNTIME_DIR', '/run/user/1000'), ('DISPLAY', ':1'), ('LANG', 'en_US.UTF-8'), ('XDG_CURRENT_DESKTOP', 'ubuntu:GNOME'), ('XMODIFIERS', '@im=ibus'), ('XDG_SESSION_DESKTOP', 'ubuntu'), ('XAUTHORITY', '/run/user/1000/gdm/Xauthority'), ('LS_COLORS', 'rs=0:di=01;34:ln=01;36:mh=00:pi=40;33:so=01;35:do=01;35:bd=40;33;01:cd=40;33;01:or=40;31;01:mi=00:su=37;41:sg=30;43:ca=30;41:tw=30;42:ow=34;42:st=37;44:ex=01;32:*.tar=01;31:*.tgz=01;31:*.arc=01;31:*.arj=01;31:*.taz=01;31:*.lha=01;31:*.lz4=01;31:*.lzh=01;31:*.lzma=01;31:*.tlz=01;31:*.txz=01;31:*.tzo=01;31:*.t7z=01;31:*.zip=01;31:*.z=01;31:*.dz=01;31:*.gz=01;31:*.lrz=01;31:*.lz=01;31:*.lzo=01;31:*.xz=01;31:*.zst=01;31:*.tzst=01;31:*.bz2=01;31:*.bz=01;31:*.tbz=01;31:*.tbz2=01;31:*.tz=01;31:*.deb=01;31:*.rpm=01;31:*.jar=01;31:*.war=01;31:*.ear=01;31:*.sar=01;31:*.rar=01;31:*.alz=01;31:*.ace=01;31:*.zoo=01;31:*.cpio=01;31:*.7z=01;31:*.rz=01;31:*.cab=01;31:*.wim=01;31:*.swm=01;31:*.dwm=01;31:*.esd=01;31:*.jpg=01;35:*.jpeg=01;35:*.mjpg=01;35:*.mjpeg=01;35:*.gif=01;35:*.bmp=01;35:*.pbm=01;35:*.pgm=01;35:*.ppm=01;35:*.tga=01;35:*.xbm=01;35:*.xpm=01;35:*.tif=01;35:*.tiff=01;35:*.png=01;35:*.svg=01;35:*.svgz=01;35:*.mng=01;35:*.pcx=01;35:*.mov=01;35:*.mpg=01;35:*.mpeg=01;35:*.m2v=01;35:*.mkv=01;35:*.webm=01;35:*.webp=01;35:*.ogm=01;35:*.mp4=01;35:*.m4v=01;35:*.mp4v=01;35:*.vob=01;35:*.qt=01;35:*.nuv=01;35:*.wmv=01;35:*.asf=01;35:*.rm=01;35:*.rmvb=01;35:*.flc=01;35:*.avi=01;35:*.fli=01;35:*.flv=01;35:*.gl=01;35:*.dl=01;35:*.xcf=01;35:*.xwd=01;35:*.yuv=01;35:*.cgm=01;35:*.emf=01;35:*.ogv=01;35:*.ogx=01;35:*.aac=00;36:*.au=00;36:*.flac=00;36:*.m4a=00;36:*.mid=00;36:*.midi=00;36:*.mka=00;36:*.mp3=00;36:*.mpc=00;36:*.ogg=00;36:*.ra=00;36:*.wav=00;36:*.oga=00;36:*.opus=00;36:*.spx=00;36:*.xspf=00;36:'), ('GNOME_TERMINAL_SERVICE', ':1.91'), ('SSH_AGENT_LAUNCHER', 'gnome-keyring'), ('SSH_AUTH_SOCK', '/run/user/1000/keyring/ssh'), ('AMENT_PREFIX_PATH', '/home/imml/git/research_2025/install/ur_description:/opt/ros/humble'), ('SHELL', '/bin/bash'), ('QT_ACCESSIBILITY', '1'), ('GDMSESSION', 'ubuntu'), ('LESSCLOSE', '/usr/bin/lesspipe %s %s'), ('GPG_AGENT_INFO', '/run/user/1000/gnupg/S.gpg-agent:0:1'), ('QT_IM_MODULE', 'ibus'), ('PWD', '/home/imml/git/research_2025/build/ur_moveit_config'), ('LC_ALL', 'en_US.UTF-8'), ('XDG_CONFIG_DIRS', '/etc/xdg/xdg-ubuntu:/etc/xdg'), ('XDG_DATA_DIRS', '/usr/share/ubuntu:/usr/share/gnome:/usr/local/share/:/usr/share/:/var/lib/snapd/desktop'), ('PYTHONPATH', '/opt/ros/humble/lib/python3.10/site-packages:/opt/ros/humble/local/lib/python3.10/dist-packages'), ('COLCON', '1'), ('VTE_VERSION', '6800'), ('CMAKE_PREFIX_PATH', '/home/imml/git/research_2025/install/ur_description:/opt/ros/humble')]), 'shell': False}
[7.139456] (-) TimerEvent: {}
[7.150114] (ur_dashboard_msgs) StdoutLine: {'line': b'[ 37%] \x1b[32mBuilding CXX object CMakeFiles/ur_dashboard_msgs__rosidl_typesupport_cpp.dir/rosidl_typesupport_cpp/ur_dashboard_msgs/srv/popup__type_support.cpp.o\x1b[0m\n'}
[7.152634] (harvest_interfaces) StdoutLine: {'line': b'[ 32%] \x1b[32mBuilding CXX object CMakeFiles/harvest_interfaces__rosidl_typesupport_c.dir/rosidl_typesupport_c/harvest_interfaces/srv/voxel_mask__type_support.cpp.o\x1b[0m\n'}
[7.190296] (harvest_interfaces) StdoutLine: {'line': b'[ 33%] \x1b[32mBuilding CXX object CMakeFiles/harvest_interfaces__rosidl_typesupport_c.dir/rosidl_typesupport_c/harvest_interfaces/srv/move_to_pose__type_support.cpp.o\x1b[0m\n'}
[7.206355] (harvest_interfaces) StdoutLine: {'line': b'[ 34%] \x1b[32mBuilding CXX object CMakeFiles/harvest_interfaces__rosidl_typesupport_c.dir/rosidl_typesupport_c/harvest_interfaces/srv/set_value__type_support.cpp.o\x1b[0m\n'}
[7.210747] (harvest_interfaces) StdoutLine: {'line': b'[ 34%] \x1b[32mBuilding CXX object CMakeFiles/harvest_interfaces__rosidl_typesupport_c.dir/rosidl_typesupport_c/harvest_interfaces/srv/trajectory_between_points__type_support.cpp.o\x1b[0m\n'}
[7.239602] (-) TimerEvent: {}
[7.242303] (harvest_interfaces) StdoutLine: {'line': b'[ 35%] \x1b[32mBuilding CXX object CMakeFiles/harvest_interfaces__rosidl_typesupport_c.dir/rosidl_typesupport_c/harvest_interfaces/srv/record_topics__type_support.cpp.o\x1b[0m\n'}
[7.244172] (harvest_interfaces) StdoutLine: {'line': b'[ 36%] \x1b[32mBuilding CXX object CMakeFiles/harvest_interfaces__rosidl_typesupport_c.dir/rosidl_typesupport_c/harvest_interfaces/srv/get_gripper_pose__type_support.cpp.o\x1b[0m\n'}
[7.261124] (harvest_interfaces) StdoutLine: {'line': b'[ 37%] \x1b[32mBuilding CXX object CMakeFiles/harvest_interfaces__rosidl_typesupport_c.dir/rosidl_typesupport_c/harvest_interfaces/srv/voxel_grid__type_support.cpp.o\x1b[0m\n'}
[7.342291] (-) TimerEvent: {}
[7.364452] (ur_moveit_config) StdoutLine: {'line': b'-- The C compiler identification is GNU 11.4.0\n'}
[7.386910] (harvest_interfaces) StdoutLine: {'line': b'[ 38%] \x1b[32m\x1b[1mLinking CXX shared library libharvest_interfaces__rosidl_typesupport_c.so\x1b[0m\n'}
[7.445125] (-) TimerEvent: {}
[7.445587] (harvest_interfaces) StdoutLine: {'line': b'[ 38%] \x1b[32mBuilding CXX object CMakeFiles/harvest_interfaces__rosidl_typesupport_introspection_cpp.dir/rosidl_typesupport_introspection_cpp/harvest_interfaces/action/detail/event_detection__type_support.cpp.o\x1b[0m\n'}
[7.455270] (harvest_interfaces) StdoutLine: {'line': b'[ 39%] \x1b[32mBuilding CXX object CMakeFiles/harvest_interfaces__rosidl_typesupport_introspection_cpp.dir/rosidl_typesupport_introspection_cpp/harvest_interfaces/srv/detail/apple_prediction__type_support.cpp.o\x1b[0m\n'}
[7.456127] (harvest_interfaces) StdoutLine: {'line': b'[ 41%] \x1b[32mBuilding CXX object CMakeFiles/harvest_interfaces__rosidl_typesupport_introspection_cpp.dir/rosidl_typesupport_introspection_cpp/harvest_interfaces/srv/detail/send_trajectory__type_support.cpp.o\x1b[0m\n'}
[7.456472] (harvest_interfaces) StdoutLine: {'line': b'[ 40%] \x1b[32mBuilding CXX object CMakeFiles/harvest_interfaces__rosidl_typesupport_introspection_cpp.dir/rosidl_typesupport_introspection_cpp/harvest_interfaces/action/detail/send_trajectory__type_support.cpp.o\x1b[0m\n'}
[7.459984] (harvest_interfaces) StdoutLine: {'line': b'[ 41%] \x1b[32mBuilding CXX object CMakeFiles/harvest_interfaces__rosidl_typesupport_introspection_cpp.dir/rosidl_typesupport_introspection_cpp/harvest_interfaces/srv/detail/move_to_pose__type_support.cpp.o\x1b[0m\n'}
[7.466046] (harvest_interfaces) StdoutLine: {'line': b'[ 42%] \x1b[32mBuilding CXX object CMakeFiles/harvest_interfaces__rosidl_typesupport_introspection_cpp.dir/rosidl_typesupport_introspection_cpp/harvest_interfaces/srv/detail/coordinate_to_trajectory__type_support.cpp.o\x1b[0m\n'}
[7.466360] (harvest_interfaces) StdoutLine: {'line': b'[ 43%] \x1b[32mBuilding CXX object CMakeFiles/harvest_interfaces__rosidl_typesupport_introspection_cpp.dir/rosidl_typesupport_introspection_cpp/harvest_interfaces/srv/detail/voxel_mask__type_support.cpp.o\x1b[0m\n'}
[7.472348] (harvest_interfaces) StdoutLine: {'line': b'[ 44%] \x1b[32mBuilding CXX object CMakeFiles/harvest_interfaces__rosidl_typesupport_introspection_cpp.dir/rosidl_typesupport_introspection_cpp/harvest_interfaces/srv/detail/trajectory_between_points__type_support.cpp.o\x1b[0m\n'}
[7.473527] (harvest_interfaces) StdoutLine: {'line': b'[ 45%] \x1b[32mBuilding CXX object CMakeFiles/harvest_interfaces__rosidl_typesupport_introspection_cpp.dir/rosidl_typesupport_introspection_cpp/harvest_interfaces/srv/detail/set_value__type_support.cpp.o\x1b[0m\n'}
[7.489152] (harvest_interfaces) StdoutLine: {'line': b'[ 46%] \x1b[32mBuilding C object CMakeFiles/harvest_interfaces__rosidl_typesupport_introspection_c.dir/rosidl_typesupport_introspection_c/harvest_interfaces/action/detail/event_detection__type_support.c.o\x1b[0m\n'}
[7.530118] (harvest_interfaces) StdoutLine: {'line': b'[ 47%] \x1b[32mBuilding CXX object CMakeFiles/harvest_interfaces__rosidl_typesupport_introspection_cpp.dir/rosidl_typesupport_introspection_cpp/harvest_interfaces/srv/detail/record_topics__type_support.cpp.o\x1b[0m\n'}
[7.545264] (-) TimerEvent: {}
[7.568117] (harvest_interfaces) StdoutLine: {'line': b'[ 47%] Built target harvest_interfaces__rosidl_typesupport_c\n'}
[7.573180] (harvest_interfaces) StdoutLine: {'line': b'[ 48%] \x1b[32mBuilding C object CMakeFiles/harvest_interfaces__rosidl_typesupport_introspection_c.dir/rosidl_typesupport_introspection_c/harvest_interfaces/action/detail/send_trajectory__type_support.c.o\x1b[0m\n'}
[7.603577] (harvest_interfaces) StdoutLine: {'line': b'[ 49%] \x1b[32mBuilding C object CMakeFiles/harvest_interfaces__rosidl_typesupport_introspection_c.dir/rosidl_typesupport_introspection_c/harvest_interfaces/srv/detail/apple_prediction__type_support.c.o\x1b[0m\n'}
[7.609106] (ur_dashboard_msgs) StdoutLine: {'line': b'[ 38%] \x1b[32mBuilding CXX object CMakeFiles/ur_dashboard_msgs__rosidl_typesupport_cpp.dir/rosidl_typesupport_cpp/ur_dashboard_msgs/srv/raw_request__type_support.cpp.o\x1b[0m\n'}
[7.642682] (ur_dashboard_msgs) StdoutLine: {'line': b'[ 38%] \x1b[32mBuilding CXX object CMakeFiles/ur_dashboard_msgs__rosidl_typesupport_cpp.dir/rosidl_typesupport_cpp/ur_dashboard_msgs/action/set_mode__type_support.cpp.o\x1b[0m\n'}
[7.645374] (-) TimerEvent: {}
[7.651221] (harvest_interfaces) StdoutLine: {'line': b'[ 49%] \x1b[32mBuilding C object CMakeFiles/harvest_interfaces__rosidl_typesupport_introspection_c.dir/rosidl_typesupport_introspection_c/harvest_interfaces/srv/detail/send_trajectory__type_support.c.o\x1b[0m\n'}
[7.662484] (ur_moveit_config) StdoutLine: {'line': b'-- The CXX compiler identification is GNU 11.4.0\n'}
[7.713861] (ur_moveit_config) StdoutLine: {'line': b'-- Detecting C compiler ABI info\n'}
[7.741879] (harvest_interfaces) StdoutLine: {'line': b'[ 50%] \x1b[32mBuilding C object CMakeFiles/harvest_interfaces__rosidl_typesupport_introspection_c.dir/rosidl_typesupport_introspection_c/harvest_interfaces/srv/detail/coordinate_to_trajectory__type_support.c.o\x1b[0m\n'}
[7.745503] (-) TimerEvent: {}
[7.752215] (harvest_interfaces) StdoutLine: {'line': b'[ 51%] \x1b[32mBuilding C object CMakeFiles/harvest_interfaces__rosidl_typesupport_introspection_c.dir/rosidl_typesupport_introspection_c/harvest_interfaces/srv/detail/voxel_mask__type_support.c.o\x1b[0m\n'}
[7.760223] (SAM-2) StderrLine: {'line': b'Traceback (most recent call last):\n'}
[7.760611] (SAM-2) StderrLine: {'line': b'  File "/home/imml/git/research_2025/build/SAM-2/setup.py", line 20, in <module>\n'}
[7.760769] (SAM-2) StderrLine: {'line': b'    with open("README.md", "r", encoding="utf-8") as f:\n'}
[7.760888] (SAM-2) StderrLine: {'line': b"FileNotFoundError: [Errno 2] No such file or directory: 'README.md'\n"}
[7.761422] (harvest_interfaces) StdoutLine: {'line': b'[ 52%] \x1b[32m\x1b[1mLinking CXX shared library libharvest_interfaces__rosidl_typesupport_cpp.so\x1b[0m\n'}
[7.782474] (ur_dashboard_msgs) StdoutLine: {'line': b'[ 39%] \x1b[32mBuilding CXX object CMakeFiles/ur_dashboard_msgs__rosidl_typesupport_introspection_cpp.dir/rosidl_typesupport_introspection_cpp/ur_dashboard_msgs/msg/detail/program_state__type_support.cpp.o\x1b[0m\n'}
[7.788195] (ur_dashboard_msgs) StdoutLine: {'line': b'[ 40%] \x1b[32mBuilding CXX object CMakeFiles/ur_dashboard_msgs__rosidl_typesupport_introspection_cpp.dir/rosidl_typesupport_introspection_cpp/ur_dashboard_msgs/msg/detail/robot_mode__type_support.cpp.o\x1b[0m\n'}
[7.796890] (harvest_interfaces) StdoutLine: {'line': b'[ 53%] \x1b[32mBuilding C object CMakeFiles/harvest_interfaces__rosidl_typesupport_introspection_c.dir/rosidl_typesupport_introspection_c/harvest_interfaces/srv/detail/move_to_pose__type_support.c.o\x1b[0m\n'}
[7.813941] (ur_dashboard_msgs) StdoutLine: {'line': b'[ 41%] \x1b[32mBuilding CXX object CMakeFiles/ur_dashboard_msgs__rosidl_typesupport_introspection_cpp.dir/rosidl_typesupport_introspection_cpp/ur_dashboard_msgs/msg/detail/safety_mode__type_support.cpp.o\x1b[0m\n'}
[7.830336] (ur_dashboard_msgs) StdoutLine: {'line': b'[ 41%] \x1b[32mBuilding CXX object CMakeFiles/ur_dashboard_msgs__rosidl_typesupport_introspection_cpp.dir/rosidl_typesupport_introspection_cpp/ur_dashboard_msgs/srv/detail/add_to_log__type_support.cpp.o\x1b[0m\n'}
[7.845662] (-) TimerEvent: {}
[7.872292] (ur_dashboard_msgs) StdoutLine: {'line': b'[ 42%] \x1b[32mBuilding CXX object CMakeFiles/ur_dashboard_msgs__rosidl_typesupport_introspection_cpp.dir/rosidl_typesupport_introspection_cpp/ur_dashboard_msgs/srv/detail/get_loaded_program__type_support.cpp.o\x1b[0m\n'}
[7.895767] (ur_dashboard_msgs) StdoutLine: {'line': b'[ 43%] \x1b[32mBuilding CXX object CMakeFiles/ur_dashboard_msgs__rosidl_typesupport_introspection_cpp.dir/rosidl_typesupport_introspection_cpp/ur_dashboard_msgs/srv/detail/get_program_state__type_support.cpp.o\x1b[0m\n'}
[7.917570] (harvest_interfaces) StdoutLine: {'line': b'[ 54%] \x1b[32mBuilding CXX object CMakeFiles/harvest_interfaces__rosidl_typesupport_introspection_cpp.dir/rosidl_typesupport_introspection_cpp/harvest_interfaces/srv/detail/get_gripper_pose__type_support.cpp.o\x1b[0m\n'}
[7.924217] (SAM-2) CommandEnded: {'returncode': 1}
[7.924880] (SAM-2) JobEnded: {'identifier': 'SAM-2', 'rc': 1}
[7.927207] (harvest_interfaces) StdoutLine: {'line': b'[ 55%] \x1b[32mBuilding CXX object CMakeFiles/harvest_interfaces__rosidl_typesupport_introspection_cpp.dir/rosidl_typesupport_introspection_cpp/harvest_interfaces/srv/detail/voxel_grid__type_support.cpp.o\x1b[0m\n'}
[7.947220] (-) TimerEvent: {}
[7.954913] (harvest_interfaces) StdoutLine: {'line': b'[ 55%] Built target harvest_interfaces__rosidl_typesupport_cpp\n'}
[7.970080] (harvest_interfaces) StdoutLine: {'line': b'[ 56%] \x1b[32mBuilding C object CMakeFiles/harvest_interfaces__rosidl_typesupport_introspection_c.dir/rosidl_typesupport_introspection_c/harvest_interfaces/srv/detail/trajectory_between_points__type_support.c.o\x1b[0m\n'}
[7.977585] (ur_dashboard_msgs) StdoutLine: {'line': b'[ 44%] \x1b[32mBuilding CXX object CMakeFiles/ur_dashboard_msgs__rosidl_typesupport_introspection_cpp.dir/rosidl_typesupport_introspection_cpp/ur_dashboard_msgs/srv/detail/get_robot_mode__type_support.cpp.o\x1b[0m\n'}
[8.005547] (harvest_interfaces) StdoutLine: {'line': b'[ 57%] \x1b[32mBuilding C object CMakeFiles/harvest_interfaces__rosidl_typesupport_introspection_c.dir/rosidl_typesupport_introspection_c/harvest_interfaces/srv/detail/set_value__type_support.c.o\x1b[0m\n'}
[8.029290] (ur_dashboard_msgs) StdoutLine: {'line': b'[ 44%] \x1b[32mBuilding CXX object CMakeFiles/ur_dashboard_msgs__rosidl_typesupport_introspection_cpp.dir/rosidl_typesupport_introspection_cpp/ur_dashboard_msgs/srv/detail/get_safety_mode__type_support.cpp.o\x1b[0m\n'}
[8.047377] (-) TimerEvent: {}
[8.055271] (realsense2_camera_msgs) StdoutLine: {'line': b'[ 80%] Built target realsense2_camera_msgs__py\n'}
[8.056590] (ur_dashboard_msgs) StdoutLine: {'line': b'[ 45%] \x1b[32mBuilding CXX object CMakeFiles/ur_dashboard_msgs__rosidl_typesupport_introspection_cpp.dir/rosidl_typesupport_introspection_cpp/ur_dashboard_msgs/srv/detail/is_program_running__type_support.cpp.o\x1b[0m\n'}
[8.064552] (ur_dashboard_msgs) StdoutLine: {'line': b'[ 46%] \x1b[32mBuilding CXX object CMakeFiles/ur_dashboard_msgs__rosidl_typesupport_introspection_cpp.dir/rosidl_typesupport_introspection_cpp/ur_dashboard_msgs/srv/detail/is_program_saved__type_support.cpp.o\x1b[0m\n'}
[8.088924] (harvest_interfaces) StdoutLine: {'line': b'[ 58%] \x1b[32mBuilding C object CMakeFiles/harvest_interfaces__rosidl_typesupport_introspection_c.dir/rosidl_typesupport_introspection_c/harvest_interfaces/srv/detail/record_topics__type_support.c.o\x1b[0m\n'}
[8.109135] (ur_moveit_config) StdoutLine: {'line': b'-- Detecting C compiler ABI info - done\n'}
[8.117726] (ur_dashboard_msgs) StdoutLine: {'line': b'[ 47%] \x1b[32mBuilding CXX object CMakeFiles/ur_dashboard_msgs__rosidl_typesupport_introspection_cpp.dir/rosidl_typesupport_introspection_cpp/ur_dashboard_msgs/srv/detail/load__type_support.cpp.o\x1b[0m\n'}
[8.140119] (realsense2_camera_msgs) StdoutLine: {'line': b'[ 82%] \x1b[32mBuilding C object CMakeFiles/realsense2_camera_msgs__rosidl_generator_py.dir/rosidl_generator_py/realsense2_camera_msgs/msg/_imu_info_s.c.o\x1b[0m\n'}
[8.141171] (ur_moveit_config) StdoutLine: {'line': b'-- Check for working C compiler: /usr/bin/cc - skipped\n'}
[8.141537] (ur_moveit_config) StdoutLine: {'line': b'-- Detecting C compile features\n'}
[8.142188] (ur_moveit_config) StdoutLine: {'line': b'-- Detecting C compile features - done\n'}
[8.148115] (-) TimerEvent: {}
[8.155413] (realsense2_camera_msgs) StdoutLine: {'line': b'[ 84%] \x1b[32mBuilding C object CMakeFiles/realsense2_camera_msgs__rosidl_generator_py.dir/rosidl_generator_py/realsense2_camera_msgs/msg/_extrinsics_s.c.o\x1b[0m\n'}
[8.155749] (realsense2_camera_msgs) StdoutLine: {'line': b'[ 85%] \x1b[32mBuilding C object CMakeFiles/realsense2_camera_msgs__rosidl_generator_py.dir/rosidl_generator_py/realsense2_camera_msgs/msg/_rgbd_s.c.o\x1b[0m\n'}
[8.161261] (ur_moveit_config) StdoutLine: {'line': b'-- Detecting CXX compiler ABI info\n'}
[8.161545] (realsense2_camera_msgs) StdoutLine: {'line': b'[ 87%] \x1b[32mBuilding C object CMakeFiles/realsense2_camera_msgs__rosidl_generator_py.dir/rosidl_generator_py/realsense2_camera_msgs/srv/_device_info_s.c.o\x1b[0m\n'}
[8.173363] (realsense2_camera_msgs) StdoutLine: {'line': b'[ 88%] \x1b[32mBuilding C object CMakeFiles/realsense2_camera_msgs__rosidl_generator_py.dir/rosidl_generator_py/realsense2_camera_msgs/msg/_metadata_s.c.o\x1b[0m\n'}
[8.191228] (harvest_interfaces) StdoutLine: {'line': b'[ 58%] \x1b[32mBuilding C object CMakeFiles/harvest_interfaces__rosidl_typesupport_introspection_c.dir/rosidl_typesupport_introspection_c/harvest_interfaces/srv/detail/get_gripper_pose__type_support.c.o\x1b[0m\n'}
[8.252139] (-) TimerEvent: {}
[8.265091] (harvest_interfaces) StdoutLine: {'line': b'[ 59%] \x1b[32mBuilding C object CMakeFiles/harvest_interfaces__rosidl_typesupport_introspection_c.dir/rosidl_typesupport_introspection_c/harvest_interfaces/srv/detail/voxel_grid__type_support.c.o\x1b[0m\n'}
[8.352307] (-) TimerEvent: {}
[8.430244] (harvest_interfaces) StdoutLine: {'line': b'[ 60%] \x1b[32m\x1b[1mLinking C shared library libharvest_interfaces__rosidl_typesupport_introspection_c.so\x1b[0m\n'}
[8.454260] (-) TimerEvent: {}
[8.533583] (ur_moveit_config) StdoutLine: {'line': b'-- Detecting CXX compiler ABI info - done\n'}
[8.554443] (-) TimerEvent: {}
[8.568812] (ur_moveit_config) StdoutLine: {'line': b'-- Check for working CXX compiler: /usr/bin/c++ - skipped\n'}
[8.569291] (ur_moveit_config) StdoutLine: {'line': b'-- Detecting CXX compile features\n'}
[8.569982] (ur_moveit_config) StdoutLine: {'line': b'-- Detecting CXX compile features - done\n'}
[8.577777] (ur_moveit_config) StdoutLine: {'line': b'-- Found ament_cmake: 1.3.11 (/opt/ros/humble/share/ament_cmake/cmake)\n'}
[8.606608] (harvest_interfaces) StdoutLine: {'line': b'[ 60%] Built target harvest_interfaces__rosidl_typesupport_introspection_c\n'}
[8.658144] (-) TimerEvent: {}
[8.670346] (ur_dashboard_msgs) StdoutLine: {'line': b'[ 47%] \x1b[32mBuilding CXX object CMakeFiles/ur_dashboard_msgs__rosidl_typesupport_introspection_cpp.dir/rosidl_typesupport_introspection_cpp/ur_dashboard_msgs/srv/detail/popup__type_support.cpp.o\x1b[0m\n'}
[8.760148] (-) TimerEvent: {}
[8.780235] (realsense2_camera_msgs) StdoutLine: {'line': b'[ 90%] \x1b[32m\x1b[1mLinking C shared library rosidl_generator_py/realsense2_camera_msgs/librealsense2_camera_msgs__rosidl_generator_py.so\x1b[0m\n'}
[8.794460] (harvest_interfaces) StdoutLine: {'line': b'[ 61%] \x1b[32mBuilding CXX object CMakeFiles/harvest_interfaces__rosidl_typesupport_fastrtps_cpp.dir/rosidl_typesupport_fastrtps_cpp/harvest_interfaces/action/detail/dds_fastrtps/event_detection__type_support.cpp.o\x1b[0m\n'}
[8.801909] (ur_dashboard_msgs) StdoutLine: {'line': b'[ 48%] \x1b[32mBuilding CXX object CMakeFiles/ur_dashboard_msgs__rosidl_typesupport_introspection_cpp.dir/rosidl_typesupport_introspection_cpp/ur_dashboard_msgs/srv/detail/raw_request__type_support.cpp.o\x1b[0m\n'}
[8.818147] (harvest_interfaces) StdoutLine: {'line': b'[ 62%] \x1b[32mBuilding CXX object CMakeFiles/harvest_interfaces__rosidl_typesupport_fastrtps_cpp.dir/rosidl_typesupport_fastrtps_cpp/harvest_interfaces/action/detail/dds_fastrtps/send_trajectory__type_support.cpp.o\x1b[0m\n'}
[8.821895] (harvest_interfaces) StdoutLine: {'line': b'[ 63%] \x1b[32mBuilding CXX object CMakeFiles/harvest_interfaces__rosidl_typesupport_fastrtps_cpp.dir/rosidl_typesupport_fastrtps_cpp/harvest_interfaces/srv/detail/dds_fastrtps/apple_prediction__type_support.cpp.o\x1b[0m\n'}
[8.822221] (harvest_interfaces) StdoutLine: {'line': b'[ 64%] \x1b[32mBuilding CXX object CMakeFiles/harvest_interfaces__rosidl_typesupport_fastrtps_cpp.dir/rosidl_typesupport_fastrtps_cpp/harvest_interfaces/srv/detail/dds_fastrtps/send_trajectory__type_support.cpp.o\x1b[0m\n'}
[8.835274] (harvest_interfaces) StdoutLine: {'line': b'[ 64%] \x1b[32mBuilding CXX object CMakeFiles/harvest_interfaces__rosidl_typesupport_fastrtps_cpp.dir/rosidl_typesupport_fastrtps_cpp/harvest_interfaces/srv/detail/dds_fastrtps/voxel_mask__type_support.cpp.o\x1b[0m\n'}
[8.835661] (harvest_interfaces) StdoutLine: {'line': b'[ 65%] \x1b[32mBuilding CXX object CMakeFiles/harvest_interfaces__rosidl_typesupport_fastrtps_cpp.dir/rosidl_typesupport_fastrtps_cpp/harvest_interfaces/srv/detail/dds_fastrtps/coordinate_to_trajectory__type_support.cpp.o\x1b[0m\n'}
[8.856621] (harvest_interfaces) StdoutLine: {'line': b'[ 66%] \x1b[32mBuilding CXX object CMakeFiles/harvest_interfaces__rosidl_typesupport_fastrtps_c.dir/rosidl_typesupport_fastrtps_c/harvest_interfaces/action/detail/event_detection__type_support_c.cpp.o\x1b[0m\n'}
[8.860266] (-) TimerEvent: {}
[8.868312] (ur_dashboard_msgs) StdoutLine: {'line': b'[ 49%] \x1b[32mBuilding C object CMakeFiles/ur_dashboard_msgs__rosidl_typesupport_introspection_c.dir/rosidl_typesupport_introspection_c/ur_dashboard_msgs/msg/detail/program_state__type_support.c.o\x1b[0m\n'}
[8.963122] (realsense2_camera_msgs) StdoutLine: {'line': b'[ 90%] Built target realsense2_camera_msgs__rosidl_generator_py\n'}
[8.963432] (-) TimerEvent: {}
[8.968841] (harvest_interfaces) StdoutLine: {'line': b'[ 67%] \x1b[32mBuilding CXX object CMakeFiles/harvest_interfaces__rosidl_typesupport_fastrtps_cpp.dir/rosidl_typesupport_fastrtps_cpp/harvest_interfaces/srv/detail/dds_fastrtps/move_to_pose__type_support.cpp.o\x1b[0m\n'}
[8.971949] (harvest_interfaces) StdoutLine: {'line': b'[ 68%] \x1b[32mBuilding CXX object CMakeFiles/harvest_interfaces__rosidl_typesupport_fastrtps_c.dir/rosidl_typesupport_fastrtps_c/harvest_interfaces/action/detail/send_trajectory__type_support_c.cpp.o\x1b[0m\n'}
[8.983238] (ur_dashboard_msgs) StdoutLine: {'line': b'[ 50%] \x1b[32mBuilding C object CMakeFiles/ur_dashboard_msgs__rosidl_typesupport_introspection_c.dir/rosidl_typesupport_introspection_c/ur_dashboard_msgs/msg/detail/robot_mode__type_support.c.o\x1b[0m\n'}
[8.994296] (ur_dashboard_msgs) StdoutLine: {'line': b'[ 51%] \x1b[32mBuilding CXX object CMakeFiles/ur_dashboard_msgs__rosidl_typesupport_fastrtps_c.dir/rosidl_typesupport_fastrtps_c/ur_dashboard_msgs/msg/detail/program_state__type_support_c.cpp.o\x1b[0m\n'}
[9.034630] (ur_dashboard_msgs) StdoutLine: {'line': b'[ 51%] \x1b[32mBuilding CXX object CMakeFiles/ur_dashboard_msgs__rosidl_typesupport_fastrtps_c.dir/rosidl_typesupport_fastrtps_c/ur_dashboard_msgs/msg/detail/robot_mode__type_support_c.cpp.o\x1b[0m\n'}
[9.045055] (realsense2_camera_msgs) StdoutLine: {'line': b'[ 92%] \x1b[32mBuilding C object CMakeFiles/realsense2_camera_msgs__rosidl_typesupport_introspection_c__pyext.dir/rosidl_generator_py/realsense2_camera_msgs/_realsense2_camera_msgs_s.ep.rosidl_typesupport_introspection_c.c.o\x1b[0m\n'}
[9.045976] (realsense2_camera_msgs) StdoutLine: {'line': b'[ 93%] \x1b[32mBuilding C object CMakeFiles/realsense2_camera_msgs__rosidl_typesupport_c__pyext.dir/rosidl_generator_py/realsense2_camera_msgs/_realsense2_camera_msgs_s.ep.rosidl_typesupport_c.c.o\x1b[0m\n'}
[9.047647] (realsense2_camera_msgs) StdoutLine: {'line': b'[ 95%] \x1b[32mBuilding C object CMakeFiles/realsense2_camera_msgs__rosidl_typesupport_fastrtps_c__pyext.dir/rosidl_generator_py/realsense2_camera_msgs/_realsense2_camera_msgs_s.ep.rosidl_typesupport_fastrtps_c.c.o\x1b[0m\n'}
[9.068154] (-) TimerEvent: {}
[9.097117] (ur_dashboard_msgs) StdoutLine: {'line': b'[ 52%] \x1b[32mBuilding CXX object CMakeFiles/ur_dashboard_msgs__rosidl_typesupport_fastrtps_c.dir/rosidl_typesupport_fastrtps_c/ur_dashboard_msgs/msg/detail/safety_mode__type_support_c.cpp.o\x1b[0m\n'}
[9.100639] (harvest_interfaces) StdoutLine: {'line': b'[ 68%] \x1b[32mBuilding CXX object CMakeFiles/harvest_interfaces__rosidl_typesupport_fastrtps_c.dir/rosidl_typesupport_fastrtps_c/harvest_interfaces/srv/detail/apple_prediction__type_support_c.cpp.o\x1b[0m\n'}
[9.117235] (ur_dashboard_msgs) StdoutLine: {'line': b'[ 52%] \x1b[32mBuilding C object CMakeFiles/ur_dashboard_msgs__rosidl_typesupport_introspection_c.dir/rosidl_typesupport_introspection_c/ur_dashboard_msgs/msg/detail/safety_mode__type_support.c.o\x1b[0m\n'}
[9.124137] (ur_dashboard_msgs) StdoutLine: {'line': b'[ 53%] \x1b[32mBuilding CXX object CMakeFiles/ur_dashboard_msgs__rosidl_typesupport_fastrtps_cpp.dir/rosidl_typesupport_fastrtps_cpp/ur_dashboard_msgs/msg/detail/dds_fastrtps/program_state__type_support.cpp.o\x1b[0m\n'}
[9.138977] (ur_dashboard_msgs) StdoutLine: {'line': b'[ 54%] \x1b[32mBuilding C object CMakeFiles/ur_dashboard_msgs__rosidl_typesupport_introspection_c.dir/rosidl_typesupport_introspection_c/ur_dashboard_msgs/srv/detail/add_to_log__type_support.c.o\x1b[0m\n'}
[9.166551] (harvest_interfaces) StdoutLine: {'line': b'[ 69%] \x1b[32mBuilding CXX object CMakeFiles/harvest_interfaces__rosidl_typesupport_fastrtps_cpp.dir/rosidl_typesupport_fastrtps_cpp/harvest_interfaces/srv/detail/dds_fastrtps/trajectory_between_points__type_support.cpp.o\x1b[0m\n'}
[9.168256] (-) TimerEvent: {}
[9.201251] (ur_moveit_config) StdoutLine: {'line': b'-- Found Python3: /usr/bin/python3 (found version "3.10.12") found components: Interpreter \n'}
[9.229129] (harvest_interfaces) StdoutLine: {'line': b'[ 70%] \x1b[32mBuilding CXX object CMakeFiles/harvest_interfaces__rosidl_typesupport_fastrtps_c.dir/rosidl_typesupport_fastrtps_c/harvest_interfaces/srv/detail/send_trajectory__type_support_c.cpp.o\x1b[0m\n'}
[9.234724] (ur_dashboard_msgs) StdoutLine: {'line': b'[ 55%] \x1b[32mBuilding CXX object CMakeFiles/ur_dashboard_msgs__rosidl_typesupport_fastrtps_cpp.dir/rosidl_typesupport_fastrtps_cpp/ur_dashboard_msgs/msg/detail/dds_fastrtps/robot_mode__type_support.cpp.o\x1b[0m\n'}
[9.268408] (-) TimerEvent: {}
[9.306108] (ur_dashboard_msgs) StdoutLine: {'line': b'[ 56%] \x1b[32mBuilding C object CMakeFiles/ur_dashboard_msgs__rosidl_typesupport_introspection_c.dir/rosidl_typesupport_introspection_c/ur_dashboard_msgs/srv/detail/get_loaded_program__type_support.c.o\x1b[0m\n'}
[9.311868] (ur_dashboard_msgs) StdoutLine: {'line': b'[ 57%] \x1b[32mBuilding CXX object CMakeFiles/ur_dashboard_msgs__rosidl_typesupport_introspection_cpp.dir/rosidl_typesupport_introspection_cpp/ur_dashboard_msgs/action/detail/set_mode__type_support.cpp.o\x1b[0m\n'}
[9.343219] (harvest_interfaces) StdoutLine: {'line': b'[ 71%] \x1b[32mBuilding CXX object CMakeFiles/harvest_interfaces__rosidl_typesupport_fastrtps_cpp.dir/rosidl_typesupport_fastrtps_cpp/harvest_interfaces/srv/detail/dds_fastrtps/set_value__type_support.cpp.o\x1b[0m\n'}
[9.368566] (-) TimerEvent: {}
[9.382119] (ur_dashboard_msgs) StdoutLine: {'line': b'[ 58%] \x1b[32mBuilding CXX object CMakeFiles/ur_dashboard_msgs__rosidl_typesupport_fastrtps_c.dir/rosidl_typesupport_fastrtps_c/ur_dashboard_msgs/srv/detail/add_to_log__type_support_c.cpp.o\x1b[0m\n'}
[9.422337] (ur_moveit_config) StdoutLine: {'line': b'-- Override CMake install command with custom implementation using symlinks instead of copying resources\n'}
[9.440535] (ur_dashboard_msgs) StdoutLine: {'line': b'[ 59%] \x1b[32mBuilding C object CMakeFiles/ur_dashboard_msgs__rosidl_typesupport_introspection_c.dir/rosidl_typesupport_introspection_c/ur_dashboard_msgs/srv/detail/get_program_state__type_support.c.o\x1b[0m\n'}
[9.453195] (realsense2_camera_msgs) StdoutLine: {'line': b'[ 96%] \x1b[32m\x1b[1mLinking C shared library rosidl_generator_py/realsense2_camera_msgs/realsense2_camera_msgs_s__rosidl_typesupport_introspection_c.cpython-310-x86_64-linux-gnu.so\x1b[0m\n'}
[9.471155] (-) TimerEvent: {}
[9.479256] (harvest_interfaces) StdoutLine: {'line': b'[ 72%] \x1b[32mBuilding CXX object CMakeFiles/harvest_interfaces__rosidl_typesupport_fastrtps_cpp.dir/rosidl_typesupport_fastrtps_cpp/harvest_interfaces/srv/detail/dds_fastrtps/record_topics__type_support.cpp.o\x1b[0m\n'}
[9.489234] (realsense2_camera_msgs) StdoutLine: {'line': b'[ 98%] \x1b[32m\x1b[1mLinking C shared library rosidl_generator_py/realsense2_camera_msgs/realsense2_camera_msgs_s__rosidl_typesupport_fastrtps_c.cpython-310-x86_64-linux-gnu.so\x1b[0m\n'}
[9.527293] (harvest_interfaces) StdoutLine: {'line': b'[ 73%] \x1b[32mBuilding CXX object CMakeFiles/harvest_interfaces__rosidl_typesupport_fastrtps_cpp.dir/rosidl_typesupport_fastrtps_cpp/harvest_interfaces/srv/detail/dds_fastrtps/get_gripper_pose__type_support.cpp.o\x1b[0m\n'}
[9.547844] (ur_dashboard_msgs) StdoutLine: {'line': b'[ 59%] \x1b[32mBuilding C object CMakeFiles/ur_dashboard_msgs__rosidl_typesupport_introspection_c.dir/rosidl_typesupport_introspection_c/ur_dashboard_msgs/srv/detail/get_robot_mode__type_support.c.o\x1b[0m\n'}
[9.571298] (-) TimerEvent: {}
[9.611694] (ur_dashboard_msgs) StdoutLine: {'line': b'[ 60%] \x1b[32mBuilding C object CMakeFiles/ur_dashboard_msgs__rosidl_typesupport_introspection_c.dir/rosidl_typesupport_introspection_c/ur_dashboard_msgs/srv/detail/get_safety_mode__type_support.c.o\x1b[0m\n'}
[9.612713] (realsense2_camera_msgs) StdoutLine: {'line': b'[ 98%] Built target realsense2_camera_msgs__rosidl_typesupport_introspection_c__pyext\n'}
[9.614106] (realsense2_camera_msgs) StdoutLine: {'line': b'[100%] \x1b[32m\x1b[1mLinking C shared library rosidl_generator_py/realsense2_camera_msgs/realsense2_camera_msgs_s__rosidl_typesupport_c.cpython-310-x86_64-linux-gnu.so\x1b[0m\n'}
[9.661838] (ur_dashboard_msgs) StdoutLine: {'line': b'[ 61%] \x1b[32m\x1b[1mLinking CXX shared library libur_dashboard_msgs__rosidl_typesupport_cpp.so\x1b[0m\n'}
[9.671447] (-) TimerEvent: {}
[9.673518] (realsense2_camera_msgs) StdoutLine: {'line': b'[100%] Built target realsense2_camera_msgs__rosidl_typesupport_fastrtps_c__pyext\n'}
[9.701710] (ur_dashboard_msgs) StdoutLine: {'line': b'[ 62%] \x1b[32mBuilding CXX object CMakeFiles/ur_dashboard_msgs__rosidl_typesupport_fastrtps_c.dir/rosidl_typesupport_fastrtps_c/ur_dashboard_msgs/srv/detail/get_loaded_program__type_support_c.cpp.o\x1b[0m\n'}
[9.707017] (ur_dashboard_msgs) StdoutLine: {'line': b'[ 62%] \x1b[32mBuilding CXX object CMakeFiles/ur_dashboard_msgs__rosidl_typesupport_fastrtps_cpp.dir/rosidl_typesupport_fastrtps_cpp/ur_dashboard_msgs/msg/detail/dds_fastrtps/safety_mode__type_support.cpp.o\x1b[0m\n'}
[9.734248] (ur_dashboard_msgs) StdoutLine: {'line': b'[ 62%] \x1b[32mBuilding CXX object CMakeFiles/ur_dashboard_msgs__rosidl_typesupport_fastrtps_c.dir/rosidl_typesupport_fastrtps_c/ur_dashboard_msgs/srv/detail/get_program_state__type_support_c.cpp.o\x1b[0m\n'}
[9.758790] (ur_dashboard_msgs) StdoutLine: {'line': b'[ 63%] \x1b[32mBuilding C object CMakeFiles/ur_dashboard_msgs__rosidl_typesupport_introspection_c.dir/rosidl_typesupport_introspection_c/ur_dashboard_msgs/srv/detail/is_program_running__type_support.c.o\x1b[0m\n'}
[9.771590] (-) TimerEvent: {}
[9.806854] (ur_dashboard_msgs) StdoutLine: {'line': b'[ 63%] Built target ur_dashboard_msgs__rosidl_typesupport_cpp\n'}
[9.821787] (ur_dashboard_msgs) StdoutLine: {'line': b'[ 63%] \x1b[32mBuilding C object CMakeFiles/ur_dashboard_msgs__rosidl_typesupport_introspection_c.dir/rosidl_typesupport_introspection_c/ur_dashboard_msgs/srv/detail/is_program_saved__type_support.c.o\x1b[0m\n'}
[9.832535] (ur_dashboard_msgs) StdoutLine: {'line': b'[ 64%] \x1b[32mBuilding CXX object CMakeFiles/ur_dashboard_msgs__rosidl_typesupport_fastrtps_cpp.dir/rosidl_typesupport_fastrtps_cpp/ur_dashboard_msgs/srv/detail/dds_fastrtps/add_to_log__type_support.cpp.o\x1b[0m\n'}
[9.859162] (ur_dashboard_msgs) StdoutLine: {'line': b'[ 65%] \x1b[32mBuilding CXX object CMakeFiles/ur_dashboard_msgs__rosidl_typesupport_fastrtps_cpp.dir/rosidl_typesupport_fastrtps_cpp/ur_dashboard_msgs/srv/detail/dds_fastrtps/get_loaded_program__type_support.cpp.o\x1b[0m\n'}
[9.871756] (-) TimerEvent: {}
[9.872807] (realsense2_camera_msgs) StdoutLine: {'line': b'[100%] Built target realsense2_camera_msgs__rosidl_typesupport_c__pyext\n'}
[9.917274] (ur_dashboard_msgs) StdoutLine: {'line': b'[ 66%] \x1b[32mBuilding CXX object CMakeFiles/ur_dashboard_msgs__rosidl_typesupport_fastrtps_c.dir/rosidl_typesupport_fastrtps_c/ur_dashboard_msgs/srv/detail/get_robot_mode__type_support_c.cpp.o\x1b[0m\n'}
[9.939527] (realsense2_camera_msgs) JobEnded: {'identifier': 'realsense2_camera_msgs', 'rc': 'SIGINT'}
[9.940402] (harvest_interfaces) StdoutLine: {'line': b'[ 74%] \x1b[32m\x1b[1mLinking CXX shared library libharvest_interfaces__rosidl_typesupport_introspection_cpp.so\x1b[0m\n'}
[9.971921] (-) TimerEvent: {}
[9.972960] (ur_dashboard_msgs) StdoutLine: {'line': b'[ 67%] \x1b[32mBuilding C object CMakeFiles/ur_dashboard_msgs__rosidl_typesupport_introspection_c.dir/rosidl_typesupport_introspection_c/ur_dashboard_msgs/srv/detail/load__type_support.c.o\x1b[0m\n'}
[9.987742] (ur_dashboard_msgs) StdoutLine: {'line': b'[ 68%] \x1b[32mBuilding CXX object CMakeFiles/ur_dashboard_msgs__rosidl_typesupport_fastrtps_c.dir/rosidl_typesupport_fastrtps_c/ur_dashboard_msgs/srv/detail/get_safety_mode__type_support_c.cpp.o\x1b[0m\n'}
[9.995616] (ur_dashboard_msgs) StdoutLine: {'line': b'[ 69%] \x1b[32mBuilding CXX object CMakeFiles/ur_dashboard_msgs__rosidl_typesupport_fastrtps_c.dir/rosidl_typesupport_fastrtps_c/ur_dashboard_msgs/srv/detail/is_program_running__type_support_c.cpp.o\x1b[0m\n'}
[10.055907] (harvest_interfaces) StdoutLine: {'line': b'[ 75%] \x1b[32mBuilding CXX object CMakeFiles/harvest_interfaces__rosidl_typesupport_fastrtps_c.dir/rosidl_typesupport_fastrtps_c/harvest_interfaces/srv/detail/coordinate_to_trajectory__type_support_c.cpp.o\x1b[0m\n'}
[10.072054] (-) TimerEvent: {}
[10.128116] (ur_dashboard_msgs) StdoutLine: {'line': b'[ 70%] \x1b[32mBuilding C object CMakeFiles/ur_dashboard_msgs__rosidl_typesupport_introspection_c.dir/rosidl_typesupport_introspection_c/ur_dashboard_msgs/srv/detail/popup__type_support.c.o\x1b[0m\n'}
[10.172187] (-) TimerEvent: {}
[10.218871] (ur_dashboard_msgs) StdoutLine: {'line': b'[ 71%] \x1b[32mBuilding C object CMakeFiles/ur_dashboard_msgs__rosidl_typesupport_introspection_c.dir/rosidl_typesupport_introspection_c/ur_dashboard_msgs/srv/detail/raw_request__type_support.c.o\x1b[0m\n'}
[10.272339] (-) TimerEvent: {}
[10.301557] (harvest_interfaces) StdoutLine: {'line': b'[ 75%] \x1b[32mBuilding CXX object CMakeFiles/harvest_interfaces__rosidl_typesupport_fastrtps_cpp.dir/rosidl_typesupport_fastrtps_cpp/harvest_interfaces/srv/detail/dds_fastrtps/voxel_grid__type_support.cpp.o\x1b[0m\n'}
[10.305510] (harvest_interfaces) StdoutLine: {'line': b'[ 76%] \x1b[32mBuilding CXX object CMakeFiles/harvest_interfaces__rosidl_typesupport_fastrtps_c.dir/rosidl_typesupport_fastrtps_c/harvest_interfaces/srv/detail/voxel_mask__type_support_c.cpp.o\x1b[0m\n'}
[10.313301] (ur_dashboard_msgs) StdoutLine: {'line': b'[ 71%] \x1b[32mBuilding C object CMakeFiles/ur_dashboard_msgs__rosidl_typesupport_introspection_c.dir/rosidl_typesupport_introspection_c/ur_dashboard_msgs/action/detail/set_mode__type_support.c.o\x1b[0m\n'}
[10.364252] (ur_dashboard_msgs) StdoutLine: {'line': b'[ 71%] \x1b[32mBuilding CXX object CMakeFiles/ur_dashboard_msgs__rosidl_typesupport_fastrtps_c.dir/rosidl_typesupport_fastrtps_c/ur_dashboard_msgs/srv/detail/is_program_saved__type_support_c.cpp.o\x1b[0m\n'}
[10.373869] (ur_dashboard_msgs) StdoutLine: {'line': b'[ 72%] \x1b[32mBuilding CXX object CMakeFiles/ur_dashboard_msgs__rosidl_typesupport_fastrtps_c.dir/rosidl_typesupport_fastrtps_c/ur_dashboard_msgs/srv/detail/load__type_support_c.cpp.o\x1b[0m\n'}
[10.374253] (-) TimerEvent: {}
[10.374493] (harvest_interfaces) StdoutLine: {'line': b'[ 77%] \x1b[32mBuilding CXX object CMakeFiles/harvest_interfaces__rosidl_typesupport_fastrtps_c.dir/rosidl_typesupport_fastrtps_c/harvest_interfaces/srv/detail/move_to_pose__type_support_c.cpp.o\x1b[0m\n'}
[10.374760] (harvest_interfaces) StdoutLine: {'line': b'[ 78%] \x1b[32mBuilding CXX object CMakeFiles/harvest_interfaces__rosidl_typesupport_fastrtps_c.dir/rosidl_typesupport_fastrtps_c/harvest_interfaces/srv/detail/trajectory_between_points__type_support_c.cpp.o\x1b[0m\n'}
[10.403095] (ur_dashboard_msgs) StdoutLine: {'line': b'[ 73%] \x1b[32mBuilding CXX object CMakeFiles/ur_dashboard_msgs__rosidl_typesupport_fastrtps_c.dir/rosidl_typesupport_fastrtps_c/ur_dashboard_msgs/srv/detail/popup__type_support_c.cpp.o\x1b[0m\n'}
[10.418246] (ur_dashboard_msgs) StdoutLine: {'line': b'[ 74%] \x1b[32mBuilding CXX object CMakeFiles/ur_dashboard_msgs__rosidl_typesupport_fastrtps_cpp.dir/rosidl_typesupport_fastrtps_cpp/ur_dashboard_msgs/srv/detail/dds_fastrtps/get_program_state__type_support.cpp.o\x1b[0m\n'}
[10.418597] (harvest_interfaces) StdoutLine: {'line': b'[ 78%] Built target harvest_interfaces__rosidl_typesupport_introspection_cpp\n'}
[10.440222] (harvest_interfaces) StdoutLine: {'line': b'[ 80%] \x1b[32mBuilding CXX object CMakeFiles/harvest_interfaces__rosidl_typesupport_fastrtps_c.dir/rosidl_typesupport_fastrtps_c/harvest_interfaces/srv/detail/set_value__type_support_c.cpp.o\x1b[0m\n'}
[10.444251] (harvest_interfaces) StdoutLine: {'line': b'[ 80%] \x1b[32mBuilding CXX object CMakeFiles/harvest_interfaces__rosidl_typesupport_fastrtps_c.dir/rosidl_typesupport_fastrtps_c/harvest_interfaces/srv/detail/record_topics__type_support_c.cpp.o\x1b[0m\n'}
[10.447206] (harvest_interfaces) StdoutLine: {'line': b'[ 80%] \x1b[32mBuilding CXX object CMakeFiles/harvest_interfaces__rosidl_typesupport_fastrtps_c.dir/rosidl_typesupport_fastrtps_c/harvest_interfaces/srv/detail/get_gripper_pose__type_support_c.cpp.o\x1b[0m\n'}
[10.464529] (harvest_interfaces) StdoutLine: {'line': b'[ 81%] \x1b[32mBuilding CXX object CMakeFiles/harvest_interfaces__rosidl_typesupport_fastrtps_c.dir/rosidl_typesupport_fastrtps_c/harvest_interfaces/srv/detail/voxel_grid__type_support_c.cpp.o\x1b[0m\n'}
[10.474441] (-) TimerEvent: {}
[10.513124] (ur_moveit_config) StdoutLine: {'line': b'-- Configuring done\n'}
[10.513756] (ur_dashboard_msgs) StdoutLine: {'line': b'[ 75%] \x1b[32m\x1b[1mLinking C shared library libur_dashboard_msgs__rosidl_typesupport_introspection_c.so\x1b[0m\n'}
[10.520900] (ur_moveit_config) StdoutLine: {'line': b'-- Generating done\n'}
[10.528720] (ur_dashboard_msgs) StdoutLine: {'line': b'[ 75%] \x1b[32mBuilding CXX object CMakeFiles/ur_dashboard_msgs__rosidl_typesupport_fastrtps_cpp.dir/rosidl_typesupport_fastrtps_cpp/ur_dashboard_msgs/srv/detail/dds_fastrtps/get_robot_mode__type_support.cpp.o\x1b[0m\n'}
[10.529091] (ur_moveit_config) StdoutLine: {'line': b'-- Build files have been written to: /home/imml/git/research_2025/build/ur_moveit_config\n'}
[10.536993] (ur_dashboard_msgs) StdoutLine: {'line': b'[ 76%] \x1b[32mBuilding CXX object CMakeFiles/ur_dashboard_msgs__rosidl_typesupport_fastrtps_c.dir/rosidl_typesupport_fastrtps_c/ur_dashboard_msgs/srv/detail/raw_request__type_support_c.cpp.o\x1b[0m\n'}
[10.556505] (ur_moveit_config) JobEnded: {'identifier': 'ur_moveit_config', 'rc': 'SIGINT'}
[10.577308] (-) TimerEvent: {}
[10.631170] (ur_dashboard_msgs) StdoutLine: {'line': b'[ 76%] Built target ur_dashboard_msgs__rosidl_typesupport_introspection_c\n'}
[10.664295] (ur_dashboard_msgs) StdoutLine: {'line': b'[ 77%] \x1b[32mBuilding CXX object CMakeFiles/ur_dashboard_msgs__rosidl_typesupport_fastrtps_cpp.dir/rosidl_typesupport_fastrtps_cpp/ur_dashboard_msgs/srv/detail/dds_fastrtps/get_safety_mode__type_support.cpp.o\x1b[0m\n'}
[10.677511] (-) TimerEvent: {}
[10.756179] (ur_dashboard_msgs) StdoutLine: {'line': b'[ 78%] \x1b[32mBuilding CXX object CMakeFiles/ur_dashboard_msgs__rosidl_typesupport_fastrtps_cpp.dir/rosidl_typesupport_fastrtps_cpp/ur_dashboard_msgs/srv/detail/dds_fastrtps/is_program_running__type_support.cpp.o\x1b[0m\n'}
[10.777667] (-) TimerEvent: {}
[10.878232] (-) TimerEvent: {}
[10.884189] (ur_dashboard_msgs) StdoutLine: {'line': b'[ 79%] \x1b[32mBuilding CXX object CMakeFiles/ur_dashboard_msgs__rosidl_typesupport_fastrtps_cpp.dir/rosidl_typesupport_fastrtps_cpp/ur_dashboard_msgs/srv/detail/dds_fastrtps/is_program_saved__type_support.cpp.o\x1b[0m\n'}
[10.923185] (ur_dashboard_msgs) StdoutLine: {'line': b'[ 79%] \x1b[32mBuilding CXX object CMakeFiles/ur_dashboard_msgs__rosidl_typesupport_fastrtps_c.dir/rosidl_typesupport_fastrtps_c/ur_dashboard_msgs/action/detail/set_mode__type_support_c.cpp.o\x1b[0m\n'}
[10.963801] (ur_dashboard_msgs) StdoutLine: {'line': b'[ 79%] \x1b[32mBuilding CXX object CMakeFiles/ur_dashboard_msgs__rosidl_typesupport_fastrtps_cpp.dir/rosidl_typesupport_fastrtps_cpp/ur_dashboard_msgs/srv/detail/dds_fastrtps/load__type_support.cpp.o\x1b[0m\n'}
[10.981140] (-) TimerEvent: {}
[11.036628] (ur_dashboard_msgs) StdoutLine: {'line': b'[ 80%] \x1b[32mBuilding CXX object CMakeFiles/ur_dashboard_msgs__rosidl_typesupport_fastrtps_cpp.dir/rosidl_typesupport_fastrtps_cpp/ur_dashboard_msgs/srv/detail/dds_fastrtps/popup__type_support.cpp.o\x1b[0m\n'}
[11.081285] (-) TimerEvent: {}
[11.124155] (ur_dashboard_msgs) StdoutLine: {'line': b'[ 81%] \x1b[32mBuilding CXX object CMakeFiles/ur_dashboard_msgs__rosidl_typesupport_fastrtps_cpp.dir/rosidl_typesupport_fastrtps_cpp/ur_dashboard_msgs/srv/detail/dds_fastrtps/raw_request__type_support.cpp.o\x1b[0m\n'}
[11.133288] (ur_dashboard_msgs) StdoutLine: {'line': b'[ 82%] \x1b[32mBuilding CXX object CMakeFiles/ur_dashboard_msgs__rosidl_typesupport_fastrtps_cpp.dir/rosidl_typesupport_fastrtps_cpp/ur_dashboard_msgs/action/detail/dds_fastrtps/set_mode__type_support.cpp.o\x1b[0m\n'}
[11.181453] (-) TimerEvent: {}
[11.281975] (-) TimerEvent: {}
[11.382479] (-) TimerEvent: {}
[11.454400] (harvest_interfaces) StdoutLine: {'line': b'[ 82%] \x1b[32m\x1b[1mLinking CXX shared library libharvest_interfaces__rosidl_typesupport_fastrtps_cpp.so\x1b[0m\n'}
[11.454899] (ur_dashboard_msgs) StdoutLine: {'line': b'[ 83%] \x1b[32m\x1b[1mLinking CXX shared library libur_dashboard_msgs__rosidl_typesupport_introspection_cpp.so\x1b[0m\n'}
[11.471496] (harvest_interfaces) StdoutLine: {'line': b'[ 83%] \x1b[32m\x1b[1mLinking CXX shared library libharvest_interfaces__rosidl_typesupport_fastrtps_c.so\x1b[0m\n'}
[11.482650] (-) TimerEvent: {}
[11.577260] (harvest_interfaces) StdoutLine: {'line': b'[ 83%] Built target harvest_interfaces__rosidl_typesupport_fastrtps_cpp\n'}
[11.579323] (ur_dashboard_msgs) StdoutLine: {'line': b'[ 84%] \x1b[32m\x1b[1mLinking CXX shared library libur_dashboard_msgs__rosidl_typesupport_fastrtps_c.so\x1b[0m\n'}
[11.582759] (-) TimerEvent: {}
[11.590418] (harvest_interfaces) StdoutLine: {'line': b'[ 83%] Built target harvest_interfaces__rosidl_typesupport_fastrtps_c\n'}
[11.593793] (ur_dashboard_msgs) StdoutLine: {'line': b'[ 84%] Built target ur_dashboard_msgs__rosidl_typesupport_introspection_cpp\n'}
[11.613547] (harvest_interfaces) StdoutLine: {'line': b'[ 83%] Built target harvest_interfaces\n'}
[11.637987] (harvest_interfaces) StdoutLine: {'line': b'[ 84%] \x1b[34m\x1b[1mGenerating Python code for ROS interfaces\x1b[0m\n'}
[11.667835] (ur_dashboard_msgs) StdoutLine: {'line': b'[ 84%] Built target ur_dashboard_msgs__rosidl_typesupport_fastrtps_c\n'}
[11.682875] (-) TimerEvent: {}
[11.783237] (-) TimerEvent: {}
[11.823825] (ur_dashboard_msgs) StdoutLine: {'line': b'[ 84%] \x1b[32m\x1b[1mLinking CXX shared library libur_dashboard_msgs__rosidl_typesupport_fastrtps_cpp.so\x1b[0m\n'}
[11.883362] (-) TimerEvent: {}
[11.884081] (ur_dashboard_msgs) StdoutLine: {'line': b'[ 84%] Built target ur_dashboard_msgs__rosidl_typesupport_fastrtps_cpp\n'}
[11.901365] (ur_dashboard_msgs) StdoutLine: {'line': b'[ 84%] Built target ur_dashboard_msgs\n'}
[11.918993] (ur_dashboard_msgs) StdoutLine: {'line': b'[ 85%] \x1b[34m\x1b[1mGenerating Python code for ROS interfaces\x1b[0m\n'}
[11.983483] (-) TimerEvent: {}
[12.083751] (-) TimerEvent: {}
[12.184007] (-) TimerEvent: {}
[12.284265] (-) TimerEvent: {}
[12.384494] (-) TimerEvent: {}
[12.484735] (-) TimerEvent: {}
[12.584993] (-) TimerEvent: {}
[12.685259] (-) TimerEvent: {}
[12.785505] (-) TimerEvent: {}
[12.885762] (-) TimerEvent: {}
[12.986043] (-) TimerEvent: {}
[13.086302] (-) TimerEvent: {}
[13.186540] (-) TimerEvent: {}
[13.286766] (-) TimerEvent: {}
[13.386994] (-) TimerEvent: {}
[13.487236] (-) TimerEvent: {}
[13.587721] (-) TimerEvent: {}
[13.670958] (harvest_interfaces) StdoutLine: {'line': b'[ 84%] Built target harvest_interfaces__py\n'}
[13.687908] (-) TimerEvent: {}
[13.690619] (harvest_interfaces) StdoutLine: {'line': b'[ 84%] \x1b[32mBuilding C object CMakeFiles/harvest_interfaces__rosidl_generator_py.dir/rosidl_generator_py/harvest_interfaces/srv/_apple_prediction_s.c.o\x1b[0m\n'}
[13.690857] (harvest_interfaces) StdoutLine: {'line': b'[ 86%] \x1b[32mBuilding C object CMakeFiles/harvest_interfaces__rosidl_generator_py.dir/rosidl_generator_py/harvest_interfaces/action/_event_detection_s.c.o\x1b[0m\n'}
[13.691066] (harvest_interfaces) StdoutLine: {'line': b'[ 88%] \x1b[32mBuilding C object CMakeFiles/harvest_interfaces__rosidl_generator_py.dir/rosidl_generator_py/harvest_interfaces/srv/_voxel_mask_s.c.o\x1b[0m\n'}
[13.691187] (harvest_interfaces) StdoutLine: {'line': b'[ 88%] \x1b[32mBuilding C object CMakeFiles/harvest_interfaces__rosidl_generator_py.dir/rosidl_generator_py/harvest_interfaces/srv/_send_trajectory_s.c.o\x1b[0m\n'}
[13.691315] (harvest_interfaces) StdoutLine: {'line': b'[ 89%] \x1b[32mBuilding C object CMakeFiles/harvest_interfaces__rosidl_generator_py.dir/rosidl_generator_py/harvest_interfaces/action/_send_trajectory_s.c.o\x1b[0m\n'}
[13.691396] (harvest_interfaces) StdoutLine: {'line': b'[ 90%] \x1b[32mBuilding C object CMakeFiles/harvest_interfaces__rosidl_generator_py.dir/rosidl_generator_py/harvest_interfaces/srv/_get_gripper_pose_s.c.o\x1b[0m\n'}
[13.691471] (harvest_interfaces) StdoutLine: {'line': b'[ 90%] \x1b[32mBuilding C object CMakeFiles/harvest_interfaces__rosidl_generator_py.dir/rosidl_generator_py/harvest_interfaces/srv/_coordinate_to_trajectory_s.c.o\x1b[0m\n'}
[13.691544] (harvest_interfaces) StdoutLine: {'line': b'[ 91%] \x1b[32mBuilding C object CMakeFiles/harvest_interfaces__rosidl_generator_py.dir/rosidl_generator_py/harvest_interfaces/srv/_move_to_pose_s.c.o\x1b[0m\n'}
[13.691727] (harvest_interfaces) StdoutLine: {'line': b'[ 92%] \x1b[32mBuilding C object CMakeFiles/harvest_interfaces__rosidl_generator_py.dir/rosidl_generator_py/harvest_interfaces/srv/_trajectory_between_points_s.c.o\x1b[0m\n'}
[13.691850] (harvest_interfaces) StdoutLine: {'line': b'[ 93%] \x1b[32mBuilding C object CMakeFiles/harvest_interfaces__rosidl_generator_py.dir/rosidl_generator_py/harvest_interfaces/srv/_set_value_s.c.o\x1b[0m\n'}
[13.692018] (harvest_interfaces) StdoutLine: {'line': b'[ 93%] \x1b[32mBuilding C object CMakeFiles/harvest_interfaces__rosidl_generator_py.dir/rosidl_generator_py/harvest_interfaces/srv/_record_topics_s.c.o\x1b[0m\n'}
[13.692438] (harvest_interfaces) StdoutLine: {'line': b'[ 94%] \x1b[32mBuilding C object CMakeFiles/harvest_interfaces__rosidl_generator_py.dir/rosidl_generator_py/harvest_interfaces/srv/_voxel_grid_s.c.o\x1b[0m\n'}
[13.788016] (-) TimerEvent: {}
[13.864799] (harvest_interfaces) StdoutLine: {'line': b'[ 95%] \x1b[32m\x1b[1mLinking C shared library rosidl_generator_py/harvest_interfaces/libharvest_interfaces__rosidl_generator_py.so\x1b[0m\n'}
[13.865477] (ur_dashboard_msgs) StdoutLine: {'line': b'[ 85%] Built target ur_dashboard_msgs__py\n'}
[13.884598] (ur_dashboard_msgs) StdoutLine: {'line': b'[ 86%] \x1b[32mBuilding C object CMakeFiles/ur_dashboard_msgs__rosidl_generator_py.dir/rosidl_generator_py/ur_dashboard_msgs/msg/_program_state_s.c.o\x1b[0m\n'}
[13.885064] (ur_dashboard_msgs) StdoutLine: {'line': b'[ 87%] \x1b[32mBuilding C object CMakeFiles/ur_dashboard_msgs__rosidl_generator_py.dir/rosidl_generator_py/ur_dashboard_msgs/srv/_get_program_state_s.c.o\x1b[0m\n'}
[13.886266] (ur_dashboard_msgs) StdoutLine: {'line': b'[ 87%] \x1b[32mBuilding C object CMakeFiles/ur_dashboard_msgs__rosidl_generator_py.dir/rosidl_generator_py/ur_dashboard_msgs/msg/_robot_mode_s.c.o\x1b[0m\n'}
[13.886472] (ur_dashboard_msgs) StdoutLine: {'line': b'[ 89%] \x1b[32mBuilding C object CMakeFiles/ur_dashboard_msgs__rosidl_generator_py.dir/rosidl_generator_py/ur_dashboard_msgs/srv/_get_loaded_program_s.c.o\x1b[0m\n'}
[13.886604] (ur_dashboard_msgs) StdoutLine: {'line': b'[ 89%] \x1b[32mBuilding C object CMakeFiles/ur_dashboard_msgs__rosidl_generator_py.dir/rosidl_generator_py/ur_dashboard_msgs/srv/_add_to_log_s.c.o\x1b[0m\n'}
[13.886704] (ur_dashboard_msgs) StdoutLine: {'line': b'[ 89%] \x1b[32mBuilding C object CMakeFiles/ur_dashboard_msgs__rosidl_generator_py.dir/rosidl_generator_py/ur_dashboard_msgs/msg/_safety_mode_s.c.o\x1b[0m\n'}
[13.886791] (ur_dashboard_msgs) StdoutLine: {'line': b'[ 90%] \x1b[32mBuilding C object CMakeFiles/ur_dashboard_msgs__rosidl_generator_py.dir/rosidl_generator_py/ur_dashboard_msgs/srv/_get_safety_mode_s.c.o\x1b[0m\n'}
[13.886885] (ur_dashboard_msgs) StdoutLine: {'line': b'[ 90%] \x1b[32mBuilding C object CMakeFiles/ur_dashboard_msgs__rosidl_generator_py.dir/rosidl_generator_py/ur_dashboard_msgs/srv/_is_program_saved_s.c.o\x1b[0m\n'}
[13.886973] (ur_dashboard_msgs) StdoutLine: {'line': b'[ 92%] \x1b[32mBuilding C object CMakeFiles/ur_dashboard_msgs__rosidl_generator_py.dir/rosidl_generator_py/ur_dashboard_msgs/srv/_is_program_running_s.c.o\x1b[0m\n'}
[13.887106] (ur_dashboard_msgs) StdoutLine: {'line': b'[ 92%] \x1b[32mBuilding C object CMakeFiles/ur_dashboard_msgs__rosidl_generator_py.dir/rosidl_generator_py/ur_dashboard_msgs/srv/_get_robot_mode_s.c.o\x1b[0m\n'}
[13.887189] (ur_dashboard_msgs) StdoutLine: {'line': b'[ 93%] \x1b[32mBuilding C object CMakeFiles/ur_dashboard_msgs__rosidl_generator_py.dir/rosidl_generator_py/ur_dashboard_msgs/srv/_raw_request_s.c.o\x1b[0m\n'}
[13.887401] (ur_dashboard_msgs) StdoutLine: {'line': b'[ 93%] \x1b[32mBuilding C object CMakeFiles/ur_dashboard_msgs__rosidl_generator_py.dir/rosidl_generator_py/ur_dashboard_msgs/srv/_load_s.c.o\x1b[0m\n'}
[13.887471] (ur_dashboard_msgs) StdoutLine: {'line': b'[ 94%] \x1b[32mBuilding C object CMakeFiles/ur_dashboard_msgs__rosidl_generator_py.dir/rosidl_generator_py/ur_dashboard_msgs/srv/_popup_s.c.o\x1b[0m\n'}
[13.887527] (ur_dashboard_msgs) StdoutLine: {'line': b'[ 95%] \x1b[32mBuilding C object CMakeFiles/ur_dashboard_msgs__rosidl_generator_py.dir/rosidl_generator_py/ur_dashboard_msgs/action/_set_mode_s.c.o\x1b[0m\n'}
[13.888062] (-) TimerEvent: {}
[13.939128] (harvest_interfaces) StdoutLine: {'line': b'[ 95%] Built target harvest_interfaces__rosidl_generator_py\n'}
[13.978256] (harvest_interfaces) StdoutLine: {'line': b'[ 96%] \x1b[32mBuilding C object CMakeFiles/harvest_interfaces__rosidl_typesupport_fastrtps_c__pyext.dir/rosidl_generator_py/harvest_interfaces/_harvest_interfaces_s.ep.rosidl_typesupport_fastrtps_c.c.o\x1b[0m\n'}
[13.978588] (harvest_interfaces) StdoutLine: {'line': b'[ 96%] \x1b[32mBuilding C object CMakeFiles/harvest_interfaces__rosidl_typesupport_c__pyext.dir/rosidl_generator_py/harvest_interfaces/_harvest_interfaces_s.ep.rosidl_typesupport_c.c.o\x1b[0m\n'}
[13.984102] (harvest_interfaces) StdoutLine: {'line': b'[ 97%] \x1b[32mBuilding C object CMakeFiles/harvest_interfaces__rosidl_typesupport_introspection_c__pyext.dir/rosidl_generator_py/harvest_interfaces/_harvest_interfaces_s.ep.rosidl_typesupport_introspection_c.c.o\x1b[0m\n'}
[13.988211] (-) TimerEvent: {}
[14.068966] (ur_dashboard_msgs) StdoutLine: {'line': b'[ 96%] \x1b[32m\x1b[1mLinking C shared library rosidl_generator_py/ur_dashboard_msgs/libur_dashboard_msgs__rosidl_generator_py.so\x1b[0m\n'}
[14.088360] (-) TimerEvent: {}
[14.110334] (ur_dashboard_msgs) StdoutLine: {'line': b'[ 96%] Built target ur_dashboard_msgs__rosidl_generator_py\n'}
[14.129245] (ur_dashboard_msgs) StdoutLine: {'line': b'[ 99%] \x1b[32mBuilding C object CMakeFiles/ur_dashboard_msgs__rosidl_typesupport_introspection_c__pyext.dir/rosidl_generator_py/ur_dashboard_msgs/_ur_dashboard_msgs_s.ep.rosidl_typesupport_introspection_c.c.o\x1b[0m\n'}
[14.129452] (ur_dashboard_msgs) StdoutLine: {'line': b'[ 99%] \x1b[32mBuilding C object CMakeFiles/ur_dashboard_msgs__rosidl_typesupport_fastrtps_c__pyext.dir/rosidl_generator_py/ur_dashboard_msgs/_ur_dashboard_msgs_s.ep.rosidl_typesupport_fastrtps_c.c.o\x1b[0m\n'}
[14.129547] (ur_dashboard_msgs) StdoutLine: {'line': b'[ 99%] \x1b[32mBuilding C object CMakeFiles/ur_dashboard_msgs__rosidl_typesupport_c__pyext.dir/rosidl_generator_py/ur_dashboard_msgs/_ur_dashboard_msgs_s.ep.rosidl_typesupport_c.c.o\x1b[0m\n'}
[14.170996] (harvest_interfaces) StdoutLine: {'line': b'[ 98%] \x1b[32m\x1b[1mLinking C shared library rosidl_generator_py/harvest_interfaces/harvest_interfaces_s__rosidl_typesupport_fastrtps_c.cpython-310-x86_64-linux-gnu.so\x1b[0m\n'}
[14.177303] (harvest_interfaces) StdoutLine: {'line': b'[ 99%] \x1b[32m\x1b[1mLinking C shared library rosidl_generator_py/harvest_interfaces/harvest_interfaces_s__rosidl_typesupport_introspection_c.cpython-310-x86_64-linux-gnu.so\x1b[0m\n'}
[14.186756] (harvest_interfaces) StdoutLine: {'line': b'[100%] \x1b[32m\x1b[1mLinking C shared library rosidl_generator_py/harvest_interfaces/harvest_interfaces_s__rosidl_typesupport_c.cpython-310-x86_64-linux-gnu.so\x1b[0m\n'}
[14.188440] (-) TimerEvent: {}
[14.213294] (harvest_interfaces) StdoutLine: {'line': b'[100%] Built target harvest_interfaces__rosidl_typesupport_fastrtps_c__pyext\n'}
[14.221999] (harvest_interfaces) StdoutLine: {'line': b'[100%] Built target harvest_interfaces__rosidl_typesupport_introspection_c__pyext\n'}
[14.231215] (harvest_interfaces) StdoutLine: {'line': b'[100%] Built target harvest_interfaces__rosidl_typesupport_c__pyext\n'}
[14.243447] (harvest_interfaces) JobEnded: {'identifier': 'harvest_interfaces', 'rc': 'SIGINT'}
[14.282088] (ur_dashboard_msgs) StdoutLine: {'line': b'[ 99%] \x1b[32m\x1b[1mLinking C shared library rosidl_generator_py/ur_dashboard_msgs/ur_dashboard_msgs_s__rosidl_typesupport_fastrtps_c.cpython-310-x86_64-linux-gnu.so\x1b[0m\n'}
[14.283464] (ur_dashboard_msgs) StdoutLine: {'line': b'[ 99%] \x1b[32m\x1b[1mLinking C shared library rosidl_generator_py/ur_dashboard_msgs/ur_dashboard_msgs_s__rosidl_typesupport_c.cpython-310-x86_64-linux-gnu.so\x1b[0m\n'}
[14.284130] (ur_dashboard_msgs) StdoutLine: {'line': b'[100%] \x1b[32m\x1b[1mLinking C shared library rosidl_generator_py/ur_dashboard_msgs/ur_dashboard_msgs_s__rosidl_typesupport_introspection_c.cpython-310-x86_64-linux-gnu.so\x1b[0m\n'}
[14.288523] (-) TimerEvent: {}
[14.317171] (ur_dashboard_msgs) StdoutLine: {'line': b'[100%] Built target ur_dashboard_msgs__rosidl_typesupport_c__pyext\n'}
[14.317350] (ur_dashboard_msgs) StdoutLine: {'line': b'[100%] Built target ur_dashboard_msgs__rosidl_typesupport_fastrtps_c__pyext\n'}
[14.317440] (ur_dashboard_msgs) StdoutLine: {'line': b'[100%] Built target ur_dashboard_msgs__rosidl_typesupport_introspection_c__pyext\n'}
[14.329125] (ur_dashboard_msgs) JobEnded: {'identifier': 'ur_dashboard_msgs', 'rc': 'SIGINT'}
[14.339578] (harvest) JobSkipped: {'identifier': 'harvest'}
[14.339618] (harvest_control) JobSkipped: {'identifier': 'harvest_control'}
[14.339641] (harvest_vision) JobSkipped: {'identifier': 'harvest_vision'}
[14.339660] (realsense2_camera) JobSkipped: {'identifier': 'realsense2_camera'}
[14.339680] (realsense2_description) JobSkipped: {'identifier': 'realsense2_description'}
[14.339698] (ur_controllers) JobSkipped: {'identifier': 'ur_controllers'}
[14.339714] (ur_bringup) JobSkipped: {'identifier': 'ur_bringup'}
[14.339731] (ur_robot_driver) JobSkipped: {'identifier': 'ur_robot_driver'}
[14.339749] (ur_calibration) JobSkipped: {'identifier': 'ur_calibration'}
[14.339766] (ur) JobSkipped: {'identifier': 'ur'}
[14.339783] (-) EventReactorShutdown: {}
