[0.221s] DEBUG:colcon:Command line arguments: ['/usr/bin/colcon', 'build', '--symlink-install']
[0.221s] DEBUG:colcon:Parsed command line arguments: Namespace(log_base=None, log_level=None, verb_name='build', build_base='build', install_base='install', merge_install=False, symlink_install=True, test_result_base=None, continue_on_error=False, executor='parallel', parallel_workers=16, event_handlers=None, ignore_user_meta=False, metas=['./colcon.meta'], base_paths=['.'], packages_ignore=None, packages_ignore_regex=None, paths=None, packages_up_to=None, packages_up_to_regex=None, packages_above=None, packages_above_and_dependencies=None, packages_above_depth=None, packages_select_by_dep=None, packages_skip_by_dep=None, packages_skip_up_to=None, packages_select_build_failed=False, packages_skip_build_finished=False, packages_select_test_failures=False, packages_skip_test_passed=False, packages_select=None, packages_skip=None, packages_select_regex=None, packages_skip_regex=None, packages_start=None, packages_end=None, allow_overriding=[], cmake_args=None, cmake_target=None, cmake_target_skip_unavailable=False, cmake_clean_cache=False, cmake_clean_first=False, cmake_force_configure=False, ament_cmake_args=None, catkin_cmake_args=None, catkin_skip_building_tests=False, mixin_files=None, mixin=None, verb_parser=<colcon_mixin.mixin.mixin_argument.MixinArgumentDecorator object at 0x7c2813f63490>, verb_extension=<colcon_core.verb.build.BuildVerb object at 0x7c2813f62e30>, main=<bound method BuildVerb.main of <colcon_core.verb.build.BuildVerb object at 0x7c2813f62e30>>, mixin_verb=('build',))
[0.419s] Level 1:colcon.colcon_core.package_discovery:discover_packages(colcon_meta) check parameters
[0.420s] Level 1:colcon.colcon_core.package_discovery:discover_packages(recursive) check parameters
[0.420s] Level 1:colcon.colcon_core.package_discovery:discover_packages(ignore) check parameters
[0.420s] Level 1:colcon.colcon_core.package_discovery:discover_packages(path) check parameters
[0.420s] Level 1:colcon.colcon_core.package_discovery:discover_packages(colcon_meta) discover
[0.420s] Level 1:colcon.colcon_core.package_discovery:discover_packages(recursive) discover
[0.420s] INFO:colcon.colcon_core.package_discovery:Crawling recursively for packages in '/home/imml/git/research_2025'
[0.420s] Level 1:colcon.colcon_core.package_identification:_identify(.) by extensions ['ignore', 'ignore_ament_install']
[0.420s] Level 1:colcon.colcon_core.package_identification:_identify(.) by extension 'ignore'
[0.420s] Level 1:colcon.colcon_core.package_identification:_identify(.) by extension 'ignore_ament_install'
[0.420s] Level 1:colcon.colcon_core.package_identification:_identify(.) by extensions ['colcon_pkg']
[0.420s] Level 1:colcon.colcon_core.package_identification:_identify(.) by extension 'colcon_pkg'
[0.420s] Level 1:colcon.colcon_core.package_identification:_identify(.) by extensions ['colcon_meta']
[0.420s] Level 1:colcon.colcon_core.package_identification:_identify(.) by extension 'colcon_meta'
[0.420s] Level 1:colcon.colcon_core.package_identification:_identify(.) by extensions ['ros']
[0.420s] Level 1:colcon.colcon_core.package_identification:_identify(.) by extension 'ros'
[0.447s] Level 1:colcon.colcon_core.package_identification:_identify(.) by extensions ['cmake', 'python']
[0.447s] Level 1:colcon.colcon_core.package_identification:_identify(.) by extension 'cmake'
[0.447s] Level 1:colcon.colcon_core.package_identification:_identify(.) by extension 'python'
[0.447s] Level 1:colcon.colcon_core.package_identification:_identify(.) by extensions ['python_setup_py']
[0.447s] Level 1:colcon.colcon_core.package_identification:_identify(.) by extension 'python_setup_py'
[0.448s] Level 1:colcon.colcon_core.package_identification:_identify(apple-harvest-refactor) by extensions ['ignore', 'ignore_ament_install']
[0.448s] Level 1:colcon.colcon_core.package_identification:_identify(apple-harvest-refactor) by extension 'ignore'
[0.448s] Level 1:colcon.colcon_core.package_identification:_identify(apple-harvest-refactor) by extension 'ignore_ament_install'
[0.448s] Level 1:colcon.colcon_core.package_identification:_identify(apple-harvest-refactor) by extensions ['colcon_pkg']
[0.448s] Level 1:colcon.colcon_core.package_identification:_identify(apple-harvest-refactor) by extension 'colcon_pkg'
[0.448s] Level 1:colcon.colcon_core.package_identification:_identify(apple-harvest-refactor) by extensions ['colcon_meta']
[0.448s] Level 1:colcon.colcon_core.package_identification:_identify(apple-harvest-refactor) by extension 'colcon_meta'
[0.448s] Level 1:colcon.colcon_core.package_identification:_identify(apple-harvest-refactor) by extensions ['ros']
[0.448s] Level 1:colcon.colcon_core.package_identification:_identify(apple-harvest-refactor) by extension 'ros'
[0.448s] Level 1:colcon.colcon_core.package_identification:_identify(apple-harvest-refactor) by extensions ['cmake', 'python']
[0.448s] Level 1:colcon.colcon_core.package_identification:_identify(apple-harvest-refactor) by extension 'cmake'
[0.448s] Level 1:colcon.colcon_core.package_identification:_identify(apple-harvest-refactor) by extension 'python'
[0.448s] Level 1:colcon.colcon_core.package_identification:_identify(apple-harvest-refactor) by extensions ['python_setup_py']
[0.448s] Level 1:colcon.colcon_core.package_identification:_identify(apple-harvest-refactor) by extension 'python_setup_py'
[0.449s] Level 1:colcon.colcon_core.package_identification:_identify(apple-harvest-refactor/build) by extensions ['ignore', 'ignore_ament_install']
[0.449s] Level 1:colcon.colcon_core.package_identification:_identify(apple-harvest-refactor/build) by extension 'ignore'
[0.449s] Level 1:colcon.colcon_core.package_identification:_identify(apple-harvest-refactor/build) ignored
[0.449s] Level 1:colcon.colcon_core.package_identification:_identify(apple-harvest-refactor/harvest) by extensions ['ignore', 'ignore_ament_install']
[0.449s] Level 1:colcon.colcon_core.package_identification:_identify(apple-harvest-refactor/harvest) by extension 'ignore'
[0.449s] Level 1:colcon.colcon_core.package_identification:_identify(apple-harvest-refactor/harvest) by extension 'ignore_ament_install'
[0.449s] Level 1:colcon.colcon_core.package_identification:_identify(apple-harvest-refactor/harvest) by extensions ['colcon_pkg']
[0.449s] Level 1:colcon.colcon_core.package_identification:_identify(apple-harvest-refactor/harvest) by extension 'colcon_pkg'
[0.449s] Level 1:colcon.colcon_core.package_identification:_identify(apple-harvest-refactor/harvest) by extensions ['colcon_meta']
[0.449s] Level 1:colcon.colcon_core.package_identification:_identify(apple-harvest-refactor/harvest) by extension 'colcon_meta'
[0.449s] Level 1:colcon.colcon_core.package_identification:_identify(apple-harvest-refactor/harvest) by extensions ['ros']
[0.449s] Level 1:colcon.colcon_core.package_identification:_identify(apple-harvest-refactor/harvest) by extension 'ros'
[0.452s] DEBUG:colcon.colcon_core.package_identification:Package 'apple-harvest-refactor/harvest' with type 'ros.ament_cmake' and name 'harvest'
[0.452s] Level 1:colcon.colcon_core.package_identification:_identify(apple-harvest-refactor/harvest_control) by extensions ['ignore', 'ignore_ament_install']
[0.452s] Level 1:colcon.colcon_core.package_identification:_identify(apple-harvest-refactor/harvest_control) by extension 'ignore'
[0.452s] Level 1:colcon.colcon_core.package_identification:_identify(apple-harvest-refactor/harvest_control) by extension 'ignore_ament_install'
[0.452s] Level 1:colcon.colcon_core.package_identification:_identify(apple-harvest-refactor/harvest_control) by extensions ['colcon_pkg']
[0.452s] Level 1:colcon.colcon_core.package_identification:_identify(apple-harvest-refactor/harvest_control) by extension 'colcon_pkg'
[0.452s] Level 1:colcon.colcon_core.package_identification:_identify(apple-harvest-refactor/harvest_control) by extensions ['colcon_meta']
[0.452s] Level 1:colcon.colcon_core.package_identification:_identify(apple-harvest-refactor/harvest_control) by extension 'colcon_meta'
[0.452s] Level 1:colcon.colcon_core.package_identification:_identify(apple-harvest-refactor/harvest_control) by extensions ['ros']
[0.452s] Level 1:colcon.colcon_core.package_identification:_identify(apple-harvest-refactor/harvest_control) by extension 'ros'
[0.453s] DEBUG:colcon.colcon_core.package_identification:Package 'apple-harvest-refactor/harvest_control' with type 'ros.ament_cmake' and name 'harvest_control'
[0.453s] Level 1:colcon.colcon_core.package_identification:_identify(apple-harvest-refactor/harvest_hardware) by extensions ['ignore', 'ignore_ament_install']
[0.453s] Level 1:colcon.colcon_core.package_identification:_identify(apple-harvest-refactor/harvest_hardware) by extension 'ignore'
[0.453s] Level 1:colcon.colcon_core.package_identification:_identify(apple-harvest-refactor/harvest_hardware) by extension 'ignore_ament_install'
[0.453s] Level 1:colcon.colcon_core.package_identification:_identify(apple-harvest-refactor/harvest_hardware) by extensions ['colcon_pkg']
[0.453s] Level 1:colcon.colcon_core.package_identification:_identify(apple-harvest-refactor/harvest_hardware) by extension 'colcon_pkg'
[0.453s] Level 1:colcon.colcon_core.package_identification:_identify(apple-harvest-refactor/harvest_hardware) by extensions ['colcon_meta']
[0.453s] Level 1:colcon.colcon_core.package_identification:_identify(apple-harvest-refactor/harvest_hardware) by extension 'colcon_meta'
[0.454s] Level 1:colcon.colcon_core.package_identification:_identify(apple-harvest-refactor/harvest_hardware) by extensions ['ros']
[0.454s] Level 1:colcon.colcon_core.package_identification:_identify(apple-harvest-refactor/harvest_hardware) by extension 'ros'
[0.454s] Level 1:colcon.colcon_core.package_identification:_identify(apple-harvest-refactor/harvest_hardware) by extensions ['cmake', 'python']
[0.454s] Level 1:colcon.colcon_core.package_identification:_identify(apple-harvest-refactor/harvest_hardware) by extension 'cmake'
[0.454s] Level 1:colcon.colcon_core.package_identification:_identify(apple-harvest-refactor/harvest_hardware) by extension 'python'
[0.454s] Level 1:colcon.colcon_core.package_identification:_identify(apple-harvest-refactor/harvest_hardware) by extensions ['python_setup_py']
[0.454s] Level 1:colcon.colcon_core.package_identification:_identify(apple-harvest-refactor/harvest_hardware) by extension 'python_setup_py'
[0.454s] Level 1:colcon.colcon_core.package_identification:_identify(apple-harvest-refactor/harvest_hardware/Universal_Robots_ROS2_Description) by extensions ['ignore', 'ignore_ament_install']
[0.454s] Level 1:colcon.colcon_core.package_identification:_identify(apple-harvest-refactor/harvest_hardware/Universal_Robots_ROS2_Description) by extension 'ignore'
[0.454s] Level 1:colcon.colcon_core.package_identification:_identify(apple-harvest-refactor/harvest_hardware/Universal_Robots_ROS2_Description) by extension 'ignore_ament_install'
[0.454s] Level 1:colcon.colcon_core.package_identification:_identify(apple-harvest-refactor/harvest_hardware/Universal_Robots_ROS2_Description) by extensions ['colcon_pkg']
[0.454s] Level 1:colcon.colcon_core.package_identification:_identify(apple-harvest-refactor/harvest_hardware/Universal_Robots_ROS2_Description) by extension 'colcon_pkg'
[0.454s] Level 1:colcon.colcon_core.package_identification:_identify(apple-harvest-refactor/harvest_hardware/Universal_Robots_ROS2_Description) by extensions ['colcon_meta']
[0.454s] Level 1:colcon.colcon_core.package_identification:_identify(apple-harvest-refactor/harvest_hardware/Universal_Robots_ROS2_Description) by extension 'colcon_meta'
[0.454s] Level 1:colcon.colcon_core.package_identification:_identify(apple-harvest-refactor/harvest_hardware/Universal_Robots_ROS2_Description) by extensions ['ros']
[0.454s] Level 1:colcon.colcon_core.package_identification:_identify(apple-harvest-refactor/harvest_hardware/Universal_Robots_ROS2_Description) by extension 'ros'
[0.456s] DEBUG:colcon.colcon_core.package_identification:Package 'apple-harvest-refactor/harvest_hardware/Universal_Robots_ROS2_Description' with type 'ros.ament_cmake' and name 'ur_description'
[0.457s] Level 1:colcon.colcon_core.package_identification:_identify(apple-harvest-refactor/harvest_hardware/Universal_Robots_ROS2_Driver) by extensions ['ignore', 'ignore_ament_install']
[0.458s] Level 1:colcon.colcon_core.package_identification:_identify(apple-harvest-refactor/harvest_hardware/Universal_Robots_ROS2_Driver) by extension 'ignore'
[0.458s] Level 1:colcon.colcon_core.package_identification:_identify(apple-harvest-refactor/harvest_hardware/Universal_Robots_ROS2_Driver) by extension 'ignore_ament_install'
[0.458s] Level 1:colcon.colcon_core.package_identification:_identify(apple-harvest-refactor/harvest_hardware/Universal_Robots_ROS2_Driver) by extensions ['colcon_pkg']
[0.458s] Level 1:colcon.colcon_core.package_identification:_identify(apple-harvest-refactor/harvest_hardware/Universal_Robots_ROS2_Driver) by extension 'colcon_pkg'
[0.458s] Level 1:colcon.colcon_core.package_identification:_identify(apple-harvest-refactor/harvest_hardware/Universal_Robots_ROS2_Driver) by extensions ['colcon_meta']
[0.458s] Level 1:colcon.colcon_core.package_identification:_identify(apple-harvest-refactor/harvest_hardware/Universal_Robots_ROS2_Driver) by extension 'colcon_meta'
[0.458s] Level 1:colcon.colcon_core.package_identification:_identify(apple-harvest-refactor/harvest_hardware/Universal_Robots_ROS2_Driver) by extensions ['ros']
[0.458s] Level 1:colcon.colcon_core.package_identification:_identify(apple-harvest-refactor/harvest_hardware/Universal_Robots_ROS2_Driver) by extension 'ros'
[0.458s] Level 1:colcon.colcon_core.package_identification:_identify(apple-harvest-refactor/harvest_hardware/Universal_Robots_ROS2_Driver) by extensions ['cmake', 'python']
[0.458s] Level 1:colcon.colcon_core.package_identification:_identify(apple-harvest-refactor/harvest_hardware/Universal_Robots_ROS2_Driver) by extension 'cmake'
[0.458s] Level 1:colcon.colcon_core.package_identification:_identify(apple-harvest-refactor/harvest_hardware/Universal_Robots_ROS2_Driver) by extension 'python'
[0.458s] Level 1:colcon.colcon_core.package_identification:_identify(apple-harvest-refactor/harvest_hardware/Universal_Robots_ROS2_Driver) by extensions ['python_setup_py']
[0.458s] Level 1:colcon.colcon_core.package_identification:_identify(apple-harvest-refactor/harvest_hardware/Universal_Robots_ROS2_Driver) by extension 'python_setup_py'
[0.458s] Level 1:colcon.colcon_core.package_identification:_identify(apple-harvest-refactor/harvest_hardware/Universal_Robots_ROS2_Driver/ur) by extensions ['ignore', 'ignore_ament_install']
[0.459s] Level 1:colcon.colcon_core.package_identification:_identify(apple-harvest-refactor/harvest_hardware/Universal_Robots_ROS2_Driver/ur) by extension 'ignore'
[0.459s] Level 1:colcon.colcon_core.package_identification:_identify(apple-harvest-refactor/harvest_hardware/Universal_Robots_ROS2_Driver/ur) by extension 'ignore_ament_install'
[0.459s] Level 1:colcon.colcon_core.package_identification:_identify(apple-harvest-refactor/harvest_hardware/Universal_Robots_ROS2_Driver/ur) by extensions ['colcon_pkg']
[0.459s] Level 1:colcon.colcon_core.package_identification:_identify(apple-harvest-refactor/harvest_hardware/Universal_Robots_ROS2_Driver/ur) by extension 'colcon_pkg'
[0.459s] Level 1:colcon.colcon_core.package_identification:_identify(apple-harvest-refactor/harvest_hardware/Universal_Robots_ROS2_Driver/ur) by extensions ['colcon_meta']
[0.459s] Level 1:colcon.colcon_core.package_identification:_identify(apple-harvest-refactor/harvest_hardware/Universal_Robots_ROS2_Driver/ur) by extension 'colcon_meta'
[0.459s] Level 1:colcon.colcon_core.package_identification:_identify(apple-harvest-refactor/harvest_hardware/Universal_Robots_ROS2_Driver/ur) by extensions ['ros']
[0.459s] Level 1:colcon.colcon_core.package_identification:_identify(apple-harvest-refactor/harvest_hardware/Universal_Robots_ROS2_Driver/ur) by extension 'ros'
[0.459s] DEBUG:colcon.colcon_core.package_identification:Package 'apple-harvest-refactor/harvest_hardware/Universal_Robots_ROS2_Driver/ur' with type 'ros.ament_cmake' and name 'ur'
[0.460s] Level 1:colcon.colcon_core.package_identification:_identify(apple-harvest-refactor/harvest_hardware/Universal_Robots_ROS2_Driver/ur_bringup) by extensions ['ignore', 'ignore_ament_install']
[0.460s] Level 1:colcon.colcon_core.package_identification:_identify(apple-harvest-refactor/harvest_hardware/Universal_Robots_ROS2_Driver/ur_bringup) by extension 'ignore'
[0.460s] Level 1:colcon.colcon_core.package_identification:_identify(apple-harvest-refactor/harvest_hardware/Universal_Robots_ROS2_Driver/ur_bringup) by extension 'ignore_ament_install'
[0.460s] Level 1:colcon.colcon_core.package_identification:_identify(apple-harvest-refactor/harvest_hardware/Universal_Robots_ROS2_Driver/ur_bringup) by extensions ['colcon_pkg']
[0.460s] Level 1:colcon.colcon_core.package_identification:_identify(apple-harvest-refactor/harvest_hardware/Universal_Robots_ROS2_Driver/ur_bringup) by extension 'colcon_pkg'
[0.460s] Level 1:colcon.colcon_core.package_identification:_identify(apple-harvest-refactor/harvest_hardware/Universal_Robots_ROS2_Driver/ur_bringup) by extensions ['colcon_meta']
[0.460s] Level 1:colcon.colcon_core.package_identification:_identify(apple-harvest-refactor/harvest_hardware/Universal_Robots_ROS2_Driver/ur_bringup) by extension 'colcon_meta'
[0.460s] Level 1:colcon.colcon_core.package_identification:_identify(apple-harvest-refactor/harvest_hardware/Universal_Robots_ROS2_Driver/ur_bringup) by extensions ['ros']
[0.460s] Level 1:colcon.colcon_core.package_identification:_identify(apple-harvest-refactor/harvest_hardware/Universal_Robots_ROS2_Driver/ur_bringup) by extension 'ros'
[0.461s] DEBUG:colcon.colcon_core.package_identification:Package 'apple-harvest-refactor/harvest_hardware/Universal_Robots_ROS2_Driver/ur_bringup' with type 'ros.ament_cmake' and name 'ur_bringup'
[0.461s] Level 1:colcon.colcon_core.package_identification:_identify(apple-harvest-refactor/harvest_hardware/Universal_Robots_ROS2_Driver/ur_calibration) by extensions ['ignore', 'ignore_ament_install']
[0.461s] Level 1:colcon.colcon_core.package_identification:_identify(apple-harvest-refactor/harvest_hardware/Universal_Robots_ROS2_Driver/ur_calibration) by extension 'ignore'
[0.461s] Level 1:colcon.colcon_core.package_identification:_identify(apple-harvest-refactor/harvest_hardware/Universal_Robots_ROS2_Driver/ur_calibration) by extension 'ignore_ament_install'
[0.461s] Level 1:colcon.colcon_core.package_identification:_identify(apple-harvest-refactor/harvest_hardware/Universal_Robots_ROS2_Driver/ur_calibration) by extensions ['colcon_pkg']
[0.461s] Level 1:colcon.colcon_core.package_identification:_identify(apple-harvest-refactor/harvest_hardware/Universal_Robots_ROS2_Driver/ur_calibration) by extension 'colcon_pkg'
[0.461s] Level 1:colcon.colcon_core.package_identification:_identify(apple-harvest-refactor/harvest_hardware/Universal_Robots_ROS2_Driver/ur_calibration) by extensions ['colcon_meta']
[0.461s] Level 1:colcon.colcon_core.package_identification:_identify(apple-harvest-refactor/harvest_hardware/Universal_Robots_ROS2_Driver/ur_calibration) by extension 'colcon_meta'
[0.461s] Level 1:colcon.colcon_core.package_identification:_identify(apple-harvest-refactor/harvest_hardware/Universal_Robots_ROS2_Driver/ur_calibration) by extensions ['ros']
[0.461s] Level 1:colcon.colcon_core.package_identification:_identify(apple-harvest-refactor/harvest_hardware/Universal_Robots_ROS2_Driver/ur_calibration) by extension 'ros'
[0.462s] DEBUG:colcon.colcon_core.package_identification:Package 'apple-harvest-refactor/harvest_hardware/Universal_Robots_ROS2_Driver/ur_calibration' with type 'ros.ament_cmake' and name 'ur_calibration'
[0.462s] Level 1:colcon.colcon_core.package_identification:_identify(apple-harvest-refactor/harvest_hardware/Universal_Robots_ROS2_Driver/ur_controllers) by extensions ['ignore', 'ignore_ament_install']
[0.462s] Level 1:colcon.colcon_core.package_identification:_identify(apple-harvest-refactor/harvest_hardware/Universal_Robots_ROS2_Driver/ur_controllers) by extension 'ignore'
[0.462s] Level 1:colcon.colcon_core.package_identification:_identify(apple-harvest-refactor/harvest_hardware/Universal_Robots_ROS2_Driver/ur_controllers) by extension 'ignore_ament_install'
[0.462s] Level 1:colcon.colcon_core.package_identification:_identify(apple-harvest-refactor/harvest_hardware/Universal_Robots_ROS2_Driver/ur_controllers) by extensions ['colcon_pkg']
[0.462s] Level 1:colcon.colcon_core.package_identification:_identify(apple-harvest-refactor/harvest_hardware/Universal_Robots_ROS2_Driver/ur_controllers) by extension 'colcon_pkg'
[0.462s] Level 1:colcon.colcon_core.package_identification:_identify(apple-harvest-refactor/harvest_hardware/Universal_Robots_ROS2_Driver/ur_controllers) by extensions ['colcon_meta']
[0.462s] Level 1:colcon.colcon_core.package_identification:_identify(apple-harvest-refactor/harvest_hardware/Universal_Robots_ROS2_Driver/ur_controllers) by extension 'colcon_meta'
[0.462s] Level 1:colcon.colcon_core.package_identification:_identify(apple-harvest-refactor/harvest_hardware/Universal_Robots_ROS2_Driver/ur_controllers) by extensions ['ros']
[0.462s] Level 1:colcon.colcon_core.package_identification:_identify(apple-harvest-refactor/harvest_hardware/Universal_Robots_ROS2_Driver/ur_controllers) by extension 'ros'
[0.463s] DEBUG:colcon.colcon_core.package_identification:Package 'apple-harvest-refactor/harvest_hardware/Universal_Robots_ROS2_Driver/ur_controllers' with type 'ros.ament_cmake' and name 'ur_controllers'
[0.463s] Level 1:colcon.colcon_core.package_identification:_identify(apple-harvest-refactor/harvest_hardware/Universal_Robots_ROS2_Driver/ur_dashboard_msgs) by extensions ['ignore', 'ignore_ament_install']
[0.463s] Level 1:colcon.colcon_core.package_identification:_identify(apple-harvest-refactor/harvest_hardware/Universal_Robots_ROS2_Driver/ur_dashboard_msgs) by extension 'ignore'
[0.463s] Level 1:colcon.colcon_core.package_identification:_identify(apple-harvest-refactor/harvest_hardware/Universal_Robots_ROS2_Driver/ur_dashboard_msgs) by extension 'ignore_ament_install'
[0.463s] Level 1:colcon.colcon_core.package_identification:_identify(apple-harvest-refactor/harvest_hardware/Universal_Robots_ROS2_Driver/ur_dashboard_msgs) by extensions ['colcon_pkg']
[0.464s] Level 1:colcon.colcon_core.package_identification:_identify(apple-harvest-refactor/harvest_hardware/Universal_Robots_ROS2_Driver/ur_dashboard_msgs) by extension 'colcon_pkg'
[0.464s] Level 1:colcon.colcon_core.package_identification:_identify(apple-harvest-refactor/harvest_hardware/Universal_Robots_ROS2_Driver/ur_dashboard_msgs) by extensions ['colcon_meta']
[0.464s] Level 1:colcon.colcon_core.package_identification:_identify(apple-harvest-refactor/harvest_hardware/Universal_Robots_ROS2_Driver/ur_dashboard_msgs) by extension 'colcon_meta'
[0.464s] Level 1:colcon.colcon_core.package_identification:_identify(apple-harvest-refactor/harvest_hardware/Universal_Robots_ROS2_Driver/ur_dashboard_msgs) by extensions ['ros']
[0.464s] Level 1:colcon.colcon_core.package_identification:_identify(apple-harvest-refactor/harvest_hardware/Universal_Robots_ROS2_Driver/ur_dashboard_msgs) by extension 'ros'
[0.464s] DEBUG:colcon.colcon_core.package_identification:Package 'apple-harvest-refactor/harvest_hardware/Universal_Robots_ROS2_Driver/ur_dashboard_msgs' with type 'ros.ament_cmake' and name 'ur_dashboard_msgs'
[0.464s] Level 1:colcon.colcon_core.package_identification:_identify(apple-harvest-refactor/harvest_hardware/Universal_Robots_ROS2_Driver/ur_moveit_config) by extensions ['ignore', 'ignore_ament_install']
[0.464s] Level 1:colcon.colcon_core.package_identification:_identify(apple-harvest-refactor/harvest_hardware/Universal_Robots_ROS2_Driver/ur_moveit_config) by extension 'ignore'
[0.464s] Level 1:colcon.colcon_core.package_identification:_identify(apple-harvest-refactor/harvest_hardware/Universal_Robots_ROS2_Driver/ur_moveit_config) by extension 'ignore_ament_install'
[0.464s] Level 1:colcon.colcon_core.package_identification:_identify(apple-harvest-refactor/harvest_hardware/Universal_Robots_ROS2_Driver/ur_moveit_config) by extensions ['colcon_pkg']
[0.465s] Level 1:colcon.colcon_core.package_identification:_identify(apple-harvest-refactor/harvest_hardware/Universal_Robots_ROS2_Driver/ur_moveit_config) by extension 'colcon_pkg'
[0.465s] Level 1:colcon.colcon_core.package_identification:_identify(apple-harvest-refactor/harvest_hardware/Universal_Robots_ROS2_Driver/ur_moveit_config) by extensions ['colcon_meta']
[0.465s] Level 1:colcon.colcon_core.package_identification:_identify(apple-harvest-refactor/harvest_hardware/Universal_Robots_ROS2_Driver/ur_moveit_config) by extension 'colcon_meta'
[0.465s] Level 1:colcon.colcon_core.package_identification:_identify(apple-harvest-refactor/harvest_hardware/Universal_Robots_ROS2_Driver/ur_moveit_config) by extensions ['ros']
[0.465s] Level 1:colcon.colcon_core.package_identification:_identify(apple-harvest-refactor/harvest_hardware/Universal_Robots_ROS2_Driver/ur_moveit_config) by extension 'ros'
[0.465s] DEBUG:colcon.colcon_core.package_identification:Package 'apple-harvest-refactor/harvest_hardware/Universal_Robots_ROS2_Driver/ur_moveit_config' with type 'ros.ament_cmake' and name 'ur_moveit_config'
[0.465s] Level 1:colcon.colcon_core.package_identification:_identify(apple-harvest-refactor/harvest_hardware/Universal_Robots_ROS2_Driver/ur_robot_driver) by extensions ['ignore', 'ignore_ament_install']
[0.465s] Level 1:colcon.colcon_core.package_identification:_identify(apple-harvest-refactor/harvest_hardware/Universal_Robots_ROS2_Driver/ur_robot_driver) by extension 'ignore'
[0.466s] Level 1:colcon.colcon_core.package_identification:_identify(apple-harvest-refactor/harvest_hardware/Universal_Robots_ROS2_Driver/ur_robot_driver) by extension 'ignore_ament_install'
[0.466s] Level 1:colcon.colcon_core.package_identification:_identify(apple-harvest-refactor/harvest_hardware/Universal_Robots_ROS2_Driver/ur_robot_driver) by extensions ['colcon_pkg']
[0.466s] Level 1:colcon.colcon_core.package_identification:_identify(apple-harvest-refactor/harvest_hardware/Universal_Robots_ROS2_Driver/ur_robot_driver) by extension 'colcon_pkg'
[0.466s] Level 1:colcon.colcon_core.package_identification:_identify(apple-harvest-refactor/harvest_hardware/Universal_Robots_ROS2_Driver/ur_robot_driver) by extensions ['colcon_meta']
[0.466s] Level 1:colcon.colcon_core.package_identification:_identify(apple-harvest-refactor/harvest_hardware/Universal_Robots_ROS2_Driver/ur_robot_driver) by extension 'colcon_meta'
[0.466s] Level 1:colcon.colcon_core.package_identification:_identify(apple-harvest-refactor/harvest_hardware/Universal_Robots_ROS2_Driver/ur_robot_driver) by extensions ['ros']
[0.466s] Level 1:colcon.colcon_core.package_identification:_identify(apple-harvest-refactor/harvest_hardware/Universal_Robots_ROS2_Driver/ur_robot_driver) by extension 'ros'
[0.467s] DEBUG:colcon.colcon_core.package_identification:Package 'apple-harvest-refactor/harvest_hardware/Universal_Robots_ROS2_Driver/ur_robot_driver' with type 'ros.ament_cmake' and name 'ur_robot_driver'
[0.467s] Level 1:colcon.colcon_core.package_identification:_identify(apple-harvest-refactor/harvest_hardware/realsense-ros) by extensions ['ignore', 'ignore_ament_install']
[0.467s] Level 1:colcon.colcon_core.package_identification:_identify(apple-harvest-refactor/harvest_hardware/realsense-ros) by extension 'ignore'
[0.468s] Level 1:colcon.colcon_core.package_identification:_identify(apple-harvest-refactor/harvest_hardware/realsense-ros) by extension 'ignore_ament_install'
[0.468s] Level 1:colcon.colcon_core.package_identification:_identify(apple-harvest-refactor/harvest_hardware/realsense-ros) by extensions ['colcon_pkg']
[0.468s] Level 1:colcon.colcon_core.package_identification:_identify(apple-harvest-refactor/harvest_hardware/realsense-ros) by extension 'colcon_pkg'
[0.468s] Level 1:colcon.colcon_core.package_identification:_identify(apple-harvest-refactor/harvest_hardware/realsense-ros) by extensions ['colcon_meta']
[0.468s] Level 1:colcon.colcon_core.package_identification:_identify(apple-harvest-refactor/harvest_hardware/realsense-ros) by extension 'colcon_meta'
[0.468s] Level 1:colcon.colcon_core.package_identification:_identify(apple-harvest-refactor/harvest_hardware/realsense-ros) by extensions ['ros']
[0.468s] Level 1:colcon.colcon_core.package_identification:_identify(apple-harvest-refactor/harvest_hardware/realsense-ros) by extension 'ros'
[0.468s] Level 1:colcon.colcon_core.package_identification:_identify(apple-harvest-refactor/harvest_hardware/realsense-ros) by extensions ['cmake', 'python']
[0.468s] Level 1:colcon.colcon_core.package_identification:_identify(apple-harvest-refactor/harvest_hardware/realsense-ros) by extension 'cmake'
[0.468s] Level 1:colcon.colcon_core.package_identification:_identify(apple-harvest-refactor/harvest_hardware/realsense-ros) by extension 'python'
[0.468s] Level 1:colcon.colcon_core.package_identification:_identify(apple-harvest-refactor/harvest_hardware/realsense-ros) by extensions ['python_setup_py']
[0.468s] Level 1:colcon.colcon_core.package_identification:_identify(apple-harvest-refactor/harvest_hardware/realsense-ros) by extension 'python_setup_py'
[0.468s] Level 1:colcon.colcon_core.package_identification:_identify(apple-harvest-refactor/harvest_hardware/realsense-ros/realsense2_camera) by extensions ['ignore', 'ignore_ament_install']
[0.468s] Level 1:colcon.colcon_core.package_identification:_identify(apple-harvest-refactor/harvest_hardware/realsense-ros/realsense2_camera) by extension 'ignore'
[0.468s] Level 1:colcon.colcon_core.package_identification:_identify(apple-harvest-refactor/harvest_hardware/realsense-ros/realsense2_camera) by extension 'ignore_ament_install'
[0.468s] Level 1:colcon.colcon_core.package_identification:_identify(apple-harvest-refactor/harvest_hardware/realsense-ros/realsense2_camera) by extensions ['colcon_pkg']
[0.468s] Level 1:colcon.colcon_core.package_identification:_identify(apple-harvest-refactor/harvest_hardware/realsense-ros/realsense2_camera) by extension 'colcon_pkg'
[0.468s] Level 1:colcon.colcon_core.package_identification:_identify(apple-harvest-refactor/harvest_hardware/realsense-ros/realsense2_camera) by extensions ['colcon_meta']
[0.468s] Level 1:colcon.colcon_core.package_identification:_identify(apple-harvest-refactor/harvest_hardware/realsense-ros/realsense2_camera) by extension 'colcon_meta'
[0.468s] Level 1:colcon.colcon_core.package_identification:_identify(apple-harvest-refactor/harvest_hardware/realsense-ros/realsense2_camera) by extensions ['ros']
[0.468s] Level 1:colcon.colcon_core.package_identification:_identify(apple-harvest-refactor/harvest_hardware/realsense-ros/realsense2_camera) by extension 'ros'
[0.473s] DEBUG:colcon.colcon_core.package_identification:Package 'apple-harvest-refactor/harvest_hardware/realsense-ros/realsense2_camera' with type 'ros.ament_cmake' and name 'realsense2_camera'
[0.473s] Level 1:colcon.colcon_core.package_identification:_identify(apple-harvest-refactor/harvest_hardware/realsense-ros/realsense2_camera_msgs) by extensions ['ignore', 'ignore_ament_install']
[0.473s] Level 1:colcon.colcon_core.package_identification:_identify(apple-harvest-refactor/harvest_hardware/realsense-ros/realsense2_camera_msgs) by extension 'ignore'
[0.473s] Level 1:colcon.colcon_core.package_identification:_identify(apple-harvest-refactor/harvest_hardware/realsense-ros/realsense2_camera_msgs) by extension 'ignore_ament_install'
[0.473s] Level 1:colcon.colcon_core.package_identification:_identify(apple-harvest-refactor/harvest_hardware/realsense-ros/realsense2_camera_msgs) by extensions ['colcon_pkg']
[0.473s] Level 1:colcon.colcon_core.package_identification:_identify(apple-harvest-refactor/harvest_hardware/realsense-ros/realsense2_camera_msgs) by extension 'colcon_pkg'
[0.473s] Level 1:colcon.colcon_core.package_identification:_identify(apple-harvest-refactor/harvest_hardware/realsense-ros/realsense2_camera_msgs) by extensions ['colcon_meta']
[0.474s] Level 1:colcon.colcon_core.package_identification:_identify(apple-harvest-refactor/harvest_hardware/realsense-ros/realsense2_camera_msgs) by extension 'colcon_meta'
[0.474s] Level 1:colcon.colcon_core.package_identification:_identify(apple-harvest-refactor/harvest_hardware/realsense-ros/realsense2_camera_msgs) by extensions ['ros']
[0.474s] Level 1:colcon.colcon_core.package_identification:_identify(apple-harvest-refactor/harvest_hardware/realsense-ros/realsense2_camera_msgs) by extension 'ros'
[0.474s] DEBUG:colcon.colcon_core.package_identification:Package 'apple-harvest-refactor/harvest_hardware/realsense-ros/realsense2_camera_msgs' with type 'ros.ament_cmake' and name 'realsense2_camera_msgs'
[0.474s] Level 1:colcon.colcon_core.package_identification:_identify(apple-harvest-refactor/harvest_hardware/realsense-ros/realsense2_description) by extensions ['ignore', 'ignore_ament_install']
[0.474s] Level 1:colcon.colcon_core.package_identification:_identify(apple-harvest-refactor/harvest_hardware/realsense-ros/realsense2_description) by extension 'ignore'
[0.474s] Level 1:colcon.colcon_core.package_identification:_identify(apple-harvest-refactor/harvest_hardware/realsense-ros/realsense2_description) by extension 'ignore_ament_install'
[0.474s] Level 1:colcon.colcon_core.package_identification:_identify(apple-harvest-refactor/harvest_hardware/realsense-ros/realsense2_description) by extensions ['colcon_pkg']
[0.474s] Level 1:colcon.colcon_core.package_identification:_identify(apple-harvest-refactor/harvest_hardware/realsense-ros/realsense2_description) by extension 'colcon_pkg'
[0.474s] Level 1:colcon.colcon_core.package_identification:_identify(apple-harvest-refactor/harvest_hardware/realsense-ros/realsense2_description) by extensions ['colcon_meta']
[0.475s] Level 1:colcon.colcon_core.package_identification:_identify(apple-harvest-refactor/harvest_hardware/realsense-ros/realsense2_description) by extension 'colcon_meta'
[0.475s] Level 1:colcon.colcon_core.package_identification:_identify(apple-harvest-refactor/harvest_hardware/realsense-ros/realsense2_description) by extensions ['ros']
[0.475s] Level 1:colcon.colcon_core.package_identification:_identify(apple-harvest-refactor/harvest_hardware/realsense-ros/realsense2_description) by extension 'ros'
[0.475s] DEBUG:colcon.colcon_core.package_identification:Package 'apple-harvest-refactor/harvest_hardware/realsense-ros/realsense2_description' with type 'ros.ament_cmake' and name 'realsense2_description'
[0.475s] Level 1:colcon.colcon_core.package_identification:_identify(apple-harvest-refactor/harvest_hardware/realsense-ros/scripts) by extensions ['ignore', 'ignore_ament_install']
[0.475s] Level 1:colcon.colcon_core.package_identification:_identify(apple-harvest-refactor/harvest_hardware/realsense-ros/scripts) by extension 'ignore'
[0.475s] Level 1:colcon.colcon_core.package_identification:_identify(apple-harvest-refactor/harvest_hardware/realsense-ros/scripts) by extension 'ignore_ament_install'
[0.475s] Level 1:colcon.colcon_core.package_identification:_identify(apple-harvest-refactor/harvest_hardware/realsense-ros/scripts) by extensions ['colcon_pkg']
[0.476s] Level 1:colcon.colcon_core.package_identification:_identify(apple-harvest-refactor/harvest_hardware/realsense-ros/scripts) by extension 'colcon_pkg'
[0.476s] Level 1:colcon.colcon_core.package_identification:_identify(apple-harvest-refactor/harvest_hardware/realsense-ros/scripts) by extensions ['colcon_meta']
[0.476s] Level 1:colcon.colcon_core.package_identification:_identify(apple-harvest-refactor/harvest_hardware/realsense-ros/scripts) by extension 'colcon_meta'
[0.476s] Level 1:colcon.colcon_core.package_identification:_identify(apple-harvest-refactor/harvest_hardware/realsense-ros/scripts) by extensions ['ros']
[0.476s] Level 1:colcon.colcon_core.package_identification:_identify(apple-harvest-refactor/harvest_hardware/realsense-ros/scripts) by extension 'ros'
[0.476s] Level 1:colcon.colcon_core.package_identification:_identify(apple-harvest-refactor/harvest_hardware/realsense-ros/scripts) by extensions ['cmake', 'python']
[0.476s] Level 1:colcon.colcon_core.package_identification:_identify(apple-harvest-refactor/harvest_hardware/realsense-ros/scripts) by extension 'cmake'
[0.476s] Level 1:colcon.colcon_core.package_identification:_identify(apple-harvest-refactor/harvest_hardware/realsense-ros/scripts) by extension 'python'
[0.476s] Level 1:colcon.colcon_core.package_identification:_identify(apple-harvest-refactor/harvest_hardware/realsense-ros/scripts) by extensions ['python_setup_py']
[0.476s] Level 1:colcon.colcon_core.package_identification:_identify(apple-harvest-refactor/harvest_hardware/realsense-ros/scripts) by extension 'python_setup_py'
[0.476s] Level 1:colcon.colcon_core.package_identification:_identify(apple-harvest-refactor/harvest_hardware/ur5e_custom_hardware) by extensions ['ignore', 'ignore_ament_install']
[0.476s] Level 1:colcon.colcon_core.package_identification:_identify(apple-harvest-refactor/harvest_hardware/ur5e_custom_hardware) by extension 'ignore'
[0.476s] Level 1:colcon.colcon_core.package_identification:_identify(apple-harvest-refactor/harvest_hardware/ur5e_custom_hardware) by extension 'ignore_ament_install'
[0.476s] Level 1:colcon.colcon_core.package_identification:_identify(apple-harvest-refactor/harvest_hardware/ur5e_custom_hardware) by extensions ['colcon_pkg']
[0.476s] Level 1:colcon.colcon_core.package_identification:_identify(apple-harvest-refactor/harvest_hardware/ur5e_custom_hardware) by extension 'colcon_pkg'
[0.476s] Level 1:colcon.colcon_core.package_identification:_identify(apple-harvest-refactor/harvest_hardware/ur5e_custom_hardware) by extensions ['colcon_meta']
[0.476s] Level 1:colcon.colcon_core.package_identification:_identify(apple-harvest-refactor/harvest_hardware/ur5e_custom_hardware) by extension 'colcon_meta'
[0.476s] Level 1:colcon.colcon_core.package_identification:_identify(apple-harvest-refactor/harvest_hardware/ur5e_custom_hardware) by extensions ['ros']
[0.476s] Level 1:colcon.colcon_core.package_identification:_identify(apple-harvest-refactor/harvest_hardware/ur5e_custom_hardware) by extension 'ros'
[0.477s] DEBUG:colcon.colcon_core.package_identification:Package 'apple-harvest-refactor/harvest_hardware/ur5e_custom_hardware' with type 'ros.ament_python' and name 'ur5e_custom_hardware'
[0.477s] Level 1:colcon.colcon_core.package_identification:_identify(apple-harvest-refactor/harvest_interfaces) by extensions ['ignore', 'ignore_ament_install']
[0.477s] Level 1:colcon.colcon_core.package_identification:_identify(apple-harvest-refactor/harvest_interfaces) by extension 'ignore'
[0.477s] Level 1:colcon.colcon_core.package_identification:_identify(apple-harvest-refactor/harvest_interfaces) by extension 'ignore_ament_install'
[0.477s] Level 1:colcon.colcon_core.package_identification:_identify(apple-harvest-refactor/harvest_interfaces) by extensions ['colcon_pkg']
[0.477s] Level 1:colcon.colcon_core.package_identification:_identify(apple-harvest-refactor/harvest_interfaces) by extension 'colcon_pkg'
[0.477s] Level 1:colcon.colcon_core.package_identification:_identify(apple-harvest-refactor/harvest_interfaces) by extensions ['colcon_meta']
[0.477s] Level 1:colcon.colcon_core.package_identification:_identify(apple-harvest-refactor/harvest_interfaces) by extension 'colcon_meta'
[0.477s] Level 1:colcon.colcon_core.package_identification:_identify(apple-harvest-refactor/harvest_interfaces) by extensions ['ros']
[0.477s] Level 1:colcon.colcon_core.package_identification:_identify(apple-harvest-refactor/harvest_interfaces) by extension 'ros'
[0.478s] DEBUG:colcon.colcon_core.package_identification:Package 'apple-harvest-refactor/harvest_interfaces' with type 'ros.ament_cmake' and name 'harvest_interfaces'
[0.478s] Level 1:colcon.colcon_core.package_identification:_identify(apple-harvest-refactor/harvest_vision) by extensions ['ignore', 'ignore_ament_install']
[0.478s] Level 1:colcon.colcon_core.package_identification:_identify(apple-harvest-refactor/harvest_vision) by extension 'ignore'
[0.478s] Level 1:colcon.colcon_core.package_identification:_identify(apple-harvest-refactor/harvest_vision) by extension 'ignore_ament_install'
[0.478s] Level 1:colcon.colcon_core.package_identification:_identify(apple-harvest-refactor/harvest_vision) by extensions ['colcon_pkg']
[0.478s] Level 1:colcon.colcon_core.package_identification:_identify(apple-harvest-refactor/harvest_vision) by extension 'colcon_pkg'
[0.478s] Level 1:colcon.colcon_core.package_identification:_identify(apple-harvest-refactor/harvest_vision) by extensions ['colcon_meta']
[0.478s] Level 1:colcon.colcon_core.package_identification:_identify(apple-harvest-refactor/harvest_vision) by extension 'colcon_meta'
[0.478s] Level 1:colcon.colcon_core.package_identification:_identify(apple-harvest-refactor/harvest_vision) by extensions ['ros']
[0.478s] Level 1:colcon.colcon_core.package_identification:_identify(apple-harvest-refactor/harvest_vision) by extension 'ros'
[0.479s] DEBUG:colcon.colcon_core.package_identification:Package 'apple-harvest-refactor/harvest_vision' with type 'ros.ament_python' and name 'harvest_vision'
[0.479s] Level 1:colcon.colcon_core.package_identification:_identify(apple-harvest-refactor/install) by extensions ['ignore', 'ignore_ament_install']
[0.479s] Level 1:colcon.colcon_core.package_identification:_identify(apple-harvest-refactor/install) by extension 'ignore'
[0.479s] Level 1:colcon.colcon_core.package_identification:_identify(apple-harvest-refactor/install) ignored
[0.480s] Level 1:colcon.colcon_core.package_identification:_identify(apple-harvest-refactor/log) by extensions ['ignore', 'ignore_ament_install']
[0.480s] Level 1:colcon.colcon_core.package_identification:_identify(apple-harvest-refactor/log) by extension 'ignore'
[0.480s] Level 1:colcon.colcon_core.package_identification:_identify(apple-harvest-refactor/log) ignored
[0.480s] Level 1:colcon.colcon_core.package_identification:_identify(build) by extensions ['ignore', 'ignore_ament_install']
[0.480s] Level 1:colcon.colcon_core.package_identification:_identify(build) by extension 'ignore'
[0.480s] Level 1:colcon.colcon_core.package_identification:_identify(build) ignored
[0.480s] Level 1:colcon.colcon_core.package_identification:_identify(gitignore) by extensions ['ignore', 'ignore_ament_install']
[0.480s] Level 1:colcon.colcon_core.package_identification:_identify(gitignore) by extension 'ignore'
[0.480s] Level 1:colcon.colcon_core.package_identification:_identify(gitignore) by extension 'ignore_ament_install'
[0.480s] Level 1:colcon.colcon_core.package_identification:_identify(gitignore) by extensions ['colcon_pkg']
[0.480s] Level 1:colcon.colcon_core.package_identification:_identify(gitignore) by extension 'colcon_pkg'
[0.480s] Level 1:colcon.colcon_core.package_identification:_identify(gitignore) by extensions ['colcon_meta']
[0.480s] Level 1:colcon.colcon_core.package_identification:_identify(gitignore) by extension 'colcon_meta'
[0.480s] Level 1:colcon.colcon_core.package_identification:_identify(gitignore) by extensions ['ros']
[0.480s] Level 1:colcon.colcon_core.package_identification:_identify(gitignore) by extension 'ros'
[0.480s] Level 1:colcon.colcon_core.package_identification:_identify(gitignore) by extensions ['cmake', 'python']
[0.480s] Level 1:colcon.colcon_core.package_identification:_identify(gitignore) by extension 'cmake'
[0.480s] Level 1:colcon.colcon_core.package_identification:_identify(gitignore) by extension 'python'
[0.480s] Level 1:colcon.colcon_core.package_identification:_identify(gitignore) by extensions ['python_setup_py']
[0.480s] Level 1:colcon.colcon_core.package_identification:_identify(gitignore) by extension 'python_setup_py'
[0.481s] Level 1:colcon.colcon_core.package_identification:_identify(install) by extensions ['ignore', 'ignore_ament_install']
[0.481s] Level 1:colcon.colcon_core.package_identification:_identify(install) by extension 'ignore'
[0.481s] Level 1:colcon.colcon_core.package_identification:_identify(install) ignored
[0.481s] Level 1:colcon.colcon_core.package_identification:_identify(log) by extensions ['ignore', 'ignore_ament_install']
[0.481s] Level 1:colcon.colcon_core.package_identification:_identify(log) by extension 'ignore'
[0.481s] Level 1:colcon.colcon_core.package_identification:_identify(log) ignored
[0.481s] Level 1:colcon.colcon_core.package_identification:_identify(sam2) by extensions ['ignore', 'ignore_ament_install']
[0.481s] Level 1:colcon.colcon_core.package_identification:_identify(sam2) by extension 'ignore'
[0.481s] Level 1:colcon.colcon_core.package_identification:_identify(sam2) by extension 'ignore_ament_install'
[0.481s] Level 1:colcon.colcon_core.package_identification:_identify(sam2) by extensions ['colcon_pkg']
[0.481s] Level 1:colcon.colcon_core.package_identification:_identify(sam2) by extension 'colcon_pkg'
[0.481s] Level 1:colcon.colcon_core.package_identification:_identify(sam2) by extensions ['colcon_meta']
[0.481s] Level 1:colcon.colcon_core.package_identification:_identify(sam2) by extension 'colcon_meta'
[0.481s] Level 1:colcon.colcon_core.package_identification:_identify(sam2) by extensions ['ros']
[0.481s] Level 1:colcon.colcon_core.package_identification:_identify(sam2) by extension 'ros'
[0.481s] Level 1:colcon.colcon_core.package_identification:_identify(sam2) by extensions ['cmake', 'python']
[0.481s] Level 1:colcon.colcon_core.package_identification:_identify(sam2) by extension 'cmake'
[0.481s] Level 1:colcon.colcon_core.package_identification:_identify(sam2) by extension 'python'
[0.481s] Level 1:colcon.colcon_core.package_identification:_identify(sam2) by extensions ['python_setup_py']
[0.481s] Level 1:colcon.colcon_core.package_identification:_identify(sam2) by extension 'python_setup_py'
[0.482s] Level 1:colcon.colcon_core.package_identification:_identify(sam2/segment-anything-2) by extensions ['ignore', 'ignore_ament_install']
[0.482s] Level 1:colcon.colcon_core.package_identification:_identify(sam2/segment-anything-2) by extension 'ignore'
[0.482s] Level 1:colcon.colcon_core.package_identification:_identify(sam2/segment-anything-2) by extension 'ignore_ament_install'
[0.482s] Level 1:colcon.colcon_core.package_identification:_identify(sam2/segment-anything-2) by extensions ['colcon_pkg']
[0.482s] Level 1:colcon.colcon_core.package_identification:_identify(sam2/segment-anything-2) by extension 'colcon_pkg'
[0.482s] Level 1:colcon.colcon_core.package_identification:_identify(sam2/segment-anything-2) by extensions ['colcon_meta']
[0.482s] Level 1:colcon.colcon_core.package_identification:_identify(sam2/segment-anything-2) by extension 'colcon_meta'
[0.482s] Level 1:colcon.colcon_core.package_identification:_identify(sam2/segment-anything-2) by extensions ['ros']
[0.482s] Level 1:colcon.colcon_core.package_identification:_identify(sam2/segment-anything-2) by extension 'ros'
[0.482s] Level 1:colcon.colcon_core.package_identification:_identify(sam2/segment-anything-2) by extensions ['cmake', 'python']
[0.482s] Level 1:colcon.colcon_core.package_identification:_identify(sam2/segment-anything-2) by extension 'cmake'
[0.482s] Level 1:colcon.colcon_core.package_identification:_identify(sam2/segment-anything-2) by extension 'python'
[0.482s] Level 1:colcon.colcon_core.package_identification:_identify(sam2/segment-anything-2) by extensions ['python_setup_py']
[0.482s] Level 1:colcon.colcon_core.package_identification:_identify(sam2/segment-anything-2) by extension 'python_setup_py'
[4.394s] DEBUG:colcon.colcon_core.package_identification:Package 'sam2/segment-anything-2' with type 'python' and name 'SAM-2'
[4.394s] Level 1:colcon.colcon_core.package_identification:_identify(ultralytics) by extensions ['ignore', 'ignore_ament_install']
[4.394s] Level 1:colcon.colcon_core.package_identification:_identify(ultralytics) by extension 'ignore'
[4.394s] Level 1:colcon.colcon_core.package_identification:_identify(ultralytics) by extension 'ignore_ament_install'
[4.394s] Level 1:colcon.colcon_core.package_identification:_identify(ultralytics) by extensions ['colcon_pkg']
[4.394s] Level 1:colcon.colcon_core.package_identification:_identify(ultralytics) by extension 'colcon_pkg'
[4.394s] Level 1:colcon.colcon_core.package_identification:_identify(ultralytics) by extensions ['colcon_meta']
[4.394s] Level 1:colcon.colcon_core.package_identification:_identify(ultralytics) by extension 'colcon_meta'
[4.394s] Level 1:colcon.colcon_core.package_identification:_identify(ultralytics) by extensions ['ros']
[4.394s] Level 1:colcon.colcon_core.package_identification:_identify(ultralytics) by extension 'ros'
[4.394s] Level 1:colcon.colcon_core.package_identification:_identify(ultralytics) by extensions ['cmake', 'python']
[4.394s] Level 1:colcon.colcon_core.package_identification:_identify(ultralytics) by extension 'cmake'
[4.395s] Level 1:colcon.colcon_core.package_identification:_identify(ultralytics) by extension 'python'
[4.395s] Level 1:colcon.colcon_core.package_identification:_identify(ultralytics) by extensions ['python_setup_py']
[4.395s] Level 1:colcon.colcon_core.package_identification:_identify(ultralytics) by extension 'python_setup_py'
[4.395s] Level 1:colcon.colcon_core.package_identification:_identify(ultralytics/datasets) by extensions ['ignore', 'ignore_ament_install']
[4.395s] Level 1:colcon.colcon_core.package_identification:_identify(ultralytics/datasets) by extension 'ignore'
[4.395s] Level 1:colcon.colcon_core.package_identification:_identify(ultralytics/datasets) by extension 'ignore_ament_install'
[4.395s] Level 1:colcon.colcon_core.package_identification:_identify(ultralytics/datasets) by extensions ['colcon_pkg']
[4.395s] Level 1:colcon.colcon_core.package_identification:_identify(ultralytics/datasets) by extension 'colcon_pkg'
[4.395s] Level 1:colcon.colcon_core.package_identification:_identify(ultralytics/datasets) by extensions ['colcon_meta']
[4.395s] Level 1:colcon.colcon_core.package_identification:_identify(ultralytics/datasets) by extension 'colcon_meta'
[4.395s] Level 1:colcon.colcon_core.package_identification:_identify(ultralytics/datasets) by extensions ['ros']
[4.395s] Level 1:colcon.colcon_core.package_identification:_identify(ultralytics/datasets) by extension 'ros'
[4.395s] Level 1:colcon.colcon_core.package_identification:_identify(ultralytics/datasets) by extensions ['cmake', 'python']
[4.395s] Level 1:colcon.colcon_core.package_identification:_identify(ultralytics/datasets) by extension 'cmake'
[4.395s] Level 1:colcon.colcon_core.package_identification:_identify(ultralytics/datasets) by extension 'python'
[4.395s] Level 1:colcon.colcon_core.package_identification:_identify(ultralytics/datasets) by extensions ['python_setup_py']
[4.395s] Level 1:colcon.colcon_core.package_identification:_identify(ultralytics/datasets) by extension 'python_setup_py'
[4.395s] Level 1:colcon.colcon_core.package_identification:_identify(ultralytics/datasets/pears) by extensions ['ignore', 'ignore_ament_install']
[4.395s] Level 1:colcon.colcon_core.package_identification:_identify(ultralytics/datasets/pears) by extension 'ignore'
[4.395s] Level 1:colcon.colcon_core.package_identification:_identify(ultralytics/datasets/pears) by extension 'ignore_ament_install'
[4.395s] Level 1:colcon.colcon_core.package_identification:_identify(ultralytics/datasets/pears) by extensions ['colcon_pkg']
[4.395s] Level 1:colcon.colcon_core.package_identification:_identify(ultralytics/datasets/pears) by extension 'colcon_pkg'
[4.396s] Level 1:colcon.colcon_core.package_identification:_identify(ultralytics/datasets/pears) by extensions ['colcon_meta']
[4.396s] Level 1:colcon.colcon_core.package_identification:_identify(ultralytics/datasets/pears) by extension 'colcon_meta'
[4.396s] Level 1:colcon.colcon_core.package_identification:_identify(ultralytics/datasets/pears) by extensions ['ros']
[4.396s] Level 1:colcon.colcon_core.package_identification:_identify(ultralytics/datasets/pears) by extension 'ros'
[4.396s] Level 1:colcon.colcon_core.package_identification:_identify(ultralytics/datasets/pears) by extensions ['cmake', 'python']
[4.396s] Level 1:colcon.colcon_core.package_identification:_identify(ultralytics/datasets/pears) by extension 'cmake'
[4.396s] Level 1:colcon.colcon_core.package_identification:_identify(ultralytics/datasets/pears) by extension 'python'
[4.396s] Level 1:colcon.colcon_core.package_identification:_identify(ultralytics/datasets/pears) by extensions ['python_setup_py']
[4.396s] Level 1:colcon.colcon_core.package_identification:_identify(ultralytics/datasets/pears) by extension 'python_setup_py'
[4.396s] Level 1:colcon.colcon_core.package_identification:_identify(ultralytics/datasets/pears/test) by extensions ['ignore', 'ignore_ament_install']
[4.396s] Level 1:colcon.colcon_core.package_identification:_identify(ultralytics/datasets/pears/test) by extension 'ignore'
[4.396s] Level 1:colcon.colcon_core.package_identification:_identify(ultralytics/datasets/pears/test) by extension 'ignore_ament_install'
[4.396s] Level 1:colcon.colcon_core.package_identification:_identify(ultralytics/datasets/pears/test) by extensions ['colcon_pkg']
[4.396s] Level 1:colcon.colcon_core.package_identification:_identify(ultralytics/datasets/pears/test) by extension 'colcon_pkg'
[4.396s] Level 1:colcon.colcon_core.package_identification:_identify(ultralytics/datasets/pears/test) by extensions ['colcon_meta']
[4.396s] Level 1:colcon.colcon_core.package_identification:_identify(ultralytics/datasets/pears/test) by extension 'colcon_meta'
[4.396s] Level 1:colcon.colcon_core.package_identification:_identify(ultralytics/datasets/pears/test) by extensions ['ros']
[4.396s] Level 1:colcon.colcon_core.package_identification:_identify(ultralytics/datasets/pears/test) by extension 'ros'
[4.396s] Level 1:colcon.colcon_core.package_identification:_identify(ultralytics/datasets/pears/test) by extensions ['cmake', 'python']
[4.396s] Level 1:colcon.colcon_core.package_identification:_identify(ultralytics/datasets/pears/test) by extension 'cmake'
[4.396s] Level 1:colcon.colcon_core.package_identification:_identify(ultralytics/datasets/pears/test) by extension 'python'
[4.396s] Level 1:colcon.colcon_core.package_identification:_identify(ultralytics/datasets/pears/test) by extensions ['python_setup_py']
[4.396s] Level 1:colcon.colcon_core.package_identification:_identify(ultralytics/datasets/pears/test) by extension 'python_setup_py'
[4.396s] Level 1:colcon.colcon_core.package_identification:_identify(ultralytics/datasets/pears/test/images) by extensions ['ignore', 'ignore_ament_install']
[4.397s] Level 1:colcon.colcon_core.package_identification:_identify(ultralytics/datasets/pears/test/images) by extension 'ignore'
[4.397s] Level 1:colcon.colcon_core.package_identification:_identify(ultralytics/datasets/pears/test/images) by extension 'ignore_ament_install'
[4.397s] Level 1:colcon.colcon_core.package_identification:_identify(ultralytics/datasets/pears/test/images) by extensions ['colcon_pkg']
[4.397s] Level 1:colcon.colcon_core.package_identification:_identify(ultralytics/datasets/pears/test/images) by extension 'colcon_pkg'
[4.397s] Level 1:colcon.colcon_core.package_identification:_identify(ultralytics/datasets/pears/test/images) by extensions ['colcon_meta']
[4.397s] Level 1:colcon.colcon_core.package_identification:_identify(ultralytics/datasets/pears/test/images) by extension 'colcon_meta'
[4.397s] Level 1:colcon.colcon_core.package_identification:_identify(ultralytics/datasets/pears/test/images) by extensions ['ros']
[4.397s] Level 1:colcon.colcon_core.package_identification:_identify(ultralytics/datasets/pears/test/images) by extension 'ros'
[4.397s] Level 1:colcon.colcon_core.package_identification:_identify(ultralytics/datasets/pears/test/images) by extensions ['cmake', 'python']
[4.397s] Level 1:colcon.colcon_core.package_identification:_identify(ultralytics/datasets/pears/test/images) by extension 'cmake'
[4.397s] Level 1:colcon.colcon_core.package_identification:_identify(ultralytics/datasets/pears/test/images) by extension 'python'
[4.397s] Level 1:colcon.colcon_core.package_identification:_identify(ultralytics/datasets/pears/test/images) by extensions ['python_setup_py']
[4.397s] Level 1:colcon.colcon_core.package_identification:_identify(ultralytics/datasets/pears/test/images) by extension 'python_setup_py'
[4.397s] Level 1:colcon.colcon_core.package_identification:_identify(ultralytics/datasets/pears/test/labels) by extensions ['ignore', 'ignore_ament_install']
[4.397s] Level 1:colcon.colcon_core.package_identification:_identify(ultralytics/datasets/pears/test/labels) by extension 'ignore'
[4.397s] Level 1:colcon.colcon_core.package_identification:_identify(ultralytics/datasets/pears/test/labels) by extension 'ignore_ament_install'
[4.397s] Level 1:colcon.colcon_core.package_identification:_identify(ultralytics/datasets/pears/test/labels) by extensions ['colcon_pkg']
[4.397s] Level 1:colcon.colcon_core.package_identification:_identify(ultralytics/datasets/pears/test/labels) by extension 'colcon_pkg'
[4.397s] Level 1:colcon.colcon_core.package_identification:_identify(ultralytics/datasets/pears/test/labels) by extensions ['colcon_meta']
[4.397s] Level 1:colcon.colcon_core.package_identification:_identify(ultralytics/datasets/pears/test/labels) by extension 'colcon_meta'
[4.397s] Level 1:colcon.colcon_core.package_identification:_identify(ultralytics/datasets/pears/test/labels) by extensions ['ros']
[4.397s] Level 1:colcon.colcon_core.package_identification:_identify(ultralytics/datasets/pears/test/labels) by extension 'ros'
[4.397s] Level 1:colcon.colcon_core.package_identification:_identify(ultralytics/datasets/pears/test/labels) by extensions ['cmake', 'python']
[4.397s] Level 1:colcon.colcon_core.package_identification:_identify(ultralytics/datasets/pears/test/labels) by extension 'cmake'
[4.397s] Level 1:colcon.colcon_core.package_identification:_identify(ultralytics/datasets/pears/test/labels) by extension 'python'
[4.397s] Level 1:colcon.colcon_core.package_identification:_identify(ultralytics/datasets/pears/test/labels) by extensions ['python_setup_py']
[4.398s] Level 1:colcon.colcon_core.package_identification:_identify(ultralytics/datasets/pears/test/labels) by extension 'python_setup_py'
[4.398s] Level 1:colcon.colcon_core.package_identification:_identify(ultralytics/datasets/pears/train) by extensions ['ignore', 'ignore_ament_install']
[4.398s] Level 1:colcon.colcon_core.package_identification:_identify(ultralytics/datasets/pears/train) by extension 'ignore'
[4.398s] Level 1:colcon.colcon_core.package_identification:_identify(ultralytics/datasets/pears/train) by extension 'ignore_ament_install'
[4.398s] Level 1:colcon.colcon_core.package_identification:_identify(ultralytics/datasets/pears/train) by extensions ['colcon_pkg']
[4.398s] Level 1:colcon.colcon_core.package_identification:_identify(ultralytics/datasets/pears/train) by extension 'colcon_pkg'
[4.398s] Level 1:colcon.colcon_core.package_identification:_identify(ultralytics/datasets/pears/train) by extensions ['colcon_meta']
[4.398s] Level 1:colcon.colcon_core.package_identification:_identify(ultralytics/datasets/pears/train) by extension 'colcon_meta'
[4.398s] Level 1:colcon.colcon_core.package_identification:_identify(ultralytics/datasets/pears/train) by extensions ['ros']
[4.398s] Level 1:colcon.colcon_core.package_identification:_identify(ultralytics/datasets/pears/train) by extension 'ros'
[4.398s] Level 1:colcon.colcon_core.package_identification:_identify(ultralytics/datasets/pears/train) by extensions ['cmake', 'python']
[4.398s] Level 1:colcon.colcon_core.package_identification:_identify(ultralytics/datasets/pears/train) by extension 'cmake'
[4.398s] Level 1:colcon.colcon_core.package_identification:_identify(ultralytics/datasets/pears/train) by extension 'python'
[4.398s] Level 1:colcon.colcon_core.package_identification:_identify(ultralytics/datasets/pears/train) by extensions ['python_setup_py']
[4.398s] Level 1:colcon.colcon_core.package_identification:_identify(ultralytics/datasets/pears/train) by extension 'python_setup_py'
[4.398s] Level 1:colcon.colcon_core.package_identification:_identify(ultralytics/datasets/pears/train/images) by extensions ['ignore', 'ignore_ament_install']
[4.398s] Level 1:colcon.colcon_core.package_identification:_identify(ultralytics/datasets/pears/train/images) by extension 'ignore'
[4.398s] Level 1:colcon.colcon_core.package_identification:_identify(ultralytics/datasets/pears/train/images) by extension 'ignore_ament_install'
[4.398s] Level 1:colcon.colcon_core.package_identification:_identify(ultralytics/datasets/pears/train/images) by extensions ['colcon_pkg']
[4.398s] Level 1:colcon.colcon_core.package_identification:_identify(ultralytics/datasets/pears/train/images) by extension 'colcon_pkg'
[4.398s] Level 1:colcon.colcon_core.package_identification:_identify(ultralytics/datasets/pears/train/images) by extensions ['colcon_meta']
[4.398s] Level 1:colcon.colcon_core.package_identification:_identify(ultralytics/datasets/pears/train/images) by extension 'colcon_meta'
[4.398s] Level 1:colcon.colcon_core.package_identification:_identify(ultralytics/datasets/pears/train/images) by extensions ['ros']
[4.398s] Level 1:colcon.colcon_core.package_identification:_identify(ultralytics/datasets/pears/train/images) by extension 'ros'
[4.399s] Level 1:colcon.colcon_core.package_identification:_identify(ultralytics/datasets/pears/train/images) by extensions ['cmake', 'python']
[4.399s] Level 1:colcon.colcon_core.package_identification:_identify(ultralytics/datasets/pears/train/images) by extension 'cmake'
[4.399s] Level 1:colcon.colcon_core.package_identification:_identify(ultralytics/datasets/pears/train/images) by extension 'python'
[4.399s] Level 1:colcon.colcon_core.package_identification:_identify(ultralytics/datasets/pears/train/images) by extensions ['python_setup_py']
[4.399s] Level 1:colcon.colcon_core.package_identification:_identify(ultralytics/datasets/pears/train/images) by extension 'python_setup_py'
[4.399s] Level 1:colcon.colcon_core.package_identification:_identify(ultralytics/datasets/pears/train/labels) by extensions ['ignore', 'ignore_ament_install']
[4.399s] Level 1:colcon.colcon_core.package_identification:_identify(ultralytics/datasets/pears/train/labels) by extension 'ignore'
[4.399s] Level 1:colcon.colcon_core.package_identification:_identify(ultralytics/datasets/pears/train/labels) by extension 'ignore_ament_install'
[4.399s] Level 1:colcon.colcon_core.package_identification:_identify(ultralytics/datasets/pears/train/labels) by extensions ['colcon_pkg']
[4.399s] Level 1:colcon.colcon_core.package_identification:_identify(ultralytics/datasets/pears/train/labels) by extension 'colcon_pkg'
[4.399s] Level 1:colcon.colcon_core.package_identification:_identify(ultralytics/datasets/pears/train/labels) by extensions ['colcon_meta']
[4.399s] Level 1:colcon.colcon_core.package_identification:_identify(ultralytics/datasets/pears/train/labels) by extension 'colcon_meta'
[4.399s] Level 1:colcon.colcon_core.package_identification:_identify(ultralytics/datasets/pears/train/labels) by extensions ['ros']
[4.399s] Level 1:colcon.colcon_core.package_identification:_identify(ultralytics/datasets/pears/train/labels) by extension 'ros'
[4.399s] Level 1:colcon.colcon_core.package_identification:_identify(ultralytics/datasets/pears/train/labels) by extensions ['cmake', 'python']
[4.399s] Level 1:colcon.colcon_core.package_identification:_identify(ultralytics/datasets/pears/train/labels) by extension 'cmake'
[4.399s] Level 1:colcon.colcon_core.package_identification:_identify(ultralytics/datasets/pears/train/labels) by extension 'python'
[4.399s] Level 1:colcon.colcon_core.package_identification:_identify(ultralytics/datasets/pears/train/labels) by extensions ['python_setup_py']
[4.399s] Level 1:colcon.colcon_core.package_identification:_identify(ultralytics/datasets/pears/train/labels) by extension 'python_setup_py'
[4.399s] Level 1:colcon.colcon_core.package_identification:_identify(ultralytics/datasets/pears/valid) by extensions ['ignore', 'ignore_ament_install']
[4.399s] Level 1:colcon.colcon_core.package_identification:_identify(ultralytics/datasets/pears/valid) by extension 'ignore'
[4.399s] Level 1:colcon.colcon_core.package_identification:_identify(ultralytics/datasets/pears/valid) by extension 'ignore_ament_install'
[4.399s] Level 1:colcon.colcon_core.package_identification:_identify(ultralytics/datasets/pears/valid) by extensions ['colcon_pkg']
[4.399s] Level 1:colcon.colcon_core.package_identification:_identify(ultralytics/datasets/pears/valid) by extension 'colcon_pkg'
[4.400s] Level 1:colcon.colcon_core.package_identification:_identify(ultralytics/datasets/pears/valid) by extensions ['colcon_meta']
[4.400s] Level 1:colcon.colcon_core.package_identification:_identify(ultralytics/datasets/pears/valid) by extension 'colcon_meta'
[4.400s] Level 1:colcon.colcon_core.package_identification:_identify(ultralytics/datasets/pears/valid) by extensions ['ros']
[4.400s] Level 1:colcon.colcon_core.package_identification:_identify(ultralytics/datasets/pears/valid) by extension 'ros'
[4.400s] Level 1:colcon.colcon_core.package_identification:_identify(ultralytics/datasets/pears/valid) by extensions ['cmake', 'python']
[4.400s] Level 1:colcon.colcon_core.package_identification:_identify(ultralytics/datasets/pears/valid) by extension 'cmake'
[4.400s] Level 1:colcon.colcon_core.package_identification:_identify(ultralytics/datasets/pears/valid) by extension 'python'
[4.400s] Level 1:colcon.colcon_core.package_identification:_identify(ultralytics/datasets/pears/valid) by extensions ['python_setup_py']
[4.400s] Level 1:colcon.colcon_core.package_identification:_identify(ultralytics/datasets/pears/valid) by extension 'python_setup_py'
[4.400s] Level 1:colcon.colcon_core.package_identification:_identify(ultralytics/datasets/pears/valid/images) by extensions ['ignore', 'ignore_ament_install']
[4.400s] Level 1:colcon.colcon_core.package_identification:_identify(ultralytics/datasets/pears/valid/images) by extension 'ignore'
[4.400s] Level 1:colcon.colcon_core.package_identification:_identify(ultralytics/datasets/pears/valid/images) by extension 'ignore_ament_install'
[4.400s] Level 1:colcon.colcon_core.package_identification:_identify(ultralytics/datasets/pears/valid/images) by extensions ['colcon_pkg']
[4.400s] Level 1:colcon.colcon_core.package_identification:_identify(ultralytics/datasets/pears/valid/images) by extension 'colcon_pkg'
[4.400s] Level 1:colcon.colcon_core.package_identification:_identify(ultralytics/datasets/pears/valid/images) by extensions ['colcon_meta']
[4.400s] Level 1:colcon.colcon_core.package_identification:_identify(ultralytics/datasets/pears/valid/images) by extension 'colcon_meta'
[4.400s] Level 1:colcon.colcon_core.package_identification:_identify(ultralytics/datasets/pears/valid/images) by extensions ['ros']
[4.400s] Level 1:colcon.colcon_core.package_identification:_identify(ultralytics/datasets/pears/valid/images) by extension 'ros'
[4.400s] Level 1:colcon.colcon_core.package_identification:_identify(ultralytics/datasets/pears/valid/images) by extensions ['cmake', 'python']
[4.400s] Level 1:colcon.colcon_core.package_identification:_identify(ultralytics/datasets/pears/valid/images) by extension 'cmake'
[4.400s] Level 1:colcon.colcon_core.package_identification:_identify(ultralytics/datasets/pears/valid/images) by extension 'python'
[4.400s] Level 1:colcon.colcon_core.package_identification:_identify(ultralytics/datasets/pears/valid/images) by extensions ['python_setup_py']
[4.400s] Level 1:colcon.colcon_core.package_identification:_identify(ultralytics/datasets/pears/valid/images) by extension 'python_setup_py'
[4.400s] Level 1:colcon.colcon_core.package_identification:_identify(ultralytics/datasets/pears/valid/labels) by extensions ['ignore', 'ignore_ament_install']
[4.401s] Level 1:colcon.colcon_core.package_identification:_identify(ultralytics/datasets/pears/valid/labels) by extension 'ignore'
[4.401s] Level 1:colcon.colcon_core.package_identification:_identify(ultralytics/datasets/pears/valid/labels) by extension 'ignore_ament_install'
[4.401s] Level 1:colcon.colcon_core.package_identification:_identify(ultralytics/datasets/pears/valid/labels) by extensions ['colcon_pkg']
[4.401s] Level 1:colcon.colcon_core.package_identification:_identify(ultralytics/datasets/pears/valid/labels) by extension 'colcon_pkg'
[4.401s] Level 1:colcon.colcon_core.package_identification:_identify(ultralytics/datasets/pears/valid/labels) by extensions ['colcon_meta']
[4.401s] Level 1:colcon.colcon_core.package_identification:_identify(ultralytics/datasets/pears/valid/labels) by extension 'colcon_meta'
[4.401s] Level 1:colcon.colcon_core.package_identification:_identify(ultralytics/datasets/pears/valid/labels) by extensions ['ros']
[4.401s] Level 1:colcon.colcon_core.package_identification:_identify(ultralytics/datasets/pears/valid/labels) by extension 'ros'
[4.401s] Level 1:colcon.colcon_core.package_identification:_identify(ultralytics/datasets/pears/valid/labels) by extensions ['cmake', 'python']
[4.401s] Level 1:colcon.colcon_core.package_identification:_identify(ultralytics/datasets/pears/valid/labels) by extension 'cmake'
[4.401s] Level 1:colcon.colcon_core.package_identification:_identify(ultralytics/datasets/pears/valid/labels) by extension 'python'
[4.401s] Level 1:colcon.colcon_core.package_identification:_identify(ultralytics/datasets/pears/valid/labels) by extensions ['python_setup_py']
[4.401s] Level 1:colcon.colcon_core.package_identification:_identify(ultralytics/datasets/pears/valid/labels) by extension 'python_setup_py'
[4.401s] Level 1:colcon.colcon_core.package_identification:_identify(ultralytics/datasets/test) by extensions ['ignore', 'ignore_ament_install']
[4.401s] Level 1:colcon.colcon_core.package_identification:_identify(ultralytics/datasets/test) by extension 'ignore'
[4.401s] Level 1:colcon.colcon_core.package_identification:_identify(ultralytics/datasets/test) by extension 'ignore_ament_install'
[4.401s] Level 1:colcon.colcon_core.package_identification:_identify(ultralytics/datasets/test) by extensions ['colcon_pkg']
[4.401s] Level 1:colcon.colcon_core.package_identification:_identify(ultralytics/datasets/test) by extension 'colcon_pkg'
[4.401s] Level 1:colcon.colcon_core.package_identification:_identify(ultralytics/datasets/test) by extensions ['colcon_meta']
[4.401s] Level 1:colcon.colcon_core.package_identification:_identify(ultralytics/datasets/test) by extension 'colcon_meta'
[4.401s] Level 1:colcon.colcon_core.package_identification:_identify(ultralytics/datasets/test) by extensions ['ros']
[4.401s] Level 1:colcon.colcon_core.package_identification:_identify(ultralytics/datasets/test) by extension 'ros'
[4.401s] Level 1:colcon.colcon_core.package_identification:_identify(ultralytics/datasets/test) by extensions ['cmake', 'python']
[4.401s] Level 1:colcon.colcon_core.package_identification:_identify(ultralytics/datasets/test) by extension 'cmake'
[4.401s] Level 1:colcon.colcon_core.package_identification:_identify(ultralytics/datasets/test) by extension 'python'
[4.401s] Level 1:colcon.colcon_core.package_identification:_identify(ultralytics/datasets/test) by extensions ['python_setup_py']
[4.401s] Level 1:colcon.colcon_core.package_identification:_identify(ultralytics/datasets/test) by extension 'python_setup_py'
[4.402s] Level 1:colcon.colcon_core.package_identification:_identify(ultralytics/runs) by extensions ['ignore', 'ignore_ament_install']
[4.402s] Level 1:colcon.colcon_core.package_identification:_identify(ultralytics/runs) by extension 'ignore'
[4.402s] Level 1:colcon.colcon_core.package_identification:_identify(ultralytics/runs) by extension 'ignore_ament_install'
[4.402s] Level 1:colcon.colcon_core.package_identification:_identify(ultralytics/runs) by extensions ['colcon_pkg']
[4.402s] Level 1:colcon.colcon_core.package_identification:_identify(ultralytics/runs) by extension 'colcon_pkg'
[4.402s] Level 1:colcon.colcon_core.package_identification:_identify(ultralytics/runs) by extensions ['colcon_meta']
[4.402s] Level 1:colcon.colcon_core.package_identification:_identify(ultralytics/runs) by extension 'colcon_meta'
[4.402s] Level 1:colcon.colcon_core.package_identification:_identify(ultralytics/runs) by extensions ['ros']
[4.402s] Level 1:colcon.colcon_core.package_identification:_identify(ultralytics/runs) by extension 'ros'
[4.402s] Level 1:colcon.colcon_core.package_identification:_identify(ultralytics/runs) by extensions ['cmake', 'python']
[4.402s] Level 1:colcon.colcon_core.package_identification:_identify(ultralytics/runs) by extension 'cmake'
[4.402s] Level 1:colcon.colcon_core.package_identification:_identify(ultralytics/runs) by extension 'python'
[4.402s] Level 1:colcon.colcon_core.package_identification:_identify(ultralytics/runs) by extensions ['python_setup_py']
[4.402s] Level 1:colcon.colcon_core.package_identification:_identify(ultralytics/runs) by extension 'python_setup_py'
[4.402s] Level 1:colcon.colcon_core.package_identification:_identify(ultralytics/runs/detect) by extensions ['ignore', 'ignore_ament_install']
[4.402s] Level 1:colcon.colcon_core.package_identification:_identify(ultralytics/runs/detect) by extension 'ignore'
[4.402s] Level 1:colcon.colcon_core.package_identification:_identify(ultralytics/runs/detect) by extension 'ignore_ament_install'
[4.402s] Level 1:colcon.colcon_core.package_identification:_identify(ultralytics/runs/detect) by extensions ['colcon_pkg']
[4.402s] Level 1:colcon.colcon_core.package_identification:_identify(ultralytics/runs/detect) by extension 'colcon_pkg'
[4.402s] Level 1:colcon.colcon_core.package_identification:_identify(ultralytics/runs/detect) by extensions ['colcon_meta']
[4.402s] Level 1:colcon.colcon_core.package_identification:_identify(ultralytics/runs/detect) by extension 'colcon_meta'
[4.402s] Level 1:colcon.colcon_core.package_identification:_identify(ultralytics/runs/detect) by extensions ['ros']
[4.402s] Level 1:colcon.colcon_core.package_identification:_identify(ultralytics/runs/detect) by extension 'ros'
[4.402s] Level 1:colcon.colcon_core.package_identification:_identify(ultralytics/runs/detect) by extensions ['cmake', 'python']
[4.402s] Level 1:colcon.colcon_core.package_identification:_identify(ultralytics/runs/detect) by extension 'cmake'
[4.402s] Level 1:colcon.colcon_core.package_identification:_identify(ultralytics/runs/detect) by extension 'python'
[4.402s] Level 1:colcon.colcon_core.package_identification:_identify(ultralytics/runs/detect) by extensions ['python_setup_py']
[4.403s] Level 1:colcon.colcon_core.package_identification:_identify(ultralytics/runs/detect) by extension 'python_setup_py'
[4.403s] Level 1:colcon.colcon_core.package_identification:_identify(ultralytics/runs/detect/predict3) by extensions ['ignore', 'ignore_ament_install']
[4.403s] Level 1:colcon.colcon_core.package_identification:_identify(ultralytics/runs/detect/predict3) by extension 'ignore'
[4.403s] Level 1:colcon.colcon_core.package_identification:_identify(ultralytics/runs/detect/predict3) by extension 'ignore_ament_install'
[4.403s] Level 1:colcon.colcon_core.package_identification:_identify(ultralytics/runs/detect/predict3) by extensions ['colcon_pkg']
[4.403s] Level 1:colcon.colcon_core.package_identification:_identify(ultralytics/runs/detect/predict3) by extension 'colcon_pkg'
[4.403s] Level 1:colcon.colcon_core.package_identification:_identify(ultralytics/runs/detect/predict3) by extensions ['colcon_meta']
[4.403s] Level 1:colcon.colcon_core.package_identification:_identify(ultralytics/runs/detect/predict3) by extension 'colcon_meta'
[4.403s] Level 1:colcon.colcon_core.package_identification:_identify(ultralytics/runs/detect/predict3) by extensions ['ros']
[4.403s] Level 1:colcon.colcon_core.package_identification:_identify(ultralytics/runs/detect/predict3) by extension 'ros'
[4.403s] Level 1:colcon.colcon_core.package_identification:_identify(ultralytics/runs/detect/predict3) by extensions ['cmake', 'python']
[4.403s] Level 1:colcon.colcon_core.package_identification:_identify(ultralytics/runs/detect/predict3) by extension 'cmake'
[4.403s] Level 1:colcon.colcon_core.package_identification:_identify(ultralytics/runs/detect/predict3) by extension 'python'
[4.403s] Level 1:colcon.colcon_core.package_identification:_identify(ultralytics/runs/detect/predict3) by extensions ['python_setup_py']
[4.403s] Level 1:colcon.colcon_core.package_identification:_identify(ultralytics/runs/detect/predict3) by extension 'python_setup_py'
[4.403s] Level 1:colcon.colcon_core.package_identification:_identify(ultralytics/runs/detect/train3) by extensions ['ignore', 'ignore_ament_install']
[4.403s] Level 1:colcon.colcon_core.package_identification:_identify(ultralytics/runs/detect/train3) by extension 'ignore'
[4.403s] Level 1:colcon.colcon_core.package_identification:_identify(ultralytics/runs/detect/train3) by extension 'ignore_ament_install'
[4.403s] Level 1:colcon.colcon_core.package_identification:_identify(ultralytics/runs/detect/train3) by extensions ['colcon_pkg']
[4.403s] Level 1:colcon.colcon_core.package_identification:_identify(ultralytics/runs/detect/train3) by extension 'colcon_pkg'
[4.403s] Level 1:colcon.colcon_core.package_identification:_identify(ultralytics/runs/detect/train3) by extensions ['colcon_meta']
[4.403s] Level 1:colcon.colcon_core.package_identification:_identify(ultralytics/runs/detect/train3) by extension 'colcon_meta'
[4.403s] Level 1:colcon.colcon_core.package_identification:_identify(ultralytics/runs/detect/train3) by extensions ['ros']
[4.403s] Level 1:colcon.colcon_core.package_identification:_identify(ultralytics/runs/detect/train3) by extension 'ros'
[4.404s] Level 1:colcon.colcon_core.package_identification:_identify(ultralytics/runs/detect/train3) by extensions ['cmake', 'python']
[4.404s] Level 1:colcon.colcon_core.package_identification:_identify(ultralytics/runs/detect/train3) by extension 'cmake'
[4.404s] Level 1:colcon.colcon_core.package_identification:_identify(ultralytics/runs/detect/train3) by extension 'python'
[4.404s] Level 1:colcon.colcon_core.package_identification:_identify(ultralytics/runs/detect/train3) by extensions ['python_setup_py']
[4.404s] Level 1:colcon.colcon_core.package_identification:_identify(ultralytics/runs/detect/train3) by extension 'python_setup_py'
[4.404s] Level 1:colcon.colcon_core.package_identification:_identify(ultralytics/runs/detect/train3/weights) by extensions ['ignore', 'ignore_ament_install']
[4.404s] Level 1:colcon.colcon_core.package_identification:_identify(ultralytics/runs/detect/train3/weights) by extension 'ignore'
[4.404s] Level 1:colcon.colcon_core.package_identification:_identify(ultralytics/runs/detect/train3/weights) by extension 'ignore_ament_install'
[4.404s] Level 1:colcon.colcon_core.package_identification:_identify(ultralytics/runs/detect/train3/weights) by extensions ['colcon_pkg']
[4.404s] Level 1:colcon.colcon_core.package_identification:_identify(ultralytics/runs/detect/train3/weights) by extension 'colcon_pkg'
[4.404s] Level 1:colcon.colcon_core.package_identification:_identify(ultralytics/runs/detect/train3/weights) by extensions ['colcon_meta']
[4.404s] Level 1:colcon.colcon_core.package_identification:_identify(ultralytics/runs/detect/train3/weights) by extension 'colcon_meta'
[4.404s] Level 1:colcon.colcon_core.package_identification:_identify(ultralytics/runs/detect/train3/weights) by extensions ['ros']
[4.404s] Level 1:colcon.colcon_core.package_identification:_identify(ultralytics/runs/detect/train3/weights) by extension 'ros'
[4.404s] Level 1:colcon.colcon_core.package_identification:_identify(ultralytics/runs/detect/train3/weights) by extensions ['cmake', 'python']
[4.404s] Level 1:colcon.colcon_core.package_identification:_identify(ultralytics/runs/detect/train3/weights) by extension 'cmake'
[4.404s] Level 1:colcon.colcon_core.package_identification:_identify(ultralytics/runs/detect/train3/weights) by extension 'python'
[4.404s] Level 1:colcon.colcon_core.package_identification:_identify(ultralytics/runs/detect/train3/weights) by extensions ['python_setup_py']
[4.404s] Level 1:colcon.colcon_core.package_identification:_identify(ultralytics/runs/detect/train3/weights) by extension 'python_setup_py'
[4.405s] Level 1:colcon.colcon_core.package_discovery:discover_packages(recursive) using defaults
[4.405s] Level 1:colcon.colcon_core.package_discovery:discover_packages(ignore) discover
[4.405s] Level 1:colcon.colcon_core.package_discovery:discover_packages(ignore) using defaults
[4.405s] Level 1:colcon.colcon_core.package_discovery:discover_packages(path) discover
[4.405s] Level 1:colcon.colcon_core.package_discovery:discover_packages(path) using defaults
[4.428s] Level 1:colcon.colcon_core.package_discovery:discover_packages(prefix_path) check parameters
[4.428s] Level 1:colcon.colcon_core.package_discovery:discover_packages(prefix_path) discover
[4.431s] DEBUG:colcon.colcon_installed_package_information.package_discovery:Found 399 installed packages in /opt/ros/humble
[4.432s] Level 1:colcon.colcon_core.package_discovery:discover_packages(prefix_path) using defaults
[4.465s] Level 5:colcon.colcon_core.verb:set package 'SAM-2' build argument 'cmake_args' from command line to 'None'
[4.465s] Level 5:colcon.colcon_core.verb:set package 'SAM-2' build argument 'cmake_target' from command line to 'None'
[4.465s] Level 5:colcon.colcon_core.verb:set package 'SAM-2' build argument 'cmake_target_skip_unavailable' from command line to 'False'
[4.465s] Level 5:colcon.colcon_core.verb:set package 'SAM-2' build argument 'cmake_clean_cache' from command line to 'False'
[4.465s] Level 5:colcon.colcon_core.verb:set package 'SAM-2' build argument 'cmake_clean_first' from command line to 'False'
[4.465s] Level 5:colcon.colcon_core.verb:set package 'SAM-2' build argument 'cmake_force_configure' from command line to 'False'
[4.465s] Level 5:colcon.colcon_core.verb:set package 'SAM-2' build argument 'ament_cmake_args' from command line to 'None'
[4.465s] Level 5:colcon.colcon_core.verb:set package 'SAM-2' build argument 'catkin_cmake_args' from command line to 'None'
[4.465s] Level 5:colcon.colcon_core.verb:set package 'SAM-2' build argument 'catkin_skip_building_tests' from command line to 'False'
[4.465s] DEBUG:colcon.colcon_core.verb:Building package 'SAM-2' with the following arguments: {'ament_cmake_args': None, 'build_base': '/home/imml/git/research_2025/build/SAM-2', 'catkin_cmake_args': None, 'catkin_skip_building_tests': False, 'cmake_args': None, 'cmake_clean_cache': False, 'cmake_clean_first': False, 'cmake_force_configure': False, 'cmake_target': None, 'cmake_target_skip_unavailable': False, 'install_base': '/home/imml/git/research_2025/install/SAM-2', 'merge_install': False, 'path': '/home/imml/git/research_2025/sam2/segment-anything-2', 'symlink_install': True, 'test_result_base': None}
[4.466s] Level 5:colcon.colcon_core.verb:set package 'harvest_interfaces' build argument 'cmake_args' from command line to 'None'
[4.466s] Level 5:colcon.colcon_core.verb:set package 'harvest_interfaces' build argument 'cmake_target' from command line to 'None'
[4.466s] Level 5:colcon.colcon_core.verb:set package 'harvest_interfaces' build argument 'cmake_target_skip_unavailable' from command line to 'False'
[4.466s] Level 5:colcon.colcon_core.verb:set package 'harvest_interfaces' build argument 'cmake_clean_cache' from command line to 'False'
[4.466s] Level 5:colcon.colcon_core.verb:set package 'harvest_interfaces' build argument 'cmake_clean_first' from command line to 'False'
[4.466s] Level 5:colcon.colcon_core.verb:set package 'harvest_interfaces' build argument 'cmake_force_configure' from command line to 'False'
[4.466s] Level 5:colcon.colcon_core.verb:set package 'harvest_interfaces' build argument 'ament_cmake_args' from command line to 'None'
[4.466s] Level 5:colcon.colcon_core.verb:set package 'harvest_interfaces' build argument 'catkin_cmake_args' from command line to 'None'
[4.466s] Level 5:colcon.colcon_core.verb:set package 'harvest_interfaces' build argument 'catkin_skip_building_tests' from command line to 'False'
[4.466s] DEBUG:colcon.colcon_core.verb:Building package 'harvest_interfaces' with the following arguments: {'ament_cmake_args': None, 'build_base': '/home/imml/git/research_2025/build/harvest_interfaces', 'catkin_cmake_args': None, 'catkin_skip_building_tests': False, 'cmake_args': None, 'cmake_clean_cache': False, 'cmake_clean_first': False, 'cmake_force_configure': False, 'cmake_target': None, 'cmake_target_skip_unavailable': False, 'install_base': '/home/imml/git/research_2025/install/harvest_interfaces', 'merge_install': False, 'path': '/home/imml/git/research_2025/apple-harvest-refactor/harvest_interfaces', 'symlink_install': True, 'test_result_base': None}
[4.466s] Level 5:colcon.colcon_core.verb:set package 'realsense2_camera_msgs' build argument 'cmake_args' from command line to 'None'
[4.466s] Level 5:colcon.colcon_core.verb:set package 'realsense2_camera_msgs' build argument 'cmake_target' from command line to 'None'
[4.466s] Level 5:colcon.colcon_core.verb:set package 'realsense2_camera_msgs' build argument 'cmake_target_skip_unavailable' from command line to 'False'
[4.466s] Level 5:colcon.colcon_core.verb:set package 'realsense2_camera_msgs' build argument 'cmake_clean_cache' from command line to 'False'
[4.466s] Level 5:colcon.colcon_core.verb:set package 'realsense2_camera_msgs' build argument 'cmake_clean_first' from command line to 'False'
[4.466s] Level 5:colcon.colcon_core.verb:set package 'realsense2_camera_msgs' build argument 'cmake_force_configure' from command line to 'False'
[4.466s] Level 5:colcon.colcon_core.verb:set package 'realsense2_camera_msgs' build argument 'ament_cmake_args' from command line to 'None'
[4.466s] Level 5:colcon.colcon_core.verb:set package 'realsense2_camera_msgs' build argument 'catkin_cmake_args' from command line to 'None'
[4.466s] Level 5:colcon.colcon_core.verb:set package 'realsense2_camera_msgs' build argument 'catkin_skip_building_tests' from command line to 'False'
[4.466s] DEBUG:colcon.colcon_core.verb:Building package 'realsense2_camera_msgs' with the following arguments: {'ament_cmake_args': None, 'build_base': '/home/imml/git/research_2025/build/realsense2_camera_msgs', 'catkin_cmake_args': None, 'catkin_skip_building_tests': False, 'cmake_args': None, 'cmake_clean_cache': False, 'cmake_clean_first': False, 'cmake_force_configure': False, 'cmake_target': None, 'cmake_target_skip_unavailable': False, 'install_base': '/home/imml/git/research_2025/install/realsense2_camera_msgs', 'merge_install': False, 'path': '/home/imml/git/research_2025/apple-harvest-refactor/harvest_hardware/realsense-ros/realsense2_camera_msgs', 'symlink_install': True, 'test_result_base': None}
[4.466s] Level 5:colcon.colcon_core.verb:set package 'ur5e_custom_hardware' build argument 'cmake_args' from command line to 'None'
[4.466s] Level 5:colcon.colcon_core.verb:set package 'ur5e_custom_hardware' build argument 'cmake_target' from command line to 'None'
[4.466s] Level 5:colcon.colcon_core.verb:set package 'ur5e_custom_hardware' build argument 'cmake_target_skip_unavailable' from command line to 'False'
[4.466s] Level 5:colcon.colcon_core.verb:set package 'ur5e_custom_hardware' build argument 'cmake_clean_cache' from command line to 'False'
[4.466s] Level 5:colcon.colcon_core.verb:set package 'ur5e_custom_hardware' build argument 'cmake_clean_first' from command line to 'False'
[4.466s] Level 5:colcon.colcon_core.verb:set package 'ur5e_custom_hardware' build argument 'cmake_force_configure' from command line to 'False'
[4.466s] Level 5:colcon.colcon_core.verb:set package 'ur5e_custom_hardware' build argument 'ament_cmake_args' from command line to 'None'
[4.466s] Level 5:colcon.colcon_core.verb:set package 'ur5e_custom_hardware' build argument 'catkin_cmake_args' from command line to 'None'
[4.466s] Level 5:colcon.colcon_core.verb:set package 'ur5e_custom_hardware' build argument 'catkin_skip_building_tests' from command line to 'False'
[4.466s] DEBUG:colcon.colcon_core.verb:Building package 'ur5e_custom_hardware' with the following arguments: {'ament_cmake_args': None, 'build_base': '/home/imml/git/research_2025/build/ur5e_custom_hardware', 'catkin_cmake_args': None, 'catkin_skip_building_tests': False, 'cmake_args': None, 'cmake_clean_cache': False, 'cmake_clean_first': False, 'cmake_force_configure': False, 'cmake_target': None, 'cmake_target_skip_unavailable': False, 'install_base': '/home/imml/git/research_2025/install/ur5e_custom_hardware', 'merge_install': False, 'path': '/home/imml/git/research_2025/apple-harvest-refactor/harvest_hardware/ur5e_custom_hardware', 'symlink_install': True, 'test_result_base': None}
[4.467s] Level 5:colcon.colcon_core.verb:set package 'ur_dashboard_msgs' build argument 'cmake_args' from command line to 'None'
[4.467s] Level 5:colcon.colcon_core.verb:set package 'ur_dashboard_msgs' build argument 'cmake_target' from command line to 'None'
[4.467s] Level 5:colcon.colcon_core.verb:set package 'ur_dashboard_msgs' build argument 'cmake_target_skip_unavailable' from command line to 'False'
[4.467s] Level 5:colcon.colcon_core.verb:set package 'ur_dashboard_msgs' build argument 'cmake_clean_cache' from command line to 'False'
[4.467s] Level 5:colcon.colcon_core.verb:set package 'ur_dashboard_msgs' build argument 'cmake_clean_first' from command line to 'False'
[4.467s] Level 5:colcon.colcon_core.verb:set package 'ur_dashboard_msgs' build argument 'cmake_force_configure' from command line to 'False'
[4.467s] Level 5:colcon.colcon_core.verb:set package 'ur_dashboard_msgs' build argument 'ament_cmake_args' from command line to 'None'
[4.467s] Level 5:colcon.colcon_core.verb:set package 'ur_dashboard_msgs' build argument 'catkin_cmake_args' from command line to 'None'
[4.467s] Level 5:colcon.colcon_core.verb:set package 'ur_dashboard_msgs' build argument 'catkin_skip_building_tests' from command line to 'False'
[4.467s] DEBUG:colcon.colcon_core.verb:Building package 'ur_dashboard_msgs' with the following arguments: {'ament_cmake_args': None, 'build_base': '/home/imml/git/research_2025/build/ur_dashboard_msgs', 'catkin_cmake_args': None, 'catkin_skip_building_tests': False, 'cmake_args': None, 'cmake_clean_cache': False, 'cmake_clean_first': False, 'cmake_force_configure': False, 'cmake_target': None, 'cmake_target_skip_unavailable': False, 'install_base': '/home/imml/git/research_2025/install/ur_dashboard_msgs', 'merge_install': False, 'path': '/home/imml/git/research_2025/apple-harvest-refactor/harvest_hardware/Universal_Robots_ROS2_Driver/ur_dashboard_msgs', 'symlink_install': True, 'test_result_base': None}
[4.467s] Level 5:colcon.colcon_core.verb:set package 'ur_description' build argument 'cmake_args' from command line to 'None'
[4.467s] Level 5:colcon.colcon_core.verb:set package 'ur_description' build argument 'cmake_target' from command line to 'None'
[4.467s] Level 5:colcon.colcon_core.verb:set package 'ur_description' build argument 'cmake_target_skip_unavailable' from command line to 'False'
[4.467s] Level 5:colcon.colcon_core.verb:set package 'ur_description' build argument 'cmake_clean_cache' from command line to 'False'
[4.467s] Level 5:colcon.colcon_core.verb:set package 'ur_description' build argument 'cmake_clean_first' from command line to 'False'
[4.467s] Level 5:colcon.colcon_core.verb:set package 'ur_description' build argument 'cmake_force_configure' from command line to 'False'
[4.467s] Level 5:colcon.colcon_core.verb:set package 'ur_description' build argument 'ament_cmake_args' from command line to 'None'
[4.467s] Level 5:colcon.colcon_core.verb:set package 'ur_description' build argument 'catkin_cmake_args' from command line to 'None'
[4.467s] Level 5:colcon.colcon_core.verb:set package 'ur_description' build argument 'catkin_skip_building_tests' from command line to 'False'
[4.467s] DEBUG:colcon.colcon_core.verb:Building package 'ur_description' with the following arguments: {'ament_cmake_args': None, 'build_base': '/home/imml/git/research_2025/build/ur_description', 'catkin_cmake_args': None, 'catkin_skip_building_tests': False, 'cmake_args': None, 'cmake_clean_cache': False, 'cmake_clean_first': False, 'cmake_force_configure': False, 'cmake_target': None, 'cmake_target_skip_unavailable': False, 'install_base': '/home/imml/git/research_2025/install/ur_description', 'merge_install': False, 'path': '/home/imml/git/research_2025/apple-harvest-refactor/harvest_hardware/Universal_Robots_ROS2_Description', 'symlink_install': True, 'test_result_base': None}
[4.467s] Level 5:colcon.colcon_core.verb:set package 'harvest' build argument 'cmake_args' from command line to 'None'
[4.467s] Level 5:colcon.colcon_core.verb:set package 'harvest' build argument 'cmake_target' from command line to 'None'
[4.467s] Level 5:colcon.colcon_core.verb:set package 'harvest' build argument 'cmake_target_skip_unavailable' from command line to 'False'
[4.467s] Level 5:colcon.colcon_core.verb:set package 'harvest' build argument 'cmake_clean_cache' from command line to 'False'
[4.467s] Level 5:colcon.colcon_core.verb:set package 'harvest' build argument 'cmake_clean_first' from command line to 'False'
[4.468s] Level 5:colcon.colcon_core.verb:set package 'harvest' build argument 'cmake_force_configure' from command line to 'False'
[4.468s] Level 5:colcon.colcon_core.verb:set package 'harvest' build argument 'ament_cmake_args' from command line to 'None'
[4.468s] Level 5:colcon.colcon_core.verb:set package 'harvest' build argument 'catkin_cmake_args' from command line to 'None'
[4.468s] Level 5:colcon.colcon_core.verb:set package 'harvest' build argument 'catkin_skip_building_tests' from command line to 'False'
[4.468s] DEBUG:colcon.colcon_core.verb:Building package 'harvest' with the following arguments: {'ament_cmake_args': None, 'build_base': '/home/imml/git/research_2025/build/harvest', 'catkin_cmake_args': None, 'catkin_skip_building_tests': False, 'cmake_args': None, 'cmake_clean_cache': False, 'cmake_clean_first': False, 'cmake_force_configure': False, 'cmake_target': None, 'cmake_target_skip_unavailable': False, 'install_base': '/home/imml/git/research_2025/install/harvest', 'merge_install': False, 'path': '/home/imml/git/research_2025/apple-harvest-refactor/harvest', 'symlink_install': True, 'test_result_base': None}
[4.468s] Level 5:colcon.colcon_core.verb:set package 'harvest_control' build argument 'cmake_args' from command line to 'None'
[4.468s] Level 5:colcon.colcon_core.verb:set package 'harvest_control' build argument 'cmake_target' from command line to 'None'
[4.468s] Level 5:colcon.colcon_core.verb:set package 'harvest_control' build argument 'cmake_target_skip_unavailable' from command line to 'False'
[4.468s] Level 5:colcon.colcon_core.verb:set package 'harvest_control' build argument 'cmake_clean_cache' from command line to 'False'
[4.468s] Level 5:colcon.colcon_core.verb:set package 'harvest_control' build argument 'cmake_clean_first' from command line to 'False'
[4.468s] Level 5:colcon.colcon_core.verb:set package 'harvest_control' build argument 'cmake_force_configure' from command line to 'False'
[4.468s] Level 5:colcon.colcon_core.verb:set package 'harvest_control' build argument 'ament_cmake_args' from command line to 'None'
[4.468s] Level 5:colcon.colcon_core.verb:set package 'harvest_control' build argument 'catkin_cmake_args' from command line to 'None'
[4.468s] Level 5:colcon.colcon_core.verb:set package 'harvest_control' build argument 'catkin_skip_building_tests' from command line to 'False'
[4.468s] DEBUG:colcon.colcon_core.verb:Building package 'harvest_control' with the following arguments: {'ament_cmake_args': None, 'build_base': '/home/imml/git/research_2025/build/harvest_control', 'catkin_cmake_args': None, 'catkin_skip_building_tests': False, 'cmake_args': None, 'cmake_clean_cache': False, 'cmake_clean_first': False, 'cmake_force_configure': False, 'cmake_target': None, 'cmake_target_skip_unavailable': False, 'install_base': '/home/imml/git/research_2025/install/harvest_control', 'merge_install': False, 'path': '/home/imml/git/research_2025/apple-harvest-refactor/harvest_control', 'symlink_install': True, 'test_result_base': None}
[4.468s] Level 5:colcon.colcon_core.verb:set package 'harvest_vision' build argument 'cmake_args' from command line to 'None'
[4.468s] Level 5:colcon.colcon_core.verb:set package 'harvest_vision' build argument 'cmake_target' from command line to 'None'
[4.468s] Level 5:colcon.colcon_core.verb:set package 'harvest_vision' build argument 'cmake_target_skip_unavailable' from command line to 'False'
[4.468s] Level 5:colcon.colcon_core.verb:set package 'harvest_vision' build argument 'cmake_clean_cache' from command line to 'False'
[4.468s] Level 5:colcon.colcon_core.verb:set package 'harvest_vision' build argument 'cmake_clean_first' from command line to 'False'
[4.468s] Level 5:colcon.colcon_core.verb:set package 'harvest_vision' build argument 'cmake_force_configure' from command line to 'False'
[4.468s] Level 5:colcon.colcon_core.verb:set package 'harvest_vision' build argument 'ament_cmake_args' from command line to 'None'
[4.468s] Level 5:colcon.colcon_core.verb:set package 'harvest_vision' build argument 'catkin_cmake_args' from command line to 'None'
[4.468s] Level 5:colcon.colcon_core.verb:set package 'harvest_vision' build argument 'catkin_skip_building_tests' from command line to 'False'
[4.468s] DEBUG:colcon.colcon_core.verb:Building package 'harvest_vision' with the following arguments: {'ament_cmake_args': None, 'build_base': '/home/imml/git/research_2025/build/harvest_vision', 'catkin_cmake_args': None, 'catkin_skip_building_tests': False, 'cmake_args': None, 'cmake_clean_cache': False, 'cmake_clean_first': False, 'cmake_force_configure': False, 'cmake_target': None, 'cmake_target_skip_unavailable': False, 'install_base': '/home/imml/git/research_2025/install/harvest_vision', 'merge_install': False, 'path': '/home/imml/git/research_2025/apple-harvest-refactor/harvest_vision', 'symlink_install': True, 'test_result_base': None}
[4.469s] Level 5:colcon.colcon_core.verb:set package 'realsense2_camera' build argument 'cmake_args' from command line to 'None'
[4.469s] Level 5:colcon.colcon_core.verb:set package 'realsense2_camera' build argument 'cmake_target' from command line to 'None'
[4.469s] Level 5:colcon.colcon_core.verb:set package 'realsense2_camera' build argument 'cmake_target_skip_unavailable' from command line to 'False'
[4.469s] Level 5:colcon.colcon_core.verb:set package 'realsense2_camera' build argument 'cmake_clean_cache' from command line to 'False'
[4.469s] Level 5:colcon.colcon_core.verb:set package 'realsense2_camera' build argument 'cmake_clean_first' from command line to 'False'
[4.469s] Level 5:colcon.colcon_core.verb:set package 'realsense2_camera' build argument 'cmake_force_configure' from command line to 'False'
[4.469s] Level 5:colcon.colcon_core.verb:set package 'realsense2_camera' build argument 'ament_cmake_args' from command line to 'None'
[4.469s] Level 5:colcon.colcon_core.verb:set package 'realsense2_camera' build argument 'catkin_cmake_args' from command line to 'None'
[4.469s] Level 5:colcon.colcon_core.verb:set package 'realsense2_camera' build argument 'catkin_skip_building_tests' from command line to 'False'
[4.469s] DEBUG:colcon.colcon_core.verb:Building package 'realsense2_camera' with the following arguments: {'ament_cmake_args': None, 'build_base': '/home/imml/git/research_2025/build/realsense2_camera', 'catkin_cmake_args': None, 'catkin_skip_building_tests': False, 'cmake_args': None, 'cmake_clean_cache': False, 'cmake_clean_first': False, 'cmake_force_configure': False, 'cmake_target': None, 'cmake_target_skip_unavailable': False, 'install_base': '/home/imml/git/research_2025/install/realsense2_camera', 'merge_install': False, 'path': '/home/imml/git/research_2025/apple-harvest-refactor/harvest_hardware/realsense-ros/realsense2_camera', 'symlink_install': True, 'test_result_base': None}
[4.469s] Level 5:colcon.colcon_core.verb:set package 'realsense2_description' build argument 'cmake_args' from command line to 'None'
[4.469s] Level 5:colcon.colcon_core.verb:set package 'realsense2_description' build argument 'cmake_target' from command line to 'None'
[4.469s] Level 5:colcon.colcon_core.verb:set package 'realsense2_description' build argument 'cmake_target_skip_unavailable' from command line to 'False'
[4.469s] Level 5:colcon.colcon_core.verb:set package 'realsense2_description' build argument 'cmake_clean_cache' from command line to 'False'
[4.469s] Level 5:colcon.colcon_core.verb:set package 'realsense2_description' build argument 'cmake_clean_first' from command line to 'False'
[4.469s] Level 5:colcon.colcon_core.verb:set package 'realsense2_description' build argument 'cmake_force_configure' from command line to 'False'
[4.469s] Level 5:colcon.colcon_core.verb:set package 'realsense2_description' build argument 'ament_cmake_args' from command line to 'None'
[4.469s] Level 5:colcon.colcon_core.verb:set package 'realsense2_description' build argument 'catkin_cmake_args' from command line to 'None'
[4.469s] Level 5:colcon.colcon_core.verb:set package 'realsense2_description' build argument 'catkin_skip_building_tests' from command line to 'False'
[4.469s] DEBUG:colcon.colcon_core.verb:Building package 'realsense2_description' with the following arguments: {'ament_cmake_args': None, 'build_base': '/home/imml/git/research_2025/build/realsense2_description', 'catkin_cmake_args': None, 'catkin_skip_building_tests': False, 'cmake_args': None, 'cmake_clean_cache': False, 'cmake_clean_first': False, 'cmake_force_configure': False, 'cmake_target': None, 'cmake_target_skip_unavailable': False, 'install_base': '/home/imml/git/research_2025/install/realsense2_description', 'merge_install': False, 'path': '/home/imml/git/research_2025/apple-harvest-refactor/harvest_hardware/realsense-ros/realsense2_description', 'symlink_install': True, 'test_result_base': None}
[4.469s] Level 5:colcon.colcon_core.verb:set package 'ur_controllers' build argument 'cmake_args' from command line to 'None'
[4.469s] Level 5:colcon.colcon_core.verb:set package 'ur_controllers' build argument 'cmake_target' from command line to 'None'
[4.469s] Level 5:colcon.colcon_core.verb:set package 'ur_controllers' build argument 'cmake_target_skip_unavailable' from command line to 'False'
[4.469s] Level 5:colcon.colcon_core.verb:set package 'ur_controllers' build argument 'cmake_clean_cache' from command line to 'False'
[4.469s] Level 5:colcon.colcon_core.verb:set package 'ur_controllers' build argument 'cmake_clean_first' from command line to 'False'
[4.469s] Level 5:colcon.colcon_core.verb:set package 'ur_controllers' build argument 'cmake_force_configure' from command line to 'False'
[4.469s] Level 5:colcon.colcon_core.verb:set package 'ur_controllers' build argument 'ament_cmake_args' from command line to 'None'
[4.469s] Level 5:colcon.colcon_core.verb:set package 'ur_controllers' build argument 'catkin_cmake_args' from command line to 'None'
[4.469s] Level 5:colcon.colcon_core.verb:set package 'ur_controllers' build argument 'catkin_skip_building_tests' from command line to 'False'
[4.469s] DEBUG:colcon.colcon_core.verb:Building package 'ur_controllers' with the following arguments: {'ament_cmake_args': None, 'build_base': '/home/imml/git/research_2025/build/ur_controllers', 'catkin_cmake_args': None, 'catkin_skip_building_tests': False, 'cmake_args': None, 'cmake_clean_cache': False, 'cmake_clean_first': False, 'cmake_force_configure': False, 'cmake_target': None, 'cmake_target_skip_unavailable': False, 'install_base': '/home/imml/git/research_2025/install/ur_controllers', 'merge_install': False, 'path': '/home/imml/git/research_2025/apple-harvest-refactor/harvest_hardware/Universal_Robots_ROS2_Driver/ur_controllers', 'symlink_install': True, 'test_result_base': None}
[4.470s] Level 5:colcon.colcon_core.verb:set package 'ur_moveit_config' build argument 'cmake_args' from command line to 'None'
[4.470s] Level 5:colcon.colcon_core.verb:set package 'ur_moveit_config' build argument 'cmake_target' from command line to 'None'
[4.470s] Level 5:colcon.colcon_core.verb:set package 'ur_moveit_config' build argument 'cmake_target_skip_unavailable' from command line to 'False'
[4.470s] Level 5:colcon.colcon_core.verb:set package 'ur_moveit_config' build argument 'cmake_clean_cache' from command line to 'False'
[4.470s] Level 5:colcon.colcon_core.verb:set package 'ur_moveit_config' build argument 'cmake_clean_first' from command line to 'False'
[4.470s] Level 5:colcon.colcon_core.verb:set package 'ur_moveit_config' build argument 'cmake_force_configure' from command line to 'False'
[4.470s] Level 5:colcon.colcon_core.verb:set package 'ur_moveit_config' build argument 'ament_cmake_args' from command line to 'None'
[4.470s] Level 5:colcon.colcon_core.verb:set package 'ur_moveit_config' build argument 'catkin_cmake_args' from command line to 'None'
[4.470s] Level 5:colcon.colcon_core.verb:set package 'ur_moveit_config' build argument 'catkin_skip_building_tests' from command line to 'False'
[4.470s] DEBUG:colcon.colcon_core.verb:Building package 'ur_moveit_config' with the following arguments: {'ament_cmake_args': None, 'build_base': '/home/imml/git/research_2025/build/ur_moveit_config', 'catkin_cmake_args': None, 'catkin_skip_building_tests': False, 'cmake_args': None, 'cmake_clean_cache': False, 'cmake_clean_first': False, 'cmake_force_configure': False, 'cmake_target': None, 'cmake_target_skip_unavailable': False, 'install_base': '/home/imml/git/research_2025/install/ur_moveit_config', 'merge_install': False, 'path': '/home/imml/git/research_2025/apple-harvest-refactor/harvest_hardware/Universal_Robots_ROS2_Driver/ur_moveit_config', 'symlink_install': True, 'test_result_base': None}
[4.470s] Level 5:colcon.colcon_core.verb:set package 'ur_bringup' build argument 'cmake_args' from command line to 'None'
[4.470s] Level 5:colcon.colcon_core.verb:set package 'ur_bringup' build argument 'cmake_target' from command line to 'None'
[4.470s] Level 5:colcon.colcon_core.verb:set package 'ur_bringup' build argument 'cmake_target_skip_unavailable' from command line to 'False'
[4.470s] Level 5:colcon.colcon_core.verb:set package 'ur_bringup' build argument 'cmake_clean_cache' from command line to 'False'
[4.470s] Level 5:colcon.colcon_core.verb:set package 'ur_bringup' build argument 'cmake_clean_first' from command line to 'False'
[4.470s] Level 5:colcon.colcon_core.verb:set package 'ur_bringup' build argument 'cmake_force_configure' from command line to 'False'
[4.470s] Level 5:colcon.colcon_core.verb:set package 'ur_bringup' build argument 'ament_cmake_args' from command line to 'None'
[4.470s] Level 5:colcon.colcon_core.verb:set package 'ur_bringup' build argument 'catkin_cmake_args' from command line to 'None'
[4.470s] Level 5:colcon.colcon_core.verb:set package 'ur_bringup' build argument 'catkin_skip_building_tests' from command line to 'False'
[4.470s] DEBUG:colcon.colcon_core.verb:Building package 'ur_bringup' with the following arguments: {'ament_cmake_args': None, 'build_base': '/home/imml/git/research_2025/build/ur_bringup', 'catkin_cmake_args': None, 'catkin_skip_building_tests': False, 'cmake_args': None, 'cmake_clean_cache': False, 'cmake_clean_first': False, 'cmake_force_configure': False, 'cmake_target': None, 'cmake_target_skip_unavailable': False, 'install_base': '/home/imml/git/research_2025/install/ur_bringup', 'merge_install': False, 'path': '/home/imml/git/research_2025/apple-harvest-refactor/harvest_hardware/Universal_Robots_ROS2_Driver/ur_bringup', 'symlink_install': True, 'test_result_base': None}
[4.470s] Level 5:colcon.colcon_core.verb:set package 'ur_robot_driver' build argument 'cmake_args' from command line to 'None'
[4.470s] Level 5:colcon.colcon_core.verb:set package 'ur_robot_driver' build argument 'cmake_target' from command line to 'None'
[4.470s] Level 5:colcon.colcon_core.verb:set package 'ur_robot_driver' build argument 'cmake_target_skip_unavailable' from command line to 'False'
[4.470s] Level 5:colcon.colcon_core.verb:set package 'ur_robot_driver' build argument 'cmake_clean_cache' from command line to 'False'
[4.470s] Level 5:colcon.colcon_core.verb:set package 'ur_robot_driver' build argument 'cmake_clean_first' from command line to 'False'
[4.470s] Level 5:colcon.colcon_core.verb:set package 'ur_robot_driver' build argument 'cmake_force_configure' from command line to 'False'
[4.471s] Level 5:colcon.colcon_core.verb:set package 'ur_robot_driver' build argument 'ament_cmake_args' from command line to 'None'
[4.471s] Level 5:colcon.colcon_core.verb:set package 'ur_robot_driver' build argument 'catkin_cmake_args' from command line to 'None'
[4.471s] Level 5:colcon.colcon_core.verb:set package 'ur_robot_driver' build argument 'catkin_skip_building_tests' from command line to 'False'
[4.471s] DEBUG:colcon.colcon_core.verb:Building package 'ur_robot_driver' with the following arguments: {'ament_cmake_args': None, 'build_base': '/home/imml/git/research_2025/build/ur_robot_driver', 'catkin_cmake_args': None, 'catkin_skip_building_tests': False, 'cmake_args': None, 'cmake_clean_cache': False, 'cmake_clean_first': False, 'cmake_force_configure': False, 'cmake_target': None, 'cmake_target_skip_unavailable': False, 'install_base': '/home/imml/git/research_2025/install/ur_robot_driver', 'merge_install': False, 'path': '/home/imml/git/research_2025/apple-harvest-refactor/harvest_hardware/Universal_Robots_ROS2_Driver/ur_robot_driver', 'symlink_install': True, 'test_result_base': None}
[4.471s] Level 5:colcon.colcon_core.verb:set package 'ur_calibration' build argument 'cmake_args' from command line to 'None'
[4.471s] Level 5:colcon.colcon_core.verb:set package 'ur_calibration' build argument 'cmake_target' from command line to 'None'
[4.471s] Level 5:colcon.colcon_core.verb:set package 'ur_calibration' build argument 'cmake_target_skip_unavailable' from command line to 'False'
[4.471s] Level 5:colcon.colcon_core.verb:set package 'ur_calibration' build argument 'cmake_clean_cache' from command line to 'False'
[4.471s] Level 5:colcon.colcon_core.verb:set package 'ur_calibration' build argument 'cmake_clean_first' from command line to 'False'
[4.471s] Level 5:colcon.colcon_core.verb:set package 'ur_calibration' build argument 'cmake_force_configure' from command line to 'False'
[4.471s] Level 5:colcon.colcon_core.verb:set package 'ur_calibration' build argument 'ament_cmake_args' from command line to 'None'
[4.471s] Level 5:colcon.colcon_core.verb:set package 'ur_calibration' build argument 'catkin_cmake_args' from command line to 'None'
[4.471s] Level 5:colcon.colcon_core.verb:set package 'ur_calibration' build argument 'catkin_skip_building_tests' from command line to 'False'
[4.471s] DEBUG:colcon.colcon_core.verb:Building package 'ur_calibration' with the following arguments: {'ament_cmake_args': None, 'build_base': '/home/imml/git/research_2025/build/ur_calibration', 'catkin_cmake_args': None, 'catkin_skip_building_tests': False, 'cmake_args': None, 'cmake_clean_cache': False, 'cmake_clean_first': False, 'cmake_force_configure': False, 'cmake_target': None, 'cmake_target_skip_unavailable': False, 'install_base': '/home/imml/git/research_2025/install/ur_calibration', 'merge_install': False, 'path': '/home/imml/git/research_2025/apple-harvest-refactor/harvest_hardware/Universal_Robots_ROS2_Driver/ur_calibration', 'symlink_install': True, 'test_result_base': None}
[4.471s] Level 5:colcon.colcon_core.verb:set package 'ur' build argument 'cmake_args' from command line to 'None'
[4.471s] Level 5:colcon.colcon_core.verb:set package 'ur' build argument 'cmake_target' from command line to 'None'
[4.471s] Level 5:colcon.colcon_core.verb:set package 'ur' build argument 'cmake_target_skip_unavailable' from command line to 'False'
[4.471s] Level 5:colcon.colcon_core.verb:set package 'ur' build argument 'cmake_clean_cache' from command line to 'False'
[4.471s] Level 5:colcon.colcon_core.verb:set package 'ur' build argument 'cmake_clean_first' from command line to 'False'
[4.471s] Level 5:colcon.colcon_core.verb:set package 'ur' build argument 'cmake_force_configure' from command line to 'False'
[4.471s] Level 5:colcon.colcon_core.verb:set package 'ur' build argument 'ament_cmake_args' from command line to 'None'
[4.471s] Level 5:colcon.colcon_core.verb:set package 'ur' build argument 'catkin_cmake_args' from command line to 'None'
[4.471s] Level 5:colcon.colcon_core.verb:set package 'ur' build argument 'catkin_skip_building_tests' from command line to 'False'
[4.471s] DEBUG:colcon.colcon_core.verb:Building package 'ur' with the following arguments: {'ament_cmake_args': None, 'build_base': '/home/imml/git/research_2025/build/ur', 'catkin_cmake_args': None, 'catkin_skip_building_tests': False, 'cmake_args': None, 'cmake_clean_cache': False, 'cmake_clean_first': False, 'cmake_force_configure': False, 'cmake_target': None, 'cmake_target_skip_unavailable': False, 'install_base': '/home/imml/git/research_2025/install/ur', 'merge_install': False, 'path': '/home/imml/git/research_2025/apple-harvest-refactor/harvest_hardware/Universal_Robots_ROS2_Driver/ur', 'symlink_install': True, 'test_result_base': None}
[4.471s] INFO:colcon.colcon_core.executor:Executing jobs using 'parallel' executor
[4.472s] DEBUG:colcon.colcon_parallel_executor.executor.parallel:run_until_complete
[4.472s] INFO:colcon.colcon_ros.task.ament_cmake.build:Building ROS package in '/home/imml/git/research_2025/apple-harvest-refactor/harvest_hardware/Universal_Robots_ROS2_Driver/ur_dashboard_msgs' with build type 'ament_cmake'
[4.473s] INFO:colcon.colcon_cmake.task.cmake.build:Building CMake package in '/home/imml/git/research_2025/apple-harvest-refactor/harvest_hardware/Universal_Robots_ROS2_Driver/ur_dashboard_msgs'
[4.476s] INFO:colcon.colcon_core.plugin_system:Skipping extension 'colcon_core.shell.bat': Not used on non-Windows systems
[4.476s] INFO:colcon.colcon_core.shell:Skip shell extension 'powershell' for command environment: Not usable outside of PowerShell
[4.476s] DEBUG:colcon.colcon_core.shell:Skip shell extension 'dsv' for command environment
[4.479s] INFO:colcon.colcon_ros.task.ament_cmake.build:Building ROS package in '/home/imml/git/research_2025/apple-harvest-refactor/harvest_hardware/Universal_Robots_ROS2_Description' with build type 'ament_cmake'
[4.479s] INFO:colcon.colcon_cmake.task.cmake.build:Building CMake package in '/home/imml/git/research_2025/apple-harvest-refactor/harvest_hardware/Universal_Robots_ROS2_Description'
[4.479s] INFO:colcon.colcon_core.shell:Skip shell extension 'powershell' for command environment: Not usable outside of PowerShell
[4.479s] DEBUG:colcon.colcon_core.shell:Skip shell extension 'dsv' for command environment
[4.482s] INFO:colcon.colcon_ros.task.ament_cmake.build:Building ROS package in '/home/imml/git/research_2025/apple-harvest-refactor/harvest_interfaces' with build type 'ament_cmake'
[4.482s] INFO:colcon.colcon_cmake.task.cmake.build:Building CMake package in '/home/imml/git/research_2025/apple-harvest-refactor/harvest_interfaces'
[4.482s] INFO:colcon.colcon_core.shell:Skip shell extension 'powershell' for command environment: Not usable outside of PowerShell
[4.482s] DEBUG:colcon.colcon_core.shell:Skip shell extension 'dsv' for command environment
[4.484s] INFO:colcon.colcon_ros.task.ament_cmake.build:Building ROS package in '/home/imml/git/research_2025/apple-harvest-refactor/harvest_hardware/realsense-ros/realsense2_camera_msgs' with build type 'ament_cmake'
[4.484s] INFO:colcon.colcon_cmake.task.cmake.build:Building CMake package in '/home/imml/git/research_2025/apple-harvest-refactor/harvest_hardware/realsense-ros/realsense2_camera_msgs'
[4.485s] INFO:colcon.colcon_core.shell:Skip shell extension 'powershell' for command environment: Not usable outside of PowerShell
[4.485s] DEBUG:colcon.colcon_core.shell:Skip shell extension 'dsv' for command environment
[4.487s] INFO:colcon.colcon_core.task.python.build:Building Python package in '/home/imml/git/research_2025/sam2/segment-anything-2'
[4.487s] INFO:colcon.colcon_core.shell:Skip shell extension 'powershell' for command environment: Not usable outside of PowerShell
[4.487s] DEBUG:colcon.colcon_core.shell:Skip shell extension 'dsv' for command environment
[4.489s] INFO:colcon.colcon_ros.task.ament_python.build:Building ROS package in '/home/imml/git/research_2025/apple-harvest-refactor/harvest_hardware/ur5e_custom_hardware' with build type 'ament_python'
[4.489s] Level 1:colcon.colcon_core.shell:create_environment_hook('ur5e_custom_hardware', 'ament_prefix_path')
[4.490s] INFO:colcon.colcon_core.shell:Creating environment hook '/home/imml/git/research_2025/install/ur5e_custom_hardware/share/ur5e_custom_hardware/hook/ament_prefix_path.ps1'
[4.490s] INFO:colcon.colcon_core.shell:Creating environment descriptor '/home/imml/git/research_2025/install/ur5e_custom_hardware/share/ur5e_custom_hardware/hook/ament_prefix_path.dsv'
[4.491s] INFO:colcon.colcon_core.shell:Creating environment hook '/home/imml/git/research_2025/install/ur5e_custom_hardware/share/ur5e_custom_hardware/hook/ament_prefix_path.sh'
[4.491s] INFO:colcon.colcon_core.shell:Skip shell extension 'powershell' for command environment: Not usable outside of PowerShell
[4.491s] DEBUG:colcon.colcon_core.shell:Skip shell extension 'dsv' for command environment
[4.496s] DEBUG:colcon.colcon_core.event_handler.log_command:Invoking command in '/home/imml/git/research_2025/build/ur_dashboard_msgs': CMAKE_PREFIX_PATH=/opt/ros/humble /usr/bin/cmake /home/imml/git/research_2025/apple-harvest-refactor/harvest_hardware/Universal_Robots_ROS2_Driver/ur_dashboard_msgs -DAMENT_CMAKE_SYMLINK_INSTALL=1 -DCMAKE_INSTALL_PREFIX=/home/imml/git/research_2025/install/ur_dashboard_msgs
[4.499s] DEBUG:colcon.colcon_core.event_handler.log_command:Invoking command in '/home/imml/git/research_2025/build/ur_description': CMAKE_PREFIX_PATH=/opt/ros/humble /usr/bin/cmake /home/imml/git/research_2025/apple-harvest-refactor/harvest_hardware/Universal_Robots_ROS2_Description -DAMENT_CMAKE_SYMLINK_INSTALL=1 -DCMAKE_INSTALL_PREFIX=/home/imml/git/research_2025/install/ur_description
[4.500s] DEBUG:colcon.colcon_core.event_handler.log_command:Invoking command in '/home/imml/git/research_2025/build/harvest_interfaces': CMAKE_PREFIX_PATH=/opt/ros/humble /usr/bin/cmake /home/imml/git/research_2025/apple-harvest-refactor/harvest_interfaces -DAMENT_CMAKE_SYMLINK_INSTALL=1 -DCMAKE_INSTALL_PREFIX=/home/imml/git/research_2025/install/harvest_interfaces
[4.501s] DEBUG:colcon.colcon_core.event_handler.log_command:Invoking command in '/home/imml/git/research_2025/build/realsense2_camera_msgs': CMAKE_PREFIX_PATH=/opt/ros/humble /usr/bin/cmake /home/imml/git/research_2025/apple-harvest-refactor/harvest_hardware/realsense-ros/realsense2_camera_msgs -DAMENT_CMAKE_SYMLINK_INSTALL=1 -DCMAKE_INSTALL_PREFIX=/home/imml/git/research_2025/install/realsense2_camera_msgs
[6.879s] INFO:colcon.colcon_core.task.python.build:Building Python package in '/home/imml/git/research_2025/apple-harvest-refactor/harvest_hardware/ur5e_custom_hardware'
[6.880s] INFO:colcon.colcon_core.shell:Skip shell extension 'powershell' for command environment: Not usable outside of PowerShell
[6.880s] DEBUG:colcon.colcon_core.shell:Skip shell extension 'dsv' for command environment
[6.883s] DEBUG:colcon.colcon_core.event_handler.log_command:Invoked command in '/home/imml/git/research_2025/build/ur_dashboard_msgs' returned '0': CMAKE_PREFIX_PATH=/opt/ros/humble /usr/bin/cmake /home/imml/git/research_2025/apple-harvest-refactor/harvest_hardware/Universal_Robots_ROS2_Driver/ur_dashboard_msgs -DAMENT_CMAKE_SYMLINK_INSTALL=1 -DCMAKE_INSTALL_PREFIX=/home/imml/git/research_2025/install/ur_dashboard_msgs
[6.885s] DEBUG:colcon.colcon_core.event_handler.log_command:Invoking command in '/home/imml/git/research_2025/build/ur_dashboard_msgs': CMAKE_PREFIX_PATH=/opt/ros/humble /usr/bin/cmake --build /home/imml/git/research_2025/build/ur_dashboard_msgs -- -j16 -l16
[6.885s] DEBUG:colcon.colcon_core.event_handler.log_command:Invoked command in '/home/imml/git/research_2025/build/realsense2_camera_msgs' returned '0': CMAKE_PREFIX_PATH=/opt/ros/humble /usr/bin/cmake /home/imml/git/research_2025/apple-harvest-refactor/harvest_hardware/realsense-ros/realsense2_camera_msgs -DAMENT_CMAKE_SYMLINK_INSTALL=1 -DCMAKE_INSTALL_PREFIX=/home/imml/git/research_2025/install/realsense2_camera_msgs
[6.886s] DEBUG:colcon.colcon_core.event_handler.log_command:Invoking command in '/home/imml/git/research_2025/build/realsense2_camera_msgs': CMAKE_PREFIX_PATH=/opt/ros/humble /usr/bin/cmake --build /home/imml/git/research_2025/build/realsense2_camera_msgs -- -j16 -l16
[6.889s] DEBUG:colcon.colcon_core.event_handler.log_command:Invoked command in '/home/imml/git/research_2025/build/harvest_interfaces' returned '0': CMAKE_PREFIX_PATH=/opt/ros/humble /usr/bin/cmake /home/imml/git/research_2025/apple-harvest-refactor/harvest_interfaces -DAMENT_CMAKE_SYMLINK_INSTALL=1 -DCMAKE_INSTALL_PREFIX=/home/imml/git/research_2025/install/harvest_interfaces
[6.890s] DEBUG:colcon.colcon_core.event_handler.log_command:Invoking command in '/home/imml/git/research_2025/build/harvest_interfaces': CMAKE_PREFIX_PATH=/opt/ros/humble /usr/bin/cmake --build /home/imml/git/research_2025/build/harvest_interfaces -- -j16 -l16
[7.339s] DEBUG:colcon.colcon_core.event_handler.log_command:Invoking command in '/home/imml/git/research_2025/build/ur5e_custom_hardware': PYTHONPATH=/home/imml/git/research_2025/build/ur5e_custom_hardware/prefix_override:/usr/lib/python3/dist-packages/colcon_core/task/python/colcon_distutils_commands:/home/imml/git/research_2025/install/ur5e_custom_hardware/lib/python3.10/site-packages:${PYTHONPATH} /usr/bin/python3 -W ignore:setup.py install is deprecated -W ignore:easy_install command is deprecated setup.py develop --editable --build-directory /home/imml/git/research_2025/build/ur5e_custom_hardware/build --no-deps symlink_data
[7.638s] DEBUG:colcon.colcon_core.event_handler.log_command:Invoked command in '/home/imml/git/research_2025/build/ur_description' returned '0': CMAKE_PREFIX_PATH=/opt/ros/humble /usr/bin/cmake /home/imml/git/research_2025/apple-harvest-refactor/harvest_hardware/Universal_Robots_ROS2_Description -DAMENT_CMAKE_SYMLINK_INSTALL=1 -DCMAKE_INSTALL_PREFIX=/home/imml/git/research_2025/install/ur_description
[7.640s] DEBUG:colcon.colcon_core.event_handler.log_command:Invoking command in '/home/imml/git/research_2025/build/ur_description': CMAKE_PREFIX_PATH=/opt/ros/humble /usr/bin/cmake --build /home/imml/git/research_2025/build/ur_description -- -j16 -l16
[7.710s] DEBUG:colcon.colcon_core.event_handler.log_command:Invoked command in '/home/imml/git/research_2025/build/ur_description' returned '0': CMAKE_PREFIX_PATH=/opt/ros/humble /usr/bin/cmake --build /home/imml/git/research_2025/build/ur_description -- -j16 -l16
[7.725s] DEBUG:colcon.colcon_core.event_handler.log_command:Invoking command in '/home/imml/git/research_2025/build/ur_description': CMAKE_PREFIX_PATH=/opt/ros/humble /usr/bin/cmake --install /home/imml/git/research_2025/build/ur_description
[8.117s] Level 1:colcon.colcon_core.shell:create_environment_hook('ur5e_custom_hardware', 'pythonpath_develop')
[8.118s] INFO:colcon.colcon_core.shell:Creating environment hook '/home/imml/git/research_2025/build/ur5e_custom_hardware/share/ur5e_custom_hardware/hook/pythonpath_develop.ps1'
[8.119s] DEBUG:colcon.colcon_core.event_handler.log_command:Invoked command in '/home/imml/git/research_2025/build/ur5e_custom_hardware' returned '0': PYTHONPATH=/home/imml/git/research_2025/build/ur5e_custom_hardware/prefix_override:/usr/lib/python3/dist-packages/colcon_core/task/python/colcon_distutils_commands:/home/imml/git/research_2025/install/ur5e_custom_hardware/lib/python3.10/site-packages:${PYTHONPATH} /usr/bin/python3 -W ignore:setup.py install is deprecated -W ignore:easy_install command is deprecated setup.py develop --editable --build-directory /home/imml/git/research_2025/build/ur5e_custom_hardware/build --no-deps symlink_data
[8.120s] INFO:colcon.colcon_core.shell:Creating environment descriptor '/home/imml/git/research_2025/build/ur5e_custom_hardware/share/ur5e_custom_hardware/hook/pythonpath_develop.dsv'
[8.120s] INFO:colcon.colcon_core.shell:Creating environment hook '/home/imml/git/research_2025/build/ur5e_custom_hardware/share/ur5e_custom_hardware/hook/pythonpath_develop.sh'
[8.131s] Level 1:colcon.colcon_core.environment:checking '/home/imml/git/research_2025/install/ur5e_custom_hardware' for CMake module files
[8.131s] Level 1:colcon.colcon_core.environment:checking '/home/imml/git/research_2025/install/ur5e_custom_hardware' for CMake config files
[8.132s] Level 1:colcon.colcon_core.environment:checking '/home/imml/git/research_2025/install/ur5e_custom_hardware/lib'
[8.133s] Level 1:colcon.colcon_core.environment:checking '/home/imml/git/research_2025/install/ur5e_custom_hardware/bin'
[8.133s] Level 1:colcon.colcon_core.environment:checking '/home/imml/git/research_2025/install/ur5e_custom_hardware/lib/pkgconfig/ur5e_custom_hardware.pc'
[8.133s] Level 1:colcon.colcon_core.environment:checking '/home/imml/git/research_2025/install/ur5e_custom_hardware/lib/python3.10/site-packages'
[8.133s] Level 1:colcon.colcon_core.shell:create_environment_hook('ur5e_custom_hardware', 'pythonpath')
[8.133s] INFO:colcon.colcon_core.shell:Creating environment hook '/home/imml/git/research_2025/install/ur5e_custom_hardware/share/ur5e_custom_hardware/hook/pythonpath.ps1'
[8.134s] INFO:colcon.colcon_core.shell:Creating environment descriptor '/home/imml/git/research_2025/install/ur5e_custom_hardware/share/ur5e_custom_hardware/hook/pythonpath.dsv'
[8.134s] INFO:colcon.colcon_core.shell:Creating environment hook '/home/imml/git/research_2025/install/ur5e_custom_hardware/share/ur5e_custom_hardware/hook/pythonpath.sh'
[8.135s] Level 1:colcon.colcon_core.environment:checking '/home/imml/git/research_2025/install/ur5e_custom_hardware/bin'
[8.135s] Level 1:colcon.colcon_core.environment:create_environment_scripts_only(ur5e_custom_hardware)
[8.136s] INFO:colcon.colcon_core.shell:Creating package script '/home/imml/git/research_2025/install/ur5e_custom_hardware/share/ur5e_custom_hardware/package.ps1'
[8.138s] INFO:colcon.colcon_core.shell:Creating package descriptor '/home/imml/git/research_2025/install/ur5e_custom_hardware/share/ur5e_custom_hardware/package.dsv'
[8.139s] INFO:colcon.colcon_core.shell:Creating package script '/home/imml/git/research_2025/install/ur5e_custom_hardware/share/ur5e_custom_hardware/package.sh'
[8.140s] INFO:colcon.colcon_core.shell:Creating package script '/home/imml/git/research_2025/install/ur5e_custom_hardware/share/ur5e_custom_hardware/package.bash'
[8.142s] INFO:colcon.colcon_core.shell:Creating package script '/home/imml/git/research_2025/install/ur5e_custom_hardware/share/ur5e_custom_hardware/package.zsh'
[8.143s] Level 1:colcon.colcon_core.environment:create_file_with_runtime_dependencies(/home/imml/git/research_2025/install/ur5e_custom_hardware/share/colcon-core/packages/ur5e_custom_hardware)
[11.002s] DEBUG:colcon.colcon_core.event_handler.log_command:Invoking command in '/home/imml/git/research_2025/build/SAM-2': PYTHONPATH=/home/imml/git/research_2025/build/SAM-2/prefix_override:/usr/lib/python3/dist-packages/colcon_core/task/python/colcon_distutils_commands:/home/imml/git/research_2025/install/SAM-2/lib/python3.10/site-packages:${PYTHONPATH} /usr/bin/python3 -W ignore:setup.py install is deprecated -W ignore:easy_install command is deprecated setup.py develop --editable --build-directory /home/imml/git/research_2025/build/SAM-2/build --no-deps
[11.495s] Level 1:colcon.colcon_core.environment:create_environment_scripts_only(ur_description)
[11.495s] Level 1:colcon.colcon_core.environment:checking '/home/imml/git/research_2025/install/ur_description' for CMake module files
[11.496s] DEBUG:colcon.colcon_core.event_handler.log_command:Invoked command in '/home/imml/git/research_2025/build/ur_description' returned '0': CMAKE_PREFIX_PATH=/opt/ros/humble /usr/bin/cmake --install /home/imml/git/research_2025/build/ur_description
[11.497s] Level 1:colcon.colcon_core.environment:checking '/home/imml/git/research_2025/install/ur_description' for CMake config files
[11.509s] Level 1:colcon.colcon_core.shell:create_environment_hook('ur_description', 'cmake_prefix_path')
[11.510s] INFO:colcon.colcon_core.shell:Creating environment hook '/home/imml/git/research_2025/install/ur_description/share/ur_description/hook/cmake_prefix_path.ps1'
[11.511s] INFO:colcon.colcon_core.shell:Creating environment descriptor '/home/imml/git/research_2025/install/ur_description/share/ur_description/hook/cmake_prefix_path.dsv'
[11.511s] INFO:colcon.colcon_core.shell:Creating environment hook '/home/imml/git/research_2025/install/ur_description/share/ur_description/hook/cmake_prefix_path.sh'
[11.516s] Level 1:colcon.colcon_core.environment:checking '/home/imml/git/research_2025/install/ur_description/bin'
[11.516s] Level 1:colcon.colcon_core.environment:checking '/home/imml/git/research_2025/install/ur_description/lib/pkgconfig/ur_description.pc'
[11.517s] Level 1:colcon.colcon_core.environment:checking '/home/imml/git/research_2025/install/ur_description/lib/python3.10/site-packages'
[11.517s] Level 1:colcon.colcon_core.environment:checking '/home/imml/git/research_2025/install/ur_description/bin'
[11.517s] INFO:colcon.colcon_core.shell:Creating package script '/home/imml/git/research_2025/install/ur_description/share/ur_description/package.ps1'
[11.518s] INFO:colcon.colcon_core.shell:Creating package descriptor '/home/imml/git/research_2025/install/ur_description/share/ur_description/package.dsv'
[11.519s] INFO:colcon.colcon_core.shell:Creating package script '/home/imml/git/research_2025/install/ur_description/share/ur_description/package.sh'
[11.519s] INFO:colcon.colcon_core.shell:Creating package script '/home/imml/git/research_2025/install/ur_description/share/ur_description/package.bash'
[11.530s] INFO:colcon.colcon_core.shell:Creating package script '/home/imml/git/research_2025/install/ur_description/share/ur_description/package.zsh'
[11.531s] Level 1:colcon.colcon_core.environment:create_file_with_runtime_dependencies(/home/imml/git/research_2025/install/ur_description/share/colcon-core/packages/ur_description)
[11.532s] Level 1:colcon.colcon_core.environment:create_environment_scripts_only(ur_description)
[11.532s] Level 1:colcon.colcon_core.environment:checking '/home/imml/git/research_2025/install/ur_description' for CMake module files
[11.537s] Level 1:colcon.colcon_core.environment:checking '/home/imml/git/research_2025/install/ur_description' for CMake config files
[11.540s] Level 1:colcon.colcon_core.shell:create_environment_hook('ur_description', 'cmake_prefix_path')
[11.549s] INFO:colcon.colcon_core.shell:Creating environment hook '/home/imml/git/research_2025/install/ur_description/share/ur_description/hook/cmake_prefix_path.ps1'
[11.550s] INFO:colcon.colcon_core.shell:Creating environment descriptor '/home/imml/git/research_2025/install/ur_description/share/ur_description/hook/cmake_prefix_path.dsv'
[11.551s] INFO:colcon.colcon_core.shell:Creating environment hook '/home/imml/git/research_2025/install/ur_description/share/ur_description/hook/cmake_prefix_path.sh'
[11.552s] Level 1:colcon.colcon_core.environment:checking '/home/imml/git/research_2025/install/ur_description/bin'
[11.552s] Level 1:colcon.colcon_core.environment:checking '/home/imml/git/research_2025/install/ur_description/lib/pkgconfig/ur_description.pc'
[11.552s] Level 1:colcon.colcon_core.environment:checking '/home/imml/git/research_2025/install/ur_description/lib/python3.10/site-packages'
[11.553s] Level 1:colcon.colcon_core.environment:checking '/home/imml/git/research_2025/install/ur_description/bin'
[11.564s] INFO:colcon.colcon_core.shell:Creating package script '/home/imml/git/research_2025/install/ur_description/share/ur_description/package.ps1'
[11.565s] INFO:colcon.colcon_core.shell:Creating package descriptor '/home/imml/git/research_2025/install/ur_description/share/ur_description/package.dsv'
[11.566s] INFO:colcon.colcon_core.shell:Creating package script '/home/imml/git/research_2025/install/ur_description/share/ur_description/package.sh'
[11.567s] INFO:colcon.colcon_core.shell:Creating package script '/home/imml/git/research_2025/install/ur_description/share/ur_description/package.bash'
[11.567s] INFO:colcon.colcon_core.shell:Creating package script '/home/imml/git/research_2025/install/ur_description/share/ur_description/package.zsh'
[11.576s] Level 1:colcon.colcon_core.environment:create_file_with_runtime_dependencies(/home/imml/git/research_2025/install/ur_description/share/colcon-core/packages/ur_description)
[11.577s] INFO:colcon.colcon_ros.task.ament_cmake.build:Building ROS package in '/home/imml/git/research_2025/apple-harvest-refactor/harvest_hardware/Universal_Robots_ROS2_Driver/ur_moveit_config' with build type 'ament_cmake'
[11.577s] INFO:colcon.colcon_cmake.task.cmake.build:Building CMake package in '/home/imml/git/research_2025/apple-harvest-refactor/harvest_hardware/Universal_Robots_ROS2_Driver/ur_moveit_config'
[11.577s] INFO:colcon.colcon_core.shell:Skip shell extension 'powershell' for command environment: Not usable outside of PowerShell
[11.578s] DEBUG:colcon.colcon_core.shell:Skip shell extension 'dsv' for command environment
[11.608s] DEBUG:colcon.colcon_core.event_handler.log_command:Invoking command in '/home/imml/git/research_2025/build/ur_moveit_config': AMENT_PREFIX_PATH=/home/imml/git/research_2025/install/ur_description:${AMENT_PREFIX_PATH} CMAKE_PREFIX_PATH=/home/imml/git/research_2025/install/ur_description:/opt/ros/humble /usr/bin/cmake /home/imml/git/research_2025/apple-harvest-refactor/harvest_hardware/Universal_Robots_ROS2_Driver/ur_moveit_config -DAMENT_CMAKE_SYMLINK_INSTALL=1 -DCMAKE_INSTALL_PREFIX=/home/imml/git/research_2025/install/ur_moveit_config
[12.397s] DEBUG:colcon.colcon_core.event_handler.log_command:Invoked command in '/home/imml/git/research_2025/build/SAM-2' returned '1': PYTHONPATH=/home/imml/git/research_2025/build/SAM-2/prefix_override:/usr/lib/python3/dist-packages/colcon_core/task/python/colcon_distutils_commands:/home/imml/git/research_2025/install/SAM-2/lib/python3.10/site-packages:${PYTHONPATH} /usr/bin/python3 -W ignore:setup.py install is deprecated -W ignore:easy_install command is deprecated setup.py develop --editable --build-directory /home/imml/git/research_2025/build/SAM-2/build --no-deps
[18.812s] DEBUG:colcon.colcon_parallel_executor.executor.parallel:closing loop
[18.812s] DEBUG:colcon.colcon_parallel_executor.executor.parallel:loop closed
[18.812s] DEBUG:colcon.colcon_parallel_executor.executor.parallel:run_until_complete finished with '1'
[18.812s] DEBUG:colcon.colcon_core.event_reactor:joining thread
[18.818s] INFO:colcon.colcon_core.plugin_system:Skipping extension 'colcon_notification.desktop_notification.terminal_notifier': Not used on non-Darwin systems
[18.818s] INFO:colcon.colcon_core.plugin_system:Skipping extension 'colcon_notification.desktop_notification.win32': Not used on non-Windows systems
[18.818s] INFO:colcon.colcon_notification.desktop_notification:Sending desktop notification using 'notify2'
[18.838s] DEBUG:colcon.colcon_core.event_reactor:joined thread
[18.838s] INFO:colcon.colcon_core.shell:Creating prefix script '/home/imml/git/research_2025/install/local_setup.ps1'
[18.839s] INFO:colcon.colcon_core.shell:Creating prefix util module '/home/imml/git/research_2025/install/_local_setup_util_ps1.py'
[18.840s] INFO:colcon.colcon_core.shell:Creating prefix chain script '/home/imml/git/research_2025/install/setup.ps1'
[18.841s] INFO:colcon.colcon_core.shell:Creating prefix script '/home/imml/git/research_2025/install/local_setup.sh'
[18.842s] INFO:colcon.colcon_core.shell:Creating prefix util module '/home/imml/git/research_2025/install/_local_setup_util_sh.py'
[18.842s] INFO:colcon.colcon_core.shell:Creating prefix chain script '/home/imml/git/research_2025/install/setup.sh'
[18.843s] INFO:colcon.colcon_core.shell:Creating prefix script '/home/imml/git/research_2025/install/local_setup.bash'
[18.843s] INFO:colcon.colcon_core.shell:Creating prefix chain script '/home/imml/git/research_2025/install/setup.bash'
[18.844s] INFO:colcon.colcon_core.shell:Creating prefix script '/home/imml/git/research_2025/install/local_setup.zsh'
[18.845s] INFO:colcon.colcon_core.shell:Creating prefix chain script '/home/imml/git/research_2025/install/setup.zsh'
