[0.084s] DEBUG:colcon:Command line arguments: ['/usr/bin/colcon', 'build', '--symlink-install']
[0.085s] DEBUG:colcon:Parsed command line arguments: Namespace(log_base=None, log_level=None, verb_name='build', build_base='build', install_base='install', merge_install=False, symlink_install=True, test_result_base=None, continue_on_error=False, executor='parallel', parallel_workers=16, event_handlers=None, ignore_user_meta=False, metas=['./colcon.meta'], base_paths=['.'], packages_ignore=None, packages_ignore_regex=None, paths=None, packages_up_to=None, packages_up_to_regex=None, packages_above=None, packages_above_and_dependencies=None, packages_above_depth=None, packages_select_by_dep=None, packages_skip_by_dep=None, packages_skip_up_to=None, packages_select_build_failed=False, packages_skip_build_finished=False, packages_select_test_failures=False, packages_skip_test_passed=False, packages_select=None, packages_skip=None, packages_select_regex=None, packages_skip_regex=None, packages_start=None, packages_end=None, allow_overriding=[], cmake_args=None, cmake_target=None, cmake_target_skip_unavailable=False, cmake_clean_cache=False, cmake_clean_first=False, cmake_force_configure=False, ament_cmake_args=None, catkin_cmake_args=None, catkin_skip_building_tests=False, mixin_files=None, mixin=None, verb_parser=<colcon_mixin.mixin.mixin_argument.MixinArgumentDecorator object at 0x70417d56bf70>, verb_extension=<colcon_core.verb.build.BuildVerb object at 0x70417d56b910>, main=<bound method BuildVerb.main of <colcon_core.verb.build.BuildVerb object at 0x70417d56b910>>, mixin_verb=('build',))
[0.230s] Level 1:colcon.colcon_core.package_discovery:discover_packages(colcon_meta) check parameters
[0.230s] Level 1:colcon.colcon_core.package_discovery:discover_packages(recursive) check parameters
[0.230s] Level 1:colcon.colcon_core.package_discovery:discover_packages(ignore) check parameters
[0.230s] Level 1:colcon.colcon_core.package_discovery:discover_packages(path) check parameters
[0.230s] Level 1:colcon.colcon_core.package_discovery:discover_packages(colcon_meta) discover
[0.230s] Level 1:colcon.colcon_core.package_discovery:discover_packages(recursive) discover
[0.230s] INFO:colcon.colcon_core.package_discovery:Crawling recursively for packages in '/home/imml/git/research_2025/apple-harvest-eva'
[0.230s] Level 1:colcon.colcon_core.package_identification:_identify(.) by extensions ['ignore', 'ignore_ament_install']
[0.230s] Level 1:colcon.colcon_core.package_identification:_identify(.) by extension 'ignore'
[0.231s] Level 1:colcon.colcon_core.package_identification:_identify(.) by extension 'ignore_ament_install'
[0.231s] Level 1:colcon.colcon_core.package_identification:_identify(.) by extensions ['colcon_pkg']
[0.231s] Level 1:colcon.colcon_core.package_identification:_identify(.) by extension 'colcon_pkg'
[0.231s] Level 1:colcon.colcon_core.package_identification:_identify(.) by extensions ['colcon_meta']
[0.231s] Level 1:colcon.colcon_core.package_identification:_identify(.) by extension 'colcon_meta'
[0.231s] Level 1:colcon.colcon_core.package_identification:_identify(.) by extensions ['ros']
[0.231s] Level 1:colcon.colcon_core.package_identification:_identify(.) by extension 'ros'
[0.255s] Level 1:colcon.colcon_core.package_identification:_identify(.) by extensions ['cmake', 'python']
[0.255s] Level 1:colcon.colcon_core.package_identification:_identify(.) by extension 'cmake'
[0.255s] Level 1:colcon.colcon_core.package_identification:_identify(.) by extension 'python'
[0.255s] Level 1:colcon.colcon_core.package_identification:_identify(.) by extensions ['python_setup_py']
[0.255s] Level 1:colcon.colcon_core.package_identification:_identify(.) by extension 'python_setup_py'
[0.255s] Level 1:colcon.colcon_core.package_identification:_identify(build) by extensions ['ignore', 'ignore_ament_install']
[0.255s] Level 1:colcon.colcon_core.package_identification:_identify(build) by extension 'ignore'
[0.255s] Level 1:colcon.colcon_core.package_identification:_identify(build) ignored
[0.255s] Level 1:colcon.colcon_core.package_identification:_identify(harvest) by extensions ['ignore', 'ignore_ament_install']
[0.256s] Level 1:colcon.colcon_core.package_identification:_identify(harvest) by extension 'ignore'
[0.256s] Level 1:colcon.colcon_core.package_identification:_identify(harvest) by extension 'ignore_ament_install'
[0.256s] Level 1:colcon.colcon_core.package_identification:_identify(harvest) by extensions ['colcon_pkg']
[0.256s] Level 1:colcon.colcon_core.package_identification:_identify(harvest) by extension 'colcon_pkg'
[0.256s] Level 1:colcon.colcon_core.package_identification:_identify(harvest) by extensions ['colcon_meta']
[0.256s] Level 1:colcon.colcon_core.package_identification:_identify(harvest) by extension 'colcon_meta'
[0.256s] Level 1:colcon.colcon_core.package_identification:_identify(harvest) by extensions ['ros']
[0.256s] Level 1:colcon.colcon_core.package_identification:_identify(harvest) by extension 'ros'
[0.258s] DEBUG:colcon.colcon_core.package_identification:Package 'harvest' with type 'ros.ament_cmake' and name 'harvest'
[0.258s] Level 1:colcon.colcon_core.package_identification:_identify(harvest_control) by extensions ['ignore', 'ignore_ament_install']
[0.258s] Level 1:colcon.colcon_core.package_identification:_identify(harvest_control) by extension 'ignore'
[0.258s] Level 1:colcon.colcon_core.package_identification:_identify(harvest_control) by extension 'ignore_ament_install'
[0.258s] Level 1:colcon.colcon_core.package_identification:_identify(harvest_control) by extensions ['colcon_pkg']
[0.258s] Level 1:colcon.colcon_core.package_identification:_identify(harvest_control) by extension 'colcon_pkg'
[0.258s] Level 1:colcon.colcon_core.package_identification:_identify(harvest_control) by extensions ['colcon_meta']
[0.258s] Level 1:colcon.colcon_core.package_identification:_identify(harvest_control) by extension 'colcon_meta'
[0.258s] Level 1:colcon.colcon_core.package_identification:_identify(harvest_control) by extensions ['ros']
[0.258s] Level 1:colcon.colcon_core.package_identification:_identify(harvest_control) by extension 'ros'
[0.259s] DEBUG:colcon.colcon_core.package_identification:Package 'harvest_control' with type 'ros.ament_cmake' and name 'harvest_control'
[0.259s] Level 1:colcon.colcon_core.package_identification:_identify(harvest_hardware) by extensions ['ignore', 'ignore_ament_install']
[0.259s] Level 1:colcon.colcon_core.package_identification:_identify(harvest_hardware) by extension 'ignore'
[0.259s] Level 1:colcon.colcon_core.package_identification:_identify(harvest_hardware) by extension 'ignore_ament_install'
[0.259s] Level 1:colcon.colcon_core.package_identification:_identify(harvest_hardware) by extensions ['colcon_pkg']
[0.259s] Level 1:colcon.colcon_core.package_identification:_identify(harvest_hardware) by extension 'colcon_pkg'
[0.259s] Level 1:colcon.colcon_core.package_identification:_identify(harvest_hardware) by extensions ['colcon_meta']
[0.259s] Level 1:colcon.colcon_core.package_identification:_identify(harvest_hardware) by extension 'colcon_meta'
[0.259s] Level 1:colcon.colcon_core.package_identification:_identify(harvest_hardware) by extensions ['ros']
[0.259s] Level 1:colcon.colcon_core.package_identification:_identify(harvest_hardware) by extension 'ros'
[0.259s] Level 1:colcon.colcon_core.package_identification:_identify(harvest_hardware) by extensions ['cmake', 'python']
[0.259s] Level 1:colcon.colcon_core.package_identification:_identify(harvest_hardware) by extension 'cmake'
[0.260s] Level 1:colcon.colcon_core.package_identification:_identify(harvest_hardware) by extension 'python'
[0.260s] Level 1:colcon.colcon_core.package_identification:_identify(harvest_hardware) by extensions ['python_setup_py']
[0.260s] Level 1:colcon.colcon_core.package_identification:_identify(harvest_hardware) by extension 'python_setup_py'
[0.260s] Level 1:colcon.colcon_core.package_identification:_identify(harvest_hardware/Universal_Robots_ROS2_Description) by extensions ['ignore', 'ignore_ament_install']
[0.260s] Level 1:colcon.colcon_core.package_identification:_identify(harvest_hardware/Universal_Robots_ROS2_Description) by extension 'ignore'
[0.260s] Level 1:colcon.colcon_core.package_identification:_identify(harvest_hardware/Universal_Robots_ROS2_Description) by extension 'ignore_ament_install'
[0.260s] Level 1:colcon.colcon_core.package_identification:_identify(harvest_hardware/Universal_Robots_ROS2_Description) by extensions ['colcon_pkg']
[0.260s] Level 1:colcon.colcon_core.package_identification:_identify(harvest_hardware/Universal_Robots_ROS2_Description) by extension 'colcon_pkg'
[0.260s] Level 1:colcon.colcon_core.package_identification:_identify(harvest_hardware/Universal_Robots_ROS2_Description) by extensions ['colcon_meta']
[0.260s] Level 1:colcon.colcon_core.package_identification:_identify(harvest_hardware/Universal_Robots_ROS2_Description) by extension 'colcon_meta'
[0.260s] Level 1:colcon.colcon_core.package_identification:_identify(harvest_hardware/Universal_Robots_ROS2_Description) by extensions ['ros']
[0.260s] Level 1:colcon.colcon_core.package_identification:_identify(harvest_hardware/Universal_Robots_ROS2_Description) by extension 'ros'
[0.261s] DEBUG:colcon.colcon_core.package_identification:Package 'harvest_hardware/Universal_Robots_ROS2_Description' with type 'ros.ament_cmake' and name 'ur_description'
[0.261s] Level 1:colcon.colcon_core.package_identification:_identify(harvest_hardware/Universal_Robots_ROS2_Driver) by extensions ['ignore', 'ignore_ament_install']
[0.261s] Level 1:colcon.colcon_core.package_identification:_identify(harvest_hardware/Universal_Robots_ROS2_Driver) by extension 'ignore'
[0.261s] Level 1:colcon.colcon_core.package_identification:_identify(harvest_hardware/Universal_Robots_ROS2_Driver) by extension 'ignore_ament_install'
[0.261s] Level 1:colcon.colcon_core.package_identification:_identify(harvest_hardware/Universal_Robots_ROS2_Driver) by extensions ['colcon_pkg']
[0.261s] Level 1:colcon.colcon_core.package_identification:_identify(harvest_hardware/Universal_Robots_ROS2_Driver) by extension 'colcon_pkg'
[0.261s] Level 1:colcon.colcon_core.package_identification:_identify(harvest_hardware/Universal_Robots_ROS2_Driver) by extensions ['colcon_meta']
[0.261s] Level 1:colcon.colcon_core.package_identification:_identify(harvest_hardware/Universal_Robots_ROS2_Driver) by extension 'colcon_meta'
[0.261s] Level 1:colcon.colcon_core.package_identification:_identify(harvest_hardware/Universal_Robots_ROS2_Driver) by extensions ['ros']
[0.261s] Level 1:colcon.colcon_core.package_identification:_identify(harvest_hardware/Universal_Robots_ROS2_Driver) by extension 'ros'
[0.261s] Level 1:colcon.colcon_core.package_identification:_identify(harvest_hardware/Universal_Robots_ROS2_Driver) by extensions ['cmake', 'python']
[0.261s] Level 1:colcon.colcon_core.package_identification:_identify(harvest_hardware/Universal_Robots_ROS2_Driver) by extension 'cmake'
[0.261s] Level 1:colcon.colcon_core.package_identification:_identify(harvest_hardware/Universal_Robots_ROS2_Driver) by extension 'python'
[0.261s] Level 1:colcon.colcon_core.package_identification:_identify(harvest_hardware/Universal_Robots_ROS2_Driver) by extensions ['python_setup_py']
[0.261s] Level 1:colcon.colcon_core.package_identification:_identify(harvest_hardware/Universal_Robots_ROS2_Driver) by extension 'python_setup_py'
[0.262s] Level 1:colcon.colcon_core.package_identification:_identify(harvest_hardware/Universal_Robots_ROS2_Driver/ur) by extensions ['ignore', 'ignore_ament_install']
[0.262s] Level 1:colcon.colcon_core.package_identification:_identify(harvest_hardware/Universal_Robots_ROS2_Driver/ur) by extension 'ignore'
[0.262s] Level 1:colcon.colcon_core.package_identification:_identify(harvest_hardware/Universal_Robots_ROS2_Driver/ur) by extension 'ignore_ament_install'
[0.262s] Level 1:colcon.colcon_core.package_identification:_identify(harvest_hardware/Universal_Robots_ROS2_Driver/ur) by extensions ['colcon_pkg']
[0.262s] Level 1:colcon.colcon_core.package_identification:_identify(harvest_hardware/Universal_Robots_ROS2_Driver/ur) by extension 'colcon_pkg'
[0.262s] Level 1:colcon.colcon_core.package_identification:_identify(harvest_hardware/Universal_Robots_ROS2_Driver/ur) by extensions ['colcon_meta']
[0.262s] Level 1:colcon.colcon_core.package_identification:_identify(harvest_hardware/Universal_Robots_ROS2_Driver/ur) by extension 'colcon_meta'
[0.262s] Level 1:colcon.colcon_core.package_identification:_identify(harvest_hardware/Universal_Robots_ROS2_Driver/ur) by extensions ['ros']
[0.262s] Level 1:colcon.colcon_core.package_identification:_identify(harvest_hardware/Universal_Robots_ROS2_Driver/ur) by extension 'ros'
[0.262s] DEBUG:colcon.colcon_core.package_identification:Package 'harvest_hardware/Universal_Robots_ROS2_Driver/ur' with type 'ros.ament_cmake' and name 'ur'
[0.262s] Level 1:colcon.colcon_core.package_identification:_identify(harvest_hardware/Universal_Robots_ROS2_Driver/ur_bringup) by extensions ['ignore', 'ignore_ament_install']
[0.262s] Level 1:colcon.colcon_core.package_identification:_identify(harvest_hardware/Universal_Robots_ROS2_Driver/ur_bringup) by extension 'ignore'
[0.262s] Level 1:colcon.colcon_core.package_identification:_identify(harvest_hardware/Universal_Robots_ROS2_Driver/ur_bringup) by extension 'ignore_ament_install'
[0.262s] Level 1:colcon.colcon_core.package_identification:_identify(harvest_hardware/Universal_Robots_ROS2_Driver/ur_bringup) by extensions ['colcon_pkg']
[0.262s] Level 1:colcon.colcon_core.package_identification:_identify(harvest_hardware/Universal_Robots_ROS2_Driver/ur_bringup) by extension 'colcon_pkg'
[0.262s] Level 1:colcon.colcon_core.package_identification:_identify(harvest_hardware/Universal_Robots_ROS2_Driver/ur_bringup) by extensions ['colcon_meta']
[0.262s] Level 1:colcon.colcon_core.package_identification:_identify(harvest_hardware/Universal_Robots_ROS2_Driver/ur_bringup) by extension 'colcon_meta'
[0.263s] Level 1:colcon.colcon_core.package_identification:_identify(harvest_hardware/Universal_Robots_ROS2_Driver/ur_bringup) by extensions ['ros']
[0.263s] Level 1:colcon.colcon_core.package_identification:_identify(harvest_hardware/Universal_Robots_ROS2_Driver/ur_bringup) by extension 'ros'
[0.263s] DEBUG:colcon.colcon_core.package_identification:Package 'harvest_hardware/Universal_Robots_ROS2_Driver/ur_bringup' with type 'ros.ament_cmake' and name 'ur_bringup'
[0.263s] Level 1:colcon.colcon_core.package_identification:_identify(harvest_hardware/Universal_Robots_ROS2_Driver/ur_calibration) by extensions ['ignore', 'ignore_ament_install']
[0.263s] Level 1:colcon.colcon_core.package_identification:_identify(harvest_hardware/Universal_Robots_ROS2_Driver/ur_calibration) by extension 'ignore'
[0.263s] Level 1:colcon.colcon_core.package_identification:_identify(harvest_hardware/Universal_Robots_ROS2_Driver/ur_calibration) by extension 'ignore_ament_install'
[0.263s] Level 1:colcon.colcon_core.package_identification:_identify(harvest_hardware/Universal_Robots_ROS2_Driver/ur_calibration) by extensions ['colcon_pkg']
[0.263s] Level 1:colcon.colcon_core.package_identification:_identify(harvest_hardware/Universal_Robots_ROS2_Driver/ur_calibration) by extension 'colcon_pkg'
[0.263s] Level 1:colcon.colcon_core.package_identification:_identify(harvest_hardware/Universal_Robots_ROS2_Driver/ur_calibration) by extensions ['colcon_meta']
[0.263s] Level 1:colcon.colcon_core.package_identification:_identify(harvest_hardware/Universal_Robots_ROS2_Driver/ur_calibration) by extension 'colcon_meta'
[0.263s] Level 1:colcon.colcon_core.package_identification:_identify(harvest_hardware/Universal_Robots_ROS2_Driver/ur_calibration) by extensions ['ros']
[0.264s] Level 1:colcon.colcon_core.package_identification:_identify(harvest_hardware/Universal_Robots_ROS2_Driver/ur_calibration) by extension 'ros'
[0.264s] DEBUG:colcon.colcon_core.package_identification:Package 'harvest_hardware/Universal_Robots_ROS2_Driver/ur_calibration' with type 'ros.ament_cmake' and name 'ur_calibration'
[0.264s] Level 1:colcon.colcon_core.package_identification:_identify(harvest_hardware/Universal_Robots_ROS2_Driver/ur_controllers) by extensions ['ignore', 'ignore_ament_install']
[0.264s] Level 1:colcon.colcon_core.package_identification:_identify(harvest_hardware/Universal_Robots_ROS2_Driver/ur_controllers) by extension 'ignore'
[0.264s] Level 1:colcon.colcon_core.package_identification:_identify(harvest_hardware/Universal_Robots_ROS2_Driver/ur_controllers) by extension 'ignore_ament_install'
[0.264s] Level 1:colcon.colcon_core.package_identification:_identify(harvest_hardware/Universal_Robots_ROS2_Driver/ur_controllers) by extensions ['colcon_pkg']
[0.264s] Level 1:colcon.colcon_core.package_identification:_identify(harvest_hardware/Universal_Robots_ROS2_Driver/ur_controllers) by extension 'colcon_pkg'
[0.264s] Level 1:colcon.colcon_core.package_identification:_identify(harvest_hardware/Universal_Robots_ROS2_Driver/ur_controllers) by extensions ['colcon_meta']
[0.264s] Level 1:colcon.colcon_core.package_identification:_identify(harvest_hardware/Universal_Robots_ROS2_Driver/ur_controllers) by extension 'colcon_meta'
[0.264s] Level 1:colcon.colcon_core.package_identification:_identify(harvest_hardware/Universal_Robots_ROS2_Driver/ur_controllers) by extensions ['ros']
[0.264s] Level 1:colcon.colcon_core.package_identification:_identify(harvest_hardware/Universal_Robots_ROS2_Driver/ur_controllers) by extension 'ros'
[0.265s] DEBUG:colcon.colcon_core.package_identification:Package 'harvest_hardware/Universal_Robots_ROS2_Driver/ur_controllers' with type 'ros.ament_cmake' and name 'ur_controllers'
[0.266s] Level 1:colcon.colcon_core.package_identification:_identify(harvest_hardware/Universal_Robots_ROS2_Driver/ur_dashboard_msgs) by extensions ['ignore', 'ignore_ament_install']
[0.266s] Level 1:colcon.colcon_core.package_identification:_identify(harvest_hardware/Universal_Robots_ROS2_Driver/ur_dashboard_msgs) by extension 'ignore'
[0.266s] Level 1:colcon.colcon_core.package_identification:_identify(harvest_hardware/Universal_Robots_ROS2_Driver/ur_dashboard_msgs) by extension 'ignore_ament_install'
[0.266s] Level 1:colcon.colcon_core.package_identification:_identify(harvest_hardware/Universal_Robots_ROS2_Driver/ur_dashboard_msgs) by extensions ['colcon_pkg']
[0.266s] Level 1:colcon.colcon_core.package_identification:_identify(harvest_hardware/Universal_Robots_ROS2_Driver/ur_dashboard_msgs) by extension 'colcon_pkg'
[0.266s] Level 1:colcon.colcon_core.package_identification:_identify(harvest_hardware/Universal_Robots_ROS2_Driver/ur_dashboard_msgs) by extensions ['colcon_meta']
[0.266s] Level 1:colcon.colcon_core.package_identification:_identify(harvest_hardware/Universal_Robots_ROS2_Driver/ur_dashboard_msgs) by extension 'colcon_meta'
[0.266s] Level 1:colcon.colcon_core.package_identification:_identify(harvest_hardware/Universal_Robots_ROS2_Driver/ur_dashboard_msgs) by extensions ['ros']
[0.266s] Level 1:colcon.colcon_core.package_identification:_identify(harvest_hardware/Universal_Robots_ROS2_Driver/ur_dashboard_msgs) by extension 'ros'
[0.266s] DEBUG:colcon.colcon_core.package_identification:Package 'harvest_hardware/Universal_Robots_ROS2_Driver/ur_dashboard_msgs' with type 'ros.ament_cmake' and name 'ur_dashboard_msgs'
[0.266s] Level 1:colcon.colcon_core.package_identification:_identify(harvest_hardware/Universal_Robots_ROS2_Driver/ur_moveit_config) by extensions ['ignore', 'ignore_ament_install']
[0.266s] Level 1:colcon.colcon_core.package_identification:_identify(harvest_hardware/Universal_Robots_ROS2_Driver/ur_moveit_config) by extension 'ignore'
[0.266s] Level 1:colcon.colcon_core.package_identification:_identify(harvest_hardware/Universal_Robots_ROS2_Driver/ur_moveit_config) by extension 'ignore_ament_install'
[0.266s] Level 1:colcon.colcon_core.package_identification:_identify(harvest_hardware/Universal_Robots_ROS2_Driver/ur_moveit_config) by extensions ['colcon_pkg']
[0.266s] Level 1:colcon.colcon_core.package_identification:_identify(harvest_hardware/Universal_Robots_ROS2_Driver/ur_moveit_config) by extension 'colcon_pkg'
[0.267s] Level 1:colcon.colcon_core.package_identification:_identify(harvest_hardware/Universal_Robots_ROS2_Driver/ur_moveit_config) by extensions ['colcon_meta']
[0.267s] Level 1:colcon.colcon_core.package_identification:_identify(harvest_hardware/Universal_Robots_ROS2_Driver/ur_moveit_config) by extension 'colcon_meta'
[0.267s] Level 1:colcon.colcon_core.package_identification:_identify(harvest_hardware/Universal_Robots_ROS2_Driver/ur_moveit_config) by extensions ['ros']
[0.267s] Level 1:colcon.colcon_core.package_identification:_identify(harvest_hardware/Universal_Robots_ROS2_Driver/ur_moveit_config) by extension 'ros'
[0.267s] DEBUG:colcon.colcon_core.package_identification:Package 'harvest_hardware/Universal_Robots_ROS2_Driver/ur_moveit_config' with type 'ros.ament_cmake' and name 'ur_moveit_config'
[0.267s] Level 1:colcon.colcon_core.package_identification:_identify(harvest_hardware/Universal_Robots_ROS2_Driver/ur_robot_driver) by extensions ['ignore', 'ignore_ament_install']
[0.267s] Level 1:colcon.colcon_core.package_identification:_identify(harvest_hardware/Universal_Robots_ROS2_Driver/ur_robot_driver) by extension 'ignore'
[0.267s] Level 1:colcon.colcon_core.package_identification:_identify(harvest_hardware/Universal_Robots_ROS2_Driver/ur_robot_driver) by extension 'ignore_ament_install'
[0.267s] Level 1:colcon.colcon_core.package_identification:_identify(harvest_hardware/Universal_Robots_ROS2_Driver/ur_robot_driver) by extensions ['colcon_pkg']
[0.267s] Level 1:colcon.colcon_core.package_identification:_identify(harvest_hardware/Universal_Robots_ROS2_Driver/ur_robot_driver) by extension 'colcon_pkg'
[0.267s] Level 1:colcon.colcon_core.package_identification:_identify(harvest_hardware/Universal_Robots_ROS2_Driver/ur_robot_driver) by extensions ['colcon_meta']
[0.267s] Level 1:colcon.colcon_core.package_identification:_identify(harvest_hardware/Universal_Robots_ROS2_Driver/ur_robot_driver) by extension 'colcon_meta'
[0.267s] Level 1:colcon.colcon_core.package_identification:_identify(harvest_hardware/Universal_Robots_ROS2_Driver/ur_robot_driver) by extensions ['ros']
[0.268s] Level 1:colcon.colcon_core.package_identification:_identify(harvest_hardware/Universal_Robots_ROS2_Driver/ur_robot_driver) by extension 'ros'
[0.269s] DEBUG:colcon.colcon_core.package_identification:Package 'harvest_hardware/Universal_Robots_ROS2_Driver/ur_robot_driver' with type 'ros.ament_cmake' and name 'ur_robot_driver'
[0.269s] Level 1:colcon.colcon_core.package_identification:_identify(harvest_hardware/realsense-ros) by extensions ['ignore', 'ignore_ament_install']
[0.269s] Level 1:colcon.colcon_core.package_identification:_identify(harvest_hardware/realsense-ros) by extension 'ignore'
[0.269s] Level 1:colcon.colcon_core.package_identification:_identify(harvest_hardware/realsense-ros) by extension 'ignore_ament_install'
[0.269s] Level 1:colcon.colcon_core.package_identification:_identify(harvest_hardware/realsense-ros) by extensions ['colcon_pkg']
[0.269s] Level 1:colcon.colcon_core.package_identification:_identify(harvest_hardware/realsense-ros) by extension 'colcon_pkg'
[0.269s] Level 1:colcon.colcon_core.package_identification:_identify(harvest_hardware/realsense-ros) by extensions ['colcon_meta']
[0.269s] Level 1:colcon.colcon_core.package_identification:_identify(harvest_hardware/realsense-ros) by extension 'colcon_meta'
[0.269s] Level 1:colcon.colcon_core.package_identification:_identify(harvest_hardware/realsense-ros) by extensions ['ros']
[0.269s] Level 1:colcon.colcon_core.package_identification:_identify(harvest_hardware/realsense-ros) by extension 'ros'
[0.269s] Level 1:colcon.colcon_core.package_identification:_identify(harvest_hardware/realsense-ros) by extensions ['cmake', 'python']
[0.269s] Level 1:colcon.colcon_core.package_identification:_identify(harvest_hardware/realsense-ros) by extension 'cmake'
[0.269s] Level 1:colcon.colcon_core.package_identification:_identify(harvest_hardware/realsense-ros) by extension 'python'
[0.269s] Level 1:colcon.colcon_core.package_identification:_identify(harvest_hardware/realsense-ros) by extensions ['python_setup_py']
[0.270s] Level 1:colcon.colcon_core.package_identification:_identify(harvest_hardware/realsense-ros) by extension 'python_setup_py'
[0.270s] Level 1:colcon.colcon_core.package_identification:_identify(harvest_hardware/realsense-ros/realsense2_camera) by extensions ['ignore', 'ignore_ament_install']
[0.270s] Level 1:colcon.colcon_core.package_identification:_identify(harvest_hardware/realsense-ros/realsense2_camera) by extension 'ignore'
[0.270s] Level 1:colcon.colcon_core.package_identification:_identify(harvest_hardware/realsense-ros/realsense2_camera) by extension 'ignore_ament_install'
[0.270s] Level 1:colcon.colcon_core.package_identification:_identify(harvest_hardware/realsense-ros/realsense2_camera) by extensions ['colcon_pkg']
[0.270s] Level 1:colcon.colcon_core.package_identification:_identify(harvest_hardware/realsense-ros/realsense2_camera) by extension 'colcon_pkg'
[0.270s] Level 1:colcon.colcon_core.package_identification:_identify(harvest_hardware/realsense-ros/realsense2_camera) by extensions ['colcon_meta']
[0.270s] Level 1:colcon.colcon_core.package_identification:_identify(harvest_hardware/realsense-ros/realsense2_camera) by extension 'colcon_meta'
[0.270s] Level 1:colcon.colcon_core.package_identification:_identify(harvest_hardware/realsense-ros/realsense2_camera) by extensions ['ros']
[0.270s] Level 1:colcon.colcon_core.package_identification:_identify(harvest_hardware/realsense-ros/realsense2_camera) by extension 'ros'
[0.274s] DEBUG:colcon.colcon_core.package_identification:Package 'harvest_hardware/realsense-ros/realsense2_camera' with type 'ros.ament_cmake' and name 'realsense2_camera'
[0.275s] Level 1:colcon.colcon_core.package_identification:_identify(harvest_hardware/realsense-ros/realsense2_camera_msgs) by extensions ['ignore', 'ignore_ament_install']
[0.275s] Level 1:colcon.colcon_core.package_identification:_identify(harvest_hardware/realsense-ros/realsense2_camera_msgs) by extension 'ignore'
[0.275s] Level 1:colcon.colcon_core.package_identification:_identify(harvest_hardware/realsense-ros/realsense2_camera_msgs) by extension 'ignore_ament_install'
[0.275s] Level 1:colcon.colcon_core.package_identification:_identify(harvest_hardware/realsense-ros/realsense2_camera_msgs) by extensions ['colcon_pkg']
[0.275s] Level 1:colcon.colcon_core.package_identification:_identify(harvest_hardware/realsense-ros/realsense2_camera_msgs) by extension 'colcon_pkg'
[0.275s] Level 1:colcon.colcon_core.package_identification:_identify(harvest_hardware/realsense-ros/realsense2_camera_msgs) by extensions ['colcon_meta']
[0.275s] Level 1:colcon.colcon_core.package_identification:_identify(harvest_hardware/realsense-ros/realsense2_camera_msgs) by extension 'colcon_meta'
[0.275s] Level 1:colcon.colcon_core.package_identification:_identify(harvest_hardware/realsense-ros/realsense2_camera_msgs) by extensions ['ros']
[0.275s] Level 1:colcon.colcon_core.package_identification:_identify(harvest_hardware/realsense-ros/realsense2_camera_msgs) by extension 'ros'
[0.275s] DEBUG:colcon.colcon_core.package_identification:Package 'harvest_hardware/realsense-ros/realsense2_camera_msgs' with type 'ros.ament_cmake' and name 'realsense2_camera_msgs'
[0.275s] Level 1:colcon.colcon_core.package_identification:_identify(harvest_hardware/realsense-ros/realsense2_description) by extensions ['ignore', 'ignore_ament_install']
[0.275s] Level 1:colcon.colcon_core.package_identification:_identify(harvest_hardware/realsense-ros/realsense2_description) by extension 'ignore'
[0.275s] Level 1:colcon.colcon_core.package_identification:_identify(harvest_hardware/realsense-ros/realsense2_description) by extension 'ignore_ament_install'
[0.276s] Level 1:colcon.colcon_core.package_identification:_identify(harvest_hardware/realsense-ros/realsense2_description) by extensions ['colcon_pkg']
[0.276s] Level 1:colcon.colcon_core.package_identification:_identify(harvest_hardware/realsense-ros/realsense2_description) by extension 'colcon_pkg'
[0.276s] Level 1:colcon.colcon_core.package_identification:_identify(harvest_hardware/realsense-ros/realsense2_description) by extensions ['colcon_meta']
[0.276s] Level 1:colcon.colcon_core.package_identification:_identify(harvest_hardware/realsense-ros/realsense2_description) by extension 'colcon_meta'
[0.276s] Level 1:colcon.colcon_core.package_identification:_identify(harvest_hardware/realsense-ros/realsense2_description) by extensions ['ros']
[0.276s] Level 1:colcon.colcon_core.package_identification:_identify(harvest_hardware/realsense-ros/realsense2_description) by extension 'ros'
[0.276s] DEBUG:colcon.colcon_core.package_identification:Package 'harvest_hardware/realsense-ros/realsense2_description' with type 'ros.ament_cmake' and name 'realsense2_description'
[0.276s] Level 1:colcon.colcon_core.package_identification:_identify(harvest_hardware/realsense-ros/scripts) by extensions ['ignore', 'ignore_ament_install']
[0.276s] Level 1:colcon.colcon_core.package_identification:_identify(harvest_hardware/realsense-ros/scripts) by extension 'ignore'
[0.276s] Level 1:colcon.colcon_core.package_identification:_identify(harvest_hardware/realsense-ros/scripts) by extension 'ignore_ament_install'
[0.276s] Level 1:colcon.colcon_core.package_identification:_identify(harvest_hardware/realsense-ros/scripts) by extensions ['colcon_pkg']
[0.276s] Level 1:colcon.colcon_core.package_identification:_identify(harvest_hardware/realsense-ros/scripts) by extension 'colcon_pkg'
[0.276s] Level 1:colcon.colcon_core.package_identification:_identify(harvest_hardware/realsense-ros/scripts) by extensions ['colcon_meta']
[0.276s] Level 1:colcon.colcon_core.package_identification:_identify(harvest_hardware/realsense-ros/scripts) by extension 'colcon_meta'
[0.276s] Level 1:colcon.colcon_core.package_identification:_identify(harvest_hardware/realsense-ros/scripts) by extensions ['ros']
[0.277s] Level 1:colcon.colcon_core.package_identification:_identify(harvest_hardware/realsense-ros/scripts) by extension 'ros'
[0.277s] Level 1:colcon.colcon_core.package_identification:_identify(harvest_hardware/realsense-ros/scripts) by extensions ['cmake', 'python']
[0.277s] Level 1:colcon.colcon_core.package_identification:_identify(harvest_hardware/realsense-ros/scripts) by extension 'cmake'
[0.277s] Level 1:colcon.colcon_core.package_identification:_identify(harvest_hardware/realsense-ros/scripts) by extension 'python'
[0.277s] Level 1:colcon.colcon_core.package_identification:_identify(harvest_hardware/realsense-ros/scripts) by extensions ['python_setup_py']
[0.277s] Level 1:colcon.colcon_core.package_identification:_identify(harvest_hardware/realsense-ros/scripts) by extension 'python_setup_py'
[0.277s] Level 1:colcon.colcon_core.package_identification:_identify(harvest_hardware/ur5e_custom_hardware) by extensions ['ignore', 'ignore_ament_install']
[0.277s] Level 1:colcon.colcon_core.package_identification:_identify(harvest_hardware/ur5e_custom_hardware) by extension 'ignore'
[0.277s] Level 1:colcon.colcon_core.package_identification:_identify(harvest_hardware/ur5e_custom_hardware) by extension 'ignore_ament_install'
[0.277s] Level 1:colcon.colcon_core.package_identification:_identify(harvest_hardware/ur5e_custom_hardware) by extensions ['colcon_pkg']
[0.277s] Level 1:colcon.colcon_core.package_identification:_identify(harvest_hardware/ur5e_custom_hardware) by extension 'colcon_pkg'
[0.277s] Level 1:colcon.colcon_core.package_identification:_identify(harvest_hardware/ur5e_custom_hardware) by extensions ['colcon_meta']
[0.277s] Level 1:colcon.colcon_core.package_identification:_identify(harvest_hardware/ur5e_custom_hardware) by extension 'colcon_meta'
[0.277s] Level 1:colcon.colcon_core.package_identification:_identify(harvest_hardware/ur5e_custom_hardware) by extensions ['ros']
[0.277s] Level 1:colcon.colcon_core.package_identification:_identify(harvest_hardware/ur5e_custom_hardware) by extension 'ros'
[0.278s] DEBUG:colcon.colcon_core.package_identification:Package 'harvest_hardware/ur5e_custom_hardware' with type 'ros.ament_python' and name 'ur5e_custom_hardware'
[0.278s] Level 1:colcon.colcon_core.package_identification:_identify(harvest_interfaces) by extensions ['ignore', 'ignore_ament_install']
[0.278s] Level 1:colcon.colcon_core.package_identification:_identify(harvest_interfaces) by extension 'ignore'
[0.278s] Level 1:colcon.colcon_core.package_identification:_identify(harvest_interfaces) by extension 'ignore_ament_install'
[0.278s] Level 1:colcon.colcon_core.package_identification:_identify(harvest_interfaces) by extensions ['colcon_pkg']
[0.278s] Level 1:colcon.colcon_core.package_identification:_identify(harvest_interfaces) by extension 'colcon_pkg'
[0.278s] Level 1:colcon.colcon_core.package_identification:_identify(harvest_interfaces) by extensions ['colcon_meta']
[0.278s] Level 1:colcon.colcon_core.package_identification:_identify(harvest_interfaces) by extension 'colcon_meta'
[0.278s] Level 1:colcon.colcon_core.package_identification:_identify(harvest_interfaces) by extensions ['ros']
[0.278s] Level 1:colcon.colcon_core.package_identification:_identify(harvest_interfaces) by extension 'ros'
[0.278s] DEBUG:colcon.colcon_core.package_identification:Package 'harvest_interfaces' with type 'ros.ament_cmake' and name 'harvest_interfaces'
[0.279s] Level 1:colcon.colcon_core.package_identification:_identify(harvest_vision) by extensions ['ignore', 'ignore_ament_install']
[0.279s] Level 1:colcon.colcon_core.package_identification:_identify(harvest_vision) by extension 'ignore'
[0.279s] Level 1:colcon.colcon_core.package_identification:_identify(harvest_vision) by extension 'ignore_ament_install'
[0.279s] Level 1:colcon.colcon_core.package_identification:_identify(harvest_vision) by extensions ['colcon_pkg']
[0.279s] Level 1:colcon.colcon_core.package_identification:_identify(harvest_vision) by extension 'colcon_pkg'
[0.279s] Level 1:colcon.colcon_core.package_identification:_identify(harvest_vision) by extensions ['colcon_meta']
[0.279s] Level 1:colcon.colcon_core.package_identification:_identify(harvest_vision) by extension 'colcon_meta'
[0.279s] Level 1:colcon.colcon_core.package_identification:_identify(harvest_vision) by extensions ['ros']
[0.279s] Level 1:colcon.colcon_core.package_identification:_identify(harvest_vision) by extension 'ros'
[0.279s] DEBUG:colcon.colcon_core.package_identification:Package 'harvest_vision' with type 'ros.ament_python' and name 'harvest_vision'
[0.280s] Level 1:colcon.colcon_core.package_identification:_identify(install) by extensions ['ignore', 'ignore_ament_install']
[0.280s] Level 1:colcon.colcon_core.package_identification:_identify(install) by extension 'ignore'
[0.280s] Level 1:colcon.colcon_core.package_identification:_identify(install) ignored
[0.280s] Level 1:colcon.colcon_core.package_identification:_identify(log) by extensions ['ignore', 'ignore_ament_install']
[0.280s] Level 1:colcon.colcon_core.package_identification:_identify(log) by extension 'ignore'
[0.280s] Level 1:colcon.colcon_core.package_identification:_identify(log) ignored
[0.280s] Level 1:colcon.colcon_core.package_discovery:discover_packages(recursive) using defaults
[0.280s] Level 1:colcon.colcon_core.package_discovery:discover_packages(ignore) discover
[0.280s] Level 1:colcon.colcon_core.package_discovery:discover_packages(ignore) using defaults
[0.280s] Level 1:colcon.colcon_core.package_discovery:discover_packages(path) discover
[0.280s] Level 1:colcon.colcon_core.package_discovery:discover_packages(path) using defaults
[0.297s] Level 1:colcon.colcon_core.package_discovery:discover_packages(prefix_path) check parameters
[0.297s] Level 1:colcon.colcon_core.package_discovery:discover_packages(prefix_path) discover
[0.299s] DEBUG:colcon.colcon_installed_package_information.package_discovery:Found 16 installed packages in /home/imml/git/research_2025/apple-harvest-eva/install
[0.300s] DEBUG:colcon.colcon_installed_package_information.package_discovery:Found 399 installed packages in /opt/ros/humble
[0.302s] Level 1:colcon.colcon_core.package_discovery:discover_packages(prefix_path) using defaults
[0.338s] Level 5:colcon.colcon_core.verb:set package 'harvest_interfaces' build argument 'cmake_args' from command line to 'None'
[0.338s] Level 5:colcon.colcon_core.verb:set package 'harvest_interfaces' build argument 'cmake_target' from command line to 'None'
[0.338s] Level 5:colcon.colcon_core.verb:set package 'harvest_interfaces' build argument 'cmake_target_skip_unavailable' from command line to 'False'
[0.338s] Level 5:colcon.colcon_core.verb:set package 'harvest_interfaces' build argument 'cmake_clean_cache' from command line to 'False'
[0.338s] Level 5:colcon.colcon_core.verb:set package 'harvest_interfaces' build argument 'cmake_clean_first' from command line to 'False'
[0.338s] Level 5:colcon.colcon_core.verb:set package 'harvest_interfaces' build argument 'cmake_force_configure' from command line to 'False'
[0.338s] Level 5:colcon.colcon_core.verb:set package 'harvest_interfaces' build argument 'ament_cmake_args' from command line to 'None'
[0.338s] Level 5:colcon.colcon_core.verb:set package 'harvest_interfaces' build argument 'catkin_cmake_args' from command line to 'None'
[0.338s] Level 5:colcon.colcon_core.verb:set package 'harvest_interfaces' build argument 'catkin_skip_building_tests' from command line to 'False'
[0.338s] DEBUG:colcon.colcon_core.verb:Building package 'harvest_interfaces' with the following arguments: {'ament_cmake_args': None, 'build_base': '/home/imml/git/research_2025/apple-harvest-eva/build/harvest_interfaces', 'catkin_cmake_args': None, 'catkin_skip_building_tests': False, 'cmake_args': None, 'cmake_clean_cache': False, 'cmake_clean_first': False, 'cmake_force_configure': False, 'cmake_target': None, 'cmake_target_skip_unavailable': False, 'install_base': '/home/imml/git/research_2025/apple-harvest-eva/install/harvest_interfaces', 'merge_install': False, 'path': '/home/imml/git/research_2025/apple-harvest-eva/harvest_interfaces', 'symlink_install': True, 'test_result_base': None}
[0.338s] Level 5:colcon.colcon_core.verb:set package 'realsense2_camera_msgs' build argument 'cmake_args' from command line to 'None'
[0.338s] Level 5:colcon.colcon_core.verb:set package 'realsense2_camera_msgs' build argument 'cmake_target' from command line to 'None'
[0.338s] Level 5:colcon.colcon_core.verb:set package 'realsense2_camera_msgs' build argument 'cmake_target_skip_unavailable' from command line to 'False'
[0.338s] Level 5:colcon.colcon_core.verb:set package 'realsense2_camera_msgs' build argument 'cmake_clean_cache' from command line to 'False'
[0.338s] Level 5:colcon.colcon_core.verb:set package 'realsense2_camera_msgs' build argument 'cmake_clean_first' from command line to 'False'
[0.338s] Level 5:colcon.colcon_core.verb:set package 'realsense2_camera_msgs' build argument 'cmake_force_configure' from command line to 'False'
[0.338s] Level 5:colcon.colcon_core.verb:set package 'realsense2_camera_msgs' build argument 'ament_cmake_args' from command line to 'None'
[0.338s] Level 5:colcon.colcon_core.verb:set package 'realsense2_camera_msgs' build argument 'catkin_cmake_args' from command line to 'None'
[0.338s] Level 5:colcon.colcon_core.verb:set package 'realsense2_camera_msgs' build argument 'catkin_skip_building_tests' from command line to 'False'
[0.338s] DEBUG:colcon.colcon_core.verb:Building package 'realsense2_camera_msgs' with the following arguments: {'ament_cmake_args': None, 'build_base': '/home/imml/git/research_2025/apple-harvest-eva/build/realsense2_camera_msgs', 'catkin_cmake_args': None, 'catkin_skip_building_tests': False, 'cmake_args': None, 'cmake_clean_cache': False, 'cmake_clean_first': False, 'cmake_force_configure': False, 'cmake_target': None, 'cmake_target_skip_unavailable': False, 'install_base': '/home/imml/git/research_2025/apple-harvest-eva/install/realsense2_camera_msgs', 'merge_install': False, 'path': '/home/imml/git/research_2025/apple-harvest-eva/harvest_hardware/realsense-ros/realsense2_camera_msgs', 'symlink_install': True, 'test_result_base': None}
[0.339s] Level 5:colcon.colcon_core.verb:set package 'ur5e_custom_hardware' build argument 'cmake_args' from command line to 'None'
[0.339s] Level 5:colcon.colcon_core.verb:set package 'ur5e_custom_hardware' build argument 'cmake_target' from command line to 'None'
[0.339s] Level 5:colcon.colcon_core.verb:set package 'ur5e_custom_hardware' build argument 'cmake_target_skip_unavailable' from command line to 'False'
[0.339s] Level 5:colcon.colcon_core.verb:set package 'ur5e_custom_hardware' build argument 'cmake_clean_cache' from command line to 'False'
[0.339s] Level 5:colcon.colcon_core.verb:set package 'ur5e_custom_hardware' build argument 'cmake_clean_first' from command line to 'False'
[0.339s] Level 5:colcon.colcon_core.verb:set package 'ur5e_custom_hardware' build argument 'cmake_force_configure' from command line to 'False'
[0.339s] Level 5:colcon.colcon_core.verb:set package 'ur5e_custom_hardware' build argument 'ament_cmake_args' from command line to 'None'
[0.339s] Level 5:colcon.colcon_core.verb:set package 'ur5e_custom_hardware' build argument 'catkin_cmake_args' from command line to 'None'
[0.339s] Level 5:colcon.colcon_core.verb:set package 'ur5e_custom_hardware' build argument 'catkin_skip_building_tests' from command line to 'False'
[0.339s] DEBUG:colcon.colcon_core.verb:Building package 'ur5e_custom_hardware' with the following arguments: {'ament_cmake_args': None, 'build_base': '/home/imml/git/research_2025/apple-harvest-eva/build/ur5e_custom_hardware', 'catkin_cmake_args': None, 'catkin_skip_building_tests': False, 'cmake_args': None, 'cmake_clean_cache': False, 'cmake_clean_first': False, 'cmake_force_configure': False, 'cmake_target': None, 'cmake_target_skip_unavailable': False, 'install_base': '/home/imml/git/research_2025/apple-harvest-eva/install/ur5e_custom_hardware', 'merge_install': False, 'path': '/home/imml/git/research_2025/apple-harvest-eva/harvest_hardware/ur5e_custom_hardware', 'symlink_install': True, 'test_result_base': None}
[0.339s] Level 5:colcon.colcon_core.verb:set package 'ur_dashboard_msgs' build argument 'cmake_args' from command line to 'None'
[0.339s] Level 5:colcon.colcon_core.verb:set package 'ur_dashboard_msgs' build argument 'cmake_target' from command line to 'None'
[0.339s] Level 5:colcon.colcon_core.verb:set package 'ur_dashboard_msgs' build argument 'cmake_target_skip_unavailable' from command line to 'False'
[0.339s] Level 5:colcon.colcon_core.verb:set package 'ur_dashboard_msgs' build argument 'cmake_clean_cache' from command line to 'False'
[0.339s] Level 5:colcon.colcon_core.verb:set package 'ur_dashboard_msgs' build argument 'cmake_clean_first' from command line to 'False'
[0.339s] Level 5:colcon.colcon_core.verb:set package 'ur_dashboard_msgs' build argument 'cmake_force_configure' from command line to 'False'
[0.339s] Level 5:colcon.colcon_core.verb:set package 'ur_dashboard_msgs' build argument 'ament_cmake_args' from command line to 'None'
[0.339s] Level 5:colcon.colcon_core.verb:set package 'ur_dashboard_msgs' build argument 'catkin_cmake_args' from command line to 'None'
[0.339s] Level 5:colcon.colcon_core.verb:set package 'ur_dashboard_msgs' build argument 'catkin_skip_building_tests' from command line to 'False'
[0.339s] DEBUG:colcon.colcon_core.verb:Building package 'ur_dashboard_msgs' with the following arguments: {'ament_cmake_args': None, 'build_base': '/home/imml/git/research_2025/apple-harvest-eva/build/ur_dashboard_msgs', 'catkin_cmake_args': None, 'catkin_skip_building_tests': False, 'cmake_args': None, 'cmake_clean_cache': False, 'cmake_clean_first': False, 'cmake_force_configure': False, 'cmake_target': None, 'cmake_target_skip_unavailable': False, 'install_base': '/home/imml/git/research_2025/apple-harvest-eva/install/ur_dashboard_msgs', 'merge_install': False, 'path': '/home/imml/git/research_2025/apple-harvest-eva/harvest_hardware/Universal_Robots_ROS2_Driver/ur_dashboard_msgs', 'symlink_install': True, 'test_result_base': None}
[0.339s] Level 5:colcon.colcon_core.verb:set package 'ur_description' build argument 'cmake_args' from command line to 'None'
[0.339s] Level 5:colcon.colcon_core.verb:set package 'ur_description' build argument 'cmake_target' from command line to 'None'
[0.339s] Level 5:colcon.colcon_core.verb:set package 'ur_description' build argument 'cmake_target_skip_unavailable' from command line to 'False'
[0.339s] Level 5:colcon.colcon_core.verb:set package 'ur_description' build argument 'cmake_clean_cache' from command line to 'False'
[0.339s] Level 5:colcon.colcon_core.verb:set package 'ur_description' build argument 'cmake_clean_first' from command line to 'False'
[0.339s] Level 5:colcon.colcon_core.verb:set package 'ur_description' build argument 'cmake_force_configure' from command line to 'False'
[0.339s] Level 5:colcon.colcon_core.verb:set package 'ur_description' build argument 'ament_cmake_args' from command line to 'None'
[0.340s] Level 5:colcon.colcon_core.verb:set package 'ur_description' build argument 'catkin_cmake_args' from command line to 'None'
[0.340s] Level 5:colcon.colcon_core.verb:set package 'ur_description' build argument 'catkin_skip_building_tests' from command line to 'False'
[0.340s] DEBUG:colcon.colcon_core.verb:Building package 'ur_description' with the following arguments: {'ament_cmake_args': None, 'build_base': '/home/imml/git/research_2025/apple-harvest-eva/build/ur_description', 'catkin_cmake_args': None, 'catkin_skip_building_tests': False, 'cmake_args': None, 'cmake_clean_cache': False, 'cmake_clean_first': False, 'cmake_force_configure': False, 'cmake_target': None, 'cmake_target_skip_unavailable': False, 'install_base': '/home/imml/git/research_2025/apple-harvest-eva/install/ur_description', 'merge_install': False, 'path': '/home/imml/git/research_2025/apple-harvest-eva/harvest_hardware/Universal_Robots_ROS2_Description', 'symlink_install': True, 'test_result_base': None}
[0.340s] Level 5:colcon.colcon_core.verb:set package 'harvest' build argument 'cmake_args' from command line to 'None'
[0.340s] Level 5:colcon.colcon_core.verb:set package 'harvest' build argument 'cmake_target' from command line to 'None'
[0.340s] Level 5:colcon.colcon_core.verb:set package 'harvest' build argument 'cmake_target_skip_unavailable' from command line to 'False'
[0.340s] Level 5:colcon.colcon_core.verb:set package 'harvest' build argument 'cmake_clean_cache' from command line to 'False'
[0.340s] Level 5:colcon.colcon_core.verb:set package 'harvest' build argument 'cmake_clean_first' from command line to 'False'
[0.340s] Level 5:colcon.colcon_core.verb:set package 'harvest' build argument 'cmake_force_configure' from command line to 'False'
[0.340s] Level 5:colcon.colcon_core.verb:set package 'harvest' build argument 'ament_cmake_args' from command line to 'None'
[0.340s] Level 5:colcon.colcon_core.verb:set package 'harvest' build argument 'catkin_cmake_args' from command line to 'None'
[0.340s] Level 5:colcon.colcon_core.verb:set package 'harvest' build argument 'catkin_skip_building_tests' from command line to 'False'
[0.340s] DEBUG:colcon.colcon_core.verb:Building package 'harvest' with the following arguments: {'ament_cmake_args': None, 'build_base': '/home/imml/git/research_2025/apple-harvest-eva/build/harvest', 'catkin_cmake_args': None, 'catkin_skip_building_tests': False, 'cmake_args': None, 'cmake_clean_cache': False, 'cmake_clean_first': False, 'cmake_force_configure': False, 'cmake_target': None, 'cmake_target_skip_unavailable': False, 'install_base': '/home/imml/git/research_2025/apple-harvest-eva/install/harvest', 'merge_install': False, 'path': '/home/imml/git/research_2025/apple-harvest-eva/harvest', 'symlink_install': True, 'test_result_base': None}
[0.340s] Level 5:colcon.colcon_core.verb:set package 'harvest_control' build argument 'cmake_args' from command line to 'None'
[0.340s] Level 5:colcon.colcon_core.verb:set package 'harvest_control' build argument 'cmake_target' from command line to 'None'
[0.340s] Level 5:colcon.colcon_core.verb:set package 'harvest_control' build argument 'cmake_target_skip_unavailable' from command line to 'False'
[0.340s] Level 5:colcon.colcon_core.verb:set package 'harvest_control' build argument 'cmake_clean_cache' from command line to 'False'
[0.340s] Level 5:colcon.colcon_core.verb:set package 'harvest_control' build argument 'cmake_clean_first' from command line to 'False'
[0.340s] Level 5:colcon.colcon_core.verb:set package 'harvest_control' build argument 'cmake_force_configure' from command line to 'False'
[0.340s] Level 5:colcon.colcon_core.verb:set package 'harvest_control' build argument 'ament_cmake_args' from command line to 'None'
[0.340s] Level 5:colcon.colcon_core.verb:set package 'harvest_control' build argument 'catkin_cmake_args' from command line to 'None'
[0.340s] Level 5:colcon.colcon_core.verb:set package 'harvest_control' build argument 'catkin_skip_building_tests' from command line to 'False'
[0.340s] DEBUG:colcon.colcon_core.verb:Building package 'harvest_control' with the following arguments: {'ament_cmake_args': None, 'build_base': '/home/imml/git/research_2025/apple-harvest-eva/build/harvest_control', 'catkin_cmake_args': None, 'catkin_skip_building_tests': False, 'cmake_args': None, 'cmake_clean_cache': False, 'cmake_clean_first': False, 'cmake_force_configure': False, 'cmake_target': None, 'cmake_target_skip_unavailable': False, 'install_base': '/home/imml/git/research_2025/apple-harvest-eva/install/harvest_control', 'merge_install': False, 'path': '/home/imml/git/research_2025/apple-harvest-eva/harvest_control', 'symlink_install': True, 'test_result_base': None}
[0.341s] Level 5:colcon.colcon_core.verb:set package 'harvest_vision' build argument 'cmake_args' from command line to 'None'
[0.341s] Level 5:colcon.colcon_core.verb:set package 'harvest_vision' build argument 'cmake_target' from command line to 'None'
[0.341s] Level 5:colcon.colcon_core.verb:set package 'harvest_vision' build argument 'cmake_target_skip_unavailable' from command line to 'False'
[0.341s] Level 5:colcon.colcon_core.verb:set package 'harvest_vision' build argument 'cmake_clean_cache' from command line to 'False'
[0.341s] Level 5:colcon.colcon_core.verb:set package 'harvest_vision' build argument 'cmake_clean_first' from command line to 'False'
[0.341s] Level 5:colcon.colcon_core.verb:set package 'harvest_vision' build argument 'cmake_force_configure' from command line to 'False'
[0.341s] Level 5:colcon.colcon_core.verb:set package 'harvest_vision' build argument 'ament_cmake_args' from command line to 'None'
[0.341s] Level 5:colcon.colcon_core.verb:set package 'harvest_vision' build argument 'catkin_cmake_args' from command line to 'None'
[0.341s] Level 5:colcon.colcon_core.verb:set package 'harvest_vision' build argument 'catkin_skip_building_tests' from command line to 'False'
[0.341s] DEBUG:colcon.colcon_core.verb:Building package 'harvest_vision' with the following arguments: {'ament_cmake_args': None, 'build_base': '/home/imml/git/research_2025/apple-harvest-eva/build/harvest_vision', 'catkin_cmake_args': None, 'catkin_skip_building_tests': False, 'cmake_args': None, 'cmake_clean_cache': False, 'cmake_clean_first': False, 'cmake_force_configure': False, 'cmake_target': None, 'cmake_target_skip_unavailable': False, 'install_base': '/home/imml/git/research_2025/apple-harvest-eva/install/harvest_vision', 'merge_install': False, 'path': '/home/imml/git/research_2025/apple-harvest-eva/harvest_vision', 'symlink_install': True, 'test_result_base': None}
[0.341s] Level 5:colcon.colcon_core.verb:set package 'realsense2_camera' build argument 'cmake_args' from command line to 'None'
[0.341s] Level 5:colcon.colcon_core.verb:set package 'realsense2_camera' build argument 'cmake_target' from command line to 'None'
[0.341s] Level 5:colcon.colcon_core.verb:set package 'realsense2_camera' build argument 'cmake_target_skip_unavailable' from command line to 'False'
[0.341s] Level 5:colcon.colcon_core.verb:set package 'realsense2_camera' build argument 'cmake_clean_cache' from command line to 'False'
[0.341s] Level 5:colcon.colcon_core.verb:set package 'realsense2_camera' build argument 'cmake_clean_first' from command line to 'False'
[0.341s] Level 5:colcon.colcon_core.verb:set package 'realsense2_camera' build argument 'cmake_force_configure' from command line to 'False'
[0.341s] Level 5:colcon.colcon_core.verb:set package 'realsense2_camera' build argument 'ament_cmake_args' from command line to 'None'
[0.341s] Level 5:colcon.colcon_core.verb:set package 'realsense2_camera' build argument 'catkin_cmake_args' from command line to 'None'
[0.341s] Level 5:colcon.colcon_core.verb:set package 'realsense2_camera' build argument 'catkin_skip_building_tests' from command line to 'False'
[0.341s] DEBUG:colcon.colcon_core.verb:Building package 'realsense2_camera' with the following arguments: {'ament_cmake_args': None, 'build_base': '/home/imml/git/research_2025/apple-harvest-eva/build/realsense2_camera', 'catkin_cmake_args': None, 'catkin_skip_building_tests': False, 'cmake_args': None, 'cmake_clean_cache': False, 'cmake_clean_first': False, 'cmake_force_configure': False, 'cmake_target': None, 'cmake_target_skip_unavailable': False, 'install_base': '/home/imml/git/research_2025/apple-harvest-eva/install/realsense2_camera', 'merge_install': False, 'path': '/home/imml/git/research_2025/apple-harvest-eva/harvest_hardware/realsense-ros/realsense2_camera', 'symlink_install': True, 'test_result_base': None}
[0.341s] Level 5:colcon.colcon_core.verb:set package 'realsense2_description' build argument 'cmake_args' from command line to 'None'
[0.341s] Level 5:colcon.colcon_core.verb:set package 'realsense2_description' build argument 'cmake_target' from command line to 'None'
[0.341s] Level 5:colcon.colcon_core.verb:set package 'realsense2_description' build argument 'cmake_target_skip_unavailable' from command line to 'False'
[0.341s] Level 5:colcon.colcon_core.verb:set package 'realsense2_description' build argument 'cmake_clean_cache' from command line to 'False'
[0.342s] Level 5:colcon.colcon_core.verb:set package 'realsense2_description' build argument 'cmake_clean_first' from command line to 'False'
[0.342s] Level 5:colcon.colcon_core.verb:set package 'realsense2_description' build argument 'cmake_force_configure' from command line to 'False'
[0.342s] Level 5:colcon.colcon_core.verb:set package 'realsense2_description' build argument 'ament_cmake_args' from command line to 'None'
[0.342s] Level 5:colcon.colcon_core.verb:set package 'realsense2_description' build argument 'catkin_cmake_args' from command line to 'None'
[0.342s] Level 5:colcon.colcon_core.verb:set package 'realsense2_description' build argument 'catkin_skip_building_tests' from command line to 'False'
[0.342s] DEBUG:colcon.colcon_core.verb:Building package 'realsense2_description' with the following arguments: {'ament_cmake_args': None, 'build_base': '/home/imml/git/research_2025/apple-harvest-eva/build/realsense2_description', 'catkin_cmake_args': None, 'catkin_skip_building_tests': False, 'cmake_args': None, 'cmake_clean_cache': False, 'cmake_clean_first': False, 'cmake_force_configure': False, 'cmake_target': None, 'cmake_target_skip_unavailable': False, 'install_base': '/home/imml/git/research_2025/apple-harvest-eva/install/realsense2_description', 'merge_install': False, 'path': '/home/imml/git/research_2025/apple-harvest-eva/harvest_hardware/realsense-ros/realsense2_description', 'symlink_install': True, 'test_result_base': None}
[0.342s] Level 5:colcon.colcon_core.verb:set package 'ur_controllers' build argument 'cmake_args' from command line to 'None'
[0.342s] Level 5:colcon.colcon_core.verb:set package 'ur_controllers' build argument 'cmake_target' from command line to 'None'
[0.342s] Level 5:colcon.colcon_core.verb:set package 'ur_controllers' build argument 'cmake_target_skip_unavailable' from command line to 'False'
[0.342s] Level 5:colcon.colcon_core.verb:set package 'ur_controllers' build argument 'cmake_clean_cache' from command line to 'False'
[0.342s] Level 5:colcon.colcon_core.verb:set package 'ur_controllers' build argument 'cmake_clean_first' from command line to 'False'
[0.342s] Level 5:colcon.colcon_core.verb:set package 'ur_controllers' build argument 'cmake_force_configure' from command line to 'False'
[0.342s] Level 5:colcon.colcon_core.verb:set package 'ur_controllers' build argument 'ament_cmake_args' from command line to 'None'
[0.342s] Level 5:colcon.colcon_core.verb:set package 'ur_controllers' build argument 'catkin_cmake_args' from command line to 'None'
[0.342s] Level 5:colcon.colcon_core.verb:set package 'ur_controllers' build argument 'catkin_skip_building_tests' from command line to 'False'
[0.342s] DEBUG:colcon.colcon_core.verb:Building package 'ur_controllers' with the following arguments: {'ament_cmake_args': None, 'build_base': '/home/imml/git/research_2025/apple-harvest-eva/build/ur_controllers', 'catkin_cmake_args': None, 'catkin_skip_building_tests': False, 'cmake_args': None, 'cmake_clean_cache': False, 'cmake_clean_first': False, 'cmake_force_configure': False, 'cmake_target': None, 'cmake_target_skip_unavailable': False, 'install_base': '/home/imml/git/research_2025/apple-harvest-eva/install/ur_controllers', 'merge_install': False, 'path': '/home/imml/git/research_2025/apple-harvest-eva/harvest_hardware/Universal_Robots_ROS2_Driver/ur_controllers', 'symlink_install': True, 'test_result_base': None}
[0.342s] Level 5:colcon.colcon_core.verb:set package 'ur_moveit_config' build argument 'cmake_args' from command line to 'None'
[0.342s] Level 5:colcon.colcon_core.verb:set package 'ur_moveit_config' build argument 'cmake_target' from command line to 'None'
[0.342s] Level 5:colcon.colcon_core.verb:set package 'ur_moveit_config' build argument 'cmake_target_skip_unavailable' from command line to 'False'
[0.342s] Level 5:colcon.colcon_core.verb:set package 'ur_moveit_config' build argument 'cmake_clean_cache' from command line to 'False'
[0.342s] Level 5:colcon.colcon_core.verb:set package 'ur_moveit_config' build argument 'cmake_clean_first' from command line to 'False'
[0.342s] Level 5:colcon.colcon_core.verb:set package 'ur_moveit_config' build argument 'cmake_force_configure' from command line to 'False'
[0.342s] Level 5:colcon.colcon_core.verb:set package 'ur_moveit_config' build argument 'ament_cmake_args' from command line to 'None'
[0.342s] Level 5:colcon.colcon_core.verb:set package 'ur_moveit_config' build argument 'catkin_cmake_args' from command line to 'None'
[0.342s] Level 5:colcon.colcon_core.verb:set package 'ur_moveit_config' build argument 'catkin_skip_building_tests' from command line to 'False'
[0.342s] DEBUG:colcon.colcon_core.verb:Building package 'ur_moveit_config' with the following arguments: {'ament_cmake_args': None, 'build_base': '/home/imml/git/research_2025/apple-harvest-eva/build/ur_moveit_config', 'catkin_cmake_args': None, 'catkin_skip_building_tests': False, 'cmake_args': None, 'cmake_clean_cache': False, 'cmake_clean_first': False, 'cmake_force_configure': False, 'cmake_target': None, 'cmake_target_skip_unavailable': False, 'install_base': '/home/imml/git/research_2025/apple-harvest-eva/install/ur_moveit_config', 'merge_install': False, 'path': '/home/imml/git/research_2025/apple-harvest-eva/harvest_hardware/Universal_Robots_ROS2_Driver/ur_moveit_config', 'symlink_install': True, 'test_result_base': None}
[0.343s] Level 5:colcon.colcon_core.verb:set package 'ur_bringup' build argument 'cmake_args' from command line to 'None'
[0.343s] Level 5:colcon.colcon_core.verb:set package 'ur_bringup' build argument 'cmake_target' from command line to 'None'
[0.343s] Level 5:colcon.colcon_core.verb:set package 'ur_bringup' build argument 'cmake_target_skip_unavailable' from command line to 'False'
[0.343s] Level 5:colcon.colcon_core.verb:set package 'ur_bringup' build argument 'cmake_clean_cache' from command line to 'False'
[0.343s] Level 5:colcon.colcon_core.verb:set package 'ur_bringup' build argument 'cmake_clean_first' from command line to 'False'
[0.343s] Level 5:colcon.colcon_core.verb:set package 'ur_bringup' build argument 'cmake_force_configure' from command line to 'False'
[0.343s] Level 5:colcon.colcon_core.verb:set package 'ur_bringup' build argument 'ament_cmake_args' from command line to 'None'
[0.343s] Level 5:colcon.colcon_core.verb:set package 'ur_bringup' build argument 'catkin_cmake_args' from command line to 'None'
[0.343s] Level 5:colcon.colcon_core.verb:set package 'ur_bringup' build argument 'catkin_skip_building_tests' from command line to 'False'
[0.343s] DEBUG:colcon.colcon_core.verb:Building package 'ur_bringup' with the following arguments: {'ament_cmake_args': None, 'build_base': '/home/imml/git/research_2025/apple-harvest-eva/build/ur_bringup', 'catkin_cmake_args': None, 'catkin_skip_building_tests': False, 'cmake_args': None, 'cmake_clean_cache': False, 'cmake_clean_first': False, 'cmake_force_configure': False, 'cmake_target': None, 'cmake_target_skip_unavailable': False, 'install_base': '/home/imml/git/research_2025/apple-harvest-eva/install/ur_bringup', 'merge_install': False, 'path': '/home/imml/git/research_2025/apple-harvest-eva/harvest_hardware/Universal_Robots_ROS2_Driver/ur_bringup', 'symlink_install': True, 'test_result_base': None}
[0.343s] Level 5:colcon.colcon_core.verb:set package 'ur_robot_driver' build argument 'cmake_args' from command line to 'None'
[0.343s] Level 5:colcon.colcon_core.verb:set package 'ur_robot_driver' build argument 'cmake_target' from command line to 'None'
[0.343s] Level 5:colcon.colcon_core.verb:set package 'ur_robot_driver' build argument 'cmake_target_skip_unavailable' from command line to 'False'
[0.343s] Level 5:colcon.colcon_core.verb:set package 'ur_robot_driver' build argument 'cmake_clean_cache' from command line to 'False'
[0.343s] Level 5:colcon.colcon_core.verb:set package 'ur_robot_driver' build argument 'cmake_clean_first' from command line to 'False'
[0.343s] Level 5:colcon.colcon_core.verb:set package 'ur_robot_driver' build argument 'cmake_force_configure' from command line to 'False'
[0.343s] Level 5:colcon.colcon_core.verb:set package 'ur_robot_driver' build argument 'ament_cmake_args' from command line to 'None'
[0.343s] Level 5:colcon.colcon_core.verb:set package 'ur_robot_driver' build argument 'catkin_cmake_args' from command line to 'None'
[0.343s] Level 5:colcon.colcon_core.verb:set package 'ur_robot_driver' build argument 'catkin_skip_building_tests' from command line to 'False'
[0.343s] DEBUG:colcon.colcon_core.verb:Building package 'ur_robot_driver' with the following arguments: {'ament_cmake_args': None, 'build_base': '/home/imml/git/research_2025/apple-harvest-eva/build/ur_robot_driver', 'catkin_cmake_args': None, 'catkin_skip_building_tests': False, 'cmake_args': None, 'cmake_clean_cache': False, 'cmake_clean_first': False, 'cmake_force_configure': False, 'cmake_target': None, 'cmake_target_skip_unavailable': False, 'install_base': '/home/imml/git/research_2025/apple-harvest-eva/install/ur_robot_driver', 'merge_install': False, 'path': '/home/imml/git/research_2025/apple-harvest-eva/harvest_hardware/Universal_Robots_ROS2_Driver/ur_robot_driver', 'symlink_install': True, 'test_result_base': None}
[0.343s] Level 5:colcon.colcon_core.verb:set package 'ur_calibration' build argument 'cmake_args' from command line to 'None'
[0.343s] Level 5:colcon.colcon_core.verb:set package 'ur_calibration' build argument 'cmake_target' from command line to 'None'
[0.343s] Level 5:colcon.colcon_core.verb:set package 'ur_calibration' build argument 'cmake_target_skip_unavailable' from command line to 'False'
[0.343s] Level 5:colcon.colcon_core.verb:set package 'ur_calibration' build argument 'cmake_clean_cache' from command line to 'False'
[0.344s] Level 5:colcon.colcon_core.verb:set package 'ur_calibration' build argument 'cmake_clean_first' from command line to 'False'
[0.344s] Level 5:colcon.colcon_core.verb:set package 'ur_calibration' build argument 'cmake_force_configure' from command line to 'False'
[0.344s] Level 5:colcon.colcon_core.verb:set package 'ur_calibration' build argument 'ament_cmake_args' from command line to 'None'
[0.344s] Level 5:colcon.colcon_core.verb:set package 'ur_calibration' build argument 'catkin_cmake_args' from command line to 'None'
[0.344s] Level 5:colcon.colcon_core.verb:set package 'ur_calibration' build argument 'catkin_skip_building_tests' from command line to 'False'
[0.344s] DEBUG:colcon.colcon_core.verb:Building package 'ur_calibration' with the following arguments: {'ament_cmake_args': None, 'build_base': '/home/imml/git/research_2025/apple-harvest-eva/build/ur_calibration', 'catkin_cmake_args': None, 'catkin_skip_building_tests': False, 'cmake_args': None, 'cmake_clean_cache': False, 'cmake_clean_first': False, 'cmake_force_configure': False, 'cmake_target': None, 'cmake_target_skip_unavailable': False, 'install_base': '/home/imml/git/research_2025/apple-harvest-eva/install/ur_calibration', 'merge_install': False, 'path': '/home/imml/git/research_2025/apple-harvest-eva/harvest_hardware/Universal_Robots_ROS2_Driver/ur_calibration', 'symlink_install': True, 'test_result_base': None}
[0.344s] Level 5:colcon.colcon_core.verb:set package 'ur' build argument 'cmake_args' from command line to 'None'
[0.344s] Level 5:colcon.colcon_core.verb:set package 'ur' build argument 'cmake_target' from command line to 'None'
[0.344s] Level 5:colcon.colcon_core.verb:set package 'ur' build argument 'cmake_target_skip_unavailable' from command line to 'False'
[0.344s] Level 5:colcon.colcon_core.verb:set package 'ur' build argument 'cmake_clean_cache' from command line to 'False'
[0.344s] Level 5:colcon.colcon_core.verb:set package 'ur' build argument 'cmake_clean_first' from command line to 'False'
[0.344s] Level 5:colcon.colcon_core.verb:set package 'ur' build argument 'cmake_force_configure' from command line to 'False'
[0.344s] Level 5:colcon.colcon_core.verb:set package 'ur' build argument 'ament_cmake_args' from command line to 'None'
[0.344s] Level 5:colcon.colcon_core.verb:set package 'ur' build argument 'catkin_cmake_args' from command line to 'None'
[0.344s] Level 5:colcon.colcon_core.verb:set package 'ur' build argument 'catkin_skip_building_tests' from command line to 'False'
[0.344s] DEBUG:colcon.colcon_core.verb:Building package 'ur' with the following arguments: {'ament_cmake_args': None, 'build_base': '/home/imml/git/research_2025/apple-harvest-eva/build/ur', 'catkin_cmake_args': None, 'catkin_skip_building_tests': False, 'cmake_args': None, 'cmake_clean_cache': False, 'cmake_clean_first': False, 'cmake_force_configure': False, 'cmake_target': None, 'cmake_target_skip_unavailable': False, 'install_base': '/home/imml/git/research_2025/apple-harvest-eva/install/ur', 'merge_install': False, 'path': '/home/imml/git/research_2025/apple-harvest-eva/harvest_hardware/Universal_Robots_ROS2_Driver/ur', 'symlink_install': True, 'test_result_base': None}
[0.344s] INFO:colcon.colcon_core.executor:Executing jobs using 'parallel' executor
[0.345s] DEBUG:colcon.colcon_parallel_executor.executor.parallel:run_until_complete
[0.345s] INFO:colcon.colcon_ros.task.ament_cmake.build:Building ROS package in '/home/imml/git/research_2025/apple-harvest-eva/harvest_hardware/Universal_Robots_ROS2_Driver/ur_dashboard_msgs' with build type 'ament_cmake'
[0.345s] INFO:colcon.colcon_cmake.task.cmake.build:Building CMake package in '/home/imml/git/research_2025/apple-harvest-eva/harvest_hardware/Universal_Robots_ROS2_Driver/ur_dashboard_msgs'
[0.347s] INFO:colcon.colcon_core.plugin_system:Skipping extension 'colcon_core.shell.bat': Not used on non-Windows systems
[0.347s] INFO:colcon.colcon_core.shell:Skip shell extension 'powershell' for command environment: Not usable outside of PowerShell
[0.347s] DEBUG:colcon.colcon_core.shell:Skip shell extension 'dsv' for command environment
[0.351s] INFO:colcon.colcon_ros.task.ament_cmake.build:Building ROS package in '/home/imml/git/research_2025/apple-harvest-eva/harvest_hardware/Universal_Robots_ROS2_Description' with build type 'ament_cmake'
[0.351s] INFO:colcon.colcon_cmake.task.cmake.build:Building CMake package in '/home/imml/git/research_2025/apple-harvest-eva/harvest_hardware/Universal_Robots_ROS2_Description'
[0.351s] INFO:colcon.colcon_core.shell:Skip shell extension 'powershell' for command environment: Not usable outside of PowerShell
[0.351s] DEBUG:colcon.colcon_core.shell:Skip shell extension 'dsv' for command environment
[0.354s] INFO:colcon.colcon_ros.task.ament_cmake.build:Building ROS package in '/home/imml/git/research_2025/apple-harvest-eva/harvest_interfaces' with build type 'ament_cmake'
[0.354s] INFO:colcon.colcon_cmake.task.cmake.build:Building CMake package in '/home/imml/git/research_2025/apple-harvest-eva/harvest_interfaces'
[0.354s] INFO:colcon.colcon_core.shell:Skip shell extension 'powershell' for command environment: Not usable outside of PowerShell
[0.354s] DEBUG:colcon.colcon_core.shell:Skip shell extension 'dsv' for command environment
[0.357s] INFO:colcon.colcon_ros.task.ament_cmake.build:Building ROS package in '/home/imml/git/research_2025/apple-harvest-eva/harvest_hardware/realsense-ros/realsense2_camera_msgs' with build type 'ament_cmake'
[0.357s] INFO:colcon.colcon_cmake.task.cmake.build:Building CMake package in '/home/imml/git/research_2025/apple-harvest-eva/harvest_hardware/realsense-ros/realsense2_camera_msgs'
[0.357s] INFO:colcon.colcon_core.shell:Skip shell extension 'powershell' for command environment: Not usable outside of PowerShell
[0.357s] DEBUG:colcon.colcon_core.shell:Skip shell extension 'dsv' for command environment
[0.361s] INFO:colcon.colcon_ros.task.ament_python.build:Building ROS package in '/home/imml/git/research_2025/apple-harvest-eva/harvest_hardware/ur5e_custom_hardware' with build type 'ament_python'
[0.361s] Level 1:colcon.colcon_core.shell:create_environment_hook('ur5e_custom_hardware', 'ament_prefix_path')
[0.361s] INFO:colcon.colcon_core.shell:Creating environment hook '/home/imml/git/research_2025/apple-harvest-eva/install/ur5e_custom_hardware/share/ur5e_custom_hardware/hook/ament_prefix_path.ps1'
[0.362s] INFO:colcon.colcon_core.shell:Creating environment descriptor '/home/imml/git/research_2025/apple-harvest-eva/install/ur5e_custom_hardware/share/ur5e_custom_hardware/hook/ament_prefix_path.dsv'
[0.362s] INFO:colcon.colcon_core.shell:Creating environment hook '/home/imml/git/research_2025/apple-harvest-eva/install/ur5e_custom_hardware/share/ur5e_custom_hardware/hook/ament_prefix_path.sh'
[0.363s] INFO:colcon.colcon_core.shell:Skip shell extension 'powershell' for command environment: Not usable outside of PowerShell
[0.363s] DEBUG:colcon.colcon_core.shell:Skip shell extension 'dsv' for command environment
[0.369s] DEBUG:colcon.colcon_core.event_handler.log_command:Invoking command in '/home/imml/git/research_2025/apple-harvest-eva/build/ur_dashboard_msgs': CMAKE_PREFIX_PATH=${CMAKE_PREFIX_PATH}:/home/imml/git/research_2025/apple-harvest-eva/install/ur5e_custom_hardware:/home/imml/git/research_2025/apple-harvest-eva/install/harvest_vision:/opt/ros/humble /usr/bin/cmake --build /home/imml/git/research_2025/apple-harvest-eva/build/ur_dashboard_msgs -- -j16 -l16
[0.372s] DEBUG:colcon.colcon_core.event_handler.log_command:Invoking command in '/home/imml/git/research_2025/apple-harvest-eva/build/ur_description': CMAKE_PREFIX_PATH=${CMAKE_PREFIX_PATH}:/home/imml/git/research_2025/apple-harvest-eva/install/ur5e_custom_hardware:/home/imml/git/research_2025/apple-harvest-eva/install/harvest_vision:/opt/ros/humble /usr/bin/cmake --build /home/imml/git/research_2025/apple-harvest-eva/build/ur_description -- -j16 -l16
[0.374s] DEBUG:colcon.colcon_core.event_handler.log_command:Invoking command in '/home/imml/git/research_2025/apple-harvest-eva/build/harvest_interfaces': CMAKE_PREFIX_PATH=${CMAKE_PREFIX_PATH}:/home/imml/git/research_2025/apple-harvest-eva/install/ur5e_custom_hardware:/home/imml/git/research_2025/apple-harvest-eva/install/harvest_vision:/opt/ros/humble /usr/bin/cmake --build /home/imml/git/research_2025/apple-harvest-eva/build/harvest_interfaces -- -j16 -l16
[0.378s] DEBUG:colcon.colcon_core.event_handler.log_command:Invoking command in '/home/imml/git/research_2025/apple-harvest-eva/build/realsense2_camera_msgs': CMAKE_PREFIX_PATH=${CMAKE_PREFIX_PATH}:/home/imml/git/research_2025/apple-harvest-eva/install/ur5e_custom_hardware:/home/imml/git/research_2025/apple-harvest-eva/install/harvest_vision:/opt/ros/humble /usr/bin/cmake --build /home/imml/git/research_2025/apple-harvest-eva/build/realsense2_camera_msgs -- -j16 -l16
[0.671s] INFO:colcon.colcon_core.task.python.build:Building Python package in '/home/imml/git/research_2025/apple-harvest-eva/harvest_hardware/ur5e_custom_hardware'
[0.671s] INFO:colcon.colcon_core.shell:Skip shell extension 'powershell' for command environment: Not usable outside of PowerShell
[0.671s] DEBUG:colcon.colcon_core.shell:Skip shell extension 'dsv' for command environment
[0.676s] DEBUG:colcon.colcon_core.event_handler.log_command:Invoked command in '/home/imml/git/research_2025/apple-harvest-eva/build/ur_description' returned '0': CMAKE_PREFIX_PATH=${CMAKE_PREFIX_PATH}:/home/imml/git/research_2025/apple-harvest-eva/install/ur5e_custom_hardware:/home/imml/git/research_2025/apple-harvest-eva/install/harvest_vision:/opt/ros/humble /usr/bin/cmake --build /home/imml/git/research_2025/apple-harvest-eva/build/ur_description -- -j16 -l16
[0.687s] DEBUG:colcon.colcon_core.event_handler.log_command:Invoking command in '/home/imml/git/research_2025/apple-harvest-eva/build/ur_description': CMAKE_PREFIX_PATH=${CMAKE_PREFIX_PATH}:/home/imml/git/research_2025/apple-harvest-eva/install/ur5e_custom_hardware:/home/imml/git/research_2025/apple-harvest-eva/install/harvest_vision:/opt/ros/humble /usr/bin/cmake --install /home/imml/git/research_2025/apple-harvest-eva/build/ur_description
[0.726s] Level 1:colcon.colcon_core.environment:create_environment_scripts_only(ur_description)
[0.727s] DEBUG:colcon.colcon_core.event_handler.log_command:Invoked command in '/home/imml/git/research_2025/apple-harvest-eva/build/ur_description' returned '0': CMAKE_PREFIX_PATH=${CMAKE_PREFIX_PATH}:/home/imml/git/research_2025/apple-harvest-eva/install/ur5e_custom_hardware:/home/imml/git/research_2025/apple-harvest-eva/install/harvest_vision:/opt/ros/humble /usr/bin/cmake --install /home/imml/git/research_2025/apple-harvest-eva/build/ur_description
[0.729s] Level 1:colcon.colcon_core.environment:checking '/home/imml/git/research_2025/apple-harvest-eva/install/ur_description' for CMake module files
[0.729s] Level 1:colcon.colcon_core.environment:checking '/home/imml/git/research_2025/apple-harvest-eva/install/ur_description' for CMake config files
[0.731s] Level 1:colcon.colcon_core.shell:create_environment_hook('ur_description', 'cmake_prefix_path')
[0.731s] INFO:colcon.colcon_core.shell:Creating environment hook '/home/imml/git/research_2025/apple-harvest-eva/install/ur_description/share/ur_description/hook/cmake_prefix_path.ps1'
[0.732s] INFO:colcon.colcon_core.shell:Creating environment descriptor '/home/imml/git/research_2025/apple-harvest-eva/install/ur_description/share/ur_description/hook/cmake_prefix_path.dsv'
[0.732s] INFO:colcon.colcon_core.shell:Creating environment hook '/home/imml/git/research_2025/apple-harvest-eva/install/ur_description/share/ur_description/hook/cmake_prefix_path.sh'
[0.733s] Level 1:colcon.colcon_core.environment:checking '/home/imml/git/research_2025/apple-harvest-eva/install/ur_description/bin'
[0.733s] Level 1:colcon.colcon_core.environment:checking '/home/imml/git/research_2025/apple-harvest-eva/install/ur_description/lib/pkgconfig/ur_description.pc'
[0.733s] Level 1:colcon.colcon_core.environment:checking '/home/imml/git/research_2025/apple-harvest-eva/install/ur_description/lib/python3.10/site-packages'
[0.733s] Level 1:colcon.colcon_core.environment:checking '/home/imml/git/research_2025/apple-harvest-eva/install/ur_description/bin'
[0.734s] INFO:colcon.colcon_core.shell:Creating package script '/home/imml/git/research_2025/apple-harvest-eva/install/ur_description/share/ur_description/package.ps1'
[0.734s] INFO:colcon.colcon_core.shell:Creating package descriptor '/home/imml/git/research_2025/apple-harvest-eva/install/ur_description/share/ur_description/package.dsv'
[0.735s] INFO:colcon.colcon_core.shell:Creating package script '/home/imml/git/research_2025/apple-harvest-eva/install/ur_description/share/ur_description/package.sh'
[0.735s] INFO:colcon.colcon_core.shell:Creating package script '/home/imml/git/research_2025/apple-harvest-eva/install/ur_description/share/ur_description/package.bash'
[0.736s] INFO:colcon.colcon_core.shell:Creating package script '/home/imml/git/research_2025/apple-harvest-eva/install/ur_description/share/ur_description/package.zsh'
[0.737s] Level 1:colcon.colcon_core.environment:create_file_with_runtime_dependencies(/home/imml/git/research_2025/apple-harvest-eva/install/ur_description/share/colcon-core/packages/ur_description)
[0.737s] Level 1:colcon.colcon_core.environment:create_environment_scripts_only(ur_description)
[0.737s] Level 1:colcon.colcon_core.environment:checking '/home/imml/git/research_2025/apple-harvest-eva/install/ur_description' for CMake module files
[0.738s] Level 1:colcon.colcon_core.environment:checking '/home/imml/git/research_2025/apple-harvest-eva/install/ur_description' for CMake config files
[0.740s] Level 1:colcon.colcon_core.shell:create_environment_hook('ur_description', 'cmake_prefix_path')
[0.740s] INFO:colcon.colcon_core.shell:Creating environment hook '/home/imml/git/research_2025/apple-harvest-eva/install/ur_description/share/ur_description/hook/cmake_prefix_path.ps1'
[0.740s] INFO:colcon.colcon_core.shell:Creating environment descriptor '/home/imml/git/research_2025/apple-harvest-eva/install/ur_description/share/ur_description/hook/cmake_prefix_path.dsv'
[0.741s] INFO:colcon.colcon_core.shell:Creating environment hook '/home/imml/git/research_2025/apple-harvest-eva/install/ur_description/share/ur_description/hook/cmake_prefix_path.sh'
[0.742s] Level 1:colcon.colcon_core.environment:checking '/home/imml/git/research_2025/apple-harvest-eva/install/ur_description/bin'
[0.742s] Level 1:colcon.colcon_core.environment:checking '/home/imml/git/research_2025/apple-harvest-eva/install/ur_description/lib/pkgconfig/ur_description.pc'
[0.742s] Level 1:colcon.colcon_core.environment:checking '/home/imml/git/research_2025/apple-harvest-eva/install/ur_description/lib/python3.10/site-packages'
[0.742s] Level 1:colcon.colcon_core.environment:checking '/home/imml/git/research_2025/apple-harvest-eva/install/ur_description/bin'
[0.742s] INFO:colcon.colcon_core.shell:Creating package script '/home/imml/git/research_2025/apple-harvest-eva/install/ur_description/share/ur_description/package.ps1'
[0.743s] INFO:colcon.colcon_core.shell:Creating package descriptor '/home/imml/git/research_2025/apple-harvest-eva/install/ur_description/share/ur_description/package.dsv'
[0.743s] INFO:colcon.colcon_core.shell:Creating package script '/home/imml/git/research_2025/apple-harvest-eva/install/ur_description/share/ur_description/package.sh'
[0.744s] INFO:colcon.colcon_core.shell:Creating package script '/home/imml/git/research_2025/apple-harvest-eva/install/ur_description/share/ur_description/package.bash'
[0.744s] INFO:colcon.colcon_core.shell:Creating package script '/home/imml/git/research_2025/apple-harvest-eva/install/ur_description/share/ur_description/package.zsh'
[0.744s] Level 1:colcon.colcon_core.environment:create_file_with_runtime_dependencies(/home/imml/git/research_2025/apple-harvest-eva/install/ur_description/share/colcon-core/packages/ur_description)
[0.745s] INFO:colcon.colcon_ros.task.ament_cmake.build:Building ROS package in '/home/imml/git/research_2025/apple-harvest-eva/harvest_hardware/Universal_Robots_ROS2_Driver/ur_moveit_config' with build type 'ament_cmake'
[0.745s] INFO:colcon.colcon_cmake.task.cmake.build:Building CMake package in '/home/imml/git/research_2025/apple-harvest-eva/harvest_hardware/Universal_Robots_ROS2_Driver/ur_moveit_config'
[0.745s] INFO:colcon.colcon_core.shell:Skip shell extension 'powershell' for command environment: Not usable outside of PowerShell
[0.745s] DEBUG:colcon.colcon_core.shell:Skip shell extension 'dsv' for command environment
[0.754s] DEBUG:colcon.colcon_core.event_handler.log_command:Invoking command in '/home/imml/git/research_2025/apple-harvest-eva/build/ur_moveit_config': AMENT_PREFIX_PATH=/home/imml/git/research_2025/apple-harvest-eva/install/ur_description:${AMENT_PREFIX_PATH} CMAKE_PREFIX_PATH=/home/imml/git/research_2025/apple-harvest-eva/install/ur_description:/home/imml/git/research_2025/apple-harvest-eva/install/ur:/home/imml/git/research_2025/apple-harvest-eva/install/ur_calibration:/home/imml/git/research_2025/apple-harvest-eva/install/ur_robot_driver:/home/imml/git/research_2025/apple-harvest-eva/install/ur_moveit_config:/home/imml/git/research_2025/apple-harvest-eva/install/ur_bringup:/home/imml/git/research_2025/apple-harvest-eva/install/ur_controllers:/home/imml/git/research_2025/apple-harvest-eva/install/ur_dashboard_msgs:/home/imml/git/research_2025/apple-harvest-eva/install/realsense2_description:/home/imml/git/research_2025/apple-harvest-eva/install/realsense2_camera:/home/imml/git/research_2025/apple-harvest-eva/install/realsense2_camera_msgs:/home/imml/git/research_2025/apple-harvest-eva/install/harvest_control:/home/imml/git/research_2025/apple-harvest-eva/install/harvest:/home/imml/git/research_2025/apple-harvest-eva/install/harvest_interfaces:/home/imml/git/research_2025/apple-harvest-eva/install/ur5e_custom_hardware:/home/imml/git/research_2025/apple-harvest-eva/install/harvest_vision:/opt/ros/humble /usr/bin/cmake --build /home/imml/git/research_2025/apple-harvest-eva/build/ur_moveit_config -- -j16 -l16
[0.755s] DEBUG:colcon.colcon_core.event_handler.log_command:Invoked command in '/home/imml/git/research_2025/apple-harvest-eva/build/ur_dashboard_msgs' returned '0': CMAKE_PREFIX_PATH=${CMAKE_PREFIX_PATH}:/home/imml/git/research_2025/apple-harvest-eva/install/ur5e_custom_hardware:/home/imml/git/research_2025/apple-harvest-eva/install/harvest_vision:/opt/ros/humble /usr/bin/cmake --build /home/imml/git/research_2025/apple-harvest-eva/build/ur_dashboard_msgs -- -j16 -l16
[0.757s] DEBUG:colcon.colcon_core.event_handler.log_command:Invoking command in '/home/imml/git/research_2025/apple-harvest-eva/build/ur_dashboard_msgs': CMAKE_PREFIX_PATH=${CMAKE_PREFIX_PATH}:/home/imml/git/research_2025/apple-harvest-eva/install/ur5e_custom_hardware:/home/imml/git/research_2025/apple-harvest-eva/install/harvest_vision:/opt/ros/humble /usr/bin/cmake --install /home/imml/git/research_2025/apple-harvest-eva/build/ur_dashboard_msgs
[0.773s] DEBUG:colcon.colcon_core.event_handler.log_command:Invoked command in '/home/imml/git/research_2025/apple-harvest-eva/build/realsense2_camera_msgs' returned '0': CMAKE_PREFIX_PATH=${CMAKE_PREFIX_PATH}:/home/imml/git/research_2025/apple-harvest-eva/install/ur5e_custom_hardware:/home/imml/git/research_2025/apple-harvest-eva/install/harvest_vision:/opt/ros/humble /usr/bin/cmake --build /home/imml/git/research_2025/apple-harvest-eva/build/realsense2_camera_msgs -- -j16 -l16
[0.776s] DEBUG:colcon.colcon_core.event_handler.log_command:Invoking command in '/home/imml/git/research_2025/apple-harvest-eva/build/realsense2_camera_msgs': CMAKE_PREFIX_PATH=${CMAKE_PREFIX_PATH}:/home/imml/git/research_2025/apple-harvest-eva/install/ur5e_custom_hardware:/home/imml/git/research_2025/apple-harvest-eva/install/harvest_vision:/opt/ros/humble /usr/bin/cmake --install /home/imml/git/research_2025/apple-harvest-eva/build/realsense2_camera_msgs
[0.779s] DEBUG:colcon.colcon_core.event_handler.log_command:Invoked command in '/home/imml/git/research_2025/apple-harvest-eva/build/harvest_interfaces' returned '0': CMAKE_PREFIX_PATH=${CMAKE_PREFIX_PATH}:/home/imml/git/research_2025/apple-harvest-eva/install/ur5e_custom_hardware:/home/imml/git/research_2025/apple-harvest-eva/install/harvest_vision:/opt/ros/humble /usr/bin/cmake --build /home/imml/git/research_2025/apple-harvest-eva/build/harvest_interfaces -- -j16 -l16
[0.781s] DEBUG:colcon.colcon_core.event_handler.log_command:Invoking command in '/home/imml/git/research_2025/apple-harvest-eva/build/harvest_interfaces': CMAKE_PREFIX_PATH=${CMAKE_PREFIX_PATH}:/home/imml/git/research_2025/apple-harvest-eva/install/ur5e_custom_hardware:/home/imml/git/research_2025/apple-harvest-eva/install/harvest_vision:/opt/ros/humble /usr/bin/cmake --install /home/imml/git/research_2025/apple-harvest-eva/build/harvest_interfaces
[0.849s] Level 1:colcon.colcon_core.environment:create_environment_scripts_only(realsense2_camera_msgs)
[0.849s] Level 1:colcon.colcon_core.environment:checking '/home/imml/git/research_2025/apple-harvest-eva/install/realsense2_camera_msgs' for CMake module files
[0.849s] DEBUG:colcon.colcon_core.event_handler.log_command:Invoked command in '/home/imml/git/research_2025/apple-harvest-eva/build/realsense2_camera_msgs' returned '0': CMAKE_PREFIX_PATH=${CMAKE_PREFIX_PATH}:/home/imml/git/research_2025/apple-harvest-eva/install/ur5e_custom_hardware:/home/imml/git/research_2025/apple-harvest-eva/install/harvest_vision:/opt/ros/humble /usr/bin/cmake --install /home/imml/git/research_2025/apple-harvest-eva/build/realsense2_camera_msgs
[0.850s] Level 1:colcon.colcon_core.environment:checking '/home/imml/git/research_2025/apple-harvest-eva/install/realsense2_camera_msgs' for CMake config files
[0.851s] Level 1:colcon.colcon_core.shell:create_environment_hook('realsense2_camera_msgs', 'cmake_prefix_path')
[0.851s] INFO:colcon.colcon_core.shell:Creating environment hook '/home/imml/git/research_2025/apple-harvest-eva/install/realsense2_camera_msgs/share/realsense2_camera_msgs/hook/cmake_prefix_path.ps1'
[0.852s] INFO:colcon.colcon_core.shell:Creating environment descriptor '/home/imml/git/research_2025/apple-harvest-eva/install/realsense2_camera_msgs/share/realsense2_camera_msgs/hook/cmake_prefix_path.dsv'
[0.852s] INFO:colcon.colcon_core.shell:Creating environment hook '/home/imml/git/research_2025/apple-harvest-eva/install/realsense2_camera_msgs/share/realsense2_camera_msgs/hook/cmake_prefix_path.sh'
[0.852s] Level 1:colcon.colcon_core.environment:checking '/home/imml/git/research_2025/apple-harvest-eva/install/realsense2_camera_msgs/lib'
[0.853s] Level 1:colcon.colcon_core.shell:create_environment_hook('realsense2_camera_msgs', 'ld_library_path_lib')
[0.853s] INFO:colcon.colcon_core.shell:Creating environment hook '/home/imml/git/research_2025/apple-harvest-eva/install/realsense2_camera_msgs/share/realsense2_camera_msgs/hook/ld_library_path_lib.ps1'
[0.853s] INFO:colcon.colcon_core.shell:Creating environment descriptor '/home/imml/git/research_2025/apple-harvest-eva/install/realsense2_camera_msgs/share/realsense2_camera_msgs/hook/ld_library_path_lib.dsv'
[0.853s] INFO:colcon.colcon_core.shell:Creating environment hook '/home/imml/git/research_2025/apple-harvest-eva/install/realsense2_camera_msgs/share/realsense2_camera_msgs/hook/ld_library_path_lib.sh'
[0.854s] Level 1:colcon.colcon_core.environment:checking '/home/imml/git/research_2025/apple-harvest-eva/install/realsense2_camera_msgs/bin'
[0.854s] Level 1:colcon.colcon_core.environment:checking '/home/imml/git/research_2025/apple-harvest-eva/install/realsense2_camera_msgs/lib/pkgconfig/realsense2_camera_msgs.pc'
[0.854s] Level 1:colcon.colcon_core.environment:checking '/home/imml/git/research_2025/apple-harvest-eva/install/realsense2_camera_msgs/lib/python3.10/site-packages'
[0.854s] Level 1:colcon.colcon_core.environment:checking '/home/imml/git/research_2025/apple-harvest-eva/install/realsense2_camera_msgs/bin'
[0.854s] INFO:colcon.colcon_core.shell:Creating package script '/home/imml/git/research_2025/apple-harvest-eva/install/realsense2_camera_msgs/share/realsense2_camera_msgs/package.ps1'
[0.855s] INFO:colcon.colcon_core.shell:Creating package descriptor '/home/imml/git/research_2025/apple-harvest-eva/install/realsense2_camera_msgs/share/realsense2_camera_msgs/package.dsv'
[0.855s] INFO:colcon.colcon_core.shell:Creating package script '/home/imml/git/research_2025/apple-harvest-eva/install/realsense2_camera_msgs/share/realsense2_camera_msgs/package.sh'
[0.855s] INFO:colcon.colcon_core.shell:Creating package script '/home/imml/git/research_2025/apple-harvest-eva/install/realsense2_camera_msgs/share/realsense2_camera_msgs/package.bash'
[0.856s] INFO:colcon.colcon_core.shell:Creating package script '/home/imml/git/research_2025/apple-harvest-eva/install/realsense2_camera_msgs/share/realsense2_camera_msgs/package.zsh'
[0.856s] Level 1:colcon.colcon_core.environment:create_file_with_runtime_dependencies(/home/imml/git/research_2025/apple-harvest-eva/install/realsense2_camera_msgs/share/colcon-core/packages/realsense2_camera_msgs)
[0.856s] Level 1:colcon.colcon_core.environment:create_environment_scripts_only(realsense2_camera_msgs)
[0.857s] Level 1:colcon.colcon_core.environment:checking '/home/imml/git/research_2025/apple-harvest-eva/install/realsense2_camera_msgs' for CMake module files
[0.857s] Level 1:colcon.colcon_core.environment:checking '/home/imml/git/research_2025/apple-harvest-eva/install/realsense2_camera_msgs' for CMake config files
[0.858s] Level 1:colcon.colcon_core.shell:create_environment_hook('realsense2_camera_msgs', 'cmake_prefix_path')
[0.858s] INFO:colcon.colcon_core.shell:Creating environment hook '/home/imml/git/research_2025/apple-harvest-eva/install/realsense2_camera_msgs/share/realsense2_camera_msgs/hook/cmake_prefix_path.ps1'
[0.859s] INFO:colcon.colcon_core.shell:Creating environment descriptor '/home/imml/git/research_2025/apple-harvest-eva/install/realsense2_camera_msgs/share/realsense2_camera_msgs/hook/cmake_prefix_path.dsv'
[0.859s] INFO:colcon.colcon_core.shell:Creating environment hook '/home/imml/git/research_2025/apple-harvest-eva/install/realsense2_camera_msgs/share/realsense2_camera_msgs/hook/cmake_prefix_path.sh'
[0.860s] Level 1:colcon.colcon_core.environment:checking '/home/imml/git/research_2025/apple-harvest-eva/install/realsense2_camera_msgs/lib'
[0.860s] Level 1:colcon.colcon_core.shell:create_environment_hook('realsense2_camera_msgs', 'ld_library_path_lib')
[0.860s] INFO:colcon.colcon_core.shell:Creating environment hook '/home/imml/git/research_2025/apple-harvest-eva/install/realsense2_camera_msgs/share/realsense2_camera_msgs/hook/ld_library_path_lib.ps1'
[0.860s] INFO:colcon.colcon_core.shell:Creating environment descriptor '/home/imml/git/research_2025/apple-harvest-eva/install/realsense2_camera_msgs/share/realsense2_camera_msgs/hook/ld_library_path_lib.dsv'
[0.861s] INFO:colcon.colcon_core.shell:Creating environment hook '/home/imml/git/research_2025/apple-harvest-eva/install/realsense2_camera_msgs/share/realsense2_camera_msgs/hook/ld_library_path_lib.sh'
[0.861s] Level 1:colcon.colcon_core.environment:checking '/home/imml/git/research_2025/apple-harvest-eva/install/realsense2_camera_msgs/bin'
[0.861s] Level 1:colcon.colcon_core.environment:checking '/home/imml/git/research_2025/apple-harvest-eva/install/realsense2_camera_msgs/lib/pkgconfig/realsense2_camera_msgs.pc'
[0.861s] Level 1:colcon.colcon_core.environment:checking '/home/imml/git/research_2025/apple-harvest-eva/install/realsense2_camera_msgs/lib/python3.10/site-packages'
[0.861s] Level 1:colcon.colcon_core.environment:checking '/home/imml/git/research_2025/apple-harvest-eva/install/realsense2_camera_msgs/bin'
[0.862s] INFO:colcon.colcon_core.shell:Creating package script '/home/imml/git/research_2025/apple-harvest-eva/install/realsense2_camera_msgs/share/realsense2_camera_msgs/package.ps1'
[0.863s] INFO:colcon.colcon_core.shell:Creating package descriptor '/home/imml/git/research_2025/apple-harvest-eva/install/realsense2_camera_msgs/share/realsense2_camera_msgs/package.dsv'
[0.863s] INFO:colcon.colcon_core.shell:Creating package script '/home/imml/git/research_2025/apple-harvest-eva/install/realsense2_camera_msgs/share/realsense2_camera_msgs/package.sh'
[0.864s] INFO:colcon.colcon_core.shell:Creating package script '/home/imml/git/research_2025/apple-harvest-eva/install/realsense2_camera_msgs/share/realsense2_camera_msgs/package.bash'
[0.864s] INFO:colcon.colcon_core.shell:Creating package script '/home/imml/git/research_2025/apple-harvest-eva/install/realsense2_camera_msgs/share/realsense2_camera_msgs/package.zsh'
[0.864s] Level 1:colcon.colcon_core.environment:create_file_with_runtime_dependencies(/home/imml/git/research_2025/apple-harvest-eva/install/realsense2_camera_msgs/share/colcon-core/packages/realsense2_camera_msgs)
[0.865s] INFO:colcon.colcon_ros.task.ament_cmake.build:Building ROS package in '/home/imml/git/research_2025/apple-harvest-eva/harvest_hardware/realsense-ros/realsense2_camera' with build type 'ament_cmake'
[0.865s] INFO:colcon.colcon_cmake.task.cmake.build:Building CMake package in '/home/imml/git/research_2025/apple-harvest-eva/harvest_hardware/realsense-ros/realsense2_camera'
[0.865s] INFO:colcon.colcon_core.shell:Skip shell extension 'powershell' for command environment: Not usable outside of PowerShell
[0.865s] DEBUG:colcon.colcon_core.shell:Skip shell extension 'dsv' for command environment
[0.871s] INFO:colcon.colcon_ros.task.ament_cmake.build:Building ROS package in '/home/imml/git/research_2025/apple-harvest-eva/harvest_hardware/realsense-ros/realsense2_description' with build type 'ament_cmake'
[0.871s] INFO:colcon.colcon_cmake.task.cmake.build:Building CMake package in '/home/imml/git/research_2025/apple-harvest-eva/harvest_hardware/realsense-ros/realsense2_description'
[0.871s] INFO:colcon.colcon_core.shell:Skip shell extension 'powershell' for command environment: Not usable outside of PowerShell
[0.871s] DEBUG:colcon.colcon_core.shell:Skip shell extension 'dsv' for command environment
[0.876s] Level 1:colcon.colcon_core.environment:create_environment_scripts_only(ur_dashboard_msgs)
[0.877s] Level 1:colcon.colcon_core.environment:checking '/home/imml/git/research_2025/apple-harvest-eva/install/ur_dashboard_msgs' for CMake module files
[0.877s] DEBUG:colcon.colcon_core.event_handler.log_command:Invoked command in '/home/imml/git/research_2025/apple-harvest-eva/build/ur_dashboard_msgs' returned '0': CMAKE_PREFIX_PATH=${CMAKE_PREFIX_PATH}:/home/imml/git/research_2025/apple-harvest-eva/install/ur5e_custom_hardware:/home/imml/git/research_2025/apple-harvest-eva/install/harvest_vision:/opt/ros/humble /usr/bin/cmake --install /home/imml/git/research_2025/apple-harvest-eva/build/ur_dashboard_msgs
[0.878s] Level 1:colcon.colcon_core.environment:checking '/home/imml/git/research_2025/apple-harvest-eva/install/ur_dashboard_msgs' for CMake config files
[0.880s] Level 1:colcon.colcon_core.shell:create_environment_hook('ur_dashboard_msgs', 'cmake_prefix_path')
[0.881s] INFO:colcon.colcon_core.shell:Creating environment hook '/home/imml/git/research_2025/apple-harvest-eva/install/ur_dashboard_msgs/share/ur_dashboard_msgs/hook/cmake_prefix_path.ps1'
[0.881s] INFO:colcon.colcon_core.shell:Creating environment descriptor '/home/imml/git/research_2025/apple-harvest-eva/install/ur_dashboard_msgs/share/ur_dashboard_msgs/hook/cmake_prefix_path.dsv'
[0.881s] INFO:colcon.colcon_core.shell:Creating environment hook '/home/imml/git/research_2025/apple-harvest-eva/install/ur_dashboard_msgs/share/ur_dashboard_msgs/hook/cmake_prefix_path.sh'
[0.882s] Level 1:colcon.colcon_core.environment:checking '/home/imml/git/research_2025/apple-harvest-eva/install/ur_dashboard_msgs/lib'
[0.882s] Level 1:colcon.colcon_core.shell:create_environment_hook('ur_dashboard_msgs', 'ld_library_path_lib')
[0.882s] INFO:colcon.colcon_core.shell:Creating environment hook '/home/imml/git/research_2025/apple-harvest-eva/install/ur_dashboard_msgs/share/ur_dashboard_msgs/hook/ld_library_path_lib.ps1'
[0.882s] INFO:colcon.colcon_core.shell:Creating environment descriptor '/home/imml/git/research_2025/apple-harvest-eva/install/ur_dashboard_msgs/share/ur_dashboard_msgs/hook/ld_library_path_lib.dsv'
[0.882s] INFO:colcon.colcon_core.shell:Creating environment hook '/home/imml/git/research_2025/apple-harvest-eva/install/ur_dashboard_msgs/share/ur_dashboard_msgs/hook/ld_library_path_lib.sh'
[0.883s] Level 1:colcon.colcon_core.environment:checking '/home/imml/git/research_2025/apple-harvest-eva/install/ur_dashboard_msgs/bin'
[0.883s] Level 1:colcon.colcon_core.environment:checking '/home/imml/git/research_2025/apple-harvest-eva/install/ur_dashboard_msgs/lib/pkgconfig/ur_dashboard_msgs.pc'
[0.883s] Level 1:colcon.colcon_core.environment:checking '/home/imml/git/research_2025/apple-harvest-eva/install/ur_dashboard_msgs/lib/python3.10/site-packages'
[0.883s] Level 1:colcon.colcon_core.environment:checking '/home/imml/git/research_2025/apple-harvest-eva/install/ur_dashboard_msgs/bin'
[0.883s] INFO:colcon.colcon_core.shell:Creating package script '/home/imml/git/research_2025/apple-harvest-eva/install/ur_dashboard_msgs/share/ur_dashboard_msgs/package.ps1'
[0.884s] INFO:colcon.colcon_core.shell:Creating package descriptor '/home/imml/git/research_2025/apple-harvest-eva/install/ur_dashboard_msgs/share/ur_dashboard_msgs/package.dsv'
[0.884s] INFO:colcon.colcon_core.shell:Creating package script '/home/imml/git/research_2025/apple-harvest-eva/install/ur_dashboard_msgs/share/ur_dashboard_msgs/package.sh'
[0.884s] INFO:colcon.colcon_core.shell:Creating package script '/home/imml/git/research_2025/apple-harvest-eva/install/ur_dashboard_msgs/share/ur_dashboard_msgs/package.bash'
[0.885s] INFO:colcon.colcon_core.shell:Creating package script '/home/imml/git/research_2025/apple-harvest-eva/install/ur_dashboard_msgs/share/ur_dashboard_msgs/package.zsh'
[0.885s] Level 1:colcon.colcon_core.environment:create_file_with_runtime_dependencies(/home/imml/git/research_2025/apple-harvest-eva/install/ur_dashboard_msgs/share/colcon-core/packages/ur_dashboard_msgs)
[0.885s] Level 1:colcon.colcon_core.environment:create_environment_scripts_only(ur_dashboard_msgs)
[0.885s] Level 1:colcon.colcon_core.environment:checking '/home/imml/git/research_2025/apple-harvest-eva/install/ur_dashboard_msgs' for CMake module files
[0.886s] Level 1:colcon.colcon_core.environment:checking '/home/imml/git/research_2025/apple-harvest-eva/install/ur_dashboard_msgs' for CMake config files
[0.888s] Level 1:colcon.colcon_core.shell:create_environment_hook('ur_dashboard_msgs', 'cmake_prefix_path')
[0.888s] INFO:colcon.colcon_core.shell:Creating environment hook '/home/imml/git/research_2025/apple-harvest-eva/install/ur_dashboard_msgs/share/ur_dashboard_msgs/hook/cmake_prefix_path.ps1'
[0.889s] INFO:colcon.colcon_core.shell:Creating environment descriptor '/home/imml/git/research_2025/apple-harvest-eva/install/ur_dashboard_msgs/share/ur_dashboard_msgs/hook/cmake_prefix_path.dsv'
[0.889s] INFO:colcon.colcon_core.shell:Creating environment hook '/home/imml/git/research_2025/apple-harvest-eva/install/ur_dashboard_msgs/share/ur_dashboard_msgs/hook/cmake_prefix_path.sh'
[0.889s] Level 1:colcon.colcon_core.environment:checking '/home/imml/git/research_2025/apple-harvest-eva/install/ur_dashboard_msgs/lib'
[0.889s] Level 1:colcon.colcon_core.shell:create_environment_hook('ur_dashboard_msgs', 'ld_library_path_lib')
[0.890s] INFO:colcon.colcon_core.shell:Creating environment hook '/home/imml/git/research_2025/apple-harvest-eva/install/ur_dashboard_msgs/share/ur_dashboard_msgs/hook/ld_library_path_lib.ps1'
[0.890s] INFO:colcon.colcon_core.shell:Creating environment descriptor '/home/imml/git/research_2025/apple-harvest-eva/install/ur_dashboard_msgs/share/ur_dashboard_msgs/hook/ld_library_path_lib.dsv'
[0.890s] INFO:colcon.colcon_core.shell:Creating environment hook '/home/imml/git/research_2025/apple-harvest-eva/install/ur_dashboard_msgs/share/ur_dashboard_msgs/hook/ld_library_path_lib.sh'
[0.890s] Level 1:colcon.colcon_core.environment:checking '/home/imml/git/research_2025/apple-harvest-eva/install/ur_dashboard_msgs/bin'
[0.890s] Level 1:colcon.colcon_core.environment:checking '/home/imml/git/research_2025/apple-harvest-eva/install/ur_dashboard_msgs/lib/pkgconfig/ur_dashboard_msgs.pc'
[0.891s] Level 1:colcon.colcon_core.environment:checking '/home/imml/git/research_2025/apple-harvest-eva/install/ur_dashboard_msgs/lib/python3.10/site-packages'
[0.891s] Level 1:colcon.colcon_core.environment:checking '/home/imml/git/research_2025/apple-harvest-eva/install/ur_dashboard_msgs/bin'
[0.891s] INFO:colcon.colcon_core.shell:Creating package script '/home/imml/git/research_2025/apple-harvest-eva/install/ur_dashboard_msgs/share/ur_dashboard_msgs/package.ps1'
[0.891s] INFO:colcon.colcon_core.shell:Creating package descriptor '/home/imml/git/research_2025/apple-harvest-eva/install/ur_dashboard_msgs/share/ur_dashboard_msgs/package.dsv'
[0.892s] INFO:colcon.colcon_core.shell:Creating package script '/home/imml/git/research_2025/apple-harvest-eva/install/ur_dashboard_msgs/share/ur_dashboard_msgs/package.sh'
[0.892s] INFO:colcon.colcon_core.shell:Creating package script '/home/imml/git/research_2025/apple-harvest-eva/install/ur_dashboard_msgs/share/ur_dashboard_msgs/package.bash'
[0.893s] INFO:colcon.colcon_core.shell:Creating package script '/home/imml/git/research_2025/apple-harvest-eva/install/ur_dashboard_msgs/share/ur_dashboard_msgs/package.zsh'
[0.893s] Level 1:colcon.colcon_core.environment:create_file_with_runtime_dependencies(/home/imml/git/research_2025/apple-harvest-eva/install/ur_dashboard_msgs/share/colcon-core/packages/ur_dashboard_msgs)
[0.893s] Level 1:colcon.colcon_core.environment:create_environment_scripts_only(harvest_interfaces)
[0.893s] Level 1:colcon.colcon_core.environment:checking '/home/imml/git/research_2025/apple-harvest-eva/install/harvest_interfaces' for CMake module files
[0.894s] DEBUG:colcon.colcon_core.event_handler.log_command:Invoked command in '/home/imml/git/research_2025/apple-harvest-eva/build/harvest_interfaces' returned '0': CMAKE_PREFIX_PATH=${CMAKE_PREFIX_PATH}:/home/imml/git/research_2025/apple-harvest-eva/install/ur5e_custom_hardware:/home/imml/git/research_2025/apple-harvest-eva/install/harvest_vision:/opt/ros/humble /usr/bin/cmake --install /home/imml/git/research_2025/apple-harvest-eva/build/harvest_interfaces
[0.894s] Level 1:colcon.colcon_core.environment:checking '/home/imml/git/research_2025/apple-harvest-eva/install/harvest_interfaces' for CMake config files
[0.896s] Level 1:colcon.colcon_core.shell:create_environment_hook('harvest_interfaces', 'cmake_prefix_path')
[0.896s] INFO:colcon.colcon_core.shell:Creating environment hook '/home/imml/git/research_2025/apple-harvest-eva/install/harvest_interfaces/share/harvest_interfaces/hook/cmake_prefix_path.ps1'
[0.897s] INFO:colcon.colcon_core.shell:Creating environment descriptor '/home/imml/git/research_2025/apple-harvest-eva/install/harvest_interfaces/share/harvest_interfaces/hook/cmake_prefix_path.dsv'
[0.897s] INFO:colcon.colcon_core.shell:Creating environment hook '/home/imml/git/research_2025/apple-harvest-eva/install/harvest_interfaces/share/harvest_interfaces/hook/cmake_prefix_path.sh'
[0.897s] Level 1:colcon.colcon_core.environment:checking '/home/imml/git/research_2025/apple-harvest-eva/install/harvest_interfaces/lib'
[0.897s] Level 1:colcon.colcon_core.shell:create_environment_hook('harvest_interfaces', 'ld_library_path_lib')
[0.898s] INFO:colcon.colcon_core.shell:Creating environment hook '/home/imml/git/research_2025/apple-harvest-eva/install/harvest_interfaces/share/harvest_interfaces/hook/ld_library_path_lib.ps1'
[0.898s] INFO:colcon.colcon_core.shell:Creating environment descriptor '/home/imml/git/research_2025/apple-harvest-eva/install/harvest_interfaces/share/harvest_interfaces/hook/ld_library_path_lib.dsv'
[0.898s] INFO:colcon.colcon_core.shell:Creating environment hook '/home/imml/git/research_2025/apple-harvest-eva/install/harvest_interfaces/share/harvest_interfaces/hook/ld_library_path_lib.sh'
[0.898s] Level 1:colcon.colcon_core.environment:checking '/home/imml/git/research_2025/apple-harvest-eva/install/harvest_interfaces/bin'
[0.898s] Level 1:colcon.colcon_core.environment:checking '/home/imml/git/research_2025/apple-harvest-eva/install/harvest_interfaces/lib/pkgconfig/harvest_interfaces.pc'
[0.899s] Level 1:colcon.colcon_core.environment:checking '/home/imml/git/research_2025/apple-harvest-eva/install/harvest_interfaces/lib/python3.10/site-packages'
[0.899s] Level 1:colcon.colcon_core.environment:checking '/home/imml/git/research_2025/apple-harvest-eva/install/harvest_interfaces/bin'
[0.899s] INFO:colcon.colcon_core.shell:Creating package script '/home/imml/git/research_2025/apple-harvest-eva/install/harvest_interfaces/share/harvest_interfaces/package.ps1'
[0.899s] INFO:colcon.colcon_core.shell:Creating package descriptor '/home/imml/git/research_2025/apple-harvest-eva/install/harvest_interfaces/share/harvest_interfaces/package.dsv'
[0.900s] INFO:colcon.colcon_core.shell:Creating package script '/home/imml/git/research_2025/apple-harvest-eva/install/harvest_interfaces/share/harvest_interfaces/package.sh'
[0.900s] INFO:colcon.colcon_core.shell:Creating package script '/home/imml/git/research_2025/apple-harvest-eva/install/harvest_interfaces/share/harvest_interfaces/package.bash'
[0.900s] INFO:colcon.colcon_core.shell:Creating package script '/home/imml/git/research_2025/apple-harvest-eva/install/harvest_interfaces/share/harvest_interfaces/package.zsh'
[0.900s] Level 1:colcon.colcon_core.environment:create_file_with_runtime_dependencies(/home/imml/git/research_2025/apple-harvest-eva/install/harvest_interfaces/share/colcon-core/packages/harvest_interfaces)
[0.901s] Level 1:colcon.colcon_core.environment:create_environment_scripts_only(harvest_interfaces)
[0.901s] Level 1:colcon.colcon_core.environment:checking '/home/imml/git/research_2025/apple-harvest-eva/install/harvest_interfaces' for CMake module files
[0.901s] Level 1:colcon.colcon_core.environment:checking '/home/imml/git/research_2025/apple-harvest-eva/install/harvest_interfaces' for CMake config files
[0.903s] Level 1:colcon.colcon_core.shell:create_environment_hook('harvest_interfaces', 'cmake_prefix_path')
[0.904s] INFO:colcon.colcon_core.shell:Creating environment hook '/home/imml/git/research_2025/apple-harvest-eva/install/harvest_interfaces/share/harvest_interfaces/hook/cmake_prefix_path.ps1'
[0.904s] INFO:colcon.colcon_core.shell:Creating environment descriptor '/home/imml/git/research_2025/apple-harvest-eva/install/harvest_interfaces/share/harvest_interfaces/hook/cmake_prefix_path.dsv'
[0.904s] INFO:colcon.colcon_core.shell:Creating environment hook '/home/imml/git/research_2025/apple-harvest-eva/install/harvest_interfaces/share/harvest_interfaces/hook/cmake_prefix_path.sh'
[0.905s] Level 1:colcon.colcon_core.environment:checking '/home/imml/git/research_2025/apple-harvest-eva/install/harvest_interfaces/lib'
[0.905s] Level 1:colcon.colcon_core.shell:create_environment_hook('harvest_interfaces', 'ld_library_path_lib')
[0.905s] INFO:colcon.colcon_core.shell:Creating environment hook '/home/imml/git/research_2025/apple-harvest-eva/install/harvest_interfaces/share/harvest_interfaces/hook/ld_library_path_lib.ps1'
[0.905s] INFO:colcon.colcon_core.shell:Creating environment descriptor '/home/imml/git/research_2025/apple-harvest-eva/install/harvest_interfaces/share/harvest_interfaces/hook/ld_library_path_lib.dsv'
[0.905s] INFO:colcon.colcon_core.shell:Creating environment hook '/home/imml/git/research_2025/apple-harvest-eva/install/harvest_interfaces/share/harvest_interfaces/hook/ld_library_path_lib.sh'
[0.906s] Level 1:colcon.colcon_core.environment:checking '/home/imml/git/research_2025/apple-harvest-eva/install/harvest_interfaces/bin'
[0.906s] Level 1:colcon.colcon_core.environment:checking '/home/imml/git/research_2025/apple-harvest-eva/install/harvest_interfaces/lib/pkgconfig/harvest_interfaces.pc'
[0.906s] Level 1:colcon.colcon_core.environment:checking '/home/imml/git/research_2025/apple-harvest-eva/install/harvest_interfaces/lib/python3.10/site-packages'
[0.906s] Level 1:colcon.colcon_core.environment:checking '/home/imml/git/research_2025/apple-harvest-eva/install/harvest_interfaces/bin'
[0.906s] INFO:colcon.colcon_core.shell:Creating package script '/home/imml/git/research_2025/apple-harvest-eva/install/harvest_interfaces/share/harvest_interfaces/package.ps1'
[0.906s] INFO:colcon.colcon_core.shell:Creating package descriptor '/home/imml/git/research_2025/apple-harvest-eva/install/harvest_interfaces/share/harvest_interfaces/package.dsv'
[0.907s] INFO:colcon.colcon_core.shell:Creating package script '/home/imml/git/research_2025/apple-harvest-eva/install/harvest_interfaces/share/harvest_interfaces/package.sh'
[0.907s] INFO:colcon.colcon_core.shell:Creating package script '/home/imml/git/research_2025/apple-harvest-eva/install/harvest_interfaces/share/harvest_interfaces/package.bash'
[0.907s] INFO:colcon.colcon_core.shell:Creating package script '/home/imml/git/research_2025/apple-harvest-eva/install/harvest_interfaces/share/harvest_interfaces/package.zsh'
[0.908s] Level 1:colcon.colcon_core.environment:create_file_with_runtime_dependencies(/home/imml/git/research_2025/apple-harvest-eva/install/harvest_interfaces/share/colcon-core/packages/harvest_interfaces)
[0.910s] INFO:colcon.colcon_ros.task.ament_cmake.build:Building ROS package in '/home/imml/git/research_2025/apple-harvest-eva/harvest_hardware/Universal_Robots_ROS2_Driver/ur_controllers' with build type 'ament_cmake'
[0.910s] INFO:colcon.colcon_cmake.task.cmake.build:Building CMake package in '/home/imml/git/research_2025/apple-harvest-eva/harvest_hardware/Universal_Robots_ROS2_Driver/ur_controllers'
[0.911s] INFO:colcon.colcon_core.shell:Skip shell extension 'powershell' for command environment: Not usable outside of PowerShell
[0.911s] DEBUG:colcon.colcon_core.shell:Skip shell extension 'dsv' for command environment
[0.911s] DEBUG:colcon.colcon_core.event_handler.log_command:Invoking command in '/home/imml/git/research_2025/apple-harvest-eva/build/realsense2_camera': AMENT_PREFIX_PATH=/home/imml/git/research_2025/apple-harvest-eva/install/realsense2_camera_msgs:${AMENT_PREFIX_PATH} CMAKE_PREFIX_PATH=/home/imml/git/research_2025/apple-harvest-eva/install/realsense2_camera_msgs:/home/imml/git/research_2025/apple-harvest-eva/install/ur:/home/imml/git/research_2025/apple-harvest-eva/install/ur_calibration:/home/imml/git/research_2025/apple-harvest-eva/install/ur_robot_driver:/home/imml/git/research_2025/apple-harvest-eva/install/ur_moveit_config:/home/imml/git/research_2025/apple-harvest-eva/install/ur_bringup:/home/imml/git/research_2025/apple-harvest-eva/install/ur_description:/home/imml/git/research_2025/apple-harvest-eva/install/ur_controllers:/home/imml/git/research_2025/apple-harvest-eva/install/ur_dashboard_msgs:/home/imml/git/research_2025/apple-harvest-eva/install/realsense2_description:/home/imml/git/research_2025/apple-harvest-eva/install/realsense2_camera:/home/imml/git/research_2025/apple-harvest-eva/install/harvest_control:/home/imml/git/research_2025/apple-harvest-eva/install/harvest:/home/imml/git/research_2025/apple-harvest-eva/install/harvest_interfaces:/home/imml/git/research_2025/apple-harvest-eva/install/ur5e_custom_hardware:/home/imml/git/research_2025/apple-harvest-eva/install/harvest_vision:/opt/ros/humble LD_LIBRARY_PATH=/home/imml/git/research_2025/apple-harvest-eva/install/realsense2_camera_msgs/lib:/home/imml/git/research_2025/apple-harvest-eva/install/ur_robot_driver/lib:/home/imml/git/research_2025/apple-harvest-eva/install/ur_controllers/lib:/home/imml/git/research_2025/apple-harvest-eva/install/ur_dashboard_msgs/lib:/home/imml/git/research_2025/apple-harvest-eva/install/realsense2_camera/lib:/home/imml/git/research_2025/apple-harvest-eva/install/harvest_interfaces/lib:/usr/local/cuda-12.9/lib64:/opt/ros/humble/opt/rviz_ogre_vendor/lib:/opt/ros/humble/lib/x86_64-linux-gnu:/opt/ros/humble/lib PYTHONPATH=/home/imml/git/research_2025/apple-harvest-eva/install/realsense2_camera_msgs/local/lib/python3.10/dist-packages:${PYTHONPATH} /usr/bin/cmake --build /home/imml/git/research_2025/apple-harvest-eva/build/realsense2_camera -- -j16 -l16
[0.916s] INFO:colcon.colcon_ros.task.ament_cmake.build:Building ROS package in '/home/imml/git/research_2025/apple-harvest-eva/harvest' with build type 'ament_cmake'
[0.916s] INFO:colcon.colcon_cmake.task.cmake.build:Building CMake package in '/home/imml/git/research_2025/apple-harvest-eva/harvest'
[0.917s] INFO:colcon.colcon_core.shell:Skip shell extension 'powershell' for command environment: Not usable outside of PowerShell
[0.917s] DEBUG:colcon.colcon_core.shell:Skip shell extension 'dsv' for command environment
[0.921s] INFO:colcon.colcon_ros.task.ament_cmake.build:Building ROS package in '/home/imml/git/research_2025/apple-harvest-eva/harvest_control' with build type 'ament_cmake'
[0.921s] INFO:colcon.colcon_cmake.task.cmake.build:Building CMake package in '/home/imml/git/research_2025/apple-harvest-eva/harvest_control'
[0.921s] INFO:colcon.colcon_core.shell:Skip shell extension 'powershell' for command environment: Not usable outside of PowerShell
[0.921s] DEBUG:colcon.colcon_core.shell:Skip shell extension 'dsv' for command environment
[0.925s] INFO:colcon.colcon_ros.task.ament_python.build:Building ROS package in '/home/imml/git/research_2025/apple-harvest-eva/harvest_vision' with build type 'ament_python'
[0.925s] Level 1:colcon.colcon_core.shell:create_environment_hook('harvest_vision', 'ament_prefix_path')
[0.925s] INFO:colcon.colcon_core.shell:Creating environment hook '/home/imml/git/research_2025/apple-harvest-eva/install/harvest_vision/share/harvest_vision/hook/ament_prefix_path.ps1'
[0.926s] INFO:colcon.colcon_core.shell:Creating environment descriptor '/home/imml/git/research_2025/apple-harvest-eva/install/harvest_vision/share/harvest_vision/hook/ament_prefix_path.dsv'
[0.926s] INFO:colcon.colcon_core.shell:Creating environment hook '/home/imml/git/research_2025/apple-harvest-eva/install/harvest_vision/share/harvest_vision/hook/ament_prefix_path.sh'
[0.926s] INFO:colcon.colcon_core.shell:Skip shell extension 'powershell' for command environment: Not usable outside of PowerShell
[0.926s] DEBUG:colcon.colcon_core.shell:Skip shell extension 'dsv' for command environment
[0.933s] DEBUG:colcon.colcon_core.event_handler.log_command:Invoking command in '/home/imml/git/research_2025/apple-harvest-eva/build/realsense2_description': AMENT_PREFIX_PATH=/home/imml/git/research_2025/apple-harvest-eva/install/realsense2_camera_msgs:${AMENT_PREFIX_PATH} CMAKE_PREFIX_PATH=/home/imml/git/research_2025/apple-harvest-eva/install/realsense2_camera_msgs:/home/imml/git/research_2025/apple-harvest-eva/install/ur:/home/imml/git/research_2025/apple-harvest-eva/install/ur_calibration:/home/imml/git/research_2025/apple-harvest-eva/install/ur_robot_driver:/home/imml/git/research_2025/apple-harvest-eva/install/ur_moveit_config:/home/imml/git/research_2025/apple-harvest-eva/install/ur_bringup:/home/imml/git/research_2025/apple-harvest-eva/install/ur_description:/home/imml/git/research_2025/apple-harvest-eva/install/ur_controllers:/home/imml/git/research_2025/apple-harvest-eva/install/ur_dashboard_msgs:/home/imml/git/research_2025/apple-harvest-eva/install/realsense2_description:/home/imml/git/research_2025/apple-harvest-eva/install/realsense2_camera:/home/imml/git/research_2025/apple-harvest-eva/install/harvest_control:/home/imml/git/research_2025/apple-harvest-eva/install/harvest:/home/imml/git/research_2025/apple-harvest-eva/install/harvest_interfaces:/home/imml/git/research_2025/apple-harvest-eva/install/ur5e_custom_hardware:/home/imml/git/research_2025/apple-harvest-eva/install/harvest_vision:/opt/ros/humble LD_LIBRARY_PATH=/home/imml/git/research_2025/apple-harvest-eva/install/realsense2_camera_msgs/lib:/home/imml/git/research_2025/apple-harvest-eva/install/ur_robot_driver/lib:/home/imml/git/research_2025/apple-harvest-eva/install/ur_controllers/lib:/home/imml/git/research_2025/apple-harvest-eva/install/ur_dashboard_msgs/lib:/home/imml/git/research_2025/apple-harvest-eva/install/realsense2_camera/lib:/home/imml/git/research_2025/apple-harvest-eva/install/harvest_interfaces/lib:/usr/local/cuda-12.9/lib64:/opt/ros/humble/opt/rviz_ogre_vendor/lib:/opt/ros/humble/lib/x86_64-linux-gnu:/opt/ros/humble/lib PYTHONPATH=/home/imml/git/research_2025/apple-harvest-eva/install/realsense2_camera_msgs/local/lib/python3.10/dist-packages:${PYTHONPATH} /usr/bin/cmake --build /home/imml/git/research_2025/apple-harvest-eva/build/realsense2_description -- -j16 -l16
[0.936s] DEBUG:colcon.colcon_core.event_handler.log_command:Invoking command in '/home/imml/git/research_2025/apple-harvest-eva/build/ur_controllers': AMENT_PREFIX_PATH=/home/imml/git/research_2025/apple-harvest-eva/install/ur_dashboard_msgs:${AMENT_PREFIX_PATH} CMAKE_PREFIX_PATH=/home/imml/git/research_2025/apple-harvest-eva/install/ur_dashboard_msgs:/home/imml/git/research_2025/apple-harvest-eva/install/ur:/home/imml/git/research_2025/apple-harvest-eva/install/ur_calibration:/home/imml/git/research_2025/apple-harvest-eva/install/ur_robot_driver:/home/imml/git/research_2025/apple-harvest-eva/install/ur_moveit_config:/home/imml/git/research_2025/apple-harvest-eva/install/ur_bringup:/home/imml/git/research_2025/apple-harvest-eva/install/ur_description:/home/imml/git/research_2025/apple-harvest-eva/install/ur_controllers:/home/imml/git/research_2025/apple-harvest-eva/install/realsense2_description:/home/imml/git/research_2025/apple-harvest-eva/install/realsense2_camera:/home/imml/git/research_2025/apple-harvest-eva/install/realsense2_camera_msgs:/home/imml/git/research_2025/apple-harvest-eva/install/harvest_control:/home/imml/git/research_2025/apple-harvest-eva/install/harvest:/home/imml/git/research_2025/apple-harvest-eva/install/harvest_interfaces:/home/imml/git/research_2025/apple-harvest-eva/install/ur5e_custom_hardware:/home/imml/git/research_2025/apple-harvest-eva/install/harvest_vision:/opt/ros/humble LD_LIBRARY_PATH=/home/imml/git/research_2025/apple-harvest-eva/install/ur_dashboard_msgs/lib:/home/imml/git/research_2025/apple-harvest-eva/install/ur_robot_driver/lib:/home/imml/git/research_2025/apple-harvest-eva/install/ur_controllers/lib:/home/imml/git/research_2025/apple-harvest-eva/install/realsense2_camera/lib:/home/imml/git/research_2025/apple-harvest-eva/install/realsense2_camera_msgs/lib:/home/imml/git/research_2025/apple-harvest-eva/install/harvest_interfaces/lib:/usr/local/cuda-12.9/lib64:/opt/ros/humble/opt/rviz_ogre_vendor/lib:/opt/ros/humble/lib/x86_64-linux-gnu:/opt/ros/humble/lib PYTHONPATH=/home/imml/git/research_2025/apple-harvest-eva/install/ur_dashboard_msgs/local/lib/python3.10/dist-packages:${PYTHONPATH} /usr/bin/cmake --build /home/imml/git/research_2025/apple-harvest-eva/build/ur_controllers -- -j16 -l16
[0.938s] DEBUG:colcon.colcon_core.event_handler.log_command:Invoking command in '/home/imml/git/research_2025/apple-harvest-eva/build/harvest': AMENT_PREFIX_PATH=/home/imml/git/research_2025/apple-harvest-eva/install/harvest_interfaces:${AMENT_PREFIX_PATH} CMAKE_PREFIX_PATH=/home/imml/git/research_2025/apple-harvest-eva/install/harvest_interfaces:/home/imml/git/research_2025/apple-harvest-eva/install/ur:/home/imml/git/research_2025/apple-harvest-eva/install/ur_calibration:/home/imml/git/research_2025/apple-harvest-eva/install/ur_robot_driver:/home/imml/git/research_2025/apple-harvest-eva/install/ur_moveit_config:/home/imml/git/research_2025/apple-harvest-eva/install/ur_bringup:/home/imml/git/research_2025/apple-harvest-eva/install/ur_description:/home/imml/git/research_2025/apple-harvest-eva/install/ur_controllers:/home/imml/git/research_2025/apple-harvest-eva/install/ur_dashboard_msgs:/home/imml/git/research_2025/apple-harvest-eva/install/realsense2_description:/home/imml/git/research_2025/apple-harvest-eva/install/realsense2_camera:/home/imml/git/research_2025/apple-harvest-eva/install/realsense2_camera_msgs:/home/imml/git/research_2025/apple-harvest-eva/install/harvest_control:/home/imml/git/research_2025/apple-harvest-eva/install/harvest:/home/imml/git/research_2025/apple-harvest-eva/install/ur5e_custom_hardware:/home/imml/git/research_2025/apple-harvest-eva/install/harvest_vision:/opt/ros/humble LD_LIBRARY_PATH=/home/imml/git/research_2025/apple-harvest-eva/install/harvest_interfaces/lib:/home/imml/git/research_2025/apple-harvest-eva/install/ur_robot_driver/lib:/home/imml/git/research_2025/apple-harvest-eva/install/ur_controllers/lib:/home/imml/git/research_2025/apple-harvest-eva/install/ur_dashboard_msgs/lib:/home/imml/git/research_2025/apple-harvest-eva/install/realsense2_camera/lib:/home/imml/git/research_2025/apple-harvest-eva/install/realsense2_camera_msgs/lib:/usr/local/cuda-12.9/lib64:/opt/ros/humble/opt/rviz_ogre_vendor/lib:/opt/ros/humble/lib/x86_64-linux-gnu:/opt/ros/humble/lib PYTHONPATH=/home/imml/git/research_2025/apple-harvest-eva/install/harvest_interfaces/local/lib/python3.10/dist-packages:${PYTHONPATH} /usr/bin/cmake --build /home/imml/git/research_2025/apple-harvest-eva/build/harvest -- -j16 -l16
[0.943s] DEBUG:colcon.colcon_core.event_handler.log_command:Invoking command in '/home/imml/git/research_2025/apple-harvest-eva/build/harvest_control': AMENT_PREFIX_PATH=/home/imml/git/research_2025/apple-harvest-eva/install/harvest_interfaces:${AMENT_PREFIX_PATH} CMAKE_PREFIX_PATH=/home/imml/git/research_2025/apple-harvest-eva/install/harvest_interfaces:/home/imml/git/research_2025/apple-harvest-eva/install/ur:/home/imml/git/research_2025/apple-harvest-eva/install/ur_calibration:/home/imml/git/research_2025/apple-harvest-eva/install/ur_robot_driver:/home/imml/git/research_2025/apple-harvest-eva/install/ur_moveit_config:/home/imml/git/research_2025/apple-harvest-eva/install/ur_bringup:/home/imml/git/research_2025/apple-harvest-eva/install/ur_description:/home/imml/git/research_2025/apple-harvest-eva/install/ur_controllers:/home/imml/git/research_2025/apple-harvest-eva/install/ur_dashboard_msgs:/home/imml/git/research_2025/apple-harvest-eva/install/realsense2_description:/home/imml/git/research_2025/apple-harvest-eva/install/realsense2_camera:/home/imml/git/research_2025/apple-harvest-eva/install/realsense2_camera_msgs:/home/imml/git/research_2025/apple-harvest-eva/install/harvest_control:/home/imml/git/research_2025/apple-harvest-eva/install/harvest:/home/imml/git/research_2025/apple-harvest-eva/install/ur5e_custom_hardware:/home/imml/git/research_2025/apple-harvest-eva/install/harvest_vision:/opt/ros/humble LD_LIBRARY_PATH=/home/imml/git/research_2025/apple-harvest-eva/install/harvest_interfaces/lib:/home/imml/git/research_2025/apple-harvest-eva/install/ur_robot_driver/lib:/home/imml/git/research_2025/apple-harvest-eva/install/ur_controllers/lib:/home/imml/git/research_2025/apple-harvest-eva/install/ur_dashboard_msgs/lib:/home/imml/git/research_2025/apple-harvest-eva/install/realsense2_camera/lib:/home/imml/git/research_2025/apple-harvest-eva/install/realsense2_camera_msgs/lib:/usr/local/cuda-12.9/lib64:/opt/ros/humble/opt/rviz_ogre_vendor/lib:/opt/ros/humble/lib/x86_64-linux-gnu:/opt/ros/humble/lib PYTHONPATH=/home/imml/git/research_2025/apple-harvest-eva/install/harvest_interfaces/local/lib/python3.10/dist-packages:${PYTHONPATH} /usr/bin/cmake --build /home/imml/git/research_2025/apple-harvest-eva/build/harvest_control -- -j16 -l16
[1.208s] INFO:colcon.colcon_core.task.python.build:Building Python package in '/home/imml/git/research_2025/apple-harvest-eva/harvest_vision'
[1.208s] INFO:colcon.colcon_core.shell:Skip shell extension 'powershell' for command environment: Not usable outside of PowerShell
[1.208s] DEBUG:colcon.colcon_core.shell:Skip shell extension 'dsv' for command environment
[1.213s] DEBUG:colcon.colcon_core.event_handler.log_command:Invoked command in '/home/imml/git/research_2025/apple-harvest-eva/build/realsense2_description' returned '0': AMENT_PREFIX_PATH=/home/imml/git/research_2025/apple-harvest-eva/install/realsense2_camera_msgs:${AMENT_PREFIX_PATH} CMAKE_PREFIX_PATH=/home/imml/git/research_2025/apple-harvest-eva/install/realsense2_camera_msgs:/home/imml/git/research_2025/apple-harvest-eva/install/ur:/home/imml/git/research_2025/apple-harvest-eva/install/ur_calibration:/home/imml/git/research_2025/apple-harvest-eva/install/ur_robot_driver:/home/imml/git/research_2025/apple-harvest-eva/install/ur_moveit_config:/home/imml/git/research_2025/apple-harvest-eva/install/ur_bringup:/home/imml/git/research_2025/apple-harvest-eva/install/ur_description:/home/imml/git/research_2025/apple-harvest-eva/install/ur_controllers:/home/imml/git/research_2025/apple-harvest-eva/install/ur_dashboard_msgs:/home/imml/git/research_2025/apple-harvest-eva/install/realsense2_description:/home/imml/git/research_2025/apple-harvest-eva/install/realsense2_camera:/home/imml/git/research_2025/apple-harvest-eva/install/harvest_control:/home/imml/git/research_2025/apple-harvest-eva/install/harvest:/home/imml/git/research_2025/apple-harvest-eva/install/harvest_interfaces:/home/imml/git/research_2025/apple-harvest-eva/install/ur5e_custom_hardware:/home/imml/git/research_2025/apple-harvest-eva/install/harvest_vision:/opt/ros/humble LD_LIBRARY_PATH=/home/imml/git/research_2025/apple-harvest-eva/install/realsense2_camera_msgs/lib:/home/imml/git/research_2025/apple-harvest-eva/install/ur_robot_driver/lib:/home/imml/git/research_2025/apple-harvest-eva/install/ur_controllers/lib:/home/imml/git/research_2025/apple-harvest-eva/install/ur_dashboard_msgs/lib:/home/imml/git/research_2025/apple-harvest-eva/install/realsense2_camera/lib:/home/imml/git/research_2025/apple-harvest-eva/install/harvest_interfaces/lib:/usr/local/cuda-12.9/lib64:/opt/ros/humble/opt/rviz_ogre_vendor/lib:/opt/ros/humble/lib/x86_64-linux-gnu:/opt/ros/humble/lib PYTHONPATH=/home/imml/git/research_2025/apple-harvest-eva/install/realsense2_camera_msgs/local/lib/python3.10/dist-packages:${PYTHONPATH} /usr/bin/cmake --build /home/imml/git/research_2025/apple-harvest-eva/build/realsense2_description -- -j16 -l16
[1.214s] DEBUG:colcon.colcon_core.event_handler.log_command:Invoking command in '/home/imml/git/research_2025/apple-harvest-eva/build/realsense2_description': AMENT_PREFIX_PATH=/home/imml/git/research_2025/apple-harvest-eva/install/realsense2_camera_msgs:${AMENT_PREFIX_PATH} CMAKE_PREFIX_PATH=/home/imml/git/research_2025/apple-harvest-eva/install/realsense2_camera_msgs:/home/imml/git/research_2025/apple-harvest-eva/install/ur:/home/imml/git/research_2025/apple-harvest-eva/install/ur_calibration:/home/imml/git/research_2025/apple-harvest-eva/install/ur_robot_driver:/home/imml/git/research_2025/apple-harvest-eva/install/ur_moveit_config:/home/imml/git/research_2025/apple-harvest-eva/install/ur_bringup:/home/imml/git/research_2025/apple-harvest-eva/install/ur_description:/home/imml/git/research_2025/apple-harvest-eva/install/ur_controllers:/home/imml/git/research_2025/apple-harvest-eva/install/ur_dashboard_msgs:/home/imml/git/research_2025/apple-harvest-eva/install/realsense2_description:/home/imml/git/research_2025/apple-harvest-eva/install/realsense2_camera:/home/imml/git/research_2025/apple-harvest-eva/install/harvest_control:/home/imml/git/research_2025/apple-harvest-eva/install/harvest:/home/imml/git/research_2025/apple-harvest-eva/install/harvest_interfaces:/home/imml/git/research_2025/apple-harvest-eva/install/ur5e_custom_hardware:/home/imml/git/research_2025/apple-harvest-eva/install/harvest_vision:/opt/ros/humble LD_LIBRARY_PATH=/home/imml/git/research_2025/apple-harvest-eva/install/realsense2_camera_msgs/lib:/home/imml/git/research_2025/apple-harvest-eva/install/ur_robot_driver/lib:/home/imml/git/research_2025/apple-harvest-eva/install/ur_controllers/lib:/home/imml/git/research_2025/apple-harvest-eva/install/ur_dashboard_msgs/lib:/home/imml/git/research_2025/apple-harvest-eva/install/realsense2_camera/lib:/home/imml/git/research_2025/apple-harvest-eva/install/harvest_interfaces/lib:/usr/local/cuda-12.9/lib64:/opt/ros/humble/opt/rviz_ogre_vendor/lib:/opt/ros/humble/lib/x86_64-linux-gnu:/opt/ros/humble/lib PYTHONPATH=/home/imml/git/research_2025/apple-harvest-eva/install/realsense2_camera_msgs/local/lib/python3.10/dist-packages:${PYTHONPATH} /usr/bin/cmake --install /home/imml/git/research_2025/apple-harvest-eva/build/realsense2_description
[1.214s] DEBUG:colcon.colcon_core.event_handler.log_command:Invoked command in '/home/imml/git/research_2025/apple-harvest-eva/build/realsense2_camera' returned '0': AMENT_PREFIX_PATH=/home/imml/git/research_2025/apple-harvest-eva/install/realsense2_camera_msgs:${AMENT_PREFIX_PATH} CMAKE_PREFIX_PATH=/home/imml/git/research_2025/apple-harvest-eva/install/realsense2_camera_msgs:/home/imml/git/research_2025/apple-harvest-eva/install/ur:/home/imml/git/research_2025/apple-harvest-eva/install/ur_calibration:/home/imml/git/research_2025/apple-harvest-eva/install/ur_robot_driver:/home/imml/git/research_2025/apple-harvest-eva/install/ur_moveit_config:/home/imml/git/research_2025/apple-harvest-eva/install/ur_bringup:/home/imml/git/research_2025/apple-harvest-eva/install/ur_description:/home/imml/git/research_2025/apple-harvest-eva/install/ur_controllers:/home/imml/git/research_2025/apple-harvest-eva/install/ur_dashboard_msgs:/home/imml/git/research_2025/apple-harvest-eva/install/realsense2_description:/home/imml/git/research_2025/apple-harvest-eva/install/realsense2_camera:/home/imml/git/research_2025/apple-harvest-eva/install/harvest_control:/home/imml/git/research_2025/apple-harvest-eva/install/harvest:/home/imml/git/research_2025/apple-harvest-eva/install/harvest_interfaces:/home/imml/git/research_2025/apple-harvest-eva/install/ur5e_custom_hardware:/home/imml/git/research_2025/apple-harvest-eva/install/harvest_vision:/opt/ros/humble LD_LIBRARY_PATH=/home/imml/git/research_2025/apple-harvest-eva/install/realsense2_camera_msgs/lib:/home/imml/git/research_2025/apple-harvest-eva/install/ur_robot_driver/lib:/home/imml/git/research_2025/apple-harvest-eva/install/ur_controllers/lib:/home/imml/git/research_2025/apple-harvest-eva/install/ur_dashboard_msgs/lib:/home/imml/git/research_2025/apple-harvest-eva/install/realsense2_camera/lib:/home/imml/git/research_2025/apple-harvest-eva/install/harvest_interfaces/lib:/usr/local/cuda-12.9/lib64:/opt/ros/humble/opt/rviz_ogre_vendor/lib:/opt/ros/humble/lib/x86_64-linux-gnu:/opt/ros/humble/lib PYTHONPATH=/home/imml/git/research_2025/apple-harvest-eva/install/realsense2_camera_msgs/local/lib/python3.10/dist-packages:${PYTHONPATH} /usr/bin/cmake --build /home/imml/git/research_2025/apple-harvest-eva/build/realsense2_camera -- -j16 -l16
[1.216s] DEBUG:colcon.colcon_core.event_handler.log_command:Invoking command in '/home/imml/git/research_2025/apple-harvest-eva/build/realsense2_camera': AMENT_PREFIX_PATH=/home/imml/git/research_2025/apple-harvest-eva/install/realsense2_camera_msgs:${AMENT_PREFIX_PATH} CMAKE_PREFIX_PATH=/home/imml/git/research_2025/apple-harvest-eva/install/realsense2_camera_msgs:/home/imml/git/research_2025/apple-harvest-eva/install/ur:/home/imml/git/research_2025/apple-harvest-eva/install/ur_calibration:/home/imml/git/research_2025/apple-harvest-eva/install/ur_robot_driver:/home/imml/git/research_2025/apple-harvest-eva/install/ur_moveit_config:/home/imml/git/research_2025/apple-harvest-eva/install/ur_bringup:/home/imml/git/research_2025/apple-harvest-eva/install/ur_description:/home/imml/git/research_2025/apple-harvest-eva/install/ur_controllers:/home/imml/git/research_2025/apple-harvest-eva/install/ur_dashboard_msgs:/home/imml/git/research_2025/apple-harvest-eva/install/realsense2_description:/home/imml/git/research_2025/apple-harvest-eva/install/realsense2_camera:/home/imml/git/research_2025/apple-harvest-eva/install/harvest_control:/home/imml/git/research_2025/apple-harvest-eva/install/harvest:/home/imml/git/research_2025/apple-harvest-eva/install/harvest_interfaces:/home/imml/git/research_2025/apple-harvest-eva/install/ur5e_custom_hardware:/home/imml/git/research_2025/apple-harvest-eva/install/harvest_vision:/opt/ros/humble LD_LIBRARY_PATH=/home/imml/git/research_2025/apple-harvest-eva/install/realsense2_camera_msgs/lib:/home/imml/git/research_2025/apple-harvest-eva/install/ur_robot_driver/lib:/home/imml/git/research_2025/apple-harvest-eva/install/ur_controllers/lib:/home/imml/git/research_2025/apple-harvest-eva/install/ur_dashboard_msgs/lib:/home/imml/git/research_2025/apple-harvest-eva/install/realsense2_camera/lib:/home/imml/git/research_2025/apple-harvest-eva/install/harvest_interfaces/lib:/usr/local/cuda-12.9/lib64:/opt/ros/humble/opt/rviz_ogre_vendor/lib:/opt/ros/humble/lib/x86_64-linux-gnu:/opt/ros/humble/lib PYTHONPATH=/home/imml/git/research_2025/apple-harvest-eva/install/realsense2_camera_msgs/local/lib/python3.10/dist-packages:${PYTHONPATH} /usr/bin/cmake --install /home/imml/git/research_2025/apple-harvest-eva/build/realsense2_camera
[1.216s] DEBUG:colcon.colcon_core.event_handler.log_command:Invoked command in '/home/imml/git/research_2025/apple-harvest-eva/build/ur_controllers' returned '0': AMENT_PREFIX_PATH=/home/imml/git/research_2025/apple-harvest-eva/install/ur_dashboard_msgs:${AMENT_PREFIX_PATH} CMAKE_PREFIX_PATH=/home/imml/git/research_2025/apple-harvest-eva/install/ur_dashboard_msgs:/home/imml/git/research_2025/apple-harvest-eva/install/ur:/home/imml/git/research_2025/apple-harvest-eva/install/ur_calibration:/home/imml/git/research_2025/apple-harvest-eva/install/ur_robot_driver:/home/imml/git/research_2025/apple-harvest-eva/install/ur_moveit_config:/home/imml/git/research_2025/apple-harvest-eva/install/ur_bringup:/home/imml/git/research_2025/apple-harvest-eva/install/ur_description:/home/imml/git/research_2025/apple-harvest-eva/install/ur_controllers:/home/imml/git/research_2025/apple-harvest-eva/install/realsense2_description:/home/imml/git/research_2025/apple-harvest-eva/install/realsense2_camera:/home/imml/git/research_2025/apple-harvest-eva/install/realsense2_camera_msgs:/home/imml/git/research_2025/apple-harvest-eva/install/harvest_control:/home/imml/git/research_2025/apple-harvest-eva/install/harvest:/home/imml/git/research_2025/apple-harvest-eva/install/harvest_interfaces:/home/imml/git/research_2025/apple-harvest-eva/install/ur5e_custom_hardware:/home/imml/git/research_2025/apple-harvest-eva/install/harvest_vision:/opt/ros/humble LD_LIBRARY_PATH=/home/imml/git/research_2025/apple-harvest-eva/install/ur_dashboard_msgs/lib:/home/imml/git/research_2025/apple-harvest-eva/install/ur_robot_driver/lib:/home/imml/git/research_2025/apple-harvest-eva/install/ur_controllers/lib:/home/imml/git/research_2025/apple-harvest-eva/install/realsense2_camera/lib:/home/imml/git/research_2025/apple-harvest-eva/install/realsense2_camera_msgs/lib:/home/imml/git/research_2025/apple-harvest-eva/install/harvest_interfaces/lib:/usr/local/cuda-12.9/lib64:/opt/ros/humble/opt/rviz_ogre_vendor/lib:/opt/ros/humble/lib/x86_64-linux-gnu:/opt/ros/humble/lib PYTHONPATH=/home/imml/git/research_2025/apple-harvest-eva/install/ur_dashboard_msgs/local/lib/python3.10/dist-packages:${PYTHONPATH} /usr/bin/cmake --build /home/imml/git/research_2025/apple-harvest-eva/build/ur_controllers -- -j16 -l16
[1.217s] DEBUG:colcon.colcon_core.event_handler.log_command:Invoking command in '/home/imml/git/research_2025/apple-harvest-eva/build/ur_controllers': AMENT_PREFIX_PATH=/home/imml/git/research_2025/apple-harvest-eva/install/ur_dashboard_msgs:${AMENT_PREFIX_PATH} CMAKE_PREFIX_PATH=/home/imml/git/research_2025/apple-harvest-eva/install/ur_dashboard_msgs:/home/imml/git/research_2025/apple-harvest-eva/install/ur:/home/imml/git/research_2025/apple-harvest-eva/install/ur_calibration:/home/imml/git/research_2025/apple-harvest-eva/install/ur_robot_driver:/home/imml/git/research_2025/apple-harvest-eva/install/ur_moveit_config:/home/imml/git/research_2025/apple-harvest-eva/install/ur_bringup:/home/imml/git/research_2025/apple-harvest-eva/install/ur_description:/home/imml/git/research_2025/apple-harvest-eva/install/ur_controllers:/home/imml/git/research_2025/apple-harvest-eva/install/realsense2_description:/home/imml/git/research_2025/apple-harvest-eva/install/realsense2_camera:/home/imml/git/research_2025/apple-harvest-eva/install/realsense2_camera_msgs:/home/imml/git/research_2025/apple-harvest-eva/install/harvest_control:/home/imml/git/research_2025/apple-harvest-eva/install/harvest:/home/imml/git/research_2025/apple-harvest-eva/install/harvest_interfaces:/home/imml/git/research_2025/apple-harvest-eva/install/ur5e_custom_hardware:/home/imml/git/research_2025/apple-harvest-eva/install/harvest_vision:/opt/ros/humble LD_LIBRARY_PATH=/home/imml/git/research_2025/apple-harvest-eva/install/ur_dashboard_msgs/lib:/home/imml/git/research_2025/apple-harvest-eva/install/ur_robot_driver/lib:/home/imml/git/research_2025/apple-harvest-eva/install/ur_controllers/lib:/home/imml/git/research_2025/apple-harvest-eva/install/realsense2_camera/lib:/home/imml/git/research_2025/apple-harvest-eva/install/realsense2_camera_msgs/lib:/home/imml/git/research_2025/apple-harvest-eva/install/harvest_interfaces/lib:/usr/local/cuda-12.9/lib64:/opt/ros/humble/opt/rviz_ogre_vendor/lib:/opt/ros/humble/lib/x86_64-linux-gnu:/opt/ros/humble/lib PYTHONPATH=/home/imml/git/research_2025/apple-harvest-eva/install/ur_dashboard_msgs/local/lib/python3.10/dist-packages:${PYTHONPATH} /usr/bin/cmake --install /home/imml/git/research_2025/apple-harvest-eva/build/ur_controllers
[1.222s] DEBUG:colcon.colcon_core.event_handler.log_command:Invoking command in '/home/imml/git/research_2025/apple-harvest-eva/build/ur5e_custom_hardware': PYTHONPATH=/home/imml/git/research_2025/apple-harvest-eva/build/ur5e_custom_hardware/prefix_override:/usr/lib/python3/dist-packages/colcon_core/task/python/colcon_distutils_commands:/home/imml/git/research_2025/apple-harvest-eva/install/ur5e_custom_hardware/lib/python3.10/site-packages:${PYTHONPATH} /usr/bin/python3 -W ignore:setup.py install is deprecated -W ignore:easy_install command is deprecated setup.py develop --editable --build-directory /home/imml/git/research_2025/apple-harvest-eva/build/ur5e_custom_hardware/build --no-deps symlink_data
[1.223s] DEBUG:colcon.colcon_core.event_handler.log_command:Invoked command in '/home/imml/git/research_2025/apple-harvest-eva/build/ur_moveit_config' returned '0': AMENT_PREFIX_PATH=/home/imml/git/research_2025/apple-harvest-eva/install/ur_description:${AMENT_PREFIX_PATH} CMAKE_PREFIX_PATH=/home/imml/git/research_2025/apple-harvest-eva/install/ur_description:/home/imml/git/research_2025/apple-harvest-eva/install/ur:/home/imml/git/research_2025/apple-harvest-eva/install/ur_calibration:/home/imml/git/research_2025/apple-harvest-eva/install/ur_robot_driver:/home/imml/git/research_2025/apple-harvest-eva/install/ur_moveit_config:/home/imml/git/research_2025/apple-harvest-eva/install/ur_bringup:/home/imml/git/research_2025/apple-harvest-eva/install/ur_controllers:/home/imml/git/research_2025/apple-harvest-eva/install/ur_dashboard_msgs:/home/imml/git/research_2025/apple-harvest-eva/install/realsense2_description:/home/imml/git/research_2025/apple-harvest-eva/install/realsense2_camera:/home/imml/git/research_2025/apple-harvest-eva/install/realsense2_camera_msgs:/home/imml/git/research_2025/apple-harvest-eva/install/harvest_control:/home/imml/git/research_2025/apple-harvest-eva/install/harvest:/home/imml/git/research_2025/apple-harvest-eva/install/harvest_interfaces:/home/imml/git/research_2025/apple-harvest-eva/install/ur5e_custom_hardware:/home/imml/git/research_2025/apple-harvest-eva/install/harvest_vision:/opt/ros/humble /usr/bin/cmake --build /home/imml/git/research_2025/apple-harvest-eva/build/ur_moveit_config -- -j16 -l16
[1.224s] DEBUG:colcon.colcon_core.event_handler.log_command:Invoking command in '/home/imml/git/research_2025/apple-harvest-eva/build/ur_moveit_config': AMENT_PREFIX_PATH=/home/imml/git/research_2025/apple-harvest-eva/install/ur_description:${AMENT_PREFIX_PATH} CMAKE_PREFIX_PATH=/home/imml/git/research_2025/apple-harvest-eva/install/ur_description:/home/imml/git/research_2025/apple-harvest-eva/install/ur:/home/imml/git/research_2025/apple-harvest-eva/install/ur_calibration:/home/imml/git/research_2025/apple-harvest-eva/install/ur_robot_driver:/home/imml/git/research_2025/apple-harvest-eva/install/ur_moveit_config:/home/imml/git/research_2025/apple-harvest-eva/install/ur_bringup:/home/imml/git/research_2025/apple-harvest-eva/install/ur_controllers:/home/imml/git/research_2025/apple-harvest-eva/install/ur_dashboard_msgs:/home/imml/git/research_2025/apple-harvest-eva/install/realsense2_description:/home/imml/git/research_2025/apple-harvest-eva/install/realsense2_camera:/home/imml/git/research_2025/apple-harvest-eva/install/realsense2_camera_msgs:/home/imml/git/research_2025/apple-harvest-eva/install/harvest_control:/home/imml/git/research_2025/apple-harvest-eva/install/harvest:/home/imml/git/research_2025/apple-harvest-eva/install/harvest_interfaces:/home/imml/git/research_2025/apple-harvest-eva/install/ur5e_custom_hardware:/home/imml/git/research_2025/apple-harvest-eva/install/harvest_vision:/opt/ros/humble /usr/bin/cmake --install /home/imml/git/research_2025/apple-harvest-eva/build/ur_moveit_config
[1.244s] Level 1:colcon.colcon_core.environment:create_environment_scripts_only(realsense2_description)
[1.244s] Level 1:colcon.colcon_core.environment:checking '/home/imml/git/research_2025/apple-harvest-eva/install/realsense2_description' for CMake module files
[1.245s] DEBUG:colcon.colcon_core.event_handler.log_command:Invoked command in '/home/imml/git/research_2025/apple-harvest-eva/build/realsense2_description' returned '0': AMENT_PREFIX_PATH=/home/imml/git/research_2025/apple-harvest-eva/install/realsense2_camera_msgs:${AMENT_PREFIX_PATH} CMAKE_PREFIX_PATH=/home/imml/git/research_2025/apple-harvest-eva/install/realsense2_camera_msgs:/home/imml/git/research_2025/apple-harvest-eva/install/ur:/home/imml/git/research_2025/apple-harvest-eva/install/ur_calibration:/home/imml/git/research_2025/apple-harvest-eva/install/ur_robot_driver:/home/imml/git/research_2025/apple-harvest-eva/install/ur_moveit_config:/home/imml/git/research_2025/apple-harvest-eva/install/ur_bringup:/home/imml/git/research_2025/apple-harvest-eva/install/ur_description:/home/imml/git/research_2025/apple-harvest-eva/install/ur_controllers:/home/imml/git/research_2025/apple-harvest-eva/install/ur_dashboard_msgs:/home/imml/git/research_2025/apple-harvest-eva/install/realsense2_description:/home/imml/git/research_2025/apple-harvest-eva/install/realsense2_camera:/home/imml/git/research_2025/apple-harvest-eva/install/harvest_control:/home/imml/git/research_2025/apple-harvest-eva/install/harvest:/home/imml/git/research_2025/apple-harvest-eva/install/harvest_interfaces:/home/imml/git/research_2025/apple-harvest-eva/install/ur5e_custom_hardware:/home/imml/git/research_2025/apple-harvest-eva/install/harvest_vision:/opt/ros/humble LD_LIBRARY_PATH=/home/imml/git/research_2025/apple-harvest-eva/install/realsense2_camera_msgs/lib:/home/imml/git/research_2025/apple-harvest-eva/install/ur_robot_driver/lib:/home/imml/git/research_2025/apple-harvest-eva/install/ur_controllers/lib:/home/imml/git/research_2025/apple-harvest-eva/install/ur_dashboard_msgs/lib:/home/imml/git/research_2025/apple-harvest-eva/install/realsense2_camera/lib:/home/imml/git/research_2025/apple-harvest-eva/install/harvest_interfaces/lib:/usr/local/cuda-12.9/lib64:/opt/ros/humble/opt/rviz_ogre_vendor/lib:/opt/ros/humble/lib/x86_64-linux-gnu:/opt/ros/humble/lib PYTHONPATH=/home/imml/git/research_2025/apple-harvest-eva/install/realsense2_camera_msgs/local/lib/python3.10/dist-packages:${PYTHONPATH} /usr/bin/cmake --install /home/imml/git/research_2025/apple-harvest-eva/build/realsense2_description
[1.245s] Level 1:colcon.colcon_core.environment:checking '/home/imml/git/research_2025/apple-harvest-eva/install/realsense2_description' for CMake config files
[1.246s] Level 1:colcon.colcon_core.shell:create_environment_hook('realsense2_description', 'cmake_prefix_path')
[1.246s] INFO:colcon.colcon_core.shell:Creating environment hook '/home/imml/git/research_2025/apple-harvest-eva/install/realsense2_description/share/realsense2_description/hook/cmake_prefix_path.ps1'
[1.247s] INFO:colcon.colcon_core.shell:Creating environment descriptor '/home/imml/git/research_2025/apple-harvest-eva/install/realsense2_description/share/realsense2_description/hook/cmake_prefix_path.dsv'
[1.248s] INFO:colcon.colcon_core.shell:Creating environment hook '/home/imml/git/research_2025/apple-harvest-eva/install/realsense2_description/share/realsense2_description/hook/cmake_prefix_path.sh'
[1.248s] Level 1:colcon.colcon_core.environment:checking '/home/imml/git/research_2025/apple-harvest-eva/install/realsense2_description/bin'
[1.248s] Level 1:colcon.colcon_core.environment:checking '/home/imml/git/research_2025/apple-harvest-eva/install/realsense2_description/lib/pkgconfig/realsense2_description.pc'
[1.248s] Level 1:colcon.colcon_core.environment:checking '/home/imml/git/research_2025/apple-harvest-eva/install/realsense2_description/lib/python3.10/site-packages'
[1.249s] Level 1:colcon.colcon_core.environment:checking '/home/imml/git/research_2025/apple-harvest-eva/install/realsense2_description/bin'
[1.249s] INFO:colcon.colcon_core.shell:Creating package script '/home/imml/git/research_2025/apple-harvest-eva/install/realsense2_description/share/realsense2_description/package.ps1'
[1.250s] INFO:colcon.colcon_core.shell:Creating package descriptor '/home/imml/git/research_2025/apple-harvest-eva/install/realsense2_description/share/realsense2_description/package.dsv'
[1.250s] INFO:colcon.colcon_core.shell:Creating package script '/home/imml/git/research_2025/apple-harvest-eva/install/realsense2_description/share/realsense2_description/package.sh'
[1.251s] INFO:colcon.colcon_core.shell:Creating package script '/home/imml/git/research_2025/apple-harvest-eva/install/realsense2_description/share/realsense2_description/package.bash'
[1.251s] INFO:colcon.colcon_core.shell:Creating package script '/home/imml/git/research_2025/apple-harvest-eva/install/realsense2_description/share/realsense2_description/package.zsh'
[1.252s] Level 1:colcon.colcon_core.environment:create_file_with_runtime_dependencies(/home/imml/git/research_2025/apple-harvest-eva/install/realsense2_description/share/colcon-core/packages/realsense2_description)
[1.253s] Level 1:colcon.colcon_core.environment:create_environment_scripts_only(realsense2_description)
[1.253s] Level 1:colcon.colcon_core.environment:checking '/home/imml/git/research_2025/apple-harvest-eva/install/realsense2_description' for CMake module files
[1.253s] Level 1:colcon.colcon_core.environment:checking '/home/imml/git/research_2025/apple-harvest-eva/install/realsense2_description' for CMake config files
[1.254s] Level 1:colcon.colcon_core.shell:create_environment_hook('realsense2_description', 'cmake_prefix_path')
[1.255s] INFO:colcon.colcon_core.shell:Creating environment hook '/home/imml/git/research_2025/apple-harvest-eva/install/realsense2_description/share/realsense2_description/hook/cmake_prefix_path.ps1'
[1.255s] INFO:colcon.colcon_core.shell:Creating environment descriptor '/home/imml/git/research_2025/apple-harvest-eva/install/realsense2_description/share/realsense2_description/hook/cmake_prefix_path.dsv'
[1.256s] INFO:colcon.colcon_core.shell:Creating environment hook '/home/imml/git/research_2025/apple-harvest-eva/install/realsense2_description/share/realsense2_description/hook/cmake_prefix_path.sh'
[1.256s] Level 1:colcon.colcon_core.environment:checking '/home/imml/git/research_2025/apple-harvest-eva/install/realsense2_description/bin'
[1.256s] Level 1:colcon.colcon_core.environment:checking '/home/imml/git/research_2025/apple-harvest-eva/install/realsense2_description/lib/pkgconfig/realsense2_description.pc'
[1.257s] Level 1:colcon.colcon_core.environment:checking '/home/imml/git/research_2025/apple-harvest-eva/install/realsense2_description/lib/python3.10/site-packages'
[1.257s] Level 1:colcon.colcon_core.environment:checking '/home/imml/git/research_2025/apple-harvest-eva/install/realsense2_description/bin'
[1.257s] INFO:colcon.colcon_core.shell:Creating package script '/home/imml/git/research_2025/apple-harvest-eva/install/realsense2_description/share/realsense2_description/package.ps1'
[1.258s] INFO:colcon.colcon_core.shell:Creating package descriptor '/home/imml/git/research_2025/apple-harvest-eva/install/realsense2_description/share/realsense2_description/package.dsv'
[1.258s] INFO:colcon.colcon_core.shell:Creating package script '/home/imml/git/research_2025/apple-harvest-eva/install/realsense2_description/share/realsense2_description/package.sh'
[1.259s] INFO:colcon.colcon_core.shell:Creating package script '/home/imml/git/research_2025/apple-harvest-eva/install/realsense2_description/share/realsense2_description/package.bash'
[1.259s] INFO:colcon.colcon_core.shell:Creating package script '/home/imml/git/research_2025/apple-harvest-eva/install/realsense2_description/share/realsense2_description/package.zsh'
[1.260s] Level 1:colcon.colcon_core.environment:create_file_with_runtime_dependencies(/home/imml/git/research_2025/apple-harvest-eva/install/realsense2_description/share/colcon-core/packages/realsense2_description)
[1.261s] Level 1:colcon.colcon_core.environment:create_environment_scripts_only(ur_controllers)
[1.261s] Level 1:colcon.colcon_core.environment:checking '/home/imml/git/research_2025/apple-harvest-eva/install/ur_controllers' for CMake module files
[1.262s] DEBUG:colcon.colcon_core.event_handler.log_command:Invoked command in '/home/imml/git/research_2025/apple-harvest-eva/build/ur_controllers' returned '0': AMENT_PREFIX_PATH=/home/imml/git/research_2025/apple-harvest-eva/install/ur_dashboard_msgs:${AMENT_PREFIX_PATH} CMAKE_PREFIX_PATH=/home/imml/git/research_2025/apple-harvest-eva/install/ur_dashboard_msgs:/home/imml/git/research_2025/apple-harvest-eva/install/ur:/home/imml/git/research_2025/apple-harvest-eva/install/ur_calibration:/home/imml/git/research_2025/apple-harvest-eva/install/ur_robot_driver:/home/imml/git/research_2025/apple-harvest-eva/install/ur_moveit_config:/home/imml/git/research_2025/apple-harvest-eva/install/ur_bringup:/home/imml/git/research_2025/apple-harvest-eva/install/ur_description:/home/imml/git/research_2025/apple-harvest-eva/install/ur_controllers:/home/imml/git/research_2025/apple-harvest-eva/install/realsense2_description:/home/imml/git/research_2025/apple-harvest-eva/install/realsense2_camera:/home/imml/git/research_2025/apple-harvest-eva/install/realsense2_camera_msgs:/home/imml/git/research_2025/apple-harvest-eva/install/harvest_control:/home/imml/git/research_2025/apple-harvest-eva/install/harvest:/home/imml/git/research_2025/apple-harvest-eva/install/harvest_interfaces:/home/imml/git/research_2025/apple-harvest-eva/install/ur5e_custom_hardware:/home/imml/git/research_2025/apple-harvest-eva/install/harvest_vision:/opt/ros/humble LD_LIBRARY_PATH=/home/imml/git/research_2025/apple-harvest-eva/install/ur_dashboard_msgs/lib:/home/imml/git/research_2025/apple-harvest-eva/install/ur_robot_driver/lib:/home/imml/git/research_2025/apple-harvest-eva/install/ur_controllers/lib:/home/imml/git/research_2025/apple-harvest-eva/install/realsense2_camera/lib:/home/imml/git/research_2025/apple-harvest-eva/install/realsense2_camera_msgs/lib:/home/imml/git/research_2025/apple-harvest-eva/install/harvest_interfaces/lib:/usr/local/cuda-12.9/lib64:/opt/ros/humble/opt/rviz_ogre_vendor/lib:/opt/ros/humble/lib/x86_64-linux-gnu:/opt/ros/humble/lib PYTHONPATH=/home/imml/git/research_2025/apple-harvest-eva/install/ur_dashboard_msgs/local/lib/python3.10/dist-packages:${PYTHONPATH} /usr/bin/cmake --install /home/imml/git/research_2025/apple-harvest-eva/build/ur_controllers
[1.262s] Level 1:colcon.colcon_core.environment:checking '/home/imml/git/research_2025/apple-harvest-eva/install/ur_controllers' for CMake config files
[1.263s] Level 1:colcon.colcon_core.shell:create_environment_hook('ur_controllers', 'cmake_prefix_path')
[1.263s] INFO:colcon.colcon_core.shell:Creating environment hook '/home/imml/git/research_2025/apple-harvest-eva/install/ur_controllers/share/ur_controllers/hook/cmake_prefix_path.ps1'
[1.263s] INFO:colcon.colcon_core.shell:Creating environment descriptor '/home/imml/git/research_2025/apple-harvest-eva/install/ur_controllers/share/ur_controllers/hook/cmake_prefix_path.dsv'
[1.264s] INFO:colcon.colcon_core.shell:Creating environment hook '/home/imml/git/research_2025/apple-harvest-eva/install/ur_controllers/share/ur_controllers/hook/cmake_prefix_path.sh'
[1.264s] Level 1:colcon.colcon_core.environment:checking '/home/imml/git/research_2025/apple-harvest-eva/install/ur_controllers/lib'
[1.264s] Level 1:colcon.colcon_core.shell:create_environment_hook('ur_controllers', 'ld_library_path_lib')
[1.265s] INFO:colcon.colcon_core.shell:Creating environment hook '/home/imml/git/research_2025/apple-harvest-eva/install/ur_controllers/share/ur_controllers/hook/ld_library_path_lib.ps1'
[1.265s] INFO:colcon.colcon_core.shell:Creating environment descriptor '/home/imml/git/research_2025/apple-harvest-eva/install/ur_controllers/share/ur_controllers/hook/ld_library_path_lib.dsv'
[1.265s] INFO:colcon.colcon_core.shell:Creating environment hook '/home/imml/git/research_2025/apple-harvest-eva/install/ur_controllers/share/ur_controllers/hook/ld_library_path_lib.sh'
[1.266s] Level 1:colcon.colcon_core.environment:checking '/home/imml/git/research_2025/apple-harvest-eva/install/ur_controllers/bin'
[1.266s] Level 1:colcon.colcon_core.environment:checking '/home/imml/git/research_2025/apple-harvest-eva/install/ur_controllers/lib/pkgconfig/ur_controllers.pc'
[1.266s] Level 1:colcon.colcon_core.environment:checking '/home/imml/git/research_2025/apple-harvest-eva/install/ur_controllers/lib/python3.10/site-packages'
[1.266s] Level 1:colcon.colcon_core.environment:checking '/home/imml/git/research_2025/apple-harvest-eva/install/ur_controllers/bin'
[1.266s] INFO:colcon.colcon_core.shell:Creating package script '/home/imml/git/research_2025/apple-harvest-eva/install/ur_controllers/share/ur_controllers/package.ps1'
[1.267s] INFO:colcon.colcon_core.shell:Creating package descriptor '/home/imml/git/research_2025/apple-harvest-eva/install/ur_controllers/share/ur_controllers/package.dsv'
[1.267s] INFO:colcon.colcon_core.shell:Creating package script '/home/imml/git/research_2025/apple-harvest-eva/install/ur_controllers/share/ur_controllers/package.sh'
[1.267s] INFO:colcon.colcon_core.shell:Creating package script '/home/imml/git/research_2025/apple-harvest-eva/install/ur_controllers/share/ur_controllers/package.bash'
[1.268s] INFO:colcon.colcon_core.shell:Creating package script '/home/imml/git/research_2025/apple-harvest-eva/install/ur_controllers/share/ur_controllers/package.zsh'
[1.268s] Level 1:colcon.colcon_core.environment:create_file_with_runtime_dependencies(/home/imml/git/research_2025/apple-harvest-eva/install/ur_controllers/share/colcon-core/packages/ur_controllers)
[1.269s] Level 1:colcon.colcon_core.environment:create_environment_scripts_only(ur_controllers)
[1.269s] Level 1:colcon.colcon_core.environment:checking '/home/imml/git/research_2025/apple-harvest-eva/install/ur_controllers' for CMake module files
[1.269s] Level 1:colcon.colcon_core.environment:checking '/home/imml/git/research_2025/apple-harvest-eva/install/ur_controllers' for CMake config files
[1.270s] Level 1:colcon.colcon_core.shell:create_environment_hook('ur_controllers', 'cmake_prefix_path')
[1.270s] INFO:colcon.colcon_core.shell:Creating environment hook '/home/imml/git/research_2025/apple-harvest-eva/install/ur_controllers/share/ur_controllers/hook/cmake_prefix_path.ps1'
[1.270s] INFO:colcon.colcon_core.shell:Creating environment descriptor '/home/imml/git/research_2025/apple-harvest-eva/install/ur_controllers/share/ur_controllers/hook/cmake_prefix_path.dsv'
[1.271s] INFO:colcon.colcon_core.shell:Creating environment hook '/home/imml/git/research_2025/apple-harvest-eva/install/ur_controllers/share/ur_controllers/hook/cmake_prefix_path.sh'
[1.271s] Level 1:colcon.colcon_core.environment:checking '/home/imml/git/research_2025/apple-harvest-eva/install/ur_controllers/lib'
[1.271s] Level 1:colcon.colcon_core.shell:create_environment_hook('ur_controllers', 'ld_library_path_lib')
[1.271s] INFO:colcon.colcon_core.shell:Creating environment hook '/home/imml/git/research_2025/apple-harvest-eva/install/ur_controllers/share/ur_controllers/hook/ld_library_path_lib.ps1'
[1.272s] INFO:colcon.colcon_core.shell:Creating environment descriptor '/home/imml/git/research_2025/apple-harvest-eva/install/ur_controllers/share/ur_controllers/hook/ld_library_path_lib.dsv'
[1.272s] INFO:colcon.colcon_core.shell:Creating environment hook '/home/imml/git/research_2025/apple-harvest-eva/install/ur_controllers/share/ur_controllers/hook/ld_library_path_lib.sh'
[1.272s] Level 1:colcon.colcon_core.environment:checking '/home/imml/git/research_2025/apple-harvest-eva/install/ur_controllers/bin'
[1.272s] Level 1:colcon.colcon_core.environment:checking '/home/imml/git/research_2025/apple-harvest-eva/install/ur_controllers/lib/pkgconfig/ur_controllers.pc'
[1.272s] Level 1:colcon.colcon_core.environment:checking '/home/imml/git/research_2025/apple-harvest-eva/install/ur_controllers/lib/python3.10/site-packages'
[1.273s] Level 1:colcon.colcon_core.environment:checking '/home/imml/git/research_2025/apple-harvest-eva/install/ur_controllers/bin'
[1.273s] INFO:colcon.colcon_core.shell:Creating package script '/home/imml/git/research_2025/apple-harvest-eva/install/ur_controllers/share/ur_controllers/package.ps1'
[1.273s] INFO:colcon.colcon_core.shell:Creating package descriptor '/home/imml/git/research_2025/apple-harvest-eva/install/ur_controllers/share/ur_controllers/package.dsv'
[1.274s] INFO:colcon.colcon_core.shell:Creating package script '/home/imml/git/research_2025/apple-harvest-eva/install/ur_controllers/share/ur_controllers/package.sh'
[1.274s] INFO:colcon.colcon_core.shell:Creating package script '/home/imml/git/research_2025/apple-harvest-eva/install/ur_controllers/share/ur_controllers/package.bash'
[1.275s] INFO:colcon.colcon_core.shell:Creating package script '/home/imml/git/research_2025/apple-harvest-eva/install/ur_controllers/share/ur_controllers/package.zsh'
[1.275s] Level 1:colcon.colcon_core.environment:create_file_with_runtime_dependencies(/home/imml/git/research_2025/apple-harvest-eva/install/ur_controllers/share/colcon-core/packages/ur_controllers)
[1.275s] Level 1:colcon.colcon_core.environment:create_environment_scripts_only(realsense2_camera)
[1.276s] Level 1:colcon.colcon_core.environment:checking '/home/imml/git/research_2025/apple-harvest-eva/install/realsense2_camera' for CMake module files
[1.277s] DEBUG:colcon.colcon_core.event_handler.log_command:Invoked command in '/home/imml/git/research_2025/apple-harvest-eva/build/realsense2_camera' returned '0': AMENT_PREFIX_PATH=/home/imml/git/research_2025/apple-harvest-eva/install/realsense2_camera_msgs:${AMENT_PREFIX_PATH} CMAKE_PREFIX_PATH=/home/imml/git/research_2025/apple-harvest-eva/install/realsense2_camera_msgs:/home/imml/git/research_2025/apple-harvest-eva/install/ur:/home/imml/git/research_2025/apple-harvest-eva/install/ur_calibration:/home/imml/git/research_2025/apple-harvest-eva/install/ur_robot_driver:/home/imml/git/research_2025/apple-harvest-eva/install/ur_moveit_config:/home/imml/git/research_2025/apple-harvest-eva/install/ur_bringup:/home/imml/git/research_2025/apple-harvest-eva/install/ur_description:/home/imml/git/research_2025/apple-harvest-eva/install/ur_controllers:/home/imml/git/research_2025/apple-harvest-eva/install/ur_dashboard_msgs:/home/imml/git/research_2025/apple-harvest-eva/install/realsense2_description:/home/imml/git/research_2025/apple-harvest-eva/install/realsense2_camera:/home/imml/git/research_2025/apple-harvest-eva/install/harvest_control:/home/imml/git/research_2025/apple-harvest-eva/install/harvest:/home/imml/git/research_2025/apple-harvest-eva/install/harvest_interfaces:/home/imml/git/research_2025/apple-harvest-eva/install/ur5e_custom_hardware:/home/imml/git/research_2025/apple-harvest-eva/install/harvest_vision:/opt/ros/humble LD_LIBRARY_PATH=/home/imml/git/research_2025/apple-harvest-eva/install/realsense2_camera_msgs/lib:/home/imml/git/research_2025/apple-harvest-eva/install/ur_robot_driver/lib:/home/imml/git/research_2025/apple-harvest-eva/install/ur_controllers/lib:/home/imml/git/research_2025/apple-harvest-eva/install/ur_dashboard_msgs/lib:/home/imml/git/research_2025/apple-harvest-eva/install/realsense2_camera/lib:/home/imml/git/research_2025/apple-harvest-eva/install/harvest_interfaces/lib:/usr/local/cuda-12.9/lib64:/opt/ros/humble/opt/rviz_ogre_vendor/lib:/opt/ros/humble/lib/x86_64-linux-gnu:/opt/ros/humble/lib PYTHONPATH=/home/imml/git/research_2025/apple-harvest-eva/install/realsense2_camera_msgs/local/lib/python3.10/dist-packages:${PYTHONPATH} /usr/bin/cmake --install /home/imml/git/research_2025/apple-harvest-eva/build/realsense2_camera
[1.277s] Level 1:colcon.colcon_core.environment:checking '/home/imml/git/research_2025/apple-harvest-eva/install/realsense2_camera' for CMake config files
[1.279s] Level 1:colcon.colcon_core.shell:create_environment_hook('realsense2_camera', 'cmake_prefix_path')
[1.279s] INFO:colcon.colcon_core.shell:Creating environment hook '/home/imml/git/research_2025/apple-harvest-eva/install/realsense2_camera/share/realsense2_camera/hook/cmake_prefix_path.ps1'
[1.280s] INFO:colcon.colcon_core.shell:Creating environment descriptor '/home/imml/git/research_2025/apple-harvest-eva/install/realsense2_camera/share/realsense2_camera/hook/cmake_prefix_path.dsv'
[1.280s] INFO:colcon.colcon_core.shell:Creating environment hook '/home/imml/git/research_2025/apple-harvest-eva/install/realsense2_camera/share/realsense2_camera/hook/cmake_prefix_path.sh'
[1.281s] Level 1:colcon.colcon_core.environment:checking '/home/imml/git/research_2025/apple-harvest-eva/install/realsense2_camera/lib'
[1.281s] Level 1:colcon.colcon_core.shell:create_environment_hook('realsense2_camera', 'ld_library_path_lib')
[1.281s] INFO:colcon.colcon_core.shell:Creating environment hook '/home/imml/git/research_2025/apple-harvest-eva/install/realsense2_camera/share/realsense2_camera/hook/ld_library_path_lib.ps1'
[1.282s] INFO:colcon.colcon_core.shell:Creating environment descriptor '/home/imml/git/research_2025/apple-harvest-eva/install/realsense2_camera/share/realsense2_camera/hook/ld_library_path_lib.dsv'
[1.282s] INFO:colcon.colcon_core.shell:Creating environment hook '/home/imml/git/research_2025/apple-harvest-eva/install/realsense2_camera/share/realsense2_camera/hook/ld_library_path_lib.sh'
[1.282s] Level 1:colcon.colcon_core.environment:checking '/home/imml/git/research_2025/apple-harvest-eva/install/realsense2_camera/bin'
[1.283s] Level 1:colcon.colcon_core.environment:checking '/home/imml/git/research_2025/apple-harvest-eva/install/realsense2_camera/lib/pkgconfig/realsense2_camera.pc'
[1.283s] Level 1:colcon.colcon_core.environment:checking '/home/imml/git/research_2025/apple-harvest-eva/install/realsense2_camera/lib/python3.10/site-packages'
[1.283s] Level 1:colcon.colcon_core.environment:checking '/home/imml/git/research_2025/apple-harvest-eva/install/realsense2_camera/bin'
[1.283s] INFO:colcon.colcon_core.shell:Creating package script '/home/imml/git/research_2025/apple-harvest-eva/install/realsense2_camera/share/realsense2_camera/package.ps1'
[1.284s] INFO:colcon.colcon_core.shell:Creating package descriptor '/home/imml/git/research_2025/apple-harvest-eva/install/realsense2_camera/share/realsense2_camera/package.dsv'
[1.285s] INFO:colcon.colcon_core.shell:Creating package script '/home/imml/git/research_2025/apple-harvest-eva/install/realsense2_camera/share/realsense2_camera/package.sh'
[1.285s] INFO:colcon.colcon_core.shell:Creating package script '/home/imml/git/research_2025/apple-harvest-eva/install/realsense2_camera/share/realsense2_camera/package.bash'
[1.285s] INFO:colcon.colcon_core.shell:Creating package script '/home/imml/git/research_2025/apple-harvest-eva/install/realsense2_camera/share/realsense2_camera/package.zsh'
[1.286s] Level 1:colcon.colcon_core.environment:create_file_with_runtime_dependencies(/home/imml/git/research_2025/apple-harvest-eva/install/realsense2_camera/share/colcon-core/packages/realsense2_camera)
[1.287s] Level 1:colcon.colcon_core.environment:create_environment_scripts_only(realsense2_camera)
[1.287s] Level 1:colcon.colcon_core.environment:checking '/home/imml/git/research_2025/apple-harvest-eva/install/realsense2_camera' for CMake module files
[1.287s] Level 1:colcon.colcon_core.environment:checking '/home/imml/git/research_2025/apple-harvest-eva/install/realsense2_camera' for CMake config files
[1.288s] Level 1:colcon.colcon_core.shell:create_environment_hook('realsense2_camera', 'cmake_prefix_path')
[1.288s] INFO:colcon.colcon_core.shell:Creating environment hook '/home/imml/git/research_2025/apple-harvest-eva/install/realsense2_camera/share/realsense2_camera/hook/cmake_prefix_path.ps1'
[1.289s] INFO:colcon.colcon_core.shell:Creating environment descriptor '/home/imml/git/research_2025/apple-harvest-eva/install/realsense2_camera/share/realsense2_camera/hook/cmake_prefix_path.dsv'
[1.289s] INFO:colcon.colcon_core.shell:Creating environment hook '/home/imml/git/research_2025/apple-harvest-eva/install/realsense2_camera/share/realsense2_camera/hook/cmake_prefix_path.sh'
[1.289s] Level 1:colcon.colcon_core.environment:checking '/home/imml/git/research_2025/apple-harvest-eva/install/realsense2_camera/lib'
[1.290s] Level 1:colcon.colcon_core.shell:create_environment_hook('realsense2_camera', 'ld_library_path_lib')
[1.290s] INFO:colcon.colcon_core.shell:Creating environment hook '/home/imml/git/research_2025/apple-harvest-eva/install/realsense2_camera/share/realsense2_camera/hook/ld_library_path_lib.ps1'
[1.290s] INFO:colcon.colcon_core.shell:Creating environment descriptor '/home/imml/git/research_2025/apple-harvest-eva/install/realsense2_camera/share/realsense2_camera/hook/ld_library_path_lib.dsv'
[1.290s] INFO:colcon.colcon_core.shell:Creating environment hook '/home/imml/git/research_2025/apple-harvest-eva/install/realsense2_camera/share/realsense2_camera/hook/ld_library_path_lib.sh'
[1.291s] Level 1:colcon.colcon_core.environment:checking '/home/imml/git/research_2025/apple-harvest-eva/install/realsense2_camera/bin'
[1.291s] Level 1:colcon.colcon_core.environment:checking '/home/imml/git/research_2025/apple-harvest-eva/install/realsense2_camera/lib/pkgconfig/realsense2_camera.pc'
[1.291s] Level 1:colcon.colcon_core.environment:checking '/home/imml/git/research_2025/apple-harvest-eva/install/realsense2_camera/lib/python3.10/site-packages'
[1.291s] Level 1:colcon.colcon_core.environment:checking '/home/imml/git/research_2025/apple-harvest-eva/install/realsense2_camera/bin'
[1.291s] INFO:colcon.colcon_core.shell:Creating package script '/home/imml/git/research_2025/apple-harvest-eva/install/realsense2_camera/share/realsense2_camera/package.ps1'
[1.292s] INFO:colcon.colcon_core.shell:Creating package descriptor '/home/imml/git/research_2025/apple-harvest-eva/install/realsense2_camera/share/realsense2_camera/package.dsv'
[1.292s] INFO:colcon.colcon_core.shell:Creating package script '/home/imml/git/research_2025/apple-harvest-eva/install/realsense2_camera/share/realsense2_camera/package.sh'
[1.293s] INFO:colcon.colcon_core.shell:Creating package script '/home/imml/git/research_2025/apple-harvest-eva/install/realsense2_camera/share/realsense2_camera/package.bash'
[1.293s] INFO:colcon.colcon_core.shell:Creating package script '/home/imml/git/research_2025/apple-harvest-eva/install/realsense2_camera/share/realsense2_camera/package.zsh'
[1.293s] Level 1:colcon.colcon_core.environment:create_file_with_runtime_dependencies(/home/imml/git/research_2025/apple-harvest-eva/install/realsense2_camera/share/colcon-core/packages/realsense2_camera)
[1.293s] INFO:colcon.colcon_ros.task.ament_cmake.build:Building ROS package in '/home/imml/git/research_2025/apple-harvest-eva/harvest_hardware/Universal_Robots_ROS2_Driver/ur_robot_driver' with build type 'ament_cmake'
[1.294s] INFO:colcon.colcon_cmake.task.cmake.build:Building CMake package in '/home/imml/git/research_2025/apple-harvest-eva/harvest_hardware/Universal_Robots_ROS2_Driver/ur_robot_driver'
[1.294s] INFO:colcon.colcon_core.shell:Skip shell extension 'powershell' for command environment: Not usable outside of PowerShell
[1.294s] DEBUG:colcon.colcon_core.shell:Skip shell extension 'dsv' for command environment
[1.298s] INFO:colcon.colcon_ros.task.ament_cmake.build:Building ROS package in '/home/imml/git/research_2025/apple-harvest-eva/harvest_hardware/Universal_Robots_ROS2_Driver/ur_bringup' with build type 'ament_cmake'
[1.299s] INFO:colcon.colcon_cmake.task.cmake.build:Building CMake package in '/home/imml/git/research_2025/apple-harvest-eva/harvest_hardware/Universal_Robots_ROS2_Driver/ur_bringup'
[1.299s] INFO:colcon.colcon_core.shell:Skip shell extension 'powershell' for command environment: Not usable outside of PowerShell
[1.299s] DEBUG:colcon.colcon_core.shell:Skip shell extension 'dsv' for command environment
[1.311s] DEBUG:colcon.colcon_core.event_handler.log_command:Invoking command in '/home/imml/git/research_2025/apple-harvest-eva/build/ur_robot_driver': AMENT_PREFIX_PATH=/home/imml/git/research_2025/apple-harvest-eva/install/ur_controllers:/home/imml/git/research_2025/apple-harvest-eva/install/ur_description:/home/imml/git/research_2025/apple-harvest-eva/install/ur_dashboard_msgs:${AMENT_PREFIX_PATH} CMAKE_PREFIX_PATH=/home/imml/git/research_2025/apple-harvest-eva/install/ur_controllers:/home/imml/git/research_2025/apple-harvest-eva/install/ur_description:/home/imml/git/research_2025/apple-harvest-eva/install/ur_dashboard_msgs:/home/imml/git/research_2025/apple-harvest-eva/install/ur:/home/imml/git/research_2025/apple-harvest-eva/install/ur_calibration:/home/imml/git/research_2025/apple-harvest-eva/install/ur_robot_driver:/home/imml/git/research_2025/apple-harvest-eva/install/ur_moveit_config:/home/imml/git/research_2025/apple-harvest-eva/install/ur_bringup:/home/imml/git/research_2025/apple-harvest-eva/install/realsense2_description:/home/imml/git/research_2025/apple-harvest-eva/install/realsense2_camera:/home/imml/git/research_2025/apple-harvest-eva/install/realsense2_camera_msgs:/home/imml/git/research_2025/apple-harvest-eva/install/harvest_control:/home/imml/git/research_2025/apple-harvest-eva/install/harvest:/home/imml/git/research_2025/apple-harvest-eva/install/harvest_interfaces:/home/imml/git/research_2025/apple-harvest-eva/install/ur5e_custom_hardware:/home/imml/git/research_2025/apple-harvest-eva/install/harvest_vision:/opt/ros/humble LD_LIBRARY_PATH=/home/imml/git/research_2025/apple-harvest-eva/install/ur_controllers/lib:/home/imml/git/research_2025/apple-harvest-eva/install/ur_dashboard_msgs/lib:/home/imml/git/research_2025/apple-harvest-eva/install/ur_robot_driver/lib:/home/imml/git/research_2025/apple-harvest-eva/install/realsense2_camera/lib:/home/imml/git/research_2025/apple-harvest-eva/install/realsense2_camera_msgs/lib:/home/imml/git/research_2025/apple-harvest-eva/install/harvest_interfaces/lib:/usr/local/cuda-12.9/lib64:/opt/ros/humble/opt/rviz_ogre_vendor/lib:/opt/ros/humble/lib/x86_64-linux-gnu:/opt/ros/humble/lib PYTHONPATH=/home/imml/git/research_2025/apple-harvest-eva/install/ur_dashboard_msgs/local/lib/python3.10/dist-packages:${PYTHONPATH} /usr/bin/cmake --build /home/imml/git/research_2025/apple-harvest-eva/build/ur_robot_driver -- -j16 -l16
[1.312s] DEBUG:colcon.colcon_core.event_handler.log_command:Invoked command in '/home/imml/git/research_2025/apple-harvest-eva/build/harvest_control' returned '0': AMENT_PREFIX_PATH=/home/imml/git/research_2025/apple-harvest-eva/install/harvest_interfaces:${AMENT_PREFIX_PATH} CMAKE_PREFIX_PATH=/home/imml/git/research_2025/apple-harvest-eva/install/harvest_interfaces:/home/imml/git/research_2025/apple-harvest-eva/install/ur:/home/imml/git/research_2025/apple-harvest-eva/install/ur_calibration:/home/imml/git/research_2025/apple-harvest-eva/install/ur_robot_driver:/home/imml/git/research_2025/apple-harvest-eva/install/ur_moveit_config:/home/imml/git/research_2025/apple-harvest-eva/install/ur_bringup:/home/imml/git/research_2025/apple-harvest-eva/install/ur_description:/home/imml/git/research_2025/apple-harvest-eva/install/ur_controllers:/home/imml/git/research_2025/apple-harvest-eva/install/ur_dashboard_msgs:/home/imml/git/research_2025/apple-harvest-eva/install/realsense2_description:/home/imml/git/research_2025/apple-harvest-eva/install/realsense2_camera:/home/imml/git/research_2025/apple-harvest-eva/install/realsense2_camera_msgs:/home/imml/git/research_2025/apple-harvest-eva/install/harvest_control:/home/imml/git/research_2025/apple-harvest-eva/install/harvest:/home/imml/git/research_2025/apple-harvest-eva/install/ur5e_custom_hardware:/home/imml/git/research_2025/apple-harvest-eva/install/harvest_vision:/opt/ros/humble LD_LIBRARY_PATH=/home/imml/git/research_2025/apple-harvest-eva/install/harvest_interfaces/lib:/home/imml/git/research_2025/apple-harvest-eva/install/ur_robot_driver/lib:/home/imml/git/research_2025/apple-harvest-eva/install/ur_controllers/lib:/home/imml/git/research_2025/apple-harvest-eva/install/ur_dashboard_msgs/lib:/home/imml/git/research_2025/apple-harvest-eva/install/realsense2_camera/lib:/home/imml/git/research_2025/apple-harvest-eva/install/realsense2_camera_msgs/lib:/usr/local/cuda-12.9/lib64:/opt/ros/humble/opt/rviz_ogre_vendor/lib:/opt/ros/humble/lib/x86_64-linux-gnu:/opt/ros/humble/lib PYTHONPATH=/home/imml/git/research_2025/apple-harvest-eva/install/harvest_interfaces/local/lib/python3.10/dist-packages:${PYTHONPATH} /usr/bin/cmake --build /home/imml/git/research_2025/apple-harvest-eva/build/harvest_control -- -j16 -l16
[1.312s] DEBUG:colcon.colcon_core.event_handler.log_command:Invoking command in '/home/imml/git/research_2025/apple-harvest-eva/build/harvest_control': AMENT_PREFIX_PATH=/home/imml/git/research_2025/apple-harvest-eva/install/harvest_interfaces:${AMENT_PREFIX_PATH} CMAKE_PREFIX_PATH=/home/imml/git/research_2025/apple-harvest-eva/install/harvest_interfaces:/home/imml/git/research_2025/apple-harvest-eva/install/ur:/home/imml/git/research_2025/apple-harvest-eva/install/ur_calibration:/home/imml/git/research_2025/apple-harvest-eva/install/ur_robot_driver:/home/imml/git/research_2025/apple-harvest-eva/install/ur_moveit_config:/home/imml/git/research_2025/apple-harvest-eva/install/ur_bringup:/home/imml/git/research_2025/apple-harvest-eva/install/ur_description:/home/imml/git/research_2025/apple-harvest-eva/install/ur_controllers:/home/imml/git/research_2025/apple-harvest-eva/install/ur_dashboard_msgs:/home/imml/git/research_2025/apple-harvest-eva/install/realsense2_description:/home/imml/git/research_2025/apple-harvest-eva/install/realsense2_camera:/home/imml/git/research_2025/apple-harvest-eva/install/realsense2_camera_msgs:/home/imml/git/research_2025/apple-harvest-eva/install/harvest_control:/home/imml/git/research_2025/apple-harvest-eva/install/harvest:/home/imml/git/research_2025/apple-harvest-eva/install/ur5e_custom_hardware:/home/imml/git/research_2025/apple-harvest-eva/install/harvest_vision:/opt/ros/humble LD_LIBRARY_PATH=/home/imml/git/research_2025/apple-harvest-eva/install/harvest_interfaces/lib:/home/imml/git/research_2025/apple-harvest-eva/install/ur_robot_driver/lib:/home/imml/git/research_2025/apple-harvest-eva/install/ur_controllers/lib:/home/imml/git/research_2025/apple-harvest-eva/install/ur_dashboard_msgs/lib:/home/imml/git/research_2025/apple-harvest-eva/install/realsense2_camera/lib:/home/imml/git/research_2025/apple-harvest-eva/install/realsense2_camera_msgs/lib:/usr/local/cuda-12.9/lib64:/opt/ros/humble/opt/rviz_ogre_vendor/lib:/opt/ros/humble/lib/x86_64-linux-gnu:/opt/ros/humble/lib PYTHONPATH=/home/imml/git/research_2025/apple-harvest-eva/install/harvest_interfaces/local/lib/python3.10/dist-packages:${PYTHONPATH} /usr/bin/cmake --install /home/imml/git/research_2025/apple-harvest-eva/build/harvest_control
[1.313s] DEBUG:colcon.colcon_core.event_handler.log_command:Invoked command in '/home/imml/git/research_2025/apple-harvest-eva/build/harvest' returned '0': AMENT_PREFIX_PATH=/home/imml/git/research_2025/apple-harvest-eva/install/harvest_interfaces:${AMENT_PREFIX_PATH} CMAKE_PREFIX_PATH=/home/imml/git/research_2025/apple-harvest-eva/install/harvest_interfaces:/home/imml/git/research_2025/apple-harvest-eva/install/ur:/home/imml/git/research_2025/apple-harvest-eva/install/ur_calibration:/home/imml/git/research_2025/apple-harvest-eva/install/ur_robot_driver:/home/imml/git/research_2025/apple-harvest-eva/install/ur_moveit_config:/home/imml/git/research_2025/apple-harvest-eva/install/ur_bringup:/home/imml/git/research_2025/apple-harvest-eva/install/ur_description:/home/imml/git/research_2025/apple-harvest-eva/install/ur_controllers:/home/imml/git/research_2025/apple-harvest-eva/install/ur_dashboard_msgs:/home/imml/git/research_2025/apple-harvest-eva/install/realsense2_description:/home/imml/git/research_2025/apple-harvest-eva/install/realsense2_camera:/home/imml/git/research_2025/apple-harvest-eva/install/realsense2_camera_msgs:/home/imml/git/research_2025/apple-harvest-eva/install/harvest_control:/home/imml/git/research_2025/apple-harvest-eva/install/harvest:/home/imml/git/research_2025/apple-harvest-eva/install/ur5e_custom_hardware:/home/imml/git/research_2025/apple-harvest-eva/install/harvest_vision:/opt/ros/humble LD_LIBRARY_PATH=/home/imml/git/research_2025/apple-harvest-eva/install/harvest_interfaces/lib:/home/imml/git/research_2025/apple-harvest-eva/install/ur_robot_driver/lib:/home/imml/git/research_2025/apple-harvest-eva/install/ur_controllers/lib:/home/imml/git/research_2025/apple-harvest-eva/install/ur_dashboard_msgs/lib:/home/imml/git/research_2025/apple-harvest-eva/install/realsense2_camera/lib:/home/imml/git/research_2025/apple-harvest-eva/install/realsense2_camera_msgs/lib:/usr/local/cuda-12.9/lib64:/opt/ros/humble/opt/rviz_ogre_vendor/lib:/opt/ros/humble/lib/x86_64-linux-gnu:/opt/ros/humble/lib PYTHONPATH=/home/imml/git/research_2025/apple-harvest-eva/install/harvest_interfaces/local/lib/python3.10/dist-packages:${PYTHONPATH} /usr/bin/cmake --build /home/imml/git/research_2025/apple-harvest-eva/build/harvest -- -j16 -l16
[1.315s] DEBUG:colcon.colcon_core.event_handler.log_command:Invoking command in '/home/imml/git/research_2025/apple-harvest-eva/build/harvest': AMENT_PREFIX_PATH=/home/imml/git/research_2025/apple-harvest-eva/install/harvest_interfaces:${AMENT_PREFIX_PATH} CMAKE_PREFIX_PATH=/home/imml/git/research_2025/apple-harvest-eva/install/harvest_interfaces:/home/imml/git/research_2025/apple-harvest-eva/install/ur:/home/imml/git/research_2025/apple-harvest-eva/install/ur_calibration:/home/imml/git/research_2025/apple-harvest-eva/install/ur_robot_driver:/home/imml/git/research_2025/apple-harvest-eva/install/ur_moveit_config:/home/imml/git/research_2025/apple-harvest-eva/install/ur_bringup:/home/imml/git/research_2025/apple-harvest-eva/install/ur_description:/home/imml/git/research_2025/apple-harvest-eva/install/ur_controllers:/home/imml/git/research_2025/apple-harvest-eva/install/ur_dashboard_msgs:/home/imml/git/research_2025/apple-harvest-eva/install/realsense2_description:/home/imml/git/research_2025/apple-harvest-eva/install/realsense2_camera:/home/imml/git/research_2025/apple-harvest-eva/install/realsense2_camera_msgs:/home/imml/git/research_2025/apple-harvest-eva/install/harvest_control:/home/imml/git/research_2025/apple-harvest-eva/install/harvest:/home/imml/git/research_2025/apple-harvest-eva/install/ur5e_custom_hardware:/home/imml/git/research_2025/apple-harvest-eva/install/harvest_vision:/opt/ros/humble LD_LIBRARY_PATH=/home/imml/git/research_2025/apple-harvest-eva/install/harvest_interfaces/lib:/home/imml/git/research_2025/apple-harvest-eva/install/ur_robot_driver/lib:/home/imml/git/research_2025/apple-harvest-eva/install/ur_controllers/lib:/home/imml/git/research_2025/apple-harvest-eva/install/ur_dashboard_msgs/lib:/home/imml/git/research_2025/apple-harvest-eva/install/realsense2_camera/lib:/home/imml/git/research_2025/apple-harvest-eva/install/realsense2_camera_msgs/lib:/usr/local/cuda-12.9/lib64:/opt/ros/humble/opt/rviz_ogre_vendor/lib:/opt/ros/humble/lib/x86_64-linux-gnu:/opt/ros/humble/lib PYTHONPATH=/home/imml/git/research_2025/apple-harvest-eva/install/harvest_interfaces/local/lib/python3.10/dist-packages:${PYTHONPATH} /usr/bin/cmake --install /home/imml/git/research_2025/apple-harvest-eva/build/harvest
[1.318s] DEBUG:colcon.colcon_core.event_handler.log_command:Invoking command in '/home/imml/git/research_2025/apple-harvest-eva/build/ur_bringup': AMENT_PREFIX_PATH=/home/imml/git/research_2025/apple-harvest-eva/install/ur_controllers:/home/imml/git/research_2025/apple-harvest-eva/install/ur_description:/home/imml/git/research_2025/apple-harvest-eva/install/ur_dashboard_msgs:${AMENT_PREFIX_PATH} CMAKE_PREFIX_PATH=/home/imml/git/research_2025/apple-harvest-eva/install/ur_controllers:/home/imml/git/research_2025/apple-harvest-eva/install/ur_description:/home/imml/git/research_2025/apple-harvest-eva/install/ur_dashboard_msgs:/home/imml/git/research_2025/apple-harvest-eva/install/ur:/home/imml/git/research_2025/apple-harvest-eva/install/ur_calibration:/home/imml/git/research_2025/apple-harvest-eva/install/ur_robot_driver:/home/imml/git/research_2025/apple-harvest-eva/install/ur_moveit_config:/home/imml/git/research_2025/apple-harvest-eva/install/ur_bringup:/home/imml/git/research_2025/apple-harvest-eva/install/realsense2_description:/home/imml/git/research_2025/apple-harvest-eva/install/realsense2_camera:/home/imml/git/research_2025/apple-harvest-eva/install/realsense2_camera_msgs:/home/imml/git/research_2025/apple-harvest-eva/install/harvest_control:/home/imml/git/research_2025/apple-harvest-eva/install/harvest:/home/imml/git/research_2025/apple-harvest-eva/install/harvest_interfaces:/home/imml/git/research_2025/apple-harvest-eva/install/ur5e_custom_hardware:/home/imml/git/research_2025/apple-harvest-eva/install/harvest_vision:/opt/ros/humble LD_LIBRARY_PATH=/home/imml/git/research_2025/apple-harvest-eva/install/ur_controllers/lib:/home/imml/git/research_2025/apple-harvest-eva/install/ur_dashboard_msgs/lib:/home/imml/git/research_2025/apple-harvest-eva/install/ur_robot_driver/lib:/home/imml/git/research_2025/apple-harvest-eva/install/realsense2_camera/lib:/home/imml/git/research_2025/apple-harvest-eva/install/realsense2_camera_msgs/lib:/home/imml/git/research_2025/apple-harvest-eva/install/harvest_interfaces/lib:/usr/local/cuda-12.9/lib64:/opt/ros/humble/opt/rviz_ogre_vendor/lib:/opt/ros/humble/lib/x86_64-linux-gnu:/opt/ros/humble/lib PYTHONPATH=/home/imml/git/research_2025/apple-harvest-eva/install/ur_dashboard_msgs/local/lib/python3.10/dist-packages:${PYTHONPATH} /usr/bin/cmake --build /home/imml/git/research_2025/apple-harvest-eva/build/ur_bringup -- -j16 -l16
[1.325s] Level 1:colcon.colcon_core.environment:create_environment_scripts_only(ur_moveit_config)
[1.325s] Level 1:colcon.colcon_core.environment:checking '/home/imml/git/research_2025/apple-harvest-eva/install/ur_moveit_config' for CMake module files
[1.327s] DEBUG:colcon.colcon_core.event_handler.log_command:Invoked command in '/home/imml/git/research_2025/apple-harvest-eva/build/ur_moveit_config' returned '0': AMENT_PREFIX_PATH=/home/imml/git/research_2025/apple-harvest-eva/install/ur_description:${AMENT_PREFIX_PATH} CMAKE_PREFIX_PATH=/home/imml/git/research_2025/apple-harvest-eva/install/ur_description:/home/imml/git/research_2025/apple-harvest-eva/install/ur:/home/imml/git/research_2025/apple-harvest-eva/install/ur_calibration:/home/imml/git/research_2025/apple-harvest-eva/install/ur_robot_driver:/home/imml/git/research_2025/apple-harvest-eva/install/ur_moveit_config:/home/imml/git/research_2025/apple-harvest-eva/install/ur_bringup:/home/imml/git/research_2025/apple-harvest-eva/install/ur_controllers:/home/imml/git/research_2025/apple-harvest-eva/install/ur_dashboard_msgs:/home/imml/git/research_2025/apple-harvest-eva/install/realsense2_description:/home/imml/git/research_2025/apple-harvest-eva/install/realsense2_camera:/home/imml/git/research_2025/apple-harvest-eva/install/realsense2_camera_msgs:/home/imml/git/research_2025/apple-harvest-eva/install/harvest_control:/home/imml/git/research_2025/apple-harvest-eva/install/harvest:/home/imml/git/research_2025/apple-harvest-eva/install/harvest_interfaces:/home/imml/git/research_2025/apple-harvest-eva/install/ur5e_custom_hardware:/home/imml/git/research_2025/apple-harvest-eva/install/harvest_vision:/opt/ros/humble /usr/bin/cmake --install /home/imml/git/research_2025/apple-harvest-eva/build/ur_moveit_config
[1.329s] Level 1:colcon.colcon_core.environment:checking '/home/imml/git/research_2025/apple-harvest-eva/install/ur_moveit_config' for CMake config files
[1.330s] Level 1:colcon.colcon_core.shell:create_environment_hook('ur_moveit_config', 'cmake_prefix_path')
[1.330s] INFO:colcon.colcon_core.shell:Creating environment hook '/home/imml/git/research_2025/apple-harvest-eva/install/ur_moveit_config/share/ur_moveit_config/hook/cmake_prefix_path.ps1'
[1.331s] INFO:colcon.colcon_core.shell:Creating environment descriptor '/home/imml/git/research_2025/apple-harvest-eva/install/ur_moveit_config/share/ur_moveit_config/hook/cmake_prefix_path.dsv'
[1.331s] INFO:colcon.colcon_core.shell:Creating environment hook '/home/imml/git/research_2025/apple-harvest-eva/install/ur_moveit_config/share/ur_moveit_config/hook/cmake_prefix_path.sh'
[1.332s] Level 1:colcon.colcon_core.environment:checking '/home/imml/git/research_2025/apple-harvest-eva/install/ur_moveit_config/bin'
[1.332s] Level 1:colcon.colcon_core.environment:checking '/home/imml/git/research_2025/apple-harvest-eva/install/ur_moveit_config/lib/pkgconfig/ur_moveit_config.pc'
[1.332s] Level 1:colcon.colcon_core.environment:checking '/home/imml/git/research_2025/apple-harvest-eva/install/ur_moveit_config/lib/python3.10/site-packages'
[1.332s] Level 1:colcon.colcon_core.environment:checking '/home/imml/git/research_2025/apple-harvest-eva/install/ur_moveit_config/bin'
[1.333s] INFO:colcon.colcon_core.shell:Creating package script '/home/imml/git/research_2025/apple-harvest-eva/install/ur_moveit_config/share/ur_moveit_config/package.ps1'
[1.333s] INFO:colcon.colcon_core.shell:Creating package descriptor '/home/imml/git/research_2025/apple-harvest-eva/install/ur_moveit_config/share/ur_moveit_config/package.dsv'
[1.334s] INFO:colcon.colcon_core.shell:Creating package script '/home/imml/git/research_2025/apple-harvest-eva/install/ur_moveit_config/share/ur_moveit_config/package.sh'
[1.334s] INFO:colcon.colcon_core.shell:Creating package script '/home/imml/git/research_2025/apple-harvest-eva/install/ur_moveit_config/share/ur_moveit_config/package.bash'
[1.335s] INFO:colcon.colcon_core.shell:Creating package script '/home/imml/git/research_2025/apple-harvest-eva/install/ur_moveit_config/share/ur_moveit_config/package.zsh'
[1.335s] Level 1:colcon.colcon_core.environment:create_file_with_runtime_dependencies(/home/imml/git/research_2025/apple-harvest-eva/install/ur_moveit_config/share/colcon-core/packages/ur_moveit_config)
[1.336s] Level 1:colcon.colcon_core.environment:create_environment_scripts_only(ur_moveit_config)
[1.336s] Level 1:colcon.colcon_core.environment:checking '/home/imml/git/research_2025/apple-harvest-eva/install/ur_moveit_config' for CMake module files
[1.337s] Level 1:colcon.colcon_core.environment:checking '/home/imml/git/research_2025/apple-harvest-eva/install/ur_moveit_config' for CMake config files
[1.338s] Level 1:colcon.colcon_core.shell:create_environment_hook('ur_moveit_config', 'cmake_prefix_path')
[1.338s] INFO:colcon.colcon_core.shell:Creating environment hook '/home/imml/git/research_2025/apple-harvest-eva/install/ur_moveit_config/share/ur_moveit_config/hook/cmake_prefix_path.ps1'
[1.338s] INFO:colcon.colcon_core.shell:Creating environment descriptor '/home/imml/git/research_2025/apple-harvest-eva/install/ur_moveit_config/share/ur_moveit_config/hook/cmake_prefix_path.dsv'
[1.339s] INFO:colcon.colcon_core.shell:Creating environment hook '/home/imml/git/research_2025/apple-harvest-eva/install/ur_moveit_config/share/ur_moveit_config/hook/cmake_prefix_path.sh'
[1.339s] Level 1:colcon.colcon_core.environment:checking '/home/imml/git/research_2025/apple-harvest-eva/install/ur_moveit_config/bin'
[1.339s] Level 1:colcon.colcon_core.environment:checking '/home/imml/git/research_2025/apple-harvest-eva/install/ur_moveit_config/lib/pkgconfig/ur_moveit_config.pc'
[1.339s] Level 1:colcon.colcon_core.environment:checking '/home/imml/git/research_2025/apple-harvest-eva/install/ur_moveit_config/lib/python3.10/site-packages'
[1.339s] Level 1:colcon.colcon_core.environment:checking '/home/imml/git/research_2025/apple-harvest-eva/install/ur_moveit_config/bin'
[1.340s] INFO:colcon.colcon_core.shell:Creating package script '/home/imml/git/research_2025/apple-harvest-eva/install/ur_moveit_config/share/ur_moveit_config/package.ps1'
[1.340s] INFO:colcon.colcon_core.shell:Creating package descriptor '/home/imml/git/research_2025/apple-harvest-eva/install/ur_moveit_config/share/ur_moveit_config/package.dsv'
[1.340s] INFO:colcon.colcon_core.shell:Creating package script '/home/imml/git/research_2025/apple-harvest-eva/install/ur_moveit_config/share/ur_moveit_config/package.sh'
[1.341s] INFO:colcon.colcon_core.shell:Creating package script '/home/imml/git/research_2025/apple-harvest-eva/install/ur_moveit_config/share/ur_moveit_config/package.bash'
[1.341s] INFO:colcon.colcon_core.shell:Creating package script '/home/imml/git/research_2025/apple-harvest-eva/install/ur_moveit_config/share/ur_moveit_config/package.zsh'
[1.341s] Level 1:colcon.colcon_core.environment:create_file_with_runtime_dependencies(/home/imml/git/research_2025/apple-harvest-eva/install/ur_moveit_config/share/colcon-core/packages/ur_moveit_config)
[1.361s] DEBUG:colcon.colcon_core.event_handler.log_command:Invoked command in '/home/imml/git/research_2025/apple-harvest-eva/build/ur_bringup' returned '0': AMENT_PREFIX_PATH=/home/imml/git/research_2025/apple-harvest-eva/install/ur_controllers:/home/imml/git/research_2025/apple-harvest-eva/install/ur_description:/home/imml/git/research_2025/apple-harvest-eva/install/ur_dashboard_msgs:${AMENT_PREFIX_PATH} CMAKE_PREFIX_PATH=/home/imml/git/research_2025/apple-harvest-eva/install/ur_controllers:/home/imml/git/research_2025/apple-harvest-eva/install/ur_description:/home/imml/git/research_2025/apple-harvest-eva/install/ur_dashboard_msgs:/home/imml/git/research_2025/apple-harvest-eva/install/ur:/home/imml/git/research_2025/apple-harvest-eva/install/ur_calibration:/home/imml/git/research_2025/apple-harvest-eva/install/ur_robot_driver:/home/imml/git/research_2025/apple-harvest-eva/install/ur_moveit_config:/home/imml/git/research_2025/apple-harvest-eva/install/ur_bringup:/home/imml/git/research_2025/apple-harvest-eva/install/realsense2_description:/home/imml/git/research_2025/apple-harvest-eva/install/realsense2_camera:/home/imml/git/research_2025/apple-harvest-eva/install/realsense2_camera_msgs:/home/imml/git/research_2025/apple-harvest-eva/install/harvest_control:/home/imml/git/research_2025/apple-harvest-eva/install/harvest:/home/imml/git/research_2025/apple-harvest-eva/install/harvest_interfaces:/home/imml/git/research_2025/apple-harvest-eva/install/ur5e_custom_hardware:/home/imml/git/research_2025/apple-harvest-eva/install/harvest_vision:/opt/ros/humble LD_LIBRARY_PATH=/home/imml/git/research_2025/apple-harvest-eva/install/ur_controllers/lib:/home/imml/git/research_2025/apple-harvest-eva/install/ur_dashboard_msgs/lib:/home/imml/git/research_2025/apple-harvest-eva/install/ur_robot_driver/lib:/home/imml/git/research_2025/apple-harvest-eva/install/realsense2_camera/lib:/home/imml/git/research_2025/apple-harvest-eva/install/realsense2_camera_msgs/lib:/home/imml/git/research_2025/apple-harvest-eva/install/harvest_interfaces/lib:/usr/local/cuda-12.9/lib64:/opt/ros/humble/opt/rviz_ogre_vendor/lib:/opt/ros/humble/lib/x86_64-linux-gnu:/opt/ros/humble/lib PYTHONPATH=/home/imml/git/research_2025/apple-harvest-eva/install/ur_dashboard_msgs/local/lib/python3.10/dist-packages:${PYTHONPATH} /usr/bin/cmake --build /home/imml/git/research_2025/apple-harvest-eva/build/ur_bringup -- -j16 -l16
[1.363s] DEBUG:colcon.colcon_core.event_handler.log_command:Invoking command in '/home/imml/git/research_2025/apple-harvest-eva/build/ur_bringup': AMENT_PREFIX_PATH=/home/imml/git/research_2025/apple-harvest-eva/install/ur_controllers:/home/imml/git/research_2025/apple-harvest-eva/install/ur_description:/home/imml/git/research_2025/apple-harvest-eva/install/ur_dashboard_msgs:${AMENT_PREFIX_PATH} CMAKE_PREFIX_PATH=/home/imml/git/research_2025/apple-harvest-eva/install/ur_controllers:/home/imml/git/research_2025/apple-harvest-eva/install/ur_description:/home/imml/git/research_2025/apple-harvest-eva/install/ur_dashboard_msgs:/home/imml/git/research_2025/apple-harvest-eva/install/ur:/home/imml/git/research_2025/apple-harvest-eva/install/ur_calibration:/home/imml/git/research_2025/apple-harvest-eva/install/ur_robot_driver:/home/imml/git/research_2025/apple-harvest-eva/install/ur_moveit_config:/home/imml/git/research_2025/apple-harvest-eva/install/ur_bringup:/home/imml/git/research_2025/apple-harvest-eva/install/realsense2_description:/home/imml/git/research_2025/apple-harvest-eva/install/realsense2_camera:/home/imml/git/research_2025/apple-harvest-eva/install/realsense2_camera_msgs:/home/imml/git/research_2025/apple-harvest-eva/install/harvest_control:/home/imml/git/research_2025/apple-harvest-eva/install/harvest:/home/imml/git/research_2025/apple-harvest-eva/install/harvest_interfaces:/home/imml/git/research_2025/apple-harvest-eva/install/ur5e_custom_hardware:/home/imml/git/research_2025/apple-harvest-eva/install/harvest_vision:/opt/ros/humble LD_LIBRARY_PATH=/home/imml/git/research_2025/apple-harvest-eva/install/ur_controllers/lib:/home/imml/git/research_2025/apple-harvest-eva/install/ur_dashboard_msgs/lib:/home/imml/git/research_2025/apple-harvest-eva/install/ur_robot_driver/lib:/home/imml/git/research_2025/apple-harvest-eva/install/realsense2_camera/lib:/home/imml/git/research_2025/apple-harvest-eva/install/realsense2_camera_msgs/lib:/home/imml/git/research_2025/apple-harvest-eva/install/harvest_interfaces/lib:/usr/local/cuda-12.9/lib64:/opt/ros/humble/opt/rviz_ogre_vendor/lib:/opt/ros/humble/lib/x86_64-linux-gnu:/opt/ros/humble/lib PYTHONPATH=/home/imml/git/research_2025/apple-harvest-eva/install/ur_dashboard_msgs/local/lib/python3.10/dist-packages:${PYTHONPATH} /usr/bin/cmake --install /home/imml/git/research_2025/apple-harvest-eva/build/ur_bringup
[1.381s] Level 1:colcon.colcon_core.environment:create_environment_scripts_only(harvest)
[1.381s] Level 1:colcon.colcon_core.environment:checking '/home/imml/git/research_2025/apple-harvest-eva/install/harvest' for CMake module files
[1.382s] DEBUG:colcon.colcon_core.event_handler.log_command:Invoked command in '/home/imml/git/research_2025/apple-harvest-eva/build/harvest' returned '0': AMENT_PREFIX_PATH=/home/imml/git/research_2025/apple-harvest-eva/install/harvest_interfaces:${AMENT_PREFIX_PATH} CMAKE_PREFIX_PATH=/home/imml/git/research_2025/apple-harvest-eva/install/harvest_interfaces:/home/imml/git/research_2025/apple-harvest-eva/install/ur:/home/imml/git/research_2025/apple-harvest-eva/install/ur_calibration:/home/imml/git/research_2025/apple-harvest-eva/install/ur_robot_driver:/home/imml/git/research_2025/apple-harvest-eva/install/ur_moveit_config:/home/imml/git/research_2025/apple-harvest-eva/install/ur_bringup:/home/imml/git/research_2025/apple-harvest-eva/install/ur_description:/home/imml/git/research_2025/apple-harvest-eva/install/ur_controllers:/home/imml/git/research_2025/apple-harvest-eva/install/ur_dashboard_msgs:/home/imml/git/research_2025/apple-harvest-eva/install/realsense2_description:/home/imml/git/research_2025/apple-harvest-eva/install/realsense2_camera:/home/imml/git/research_2025/apple-harvest-eva/install/realsense2_camera_msgs:/home/imml/git/research_2025/apple-harvest-eva/install/harvest_control:/home/imml/git/research_2025/apple-harvest-eva/install/harvest:/home/imml/git/research_2025/apple-harvest-eva/install/ur5e_custom_hardware:/home/imml/git/research_2025/apple-harvest-eva/install/harvest_vision:/opt/ros/humble LD_LIBRARY_PATH=/home/imml/git/research_2025/apple-harvest-eva/install/harvest_interfaces/lib:/home/imml/git/research_2025/apple-harvest-eva/install/ur_robot_driver/lib:/home/imml/git/research_2025/apple-harvest-eva/install/ur_controllers/lib:/home/imml/git/research_2025/apple-harvest-eva/install/ur_dashboard_msgs/lib:/home/imml/git/research_2025/apple-harvest-eva/install/realsense2_camera/lib:/home/imml/git/research_2025/apple-harvest-eva/install/realsense2_camera_msgs/lib:/usr/local/cuda-12.9/lib64:/opt/ros/humble/opt/rviz_ogre_vendor/lib:/opt/ros/humble/lib/x86_64-linux-gnu:/opt/ros/humble/lib PYTHONPATH=/home/imml/git/research_2025/apple-harvest-eva/install/harvest_interfaces/local/lib/python3.10/dist-packages:${PYTHONPATH} /usr/bin/cmake --install /home/imml/git/research_2025/apple-harvest-eva/build/harvest
[1.384s] Level 1:colcon.colcon_core.environment:checking '/home/imml/git/research_2025/apple-harvest-eva/install/harvest' for CMake config files
[1.384s] Level 1:colcon.colcon_core.shell:create_environment_hook('harvest', 'cmake_prefix_path')
[1.385s] INFO:colcon.colcon_core.shell:Creating environment hook '/home/imml/git/research_2025/apple-harvest-eva/install/harvest/share/harvest/hook/cmake_prefix_path.ps1'
[1.386s] INFO:colcon.colcon_core.shell:Creating environment descriptor '/home/imml/git/research_2025/apple-harvest-eva/install/harvest/share/harvest/hook/cmake_prefix_path.dsv'
[1.387s] INFO:colcon.colcon_core.shell:Creating environment hook '/home/imml/git/research_2025/apple-harvest-eva/install/harvest/share/harvest/hook/cmake_prefix_path.sh'
[1.387s] Level 1:colcon.colcon_core.environment:checking '/home/imml/git/research_2025/apple-harvest-eva/install/harvest/lib'
[1.387s] Level 1:colcon.colcon_core.environment:checking '/home/imml/git/research_2025/apple-harvest-eva/install/harvest/bin'
[1.387s] Level 1:colcon.colcon_core.environment:checking '/home/imml/git/research_2025/apple-harvest-eva/install/harvest/lib/pkgconfig/harvest.pc'
[1.388s] Level 1:colcon.colcon_core.environment:checking '/home/imml/git/research_2025/apple-harvest-eva/install/harvest/lib/python3.10/site-packages'
[1.388s] Level 1:colcon.colcon_core.environment:checking '/home/imml/git/research_2025/apple-harvest-eva/install/harvest/bin'
[1.388s] INFO:colcon.colcon_core.shell:Creating package script '/home/imml/git/research_2025/apple-harvest-eva/install/harvest/share/harvest/package.ps1'
[1.388s] INFO:colcon.colcon_core.shell:Creating package descriptor '/home/imml/git/research_2025/apple-harvest-eva/install/harvest/share/harvest/package.dsv'
[1.389s] INFO:colcon.colcon_core.shell:Creating package script '/home/imml/git/research_2025/apple-harvest-eva/install/harvest/share/harvest/package.sh'
[1.389s] INFO:colcon.colcon_core.shell:Creating package script '/home/imml/git/research_2025/apple-harvest-eva/install/harvest/share/harvest/package.bash'
[1.389s] INFO:colcon.colcon_core.shell:Creating package script '/home/imml/git/research_2025/apple-harvest-eva/install/harvest/share/harvest/package.zsh'
[1.390s] Level 1:colcon.colcon_core.environment:create_file_with_runtime_dependencies(/home/imml/git/research_2025/apple-harvest-eva/install/harvest/share/colcon-core/packages/harvest)
[1.390s] Level 1:colcon.colcon_core.environment:create_environment_scripts_only(harvest)
[1.390s] Level 1:colcon.colcon_core.environment:checking '/home/imml/git/research_2025/apple-harvest-eva/install/harvest' for CMake module files
[1.391s] Level 1:colcon.colcon_core.environment:checking '/home/imml/git/research_2025/apple-harvest-eva/install/harvest' for CMake config files
[1.391s] Level 1:colcon.colcon_core.shell:create_environment_hook('harvest', 'cmake_prefix_path')
[1.391s] INFO:colcon.colcon_core.shell:Creating environment hook '/home/imml/git/research_2025/apple-harvest-eva/install/harvest/share/harvest/hook/cmake_prefix_path.ps1'
[1.392s] INFO:colcon.colcon_core.shell:Creating environment descriptor '/home/imml/git/research_2025/apple-harvest-eva/install/harvest/share/harvest/hook/cmake_prefix_path.dsv'
[1.393s] INFO:colcon.colcon_core.shell:Creating environment hook '/home/imml/git/research_2025/apple-harvest-eva/install/harvest/share/harvest/hook/cmake_prefix_path.sh'
[1.393s] Level 1:colcon.colcon_core.environment:checking '/home/imml/git/research_2025/apple-harvest-eva/install/harvest/lib'
[1.393s] Level 1:colcon.colcon_core.environment:checking '/home/imml/git/research_2025/apple-harvest-eva/install/harvest/bin'
[1.393s] Level 1:colcon.colcon_core.environment:checking '/home/imml/git/research_2025/apple-harvest-eva/install/harvest/lib/pkgconfig/harvest.pc'
[1.393s] Level 1:colcon.colcon_core.environment:checking '/home/imml/git/research_2025/apple-harvest-eva/install/harvest/lib/python3.10/site-packages'
[1.393s] Level 1:colcon.colcon_core.environment:checking '/home/imml/git/research_2025/apple-harvest-eva/install/harvest/bin'
[1.394s] INFO:colcon.colcon_core.shell:Creating package script '/home/imml/git/research_2025/apple-harvest-eva/install/harvest/share/harvest/package.ps1'
[1.394s] INFO:colcon.colcon_core.shell:Creating package descriptor '/home/imml/git/research_2025/apple-harvest-eva/install/harvest/share/harvest/package.dsv'
[1.394s] INFO:colcon.colcon_core.shell:Creating package script '/home/imml/git/research_2025/apple-harvest-eva/install/harvest/share/harvest/package.sh'
[1.395s] INFO:colcon.colcon_core.shell:Creating package script '/home/imml/git/research_2025/apple-harvest-eva/install/harvest/share/harvest/package.bash'
[1.395s] INFO:colcon.colcon_core.shell:Creating package script '/home/imml/git/research_2025/apple-harvest-eva/install/harvest/share/harvest/package.zsh'
[1.395s] Level 1:colcon.colcon_core.environment:create_file_with_runtime_dependencies(/home/imml/git/research_2025/apple-harvest-eva/install/harvest/share/colcon-core/packages/harvest)
[1.397s] Level 1:colcon.colcon_core.environment:create_environment_scripts_only(harvest_control)
[1.397s] Level 1:colcon.colcon_core.environment:checking '/home/imml/git/research_2025/apple-harvest-eva/install/harvest_control' for CMake module files
[1.397s] DEBUG:colcon.colcon_core.event_handler.log_command:Invoked command in '/home/imml/git/research_2025/apple-harvest-eva/build/harvest_control' returned '0': AMENT_PREFIX_PATH=/home/imml/git/research_2025/apple-harvest-eva/install/harvest_interfaces:${AMENT_PREFIX_PATH} CMAKE_PREFIX_PATH=/home/imml/git/research_2025/apple-harvest-eva/install/harvest_interfaces:/home/imml/git/research_2025/apple-harvest-eva/install/ur:/home/imml/git/research_2025/apple-harvest-eva/install/ur_calibration:/home/imml/git/research_2025/apple-harvest-eva/install/ur_robot_driver:/home/imml/git/research_2025/apple-harvest-eva/install/ur_moveit_config:/home/imml/git/research_2025/apple-harvest-eva/install/ur_bringup:/home/imml/git/research_2025/apple-harvest-eva/install/ur_description:/home/imml/git/research_2025/apple-harvest-eva/install/ur_controllers:/home/imml/git/research_2025/apple-harvest-eva/install/ur_dashboard_msgs:/home/imml/git/research_2025/apple-harvest-eva/install/realsense2_description:/home/imml/git/research_2025/apple-harvest-eva/install/realsense2_camera:/home/imml/git/research_2025/apple-harvest-eva/install/realsense2_camera_msgs:/home/imml/git/research_2025/apple-harvest-eva/install/harvest_control:/home/imml/git/research_2025/apple-harvest-eva/install/harvest:/home/imml/git/research_2025/apple-harvest-eva/install/ur5e_custom_hardware:/home/imml/git/research_2025/apple-harvest-eva/install/harvest_vision:/opt/ros/humble LD_LIBRARY_PATH=/home/imml/git/research_2025/apple-harvest-eva/install/harvest_interfaces/lib:/home/imml/git/research_2025/apple-harvest-eva/install/ur_robot_driver/lib:/home/imml/git/research_2025/apple-harvest-eva/install/ur_controllers/lib:/home/imml/git/research_2025/apple-harvest-eva/install/ur_dashboard_msgs/lib:/home/imml/git/research_2025/apple-harvest-eva/install/realsense2_camera/lib:/home/imml/git/research_2025/apple-harvest-eva/install/realsense2_camera_msgs/lib:/usr/local/cuda-12.9/lib64:/opt/ros/humble/opt/rviz_ogre_vendor/lib:/opt/ros/humble/lib/x86_64-linux-gnu:/opt/ros/humble/lib PYTHONPATH=/home/imml/git/research_2025/apple-harvest-eva/install/harvest_interfaces/local/lib/python3.10/dist-packages:${PYTHONPATH} /usr/bin/cmake --install /home/imml/git/research_2025/apple-harvest-eva/build/harvest_control
[1.398s] Level 1:colcon.colcon_core.environment:checking '/home/imml/git/research_2025/apple-harvest-eva/install/harvest_control' for CMake config files
[1.398s] Level 1:colcon.colcon_core.shell:create_environment_hook('harvest_control', 'cmake_prefix_path')
[1.399s] INFO:colcon.colcon_core.shell:Creating environment hook '/home/imml/git/research_2025/apple-harvest-eva/install/harvest_control/share/harvest_control/hook/cmake_prefix_path.ps1'
[1.399s] INFO:colcon.colcon_core.shell:Creating environment descriptor '/home/imml/git/research_2025/apple-harvest-eva/install/harvest_control/share/harvest_control/hook/cmake_prefix_path.dsv'
[1.399s] INFO:colcon.colcon_core.shell:Creating environment hook '/home/imml/git/research_2025/apple-harvest-eva/install/harvest_control/share/harvest_control/hook/cmake_prefix_path.sh'
[1.400s] Level 1:colcon.colcon_core.environment:checking '/home/imml/git/research_2025/apple-harvest-eva/install/harvest_control/lib'
[1.400s] Level 1:colcon.colcon_core.environment:checking '/home/imml/git/research_2025/apple-harvest-eva/install/harvest_control/bin'
[1.400s] Level 1:colcon.colcon_core.environment:checking '/home/imml/git/research_2025/apple-harvest-eva/install/harvest_control/lib/pkgconfig/harvest_control.pc'
[1.400s] Level 1:colcon.colcon_core.environment:checking '/home/imml/git/research_2025/apple-harvest-eva/install/harvest_control/lib/python3.10/site-packages'
[1.400s] Level 1:colcon.colcon_core.environment:checking '/home/imml/git/research_2025/apple-harvest-eva/install/harvest_control/bin'
[1.401s] INFO:colcon.colcon_core.shell:Creating package script '/home/imml/git/research_2025/apple-harvest-eva/install/harvest_control/share/harvest_control/package.ps1'
[1.401s] INFO:colcon.colcon_core.shell:Creating package descriptor '/home/imml/git/research_2025/apple-harvest-eva/install/harvest_control/share/harvest_control/package.dsv'
[1.402s] INFO:colcon.colcon_core.shell:Creating package script '/home/imml/git/research_2025/apple-harvest-eva/install/harvest_control/share/harvest_control/package.sh'
[1.402s] INFO:colcon.colcon_core.shell:Creating package script '/home/imml/git/research_2025/apple-harvest-eva/install/harvest_control/share/harvest_control/package.bash'
[1.402s] INFO:colcon.colcon_core.shell:Creating package script '/home/imml/git/research_2025/apple-harvest-eva/install/harvest_control/share/harvest_control/package.zsh'
[1.402s] Level 1:colcon.colcon_core.environment:create_file_with_runtime_dependencies(/home/imml/git/research_2025/apple-harvest-eva/install/harvest_control/share/colcon-core/packages/harvest_control)
[1.403s] Level 1:colcon.colcon_core.environment:create_environment_scripts_only(harvest_control)
[1.403s] Level 1:colcon.colcon_core.environment:checking '/home/imml/git/research_2025/apple-harvest-eva/install/harvest_control' for CMake module files
[1.404s] Level 1:colcon.colcon_core.environment:checking '/home/imml/git/research_2025/apple-harvest-eva/install/harvest_control' for CMake config files
[1.404s] Level 1:colcon.colcon_core.shell:create_environment_hook('harvest_control', 'cmake_prefix_path')
[1.405s] INFO:colcon.colcon_core.shell:Creating environment hook '/home/imml/git/research_2025/apple-harvest-eva/install/harvest_control/share/harvest_control/hook/cmake_prefix_path.ps1'
[1.405s] INFO:colcon.colcon_core.shell:Creating environment descriptor '/home/imml/git/research_2025/apple-harvest-eva/install/harvest_control/share/harvest_control/hook/cmake_prefix_path.dsv'
[1.405s] INFO:colcon.colcon_core.shell:Creating environment hook '/home/imml/git/research_2025/apple-harvest-eva/install/harvest_control/share/harvest_control/hook/cmake_prefix_path.sh'
[1.406s] Level 1:colcon.colcon_core.environment:checking '/home/imml/git/research_2025/apple-harvest-eva/install/harvest_control/lib'
[1.406s] Level 1:colcon.colcon_core.environment:checking '/home/imml/git/research_2025/apple-harvest-eva/install/harvest_control/bin'
[1.406s] Level 1:colcon.colcon_core.environment:checking '/home/imml/git/research_2025/apple-harvest-eva/install/harvest_control/lib/pkgconfig/harvest_control.pc'
[1.406s] Level 1:colcon.colcon_core.environment:checking '/home/imml/git/research_2025/apple-harvest-eva/install/harvest_control/lib/python3.10/site-packages'
[1.406s] Level 1:colcon.colcon_core.environment:checking '/home/imml/git/research_2025/apple-harvest-eva/install/harvest_control/bin'
[1.406s] INFO:colcon.colcon_core.shell:Creating package script '/home/imml/git/research_2025/apple-harvest-eva/install/harvest_control/share/harvest_control/package.ps1'
[1.407s] INFO:colcon.colcon_core.shell:Creating package descriptor '/home/imml/git/research_2025/apple-harvest-eva/install/harvest_control/share/harvest_control/package.dsv'
[1.407s] INFO:colcon.colcon_core.shell:Creating package script '/home/imml/git/research_2025/apple-harvest-eva/install/harvest_control/share/harvest_control/package.sh'
[1.408s] INFO:colcon.colcon_core.shell:Creating package script '/home/imml/git/research_2025/apple-harvest-eva/install/harvest_control/share/harvest_control/package.bash'
[1.408s] INFO:colcon.colcon_core.shell:Creating package script '/home/imml/git/research_2025/apple-harvest-eva/install/harvest_control/share/harvest_control/package.zsh'
[1.409s] Level 1:colcon.colcon_core.environment:create_file_with_runtime_dependencies(/home/imml/git/research_2025/apple-harvest-eva/install/harvest_control/share/colcon-core/packages/harvest_control)
[1.409s] Level 1:colcon.colcon_core.environment:create_environment_scripts_only(ur_bringup)
[1.409s] Level 1:colcon.colcon_core.environment:checking '/home/imml/git/research_2025/apple-harvest-eva/install/ur_bringup' for CMake module files
[1.410s] DEBUG:colcon.colcon_core.event_handler.log_command:Invoked command in '/home/imml/git/research_2025/apple-harvest-eva/build/ur_bringup' returned '0': AMENT_PREFIX_PATH=/home/imml/git/research_2025/apple-harvest-eva/install/ur_controllers:/home/imml/git/research_2025/apple-harvest-eva/install/ur_description:/home/imml/git/research_2025/apple-harvest-eva/install/ur_dashboard_msgs:${AMENT_PREFIX_PATH} CMAKE_PREFIX_PATH=/home/imml/git/research_2025/apple-harvest-eva/install/ur_controllers:/home/imml/git/research_2025/apple-harvest-eva/install/ur_description:/home/imml/git/research_2025/apple-harvest-eva/install/ur_dashboard_msgs:/home/imml/git/research_2025/apple-harvest-eva/install/ur:/home/imml/git/research_2025/apple-harvest-eva/install/ur_calibration:/home/imml/git/research_2025/apple-harvest-eva/install/ur_robot_driver:/home/imml/git/research_2025/apple-harvest-eva/install/ur_moveit_config:/home/imml/git/research_2025/apple-harvest-eva/install/ur_bringup:/home/imml/git/research_2025/apple-harvest-eva/install/realsense2_description:/home/imml/git/research_2025/apple-harvest-eva/install/realsense2_camera:/home/imml/git/research_2025/apple-harvest-eva/install/realsense2_camera_msgs:/home/imml/git/research_2025/apple-harvest-eva/install/harvest_control:/home/imml/git/research_2025/apple-harvest-eva/install/harvest:/home/imml/git/research_2025/apple-harvest-eva/install/harvest_interfaces:/home/imml/git/research_2025/apple-harvest-eva/install/ur5e_custom_hardware:/home/imml/git/research_2025/apple-harvest-eva/install/harvest_vision:/opt/ros/humble LD_LIBRARY_PATH=/home/imml/git/research_2025/apple-harvest-eva/install/ur_controllers/lib:/home/imml/git/research_2025/apple-harvest-eva/install/ur_dashboard_msgs/lib:/home/imml/git/research_2025/apple-harvest-eva/install/ur_robot_driver/lib:/home/imml/git/research_2025/apple-harvest-eva/install/realsense2_camera/lib:/home/imml/git/research_2025/apple-harvest-eva/install/realsense2_camera_msgs/lib:/home/imml/git/research_2025/apple-harvest-eva/install/harvest_interfaces/lib:/usr/local/cuda-12.9/lib64:/opt/ros/humble/opt/rviz_ogre_vendor/lib:/opt/ros/humble/lib/x86_64-linux-gnu:/opt/ros/humble/lib PYTHONPATH=/home/imml/git/research_2025/apple-harvest-eva/install/ur_dashboard_msgs/local/lib/python3.10/dist-packages:${PYTHONPATH} /usr/bin/cmake --install /home/imml/git/research_2025/apple-harvest-eva/build/ur_bringup
[1.410s] Level 1:colcon.colcon_core.environment:checking '/home/imml/git/research_2025/apple-harvest-eva/install/ur_bringup' for CMake config files
[1.411s] Level 1:colcon.colcon_core.shell:create_environment_hook('ur_bringup', 'cmake_prefix_path')
[1.411s] INFO:colcon.colcon_core.shell:Creating environment hook '/home/imml/git/research_2025/apple-harvest-eva/install/ur_bringup/share/ur_bringup/hook/cmake_prefix_path.ps1'
[1.411s] INFO:colcon.colcon_core.shell:Creating environment descriptor '/home/imml/git/research_2025/apple-harvest-eva/install/ur_bringup/share/ur_bringup/hook/cmake_prefix_path.dsv'
[1.412s] INFO:colcon.colcon_core.shell:Creating environment hook '/home/imml/git/research_2025/apple-harvest-eva/install/ur_bringup/share/ur_bringup/hook/cmake_prefix_path.sh'
[1.412s] Level 1:colcon.colcon_core.environment:checking '/home/imml/git/research_2025/apple-harvest-eva/install/ur_bringup/lib'
[1.412s] Level 1:colcon.colcon_core.environment:checking '/home/imml/git/research_2025/apple-harvest-eva/install/ur_bringup/bin'
[1.412s] Level 1:colcon.colcon_core.environment:checking '/home/imml/git/research_2025/apple-harvest-eva/install/ur_bringup/lib/pkgconfig/ur_bringup.pc'
[1.412s] Level 1:colcon.colcon_core.environment:checking '/home/imml/git/research_2025/apple-harvest-eva/install/ur_bringup/lib/python3.10/site-packages'
[1.412s] Level 1:colcon.colcon_core.environment:checking '/home/imml/git/research_2025/apple-harvest-eva/install/ur_bringup/bin'
[1.413s] INFO:colcon.colcon_core.shell:Creating package script '/home/imml/git/research_2025/apple-harvest-eva/install/ur_bringup/share/ur_bringup/package.ps1'
[1.413s] INFO:colcon.colcon_core.shell:Creating package descriptor '/home/imml/git/research_2025/apple-harvest-eva/install/ur_bringup/share/ur_bringup/package.dsv'
[1.413s] INFO:colcon.colcon_core.shell:Creating package script '/home/imml/git/research_2025/apple-harvest-eva/install/ur_bringup/share/ur_bringup/package.sh'
[1.413s] INFO:colcon.colcon_core.shell:Creating package script '/home/imml/git/research_2025/apple-harvest-eva/install/ur_bringup/share/ur_bringup/package.bash'
[1.414s] INFO:colcon.colcon_core.shell:Creating package script '/home/imml/git/research_2025/apple-harvest-eva/install/ur_bringup/share/ur_bringup/package.zsh'
[1.414s] Level 1:colcon.colcon_core.environment:create_file_with_runtime_dependencies(/home/imml/git/research_2025/apple-harvest-eva/install/ur_bringup/share/colcon-core/packages/ur_bringup)
[1.414s] Level 1:colcon.colcon_core.environment:create_environment_scripts_only(ur_bringup)
[1.415s] Level 1:colcon.colcon_core.environment:checking '/home/imml/git/research_2025/apple-harvest-eva/install/ur_bringup' for CMake module files
[1.415s] Level 1:colcon.colcon_core.environment:checking '/home/imml/git/research_2025/apple-harvest-eva/install/ur_bringup' for CMake config files
[1.415s] Level 1:colcon.colcon_core.shell:create_environment_hook('ur_bringup', 'cmake_prefix_path')
[1.416s] INFO:colcon.colcon_core.shell:Creating environment hook '/home/imml/git/research_2025/apple-harvest-eva/install/ur_bringup/share/ur_bringup/hook/cmake_prefix_path.ps1'
[1.416s] INFO:colcon.colcon_core.shell:Creating environment descriptor '/home/imml/git/research_2025/apple-harvest-eva/install/ur_bringup/share/ur_bringup/hook/cmake_prefix_path.dsv'
[1.416s] INFO:colcon.colcon_core.shell:Creating environment hook '/home/imml/git/research_2025/apple-harvest-eva/install/ur_bringup/share/ur_bringup/hook/cmake_prefix_path.sh'
[1.417s] Level 1:colcon.colcon_core.environment:checking '/home/imml/git/research_2025/apple-harvest-eva/install/ur_bringup/lib'
[1.417s] Level 1:colcon.colcon_core.environment:checking '/home/imml/git/research_2025/apple-harvest-eva/install/ur_bringup/bin'
[1.417s] Level 1:colcon.colcon_core.environment:checking '/home/imml/git/research_2025/apple-harvest-eva/install/ur_bringup/lib/pkgconfig/ur_bringup.pc'
[1.417s] Level 1:colcon.colcon_core.environment:checking '/home/imml/git/research_2025/apple-harvest-eva/install/ur_bringup/lib/python3.10/site-packages'
[1.417s] Level 1:colcon.colcon_core.environment:checking '/home/imml/git/research_2025/apple-harvest-eva/install/ur_bringup/bin'
[1.417s] INFO:colcon.colcon_core.shell:Creating package script '/home/imml/git/research_2025/apple-harvest-eva/install/ur_bringup/share/ur_bringup/package.ps1'
[1.418s] INFO:colcon.colcon_core.shell:Creating package descriptor '/home/imml/git/research_2025/apple-harvest-eva/install/ur_bringup/share/ur_bringup/package.dsv'
[1.418s] INFO:colcon.colcon_core.shell:Creating package script '/home/imml/git/research_2025/apple-harvest-eva/install/ur_bringup/share/ur_bringup/package.sh'
[1.418s] INFO:colcon.colcon_core.shell:Creating package script '/home/imml/git/research_2025/apple-harvest-eva/install/ur_bringup/share/ur_bringup/package.bash'
[1.419s] INFO:colcon.colcon_core.shell:Creating package script '/home/imml/git/research_2025/apple-harvest-eva/install/ur_bringup/share/ur_bringup/package.zsh'
[1.419s] Level 1:colcon.colcon_core.environment:create_file_with_runtime_dependencies(/home/imml/git/research_2025/apple-harvest-eva/install/ur_bringup/share/colcon-core/packages/ur_bringup)
[1.553s] DEBUG:colcon.colcon_core.event_handler.log_command:Invoking command in '/home/imml/git/research_2025/apple-harvest-eva/build/harvest_vision': AMENT_PREFIX_PATH=/home/imml/git/research_2025/apple-harvest-eva/install/harvest_interfaces:${AMENT_PREFIX_PATH} CMAKE_PREFIX_PATH=/home/imml/git/research_2025/apple-harvest-eva/install/harvest_interfaces:/home/imml/git/research_2025/apple-harvest-eva/install/ur:/home/imml/git/research_2025/apple-harvest-eva/install/ur_calibration:/home/imml/git/research_2025/apple-harvest-eva/install/ur_robot_driver:/home/imml/git/research_2025/apple-harvest-eva/install/ur_moveit_config:/home/imml/git/research_2025/apple-harvest-eva/install/ur_bringup:/home/imml/git/research_2025/apple-harvest-eva/install/ur_description:/home/imml/git/research_2025/apple-harvest-eva/install/ur_controllers:/home/imml/git/research_2025/apple-harvest-eva/install/ur_dashboard_msgs:/home/imml/git/research_2025/apple-harvest-eva/install/realsense2_description:/home/imml/git/research_2025/apple-harvest-eva/install/realsense2_camera:/home/imml/git/research_2025/apple-harvest-eva/install/realsense2_camera_msgs:/home/imml/git/research_2025/apple-harvest-eva/install/harvest_control:/home/imml/git/research_2025/apple-harvest-eva/install/harvest LD_LIBRARY_PATH=/home/imml/git/research_2025/apple-harvest-eva/install/harvest_interfaces/lib:/home/imml/git/research_2025/apple-harvest-eva/install/ur_robot_driver/lib:/home/imml/git/research_2025/apple-harvest-eva/install/ur_controllers/lib:/home/imml/git/research_2025/apple-harvest-eva/install/ur_dashboard_msgs/lib:/home/imml/git/research_2025/apple-harvest-eva/install/realsense2_camera/lib:/home/imml/git/research_2025/apple-harvest-eva/install/realsense2_camera_msgs/lib:/usr/local/cuda-12.9/lib64:/opt/ros/humble/opt/rviz_ogre_vendor/lib:/opt/ros/humble/lib/x86_64-linux-gnu:/opt/ros/humble/lib PYTHONPATH=/home/imml/git/research_2025/apple-harvest-eva/build/harvest_vision/prefix_override:/usr/lib/python3/dist-packages/colcon_core/task/python/colcon_distutils_commands:/home/imml/git/research_2025/apple-harvest-eva/install/harvest_vision/lib/python3.10/site-packages:/home/imml/git/research_2025/apple-harvest-eva/install/harvest_interfaces/local/lib/python3.10/dist-packages:${PYTHONPATH} /usr/bin/python3 -W ignore:setup.py install is deprecated -W ignore:easy_install command is deprecated setup.py develop --editable --build-directory /home/imml/git/research_2025/apple-harvest-eva/build/harvest_vision/build --no-deps symlink_data
[1.645s] DEBUG:colcon.colcon_core.event_handler.log_command:Invoked command in '/home/imml/git/research_2025/apple-harvest-eva/build/ur_robot_driver' returned '0': AMENT_PREFIX_PATH=/home/imml/git/research_2025/apple-harvest-eva/install/ur_controllers:/home/imml/git/research_2025/apple-harvest-eva/install/ur_description:/home/imml/git/research_2025/apple-harvest-eva/install/ur_dashboard_msgs:${AMENT_PREFIX_PATH} CMAKE_PREFIX_PATH=/home/imml/git/research_2025/apple-harvest-eva/install/ur_controllers:/home/imml/git/research_2025/apple-harvest-eva/install/ur_description:/home/imml/git/research_2025/apple-harvest-eva/install/ur_dashboard_msgs:/home/imml/git/research_2025/apple-harvest-eva/install/ur:/home/imml/git/research_2025/apple-harvest-eva/install/ur_calibration:/home/imml/git/research_2025/apple-harvest-eva/install/ur_robot_driver:/home/imml/git/research_2025/apple-harvest-eva/install/ur_moveit_config:/home/imml/git/research_2025/apple-harvest-eva/install/ur_bringup:/home/imml/git/research_2025/apple-harvest-eva/install/realsense2_description:/home/imml/git/research_2025/apple-harvest-eva/install/realsense2_camera:/home/imml/git/research_2025/apple-harvest-eva/install/realsense2_camera_msgs:/home/imml/git/research_2025/apple-harvest-eva/install/harvest_control:/home/imml/git/research_2025/apple-harvest-eva/install/harvest:/home/imml/git/research_2025/apple-harvest-eva/install/harvest_interfaces:/home/imml/git/research_2025/apple-harvest-eva/install/ur5e_custom_hardware:/home/imml/git/research_2025/apple-harvest-eva/install/harvest_vision:/opt/ros/humble LD_LIBRARY_PATH=/home/imml/git/research_2025/apple-harvest-eva/install/ur_controllers/lib:/home/imml/git/research_2025/apple-harvest-eva/install/ur_dashboard_msgs/lib:/home/imml/git/research_2025/apple-harvest-eva/install/ur_robot_driver/lib:/home/imml/git/research_2025/apple-harvest-eva/install/realsense2_camera/lib:/home/imml/git/research_2025/apple-harvest-eva/install/realsense2_camera_msgs/lib:/home/imml/git/research_2025/apple-harvest-eva/install/harvest_interfaces/lib:/usr/local/cuda-12.9/lib64:/opt/ros/humble/opt/rviz_ogre_vendor/lib:/opt/ros/humble/lib/x86_64-linux-gnu:/opt/ros/humble/lib PYTHONPATH=/home/imml/git/research_2025/apple-harvest-eva/install/ur_dashboard_msgs/local/lib/python3.10/dist-packages:${PYTHONPATH} /usr/bin/cmake --build /home/imml/git/research_2025/apple-harvest-eva/build/ur_robot_driver -- -j16 -l16
[1.647s] DEBUG:colcon.colcon_core.event_handler.log_command:Invoking command in '/home/imml/git/research_2025/apple-harvest-eva/build/ur_robot_driver': AMENT_PREFIX_PATH=/home/imml/git/research_2025/apple-harvest-eva/install/ur_controllers:/home/imml/git/research_2025/apple-harvest-eva/install/ur_description:/home/imml/git/research_2025/apple-harvest-eva/install/ur_dashboard_msgs:${AMENT_PREFIX_PATH} CMAKE_PREFIX_PATH=/home/imml/git/research_2025/apple-harvest-eva/install/ur_controllers:/home/imml/git/research_2025/apple-harvest-eva/install/ur_description:/home/imml/git/research_2025/apple-harvest-eva/install/ur_dashboard_msgs:/home/imml/git/research_2025/apple-harvest-eva/install/ur:/home/imml/git/research_2025/apple-harvest-eva/install/ur_calibration:/home/imml/git/research_2025/apple-harvest-eva/install/ur_robot_driver:/home/imml/git/research_2025/apple-harvest-eva/install/ur_moveit_config:/home/imml/git/research_2025/apple-harvest-eva/install/ur_bringup:/home/imml/git/research_2025/apple-harvest-eva/install/realsense2_description:/home/imml/git/research_2025/apple-harvest-eva/install/realsense2_camera:/home/imml/git/research_2025/apple-harvest-eva/install/realsense2_camera_msgs:/home/imml/git/research_2025/apple-harvest-eva/install/harvest_control:/home/imml/git/research_2025/apple-harvest-eva/install/harvest:/home/imml/git/research_2025/apple-harvest-eva/install/harvest_interfaces:/home/imml/git/research_2025/apple-harvest-eva/install/ur5e_custom_hardware:/home/imml/git/research_2025/apple-harvest-eva/install/harvest_vision:/opt/ros/humble LD_LIBRARY_PATH=/home/imml/git/research_2025/apple-harvest-eva/install/ur_controllers/lib:/home/imml/git/research_2025/apple-harvest-eva/install/ur_dashboard_msgs/lib:/home/imml/git/research_2025/apple-harvest-eva/install/ur_robot_driver/lib:/home/imml/git/research_2025/apple-harvest-eva/install/realsense2_camera/lib:/home/imml/git/research_2025/apple-harvest-eva/install/realsense2_camera_msgs/lib:/home/imml/git/research_2025/apple-harvest-eva/install/harvest_interfaces/lib:/usr/local/cuda-12.9/lib64:/opt/ros/humble/opt/rviz_ogre_vendor/lib:/opt/ros/humble/lib/x86_64-linux-gnu:/opt/ros/humble/lib PYTHONPATH=/home/imml/git/research_2025/apple-harvest-eva/install/ur_dashboard_msgs/local/lib/python3.10/dist-packages:${PYTHONPATH} /usr/bin/cmake --install /home/imml/git/research_2025/apple-harvest-eva/build/ur_robot_driver
[1.684s] Level 1:colcon.colcon_core.shell:create_environment_hook('ur5e_custom_hardware', 'pythonpath_develop')
[1.685s] DEBUG:colcon.colcon_core.event_handler.log_command:Invoked command in '/home/imml/git/research_2025/apple-harvest-eva/build/ur5e_custom_hardware' returned '0': PYTHONPATH=/home/imml/git/research_2025/apple-harvest-eva/build/ur5e_custom_hardware/prefix_override:/usr/lib/python3/dist-packages/colcon_core/task/python/colcon_distutils_commands:/home/imml/git/research_2025/apple-harvest-eva/install/ur5e_custom_hardware/lib/python3.10/site-packages:${PYTHONPATH} /usr/bin/python3 -W ignore:setup.py install is deprecated -W ignore:easy_install command is deprecated setup.py develop --editable --build-directory /home/imml/git/research_2025/apple-harvest-eva/build/ur5e_custom_hardware/build --no-deps symlink_data
[1.685s] INFO:colcon.colcon_core.shell:Creating environment hook '/home/imml/git/research_2025/apple-harvest-eva/build/ur5e_custom_hardware/share/ur5e_custom_hardware/hook/pythonpath_develop.ps1'
[1.685s] INFO:colcon.colcon_core.shell:Creating environment descriptor '/home/imml/git/research_2025/apple-harvest-eva/build/ur5e_custom_hardware/share/ur5e_custom_hardware/hook/pythonpath_develop.dsv'
[1.686s] INFO:colcon.colcon_core.shell:Creating environment hook '/home/imml/git/research_2025/apple-harvest-eva/build/ur5e_custom_hardware/share/ur5e_custom_hardware/hook/pythonpath_develop.sh'
[1.686s] Level 1:colcon.colcon_core.environment:checking '/home/imml/git/research_2025/apple-harvest-eva/install/ur5e_custom_hardware' for CMake module files
[1.686s] Level 1:colcon.colcon_core.environment:checking '/home/imml/git/research_2025/apple-harvest-eva/install/ur5e_custom_hardware' for CMake config files
[1.687s] Level 1:colcon.colcon_core.environment:checking '/home/imml/git/research_2025/apple-harvest-eva/install/ur5e_custom_hardware/lib'
[1.687s] Level 1:colcon.colcon_core.environment:checking '/home/imml/git/research_2025/apple-harvest-eva/install/ur5e_custom_hardware/bin'
[1.687s] Level 1:colcon.colcon_core.environment:checking '/home/imml/git/research_2025/apple-harvest-eva/install/ur5e_custom_hardware/lib/pkgconfig/ur5e_custom_hardware.pc'
[1.687s] Level 1:colcon.colcon_core.environment:checking '/home/imml/git/research_2025/apple-harvest-eva/install/ur5e_custom_hardware/lib/python3.10/site-packages'
[1.687s] Level 1:colcon.colcon_core.shell:create_environment_hook('ur5e_custom_hardware', 'pythonpath')
[1.687s] INFO:colcon.colcon_core.shell:Creating environment hook '/home/imml/git/research_2025/apple-harvest-eva/install/ur5e_custom_hardware/share/ur5e_custom_hardware/hook/pythonpath.ps1'
[1.688s] INFO:colcon.colcon_core.shell:Creating environment descriptor '/home/imml/git/research_2025/apple-harvest-eva/install/ur5e_custom_hardware/share/ur5e_custom_hardware/hook/pythonpath.dsv'
[1.688s] INFO:colcon.colcon_core.shell:Creating environment hook '/home/imml/git/research_2025/apple-harvest-eva/install/ur5e_custom_hardware/share/ur5e_custom_hardware/hook/pythonpath.sh'
[1.688s] Level 1:colcon.colcon_core.environment:checking '/home/imml/git/research_2025/apple-harvest-eva/install/ur5e_custom_hardware/bin'
[1.688s] Level 1:colcon.colcon_core.environment:create_environment_scripts_only(ur5e_custom_hardware)
[1.689s] INFO:colcon.colcon_core.shell:Creating package script '/home/imml/git/research_2025/apple-harvest-eva/install/ur5e_custom_hardware/share/ur5e_custom_hardware/package.ps1'
[1.689s] INFO:colcon.colcon_core.shell:Creating package descriptor '/home/imml/git/research_2025/apple-harvest-eva/install/ur5e_custom_hardware/share/ur5e_custom_hardware/package.dsv'
[1.689s] INFO:colcon.colcon_core.shell:Creating package script '/home/imml/git/research_2025/apple-harvest-eva/install/ur5e_custom_hardware/share/ur5e_custom_hardware/package.sh'
[1.690s] INFO:colcon.colcon_core.shell:Creating package script '/home/imml/git/research_2025/apple-harvest-eva/install/ur5e_custom_hardware/share/ur5e_custom_hardware/package.bash'
[1.690s] INFO:colcon.colcon_core.shell:Creating package script '/home/imml/git/research_2025/apple-harvest-eva/install/ur5e_custom_hardware/share/ur5e_custom_hardware/package.zsh'
[1.690s] Level 1:colcon.colcon_core.environment:create_file_with_runtime_dependencies(/home/imml/git/research_2025/apple-harvest-eva/install/ur5e_custom_hardware/share/colcon-core/packages/ur5e_custom_hardware)
[1.704s] Level 1:colcon.colcon_core.environment:create_environment_scripts_only(ur_robot_driver)
[1.704s] Level 1:colcon.colcon_core.environment:checking '/home/imml/git/research_2025/apple-harvest-eva/install/ur_robot_driver' for CMake module files
[1.705s] DEBUG:colcon.colcon_core.event_handler.log_command:Invoked command in '/home/imml/git/research_2025/apple-harvest-eva/build/ur_robot_driver' returned '0': AMENT_PREFIX_PATH=/home/imml/git/research_2025/apple-harvest-eva/install/ur_controllers:/home/imml/git/research_2025/apple-harvest-eva/install/ur_description:/home/imml/git/research_2025/apple-harvest-eva/install/ur_dashboard_msgs:${AMENT_PREFIX_PATH} CMAKE_PREFIX_PATH=/home/imml/git/research_2025/apple-harvest-eva/install/ur_controllers:/home/imml/git/research_2025/apple-harvest-eva/install/ur_description:/home/imml/git/research_2025/apple-harvest-eva/install/ur_dashboard_msgs:/home/imml/git/research_2025/apple-harvest-eva/install/ur:/home/imml/git/research_2025/apple-harvest-eva/install/ur_calibration:/home/imml/git/research_2025/apple-harvest-eva/install/ur_robot_driver:/home/imml/git/research_2025/apple-harvest-eva/install/ur_moveit_config:/home/imml/git/research_2025/apple-harvest-eva/install/ur_bringup:/home/imml/git/research_2025/apple-harvest-eva/install/realsense2_description:/home/imml/git/research_2025/apple-harvest-eva/install/realsense2_camera:/home/imml/git/research_2025/apple-harvest-eva/install/realsense2_camera_msgs:/home/imml/git/research_2025/apple-harvest-eva/install/harvest_control:/home/imml/git/research_2025/apple-harvest-eva/install/harvest:/home/imml/git/research_2025/apple-harvest-eva/install/harvest_interfaces:/home/imml/git/research_2025/apple-harvest-eva/install/ur5e_custom_hardware:/home/imml/git/research_2025/apple-harvest-eva/install/harvest_vision:/opt/ros/humble LD_LIBRARY_PATH=/home/imml/git/research_2025/apple-harvest-eva/install/ur_controllers/lib:/home/imml/git/research_2025/apple-harvest-eva/install/ur_dashboard_msgs/lib:/home/imml/git/research_2025/apple-harvest-eva/install/ur_robot_driver/lib:/home/imml/git/research_2025/apple-harvest-eva/install/realsense2_camera/lib:/home/imml/git/research_2025/apple-harvest-eva/install/realsense2_camera_msgs/lib:/home/imml/git/research_2025/apple-harvest-eva/install/harvest_interfaces/lib:/usr/local/cuda-12.9/lib64:/opt/ros/humble/opt/rviz_ogre_vendor/lib:/opt/ros/humble/lib/x86_64-linux-gnu:/opt/ros/humble/lib PYTHONPATH=/home/imml/git/research_2025/apple-harvest-eva/install/ur_dashboard_msgs/local/lib/python3.10/dist-packages:${PYTHONPATH} /usr/bin/cmake --install /home/imml/git/research_2025/apple-harvest-eva/build/ur_robot_driver
[1.705s] Level 1:colcon.colcon_core.environment:checking '/home/imml/git/research_2025/apple-harvest-eva/install/ur_robot_driver' for CMake config files
[1.706s] Level 1:colcon.colcon_core.shell:create_environment_hook('ur_robot_driver', 'cmake_prefix_path')
[1.706s] INFO:colcon.colcon_core.shell:Creating environment hook '/home/imml/git/research_2025/apple-harvest-eva/install/ur_robot_driver/share/ur_robot_driver/hook/cmake_prefix_path.ps1'
[1.707s] INFO:colcon.colcon_core.shell:Creating environment descriptor '/home/imml/git/research_2025/apple-harvest-eva/install/ur_robot_driver/share/ur_robot_driver/hook/cmake_prefix_path.dsv'
[1.707s] INFO:colcon.colcon_core.shell:Creating environment hook '/home/imml/git/research_2025/apple-harvest-eva/install/ur_robot_driver/share/ur_robot_driver/hook/cmake_prefix_path.sh'
[1.708s] Level 1:colcon.colcon_core.environment:checking '/home/imml/git/research_2025/apple-harvest-eva/install/ur_robot_driver/lib'
[1.708s] Level 1:colcon.colcon_core.shell:create_environment_hook('ur_robot_driver', 'ld_library_path_lib')
[1.708s] INFO:colcon.colcon_core.shell:Creating environment hook '/home/imml/git/research_2025/apple-harvest-eva/install/ur_robot_driver/share/ur_robot_driver/hook/ld_library_path_lib.ps1'
[1.708s] INFO:colcon.colcon_core.shell:Creating environment descriptor '/home/imml/git/research_2025/apple-harvest-eva/install/ur_robot_driver/share/ur_robot_driver/hook/ld_library_path_lib.dsv'
[1.708s] INFO:colcon.colcon_core.shell:Creating environment hook '/home/imml/git/research_2025/apple-harvest-eva/install/ur_robot_driver/share/ur_robot_driver/hook/ld_library_path_lib.sh'
[1.709s] Level 1:colcon.colcon_core.environment:checking '/home/imml/git/research_2025/apple-harvest-eva/install/ur_robot_driver/bin'
[1.709s] Level 1:colcon.colcon_core.shell:create_environment_hook('ur_robot_driver', 'path')
[1.709s] INFO:colcon.colcon_core.shell:Creating environment hook '/home/imml/git/research_2025/apple-harvest-eva/install/ur_robot_driver/share/ur_robot_driver/hook/path.ps1'
[1.709s] INFO:colcon.colcon_core.shell:Creating environment descriptor '/home/imml/git/research_2025/apple-harvest-eva/install/ur_robot_driver/share/ur_robot_driver/hook/path.dsv'
[1.709s] INFO:colcon.colcon_core.shell:Creating environment hook '/home/imml/git/research_2025/apple-harvest-eva/install/ur_robot_driver/share/ur_robot_driver/hook/path.sh'
[1.710s] Level 1:colcon.colcon_core.environment:checking '/home/imml/git/research_2025/apple-harvest-eva/install/ur_robot_driver/lib/pkgconfig/ur_robot_driver.pc'
[1.710s] Level 1:colcon.colcon_core.environment:checking '/home/imml/git/research_2025/apple-harvest-eva/install/ur_robot_driver/lib/python3.10/site-packages'
[1.710s] Level 1:colcon.colcon_core.environment:checking '/home/imml/git/research_2025/apple-harvest-eva/install/ur_robot_driver/bin'
[1.710s] Level 1:colcon.colcon_core.shell:create_environment_hook('ur_robot_driver', 'pythonscriptspath')
[1.710s] INFO:colcon.colcon_core.shell:Creating environment hook '/home/imml/git/research_2025/apple-harvest-eva/install/ur_robot_driver/share/ur_robot_driver/hook/pythonscriptspath.ps1'
[1.711s] INFO:colcon.colcon_core.shell:Creating environment descriptor '/home/imml/git/research_2025/apple-harvest-eva/install/ur_robot_driver/share/ur_robot_driver/hook/pythonscriptspath.dsv'
[1.711s] INFO:colcon.colcon_core.shell:Creating environment hook '/home/imml/git/research_2025/apple-harvest-eva/install/ur_robot_driver/share/ur_robot_driver/hook/pythonscriptspath.sh'
[1.712s] INFO:colcon.colcon_core.shell:Creating package script '/home/imml/git/research_2025/apple-harvest-eva/install/ur_robot_driver/share/ur_robot_driver/package.ps1'
[1.712s] INFO:colcon.colcon_core.shell:Creating package descriptor '/home/imml/git/research_2025/apple-harvest-eva/install/ur_robot_driver/share/ur_robot_driver/package.dsv'
[1.712s] INFO:colcon.colcon_core.shell:Creating package script '/home/imml/git/research_2025/apple-harvest-eva/install/ur_robot_driver/share/ur_robot_driver/package.sh'
[1.713s] INFO:colcon.colcon_core.shell:Creating package script '/home/imml/git/research_2025/apple-harvest-eva/install/ur_robot_driver/share/ur_robot_driver/package.bash'
[1.713s] INFO:colcon.colcon_core.shell:Creating package script '/home/imml/git/research_2025/apple-harvest-eva/install/ur_robot_driver/share/ur_robot_driver/package.zsh'
[1.713s] Level 1:colcon.colcon_core.environment:create_file_with_runtime_dependencies(/home/imml/git/research_2025/apple-harvest-eva/install/ur_robot_driver/share/colcon-core/packages/ur_robot_driver)
[1.714s] Level 1:colcon.colcon_core.environment:create_environment_scripts_only(ur_robot_driver)
[1.714s] Level 1:colcon.colcon_core.environment:checking '/home/imml/git/research_2025/apple-harvest-eva/install/ur_robot_driver' for CMake module files
[1.714s] Level 1:colcon.colcon_core.environment:checking '/home/imml/git/research_2025/apple-harvest-eva/install/ur_robot_driver' for CMake config files
[1.715s] Level 1:colcon.colcon_core.shell:create_environment_hook('ur_robot_driver', 'cmake_prefix_path')
[1.715s] INFO:colcon.colcon_core.shell:Creating environment hook '/home/imml/git/research_2025/apple-harvest-eva/install/ur_robot_driver/share/ur_robot_driver/hook/cmake_prefix_path.ps1'
[1.715s] INFO:colcon.colcon_core.shell:Creating environment descriptor '/home/imml/git/research_2025/apple-harvest-eva/install/ur_robot_driver/share/ur_robot_driver/hook/cmake_prefix_path.dsv'
[1.715s] INFO:colcon.colcon_core.shell:Creating environment hook '/home/imml/git/research_2025/apple-harvest-eva/install/ur_robot_driver/share/ur_robot_driver/hook/cmake_prefix_path.sh'
[1.716s] Level 1:colcon.colcon_core.environment:checking '/home/imml/git/research_2025/apple-harvest-eva/install/ur_robot_driver/lib'
[1.716s] Level 1:colcon.colcon_core.shell:create_environment_hook('ur_robot_driver', 'ld_library_path_lib')
[1.716s] INFO:colcon.colcon_core.shell:Creating environment hook '/home/imml/git/research_2025/apple-harvest-eva/install/ur_robot_driver/share/ur_robot_driver/hook/ld_library_path_lib.ps1'
[1.716s] INFO:colcon.colcon_core.shell:Creating environment descriptor '/home/imml/git/research_2025/apple-harvest-eva/install/ur_robot_driver/share/ur_robot_driver/hook/ld_library_path_lib.dsv'
[1.717s] INFO:colcon.colcon_core.shell:Creating environment hook '/home/imml/git/research_2025/apple-harvest-eva/install/ur_robot_driver/share/ur_robot_driver/hook/ld_library_path_lib.sh'
[1.717s] Level 1:colcon.colcon_core.environment:checking '/home/imml/git/research_2025/apple-harvest-eva/install/ur_robot_driver/bin'
[1.717s] Level 1:colcon.colcon_core.shell:create_environment_hook('ur_robot_driver', 'path')
[1.717s] INFO:colcon.colcon_core.shell:Creating environment hook '/home/imml/git/research_2025/apple-harvest-eva/install/ur_robot_driver/share/ur_robot_driver/hook/path.ps1'
[1.717s] INFO:colcon.colcon_core.shell:Creating environment descriptor '/home/imml/git/research_2025/apple-harvest-eva/install/ur_robot_driver/share/ur_robot_driver/hook/path.dsv'
[1.718s] INFO:colcon.colcon_core.shell:Creating environment hook '/home/imml/git/research_2025/apple-harvest-eva/install/ur_robot_driver/share/ur_robot_driver/hook/path.sh'
[1.718s] Level 1:colcon.colcon_core.environment:checking '/home/imml/git/research_2025/apple-harvest-eva/install/ur_robot_driver/lib/pkgconfig/ur_robot_driver.pc'
[1.718s] Level 1:colcon.colcon_core.environment:checking '/home/imml/git/research_2025/apple-harvest-eva/install/ur_robot_driver/lib/python3.10/site-packages'
[1.718s] Level 1:colcon.colcon_core.environment:checking '/home/imml/git/research_2025/apple-harvest-eva/install/ur_robot_driver/bin'
[1.718s] Level 1:colcon.colcon_core.shell:create_environment_hook('ur_robot_driver', 'pythonscriptspath')
[1.718s] INFO:colcon.colcon_core.shell:Creating environment hook '/home/imml/git/research_2025/apple-harvest-eva/install/ur_robot_driver/share/ur_robot_driver/hook/pythonscriptspath.ps1'
[1.719s] INFO:colcon.colcon_core.shell:Creating environment descriptor '/home/imml/git/research_2025/apple-harvest-eva/install/ur_robot_driver/share/ur_robot_driver/hook/pythonscriptspath.dsv'
[1.719s] INFO:colcon.colcon_core.shell:Creating environment hook '/home/imml/git/research_2025/apple-harvest-eva/install/ur_robot_driver/share/ur_robot_driver/hook/pythonscriptspath.sh'
[1.719s] INFO:colcon.colcon_core.shell:Creating package script '/home/imml/git/research_2025/apple-harvest-eva/install/ur_robot_driver/share/ur_robot_driver/package.ps1'
[1.720s] INFO:colcon.colcon_core.shell:Creating package descriptor '/home/imml/git/research_2025/apple-harvest-eva/install/ur_robot_driver/share/ur_robot_driver/package.dsv'
[1.720s] INFO:colcon.colcon_core.shell:Creating package script '/home/imml/git/research_2025/apple-harvest-eva/install/ur_robot_driver/share/ur_robot_driver/package.sh'
[1.720s] INFO:colcon.colcon_core.shell:Creating package script '/home/imml/git/research_2025/apple-harvest-eva/install/ur_robot_driver/share/ur_robot_driver/package.bash'
[1.721s] INFO:colcon.colcon_core.shell:Creating package script '/home/imml/git/research_2025/apple-harvest-eva/install/ur_robot_driver/share/ur_robot_driver/package.zsh'
[1.721s] Level 1:colcon.colcon_core.environment:create_file_with_runtime_dependencies(/home/imml/git/research_2025/apple-harvest-eva/install/ur_robot_driver/share/colcon-core/packages/ur_robot_driver)
[1.721s] INFO:colcon.colcon_ros.task.ament_cmake.build:Building ROS package in '/home/imml/git/research_2025/apple-harvest-eva/harvest_hardware/Universal_Robots_ROS2_Driver/ur_calibration' with build type 'ament_cmake'
[1.721s] INFO:colcon.colcon_cmake.task.cmake.build:Building CMake package in '/home/imml/git/research_2025/apple-harvest-eva/harvest_hardware/Universal_Robots_ROS2_Driver/ur_calibration'
[1.721s] INFO:colcon.colcon_core.shell:Skip shell extension 'powershell' for command environment: Not usable outside of PowerShell
[1.722s] DEBUG:colcon.colcon_core.shell:Skip shell extension 'dsv' for command environment
[1.737s] DEBUG:colcon.colcon_core.event_handler.log_command:Invoking command in '/home/imml/git/research_2025/apple-harvest-eva/build/ur_calibration': AMENT_PREFIX_PATH=/home/imml/git/research_2025/apple-harvest-eva/install/ur_robot_driver:/home/imml/git/research_2025/apple-harvest-eva/install/ur_controllers:/home/imml/git/research_2025/apple-harvest-eva/install/ur_description:/home/imml/git/research_2025/apple-harvest-eva/install/ur_dashboard_msgs:${AMENT_PREFIX_PATH} CMAKE_PREFIX_PATH=/home/imml/git/research_2025/apple-harvest-eva/install/ur_robot_driver:/home/imml/git/research_2025/apple-harvest-eva/install/ur_controllers:/home/imml/git/research_2025/apple-harvest-eva/install/ur_description:/home/imml/git/research_2025/apple-harvest-eva/install/ur_dashboard_msgs:/home/imml/git/research_2025/apple-harvest-eva/install/ur:/home/imml/git/research_2025/apple-harvest-eva/install/ur_calibration:/home/imml/git/research_2025/apple-harvest-eva/install/ur_moveit_config:/home/imml/git/research_2025/apple-harvest-eva/install/ur_bringup:/home/imml/git/research_2025/apple-harvest-eva/install/realsense2_description:/home/imml/git/research_2025/apple-harvest-eva/install/realsense2_camera:/home/imml/git/research_2025/apple-harvest-eva/install/realsense2_camera_msgs:/home/imml/git/research_2025/apple-harvest-eva/install/harvest_control:/home/imml/git/research_2025/apple-harvest-eva/install/harvest:/home/imml/git/research_2025/apple-harvest-eva/install/harvest_interfaces:/home/imml/git/research_2025/apple-harvest-eva/install/ur5e_custom_hardware:/home/imml/git/research_2025/apple-harvest-eva/install/harvest_vision:/opt/ros/humble PYTHONPATH=/home/imml/git/research_2025/apple-harvest-eva/install/ur_robot_driver/local/lib/python3.10/dist-packages:/home/imml/git/research_2025/apple-harvest-eva/install/ur_dashboard_msgs/local/lib/python3.10/dist-packages:${PYTHONPATH} /usr/bin/cmake --build /home/imml/git/research_2025/apple-harvest-eva/build/ur_calibration -- -j16 -l16
[1.836s] DEBUG:colcon.colcon_core.event_handler.log_command:Invoked command in '/home/imml/git/research_2025/apple-harvest-eva/build/ur_calibration' returned '0': AMENT_PREFIX_PATH=/home/imml/git/research_2025/apple-harvest-eva/install/ur_robot_driver:/home/imml/git/research_2025/apple-harvest-eva/install/ur_controllers:/home/imml/git/research_2025/apple-harvest-eva/install/ur_description:/home/imml/git/research_2025/apple-harvest-eva/install/ur_dashboard_msgs:${AMENT_PREFIX_PATH} CMAKE_PREFIX_PATH=/home/imml/git/research_2025/apple-harvest-eva/install/ur_robot_driver:/home/imml/git/research_2025/apple-harvest-eva/install/ur_controllers:/home/imml/git/research_2025/apple-harvest-eva/install/ur_description:/home/imml/git/research_2025/apple-harvest-eva/install/ur_dashboard_msgs:/home/imml/git/research_2025/apple-harvest-eva/install/ur:/home/imml/git/research_2025/apple-harvest-eva/install/ur_calibration:/home/imml/git/research_2025/apple-harvest-eva/install/ur_moveit_config:/home/imml/git/research_2025/apple-harvest-eva/install/ur_bringup:/home/imml/git/research_2025/apple-harvest-eva/install/realsense2_description:/home/imml/git/research_2025/apple-harvest-eva/install/realsense2_camera:/home/imml/git/research_2025/apple-harvest-eva/install/realsense2_camera_msgs:/home/imml/git/research_2025/apple-harvest-eva/install/harvest_control:/home/imml/git/research_2025/apple-harvest-eva/install/harvest:/home/imml/git/research_2025/apple-harvest-eva/install/harvest_interfaces:/home/imml/git/research_2025/apple-harvest-eva/install/ur5e_custom_hardware:/home/imml/git/research_2025/apple-harvest-eva/install/harvest_vision:/opt/ros/humble PYTHONPATH=/home/imml/git/research_2025/apple-harvest-eva/install/ur_robot_driver/local/lib/python3.10/dist-packages:/home/imml/git/research_2025/apple-harvest-eva/install/ur_dashboard_msgs/local/lib/python3.10/dist-packages:${PYTHONPATH} /usr/bin/cmake --build /home/imml/git/research_2025/apple-harvest-eva/build/ur_calibration -- -j16 -l16
[1.837s] DEBUG:colcon.colcon_core.event_handler.log_command:Invoking command in '/home/imml/git/research_2025/apple-harvest-eva/build/ur_calibration': AMENT_PREFIX_PATH=/home/imml/git/research_2025/apple-harvest-eva/install/ur_robot_driver:/home/imml/git/research_2025/apple-harvest-eva/install/ur_controllers:/home/imml/git/research_2025/apple-harvest-eva/install/ur_description:/home/imml/git/research_2025/apple-harvest-eva/install/ur_dashboard_msgs:${AMENT_PREFIX_PATH} CMAKE_PREFIX_PATH=/home/imml/git/research_2025/apple-harvest-eva/install/ur_robot_driver:/home/imml/git/research_2025/apple-harvest-eva/install/ur_controllers:/home/imml/git/research_2025/apple-harvest-eva/install/ur_description:/home/imml/git/research_2025/apple-harvest-eva/install/ur_dashboard_msgs:/home/imml/git/research_2025/apple-harvest-eva/install/ur:/home/imml/git/research_2025/apple-harvest-eva/install/ur_calibration:/home/imml/git/research_2025/apple-harvest-eva/install/ur_moveit_config:/home/imml/git/research_2025/apple-harvest-eva/install/ur_bringup:/home/imml/git/research_2025/apple-harvest-eva/install/realsense2_description:/home/imml/git/research_2025/apple-harvest-eva/install/realsense2_camera:/home/imml/git/research_2025/apple-harvest-eva/install/realsense2_camera_msgs:/home/imml/git/research_2025/apple-harvest-eva/install/harvest_control:/home/imml/git/research_2025/apple-harvest-eva/install/harvest:/home/imml/git/research_2025/apple-harvest-eva/install/harvest_interfaces:/home/imml/git/research_2025/apple-harvest-eva/install/ur5e_custom_hardware:/home/imml/git/research_2025/apple-harvest-eva/install/harvest_vision:/opt/ros/humble PYTHONPATH=/home/imml/git/research_2025/apple-harvest-eva/install/ur_robot_driver/local/lib/python3.10/dist-packages:/home/imml/git/research_2025/apple-harvest-eva/install/ur_dashboard_msgs/local/lib/python3.10/dist-packages:${PYTHONPATH} /usr/bin/cmake --install /home/imml/git/research_2025/apple-harvest-eva/build/ur_calibration
[1.856s] Level 1:colcon.colcon_core.environment:create_environment_scripts_only(ur_calibration)
[1.857s] Level 1:colcon.colcon_core.environment:checking '/home/imml/git/research_2025/apple-harvest-eva/install/ur_calibration' for CMake module files
[1.857s] DEBUG:colcon.colcon_core.event_handler.log_command:Invoked command in '/home/imml/git/research_2025/apple-harvest-eva/build/ur_calibration' returned '0': AMENT_PREFIX_PATH=/home/imml/git/research_2025/apple-harvest-eva/install/ur_robot_driver:/home/imml/git/research_2025/apple-harvest-eva/install/ur_controllers:/home/imml/git/research_2025/apple-harvest-eva/install/ur_description:/home/imml/git/research_2025/apple-harvest-eva/install/ur_dashboard_msgs:${AMENT_PREFIX_PATH} CMAKE_PREFIX_PATH=/home/imml/git/research_2025/apple-harvest-eva/install/ur_robot_driver:/home/imml/git/research_2025/apple-harvest-eva/install/ur_controllers:/home/imml/git/research_2025/apple-harvest-eva/install/ur_description:/home/imml/git/research_2025/apple-harvest-eva/install/ur_dashboard_msgs:/home/imml/git/research_2025/apple-harvest-eva/install/ur:/home/imml/git/research_2025/apple-harvest-eva/install/ur_calibration:/home/imml/git/research_2025/apple-harvest-eva/install/ur_moveit_config:/home/imml/git/research_2025/apple-harvest-eva/install/ur_bringup:/home/imml/git/research_2025/apple-harvest-eva/install/realsense2_description:/home/imml/git/research_2025/apple-harvest-eva/install/realsense2_camera:/home/imml/git/research_2025/apple-harvest-eva/install/realsense2_camera_msgs:/home/imml/git/research_2025/apple-harvest-eva/install/harvest_control:/home/imml/git/research_2025/apple-harvest-eva/install/harvest:/home/imml/git/research_2025/apple-harvest-eva/install/harvest_interfaces:/home/imml/git/research_2025/apple-harvest-eva/install/ur5e_custom_hardware:/home/imml/git/research_2025/apple-harvest-eva/install/harvest_vision:/opt/ros/humble PYTHONPATH=/home/imml/git/research_2025/apple-harvest-eva/install/ur_robot_driver/local/lib/python3.10/dist-packages:/home/imml/git/research_2025/apple-harvest-eva/install/ur_dashboard_msgs/local/lib/python3.10/dist-packages:${PYTHONPATH} /usr/bin/cmake --install /home/imml/git/research_2025/apple-harvest-eva/build/ur_calibration
[1.857s] Level 1:colcon.colcon_core.environment:checking '/home/imml/git/research_2025/apple-harvest-eva/install/ur_calibration' for CMake config files
[1.858s] Level 1:colcon.colcon_core.shell:create_environment_hook('ur_calibration', 'cmake_prefix_path')
[1.858s] INFO:colcon.colcon_core.shell:Creating environment hook '/home/imml/git/research_2025/apple-harvest-eva/install/ur_calibration/share/ur_calibration/hook/cmake_prefix_path.ps1'
[1.858s] INFO:colcon.colcon_core.shell:Creating environment descriptor '/home/imml/git/research_2025/apple-harvest-eva/install/ur_calibration/share/ur_calibration/hook/cmake_prefix_path.dsv'
[1.859s] INFO:colcon.colcon_core.shell:Creating environment hook '/home/imml/git/research_2025/apple-harvest-eva/install/ur_calibration/share/ur_calibration/hook/cmake_prefix_path.sh'
[1.859s] Level 1:colcon.colcon_core.environment:checking '/home/imml/git/research_2025/apple-harvest-eva/install/ur_calibration/lib'
[1.859s] Level 1:colcon.colcon_core.environment:checking '/home/imml/git/research_2025/apple-harvest-eva/install/ur_calibration/bin'
[1.859s] Level 1:colcon.colcon_core.environment:checking '/home/imml/git/research_2025/apple-harvest-eva/install/ur_calibration/lib/pkgconfig/ur_calibration.pc'
[1.859s] Level 1:colcon.colcon_core.environment:checking '/home/imml/git/research_2025/apple-harvest-eva/install/ur_calibration/lib/python3.10/site-packages'
[1.860s] Level 1:colcon.colcon_core.environment:checking '/home/imml/git/research_2025/apple-harvest-eva/install/ur_calibration/bin'
[1.860s] INFO:colcon.colcon_core.shell:Creating package script '/home/imml/git/research_2025/apple-harvest-eva/install/ur_calibration/share/ur_calibration/package.ps1'
[1.860s] INFO:colcon.colcon_core.shell:Creating package descriptor '/home/imml/git/research_2025/apple-harvest-eva/install/ur_calibration/share/ur_calibration/package.dsv'
[1.860s] INFO:colcon.colcon_core.shell:Creating package script '/home/imml/git/research_2025/apple-harvest-eva/install/ur_calibration/share/ur_calibration/package.sh'
[1.861s] INFO:colcon.colcon_core.shell:Creating package script '/home/imml/git/research_2025/apple-harvest-eva/install/ur_calibration/share/ur_calibration/package.bash'
[1.861s] INFO:colcon.colcon_core.shell:Creating package script '/home/imml/git/research_2025/apple-harvest-eva/install/ur_calibration/share/ur_calibration/package.zsh'
[1.861s] Level 1:colcon.colcon_core.environment:create_file_with_runtime_dependencies(/home/imml/git/research_2025/apple-harvest-eva/install/ur_calibration/share/colcon-core/packages/ur_calibration)
[1.862s] Level 1:colcon.colcon_core.environment:create_environment_scripts_only(ur_calibration)
[1.862s] Level 1:colcon.colcon_core.environment:checking '/home/imml/git/research_2025/apple-harvest-eva/install/ur_calibration' for CMake module files
[1.862s] Level 1:colcon.colcon_core.environment:checking '/home/imml/git/research_2025/apple-harvest-eva/install/ur_calibration' for CMake config files
[1.862s] Level 1:colcon.colcon_core.shell:create_environment_hook('ur_calibration', 'cmake_prefix_path')
[1.863s] INFO:colcon.colcon_core.shell:Creating environment hook '/home/imml/git/research_2025/apple-harvest-eva/install/ur_calibration/share/ur_calibration/hook/cmake_prefix_path.ps1'
[1.863s] INFO:colcon.colcon_core.shell:Creating environment descriptor '/home/imml/git/research_2025/apple-harvest-eva/install/ur_calibration/share/ur_calibration/hook/cmake_prefix_path.dsv'
[1.863s] INFO:colcon.colcon_core.shell:Creating environment hook '/home/imml/git/research_2025/apple-harvest-eva/install/ur_calibration/share/ur_calibration/hook/cmake_prefix_path.sh'
[1.863s] Level 1:colcon.colcon_core.environment:checking '/home/imml/git/research_2025/apple-harvest-eva/install/ur_calibration/lib'
[1.864s] Level 1:colcon.colcon_core.environment:checking '/home/imml/git/research_2025/apple-harvest-eva/install/ur_calibration/bin'
[1.864s] Level 1:colcon.colcon_core.environment:checking '/home/imml/git/research_2025/apple-harvest-eva/install/ur_calibration/lib/pkgconfig/ur_calibration.pc'
[1.864s] Level 1:colcon.colcon_core.environment:checking '/home/imml/git/research_2025/apple-harvest-eva/install/ur_calibration/lib/python3.10/site-packages'
[1.864s] Level 1:colcon.colcon_core.environment:checking '/home/imml/git/research_2025/apple-harvest-eva/install/ur_calibration/bin'
[1.864s] INFO:colcon.colcon_core.shell:Creating package script '/home/imml/git/research_2025/apple-harvest-eva/install/ur_calibration/share/ur_calibration/package.ps1'
[1.864s] INFO:colcon.colcon_core.shell:Creating package descriptor '/home/imml/git/research_2025/apple-harvest-eva/install/ur_calibration/share/ur_calibration/package.dsv'
[1.865s] INFO:colcon.colcon_core.shell:Creating package script '/home/imml/git/research_2025/apple-harvest-eva/install/ur_calibration/share/ur_calibration/package.sh'
[1.865s] INFO:colcon.colcon_core.shell:Creating package script '/home/imml/git/research_2025/apple-harvest-eva/install/ur_calibration/share/ur_calibration/package.bash'
[1.865s] INFO:colcon.colcon_core.shell:Creating package script '/home/imml/git/research_2025/apple-harvest-eva/install/ur_calibration/share/ur_calibration/package.zsh'
[1.866s] Level 1:colcon.colcon_core.environment:create_file_with_runtime_dependencies(/home/imml/git/research_2025/apple-harvest-eva/install/ur_calibration/share/colcon-core/packages/ur_calibration)
[1.866s] INFO:colcon.colcon_ros.task.ament_cmake.build:Building ROS package in '/home/imml/git/research_2025/apple-harvest-eva/harvest_hardware/Universal_Robots_ROS2_Driver/ur' with build type 'ament_cmake'
[1.866s] INFO:colcon.colcon_cmake.task.cmake.build:Building CMake package in '/home/imml/git/research_2025/apple-harvest-eva/harvest_hardware/Universal_Robots_ROS2_Driver/ur'
[1.866s] INFO:colcon.colcon_core.shell:Skip shell extension 'powershell' for command environment: Not usable outside of PowerShell
[1.866s] DEBUG:colcon.colcon_core.shell:Skip shell extension 'dsv' for command environment
[1.884s] DEBUG:colcon.colcon_core.event_handler.log_command:Invoking command in '/home/imml/git/research_2025/apple-harvest-eva/build/ur': AMENT_PREFIX_PATH=/home/imml/git/research_2025/apple-harvest-eva/install/ur_calibration:/home/imml/git/research_2025/apple-harvest-eva/install/ur_robot_driver:/home/imml/git/research_2025/apple-harvest-eva/install/ur_moveit_config:/home/imml/git/research_2025/apple-harvest-eva/install/ur_controllers:/home/imml/git/research_2025/apple-harvest-eva/install/ur_description:/home/imml/git/research_2025/apple-harvest-eva/install/ur_dashboard_msgs:${AMENT_PREFIX_PATH} CMAKE_PREFIX_PATH=/home/imml/git/research_2025/apple-harvest-eva/install/ur_calibration:/home/imml/git/research_2025/apple-harvest-eva/install/ur_robot_driver:/home/imml/git/research_2025/apple-harvest-eva/install/ur_moveit_config:/home/imml/git/research_2025/apple-harvest-eva/install/ur_controllers:/home/imml/git/research_2025/apple-harvest-eva/install/ur_description:/home/imml/git/research_2025/apple-harvest-eva/install/ur_dashboard_msgs:/home/imml/git/research_2025/apple-harvest-eva/install/ur:/home/imml/git/research_2025/apple-harvest-eva/install/ur_bringup:/home/imml/git/research_2025/apple-harvest-eva/install/realsense2_description:/home/imml/git/research_2025/apple-harvest-eva/install/realsense2_camera:/home/imml/git/research_2025/apple-harvest-eva/install/realsense2_camera_msgs:/home/imml/git/research_2025/apple-harvest-eva/install/harvest_control:/home/imml/git/research_2025/apple-harvest-eva/install/harvest:/home/imml/git/research_2025/apple-harvest-eva/install/harvest_interfaces:/home/imml/git/research_2025/apple-harvest-eva/install/ur5e_custom_hardware:/home/imml/git/research_2025/apple-harvest-eva/install/harvest_vision:/opt/ros/humble PYTHONPATH=/home/imml/git/research_2025/apple-harvest-eva/install/ur_robot_driver/local/lib/python3.10/dist-packages:/home/imml/git/research_2025/apple-harvest-eva/install/ur_moveit_config/local/lib/python3.10/dist-packages:/home/imml/git/research_2025/apple-harvest-eva/install/ur_dashboard_msgs/local/lib/python3.10/dist-packages:${PYTHONPATH} /usr/bin/cmake --build /home/imml/git/research_2025/apple-harvest-eva/build/ur -- -j16 -l16
[1.920s] DEBUG:colcon.colcon_core.event_handler.log_command:Invoked command in '/home/imml/git/research_2025/apple-harvest-eva/build/ur' returned '0': AMENT_PREFIX_PATH=/home/imml/git/research_2025/apple-harvest-eva/install/ur_calibration:/home/imml/git/research_2025/apple-harvest-eva/install/ur_robot_driver:/home/imml/git/research_2025/apple-harvest-eva/install/ur_moveit_config:/home/imml/git/research_2025/apple-harvest-eva/install/ur_controllers:/home/imml/git/research_2025/apple-harvest-eva/install/ur_description:/home/imml/git/research_2025/apple-harvest-eva/install/ur_dashboard_msgs:${AMENT_PREFIX_PATH} CMAKE_PREFIX_PATH=/home/imml/git/research_2025/apple-harvest-eva/install/ur_calibration:/home/imml/git/research_2025/apple-harvest-eva/install/ur_robot_driver:/home/imml/git/research_2025/apple-harvest-eva/install/ur_moveit_config:/home/imml/git/research_2025/apple-harvest-eva/install/ur_controllers:/home/imml/git/research_2025/apple-harvest-eva/install/ur_description:/home/imml/git/research_2025/apple-harvest-eva/install/ur_dashboard_msgs:/home/imml/git/research_2025/apple-harvest-eva/install/ur:/home/imml/git/research_2025/apple-harvest-eva/install/ur_bringup:/home/imml/git/research_2025/apple-harvest-eva/install/realsense2_description:/home/imml/git/research_2025/apple-harvest-eva/install/realsense2_camera:/home/imml/git/research_2025/apple-harvest-eva/install/realsense2_camera_msgs:/home/imml/git/research_2025/apple-harvest-eva/install/harvest_control:/home/imml/git/research_2025/apple-harvest-eva/install/harvest:/home/imml/git/research_2025/apple-harvest-eva/install/harvest_interfaces:/home/imml/git/research_2025/apple-harvest-eva/install/ur5e_custom_hardware:/home/imml/git/research_2025/apple-harvest-eva/install/harvest_vision:/opt/ros/humble PYTHONPATH=/home/imml/git/research_2025/apple-harvest-eva/install/ur_robot_driver/local/lib/python3.10/dist-packages:/home/imml/git/research_2025/apple-harvest-eva/install/ur_moveit_config/local/lib/python3.10/dist-packages:/home/imml/git/research_2025/apple-harvest-eva/install/ur_dashboard_msgs/local/lib/python3.10/dist-packages:${PYTHONPATH} /usr/bin/cmake --build /home/imml/git/research_2025/apple-harvest-eva/build/ur -- -j16 -l16
[1.921s] DEBUG:colcon.colcon_core.event_handler.log_command:Invoking command in '/home/imml/git/research_2025/apple-harvest-eva/build/ur': AMENT_PREFIX_PATH=/home/imml/git/research_2025/apple-harvest-eva/install/ur_calibration:/home/imml/git/research_2025/apple-harvest-eva/install/ur_robot_driver:/home/imml/git/research_2025/apple-harvest-eva/install/ur_moveit_config:/home/imml/git/research_2025/apple-harvest-eva/install/ur_controllers:/home/imml/git/research_2025/apple-harvest-eva/install/ur_description:/home/imml/git/research_2025/apple-harvest-eva/install/ur_dashboard_msgs:${AMENT_PREFIX_PATH} CMAKE_PREFIX_PATH=/home/imml/git/research_2025/apple-harvest-eva/install/ur_calibration:/home/imml/git/research_2025/apple-harvest-eva/install/ur_robot_driver:/home/imml/git/research_2025/apple-harvest-eva/install/ur_moveit_config:/home/imml/git/research_2025/apple-harvest-eva/install/ur_controllers:/home/imml/git/research_2025/apple-harvest-eva/install/ur_description:/home/imml/git/research_2025/apple-harvest-eva/install/ur_dashboard_msgs:/home/imml/git/research_2025/apple-harvest-eva/install/ur:/home/imml/git/research_2025/apple-harvest-eva/install/ur_bringup:/home/imml/git/research_2025/apple-harvest-eva/install/realsense2_description:/home/imml/git/research_2025/apple-harvest-eva/install/realsense2_camera:/home/imml/git/research_2025/apple-harvest-eva/install/realsense2_camera_msgs:/home/imml/git/research_2025/apple-harvest-eva/install/harvest_control:/home/imml/git/research_2025/apple-harvest-eva/install/harvest:/home/imml/git/research_2025/apple-harvest-eva/install/harvest_interfaces:/home/imml/git/research_2025/apple-harvest-eva/install/ur5e_custom_hardware:/home/imml/git/research_2025/apple-harvest-eva/install/harvest_vision:/opt/ros/humble PYTHONPATH=/home/imml/git/research_2025/apple-harvest-eva/install/ur_robot_driver/local/lib/python3.10/dist-packages:/home/imml/git/research_2025/apple-harvest-eva/install/ur_moveit_config/local/lib/python3.10/dist-packages:/home/imml/git/research_2025/apple-harvest-eva/install/ur_dashboard_msgs/local/lib/python3.10/dist-packages:${PYTHONPATH} /usr/bin/cmake --install /home/imml/git/research_2025/apple-harvest-eva/build/ur
[1.939s] Level 1:colcon.colcon_core.environment:create_environment_scripts_only(ur)
[1.940s] Level 1:colcon.colcon_core.environment:checking '/home/imml/git/research_2025/apple-harvest-eva/install/ur' for CMake module files
[1.940s] DEBUG:colcon.colcon_core.event_handler.log_command:Invoked command in '/home/imml/git/research_2025/apple-harvest-eva/build/ur' returned '0': AMENT_PREFIX_PATH=/home/imml/git/research_2025/apple-harvest-eva/install/ur_calibration:/home/imml/git/research_2025/apple-harvest-eva/install/ur_robot_driver:/home/imml/git/research_2025/apple-harvest-eva/install/ur_moveit_config:/home/imml/git/research_2025/apple-harvest-eva/install/ur_controllers:/home/imml/git/research_2025/apple-harvest-eva/install/ur_description:/home/imml/git/research_2025/apple-harvest-eva/install/ur_dashboard_msgs:${AMENT_PREFIX_PATH} CMAKE_PREFIX_PATH=/home/imml/git/research_2025/apple-harvest-eva/install/ur_calibration:/home/imml/git/research_2025/apple-harvest-eva/install/ur_robot_driver:/home/imml/git/research_2025/apple-harvest-eva/install/ur_moveit_config:/home/imml/git/research_2025/apple-harvest-eva/install/ur_controllers:/home/imml/git/research_2025/apple-harvest-eva/install/ur_description:/home/imml/git/research_2025/apple-harvest-eva/install/ur_dashboard_msgs:/home/imml/git/research_2025/apple-harvest-eva/install/ur:/home/imml/git/research_2025/apple-harvest-eva/install/ur_bringup:/home/imml/git/research_2025/apple-harvest-eva/install/realsense2_description:/home/imml/git/research_2025/apple-harvest-eva/install/realsense2_camera:/home/imml/git/research_2025/apple-harvest-eva/install/realsense2_camera_msgs:/home/imml/git/research_2025/apple-harvest-eva/install/harvest_control:/home/imml/git/research_2025/apple-harvest-eva/install/harvest:/home/imml/git/research_2025/apple-harvest-eva/install/harvest_interfaces:/home/imml/git/research_2025/apple-harvest-eva/install/ur5e_custom_hardware:/home/imml/git/research_2025/apple-harvest-eva/install/harvest_vision:/opt/ros/humble PYTHONPATH=/home/imml/git/research_2025/apple-harvest-eva/install/ur_robot_driver/local/lib/python3.10/dist-packages:/home/imml/git/research_2025/apple-harvest-eva/install/ur_moveit_config/local/lib/python3.10/dist-packages:/home/imml/git/research_2025/apple-harvest-eva/install/ur_dashboard_msgs/local/lib/python3.10/dist-packages:${PYTHONPATH} /usr/bin/cmake --install /home/imml/git/research_2025/apple-harvest-eva/build/ur
[1.940s] Level 1:colcon.colcon_core.environment:checking '/home/imml/git/research_2025/apple-harvest-eva/install/ur' for CMake config files
[1.941s] Level 1:colcon.colcon_core.shell:create_environment_hook('ur', 'cmake_prefix_path')
[1.941s] INFO:colcon.colcon_core.shell:Creating environment hook '/home/imml/git/research_2025/apple-harvest-eva/install/ur/share/ur/hook/cmake_prefix_path.ps1'
[1.941s] INFO:colcon.colcon_core.shell:Creating environment descriptor '/home/imml/git/research_2025/apple-harvest-eva/install/ur/share/ur/hook/cmake_prefix_path.dsv'
[1.942s] INFO:colcon.colcon_core.shell:Creating environment hook '/home/imml/git/research_2025/apple-harvest-eva/install/ur/share/ur/hook/cmake_prefix_path.sh'
[1.942s] Level 1:colcon.colcon_core.environment:checking '/home/imml/git/research_2025/apple-harvest-eva/install/ur/bin'
[1.942s] Level 1:colcon.colcon_core.environment:checking '/home/imml/git/research_2025/apple-harvest-eva/install/ur/lib/pkgconfig/ur.pc'
[1.942s] Level 1:colcon.colcon_core.environment:checking '/home/imml/git/research_2025/apple-harvest-eva/install/ur/lib/python3.10/site-packages'
[1.942s] Level 1:colcon.colcon_core.environment:checking '/home/imml/git/research_2025/apple-harvest-eva/install/ur/bin'
[1.943s] INFO:colcon.colcon_core.shell:Creating package script '/home/imml/git/research_2025/apple-harvest-eva/install/ur/share/ur/package.ps1'
[1.943s] INFO:colcon.colcon_core.shell:Creating package descriptor '/home/imml/git/research_2025/apple-harvest-eva/install/ur/share/ur/package.dsv'
[1.943s] INFO:colcon.colcon_core.shell:Creating package script '/home/imml/git/research_2025/apple-harvest-eva/install/ur/share/ur/package.sh'
[1.944s] INFO:colcon.colcon_core.shell:Creating package script '/home/imml/git/research_2025/apple-harvest-eva/install/ur/share/ur/package.bash'
[1.944s] INFO:colcon.colcon_core.shell:Creating package script '/home/imml/git/research_2025/apple-harvest-eva/install/ur/share/ur/package.zsh'
[1.944s] Level 1:colcon.colcon_core.environment:create_file_with_runtime_dependencies(/home/imml/git/research_2025/apple-harvest-eva/install/ur/share/colcon-core/packages/ur)
[1.945s] Level 1:colcon.colcon_core.environment:create_environment_scripts_only(ur)
[1.945s] Level 1:colcon.colcon_core.environment:checking '/home/imml/git/research_2025/apple-harvest-eva/install/ur' for CMake module files
[1.946s] Level 1:colcon.colcon_core.environment:checking '/home/imml/git/research_2025/apple-harvest-eva/install/ur' for CMake config files
[1.946s] Level 1:colcon.colcon_core.shell:create_environment_hook('ur', 'cmake_prefix_path')
[1.946s] INFO:colcon.colcon_core.shell:Creating environment hook '/home/imml/git/research_2025/apple-harvest-eva/install/ur/share/ur/hook/cmake_prefix_path.ps1'
[1.946s] INFO:colcon.colcon_core.shell:Creating environment descriptor '/home/imml/git/research_2025/apple-harvest-eva/install/ur/share/ur/hook/cmake_prefix_path.dsv'
[1.947s] INFO:colcon.colcon_core.shell:Creating environment hook '/home/imml/git/research_2025/apple-harvest-eva/install/ur/share/ur/hook/cmake_prefix_path.sh'
[1.947s] Level 1:colcon.colcon_core.environment:checking '/home/imml/git/research_2025/apple-harvest-eva/install/ur/bin'
[1.947s] Level 1:colcon.colcon_core.environment:checking '/home/imml/git/research_2025/apple-harvest-eva/install/ur/lib/pkgconfig/ur.pc'
[1.948s] Level 1:colcon.colcon_core.environment:checking '/home/imml/git/research_2025/apple-harvest-eva/install/ur/lib/python3.10/site-packages'
[1.948s] Level 1:colcon.colcon_core.environment:checking '/home/imml/git/research_2025/apple-harvest-eva/install/ur/bin'
[1.948s] INFO:colcon.colcon_core.shell:Creating package script '/home/imml/git/research_2025/apple-harvest-eva/install/ur/share/ur/package.ps1'
[1.948s] INFO:colcon.colcon_core.shell:Creating package descriptor '/home/imml/git/research_2025/apple-harvest-eva/install/ur/share/ur/package.dsv'
[1.949s] INFO:colcon.colcon_core.shell:Creating package script '/home/imml/git/research_2025/apple-harvest-eva/install/ur/share/ur/package.sh'
[1.949s] INFO:colcon.colcon_core.shell:Creating package script '/home/imml/git/research_2025/apple-harvest-eva/install/ur/share/ur/package.bash'
[1.950s] INFO:colcon.colcon_core.shell:Creating package script '/home/imml/git/research_2025/apple-harvest-eva/install/ur/share/ur/package.zsh'
[1.950s] Level 1:colcon.colcon_core.environment:create_file_with_runtime_dependencies(/home/imml/git/research_2025/apple-harvest-eva/install/ur/share/colcon-core/packages/ur)
[1.980s] Level 1:colcon.colcon_core.shell:create_environment_hook('harvest_vision', 'pythonpath_develop')
[1.981s] INFO:colcon.colcon_core.shell:Creating environment hook '/home/imml/git/research_2025/apple-harvest-eva/build/harvest_vision/share/harvest_vision/hook/pythonpath_develop.ps1'
[1.981s] DEBUG:colcon.colcon_core.event_handler.log_command:Invoked command in '/home/imml/git/research_2025/apple-harvest-eva/build/harvest_vision' returned '0': AMENT_PREFIX_PATH=/home/imml/git/research_2025/apple-harvest-eva/install/harvest_interfaces:${AMENT_PREFIX_PATH} CMAKE_PREFIX_PATH=/home/imml/git/research_2025/apple-harvest-eva/install/harvest_interfaces:/home/imml/git/research_2025/apple-harvest-eva/install/ur:/home/imml/git/research_2025/apple-harvest-eva/install/ur_calibration:/home/imml/git/research_2025/apple-harvest-eva/install/ur_robot_driver:/home/imml/git/research_2025/apple-harvest-eva/install/ur_moveit_config:/home/imml/git/research_2025/apple-harvest-eva/install/ur_bringup:/home/imml/git/research_2025/apple-harvest-eva/install/ur_description:/home/imml/git/research_2025/apple-harvest-eva/install/ur_controllers:/home/imml/git/research_2025/apple-harvest-eva/install/ur_dashboard_msgs:/home/imml/git/research_2025/apple-harvest-eva/install/realsense2_description:/home/imml/git/research_2025/apple-harvest-eva/install/realsense2_camera:/home/imml/git/research_2025/apple-harvest-eva/install/realsense2_camera_msgs:/home/imml/git/research_2025/apple-harvest-eva/install/harvest_control:/home/imml/git/research_2025/apple-harvest-eva/install/harvest LD_LIBRARY_PATH=/home/imml/git/research_2025/apple-harvest-eva/install/harvest_interfaces/lib:/home/imml/git/research_2025/apple-harvest-eva/install/ur_robot_driver/lib:/home/imml/git/research_2025/apple-harvest-eva/install/ur_controllers/lib:/home/imml/git/research_2025/apple-harvest-eva/install/ur_dashboard_msgs/lib:/home/imml/git/research_2025/apple-harvest-eva/install/realsense2_camera/lib:/home/imml/git/research_2025/apple-harvest-eva/install/realsense2_camera_msgs/lib:/usr/local/cuda-12.9/lib64:/opt/ros/humble/opt/rviz_ogre_vendor/lib:/opt/ros/humble/lib/x86_64-linux-gnu:/opt/ros/humble/lib PYTHONPATH=/home/imml/git/research_2025/apple-harvest-eva/build/harvest_vision/prefix_override:/usr/lib/python3/dist-packages/colcon_core/task/python/colcon_distutils_commands:/home/imml/git/research_2025/apple-harvest-eva/install/harvest_vision/lib/python3.10/site-packages:/home/imml/git/research_2025/apple-harvest-eva/install/harvest_interfaces/local/lib/python3.10/dist-packages:${PYTHONPATH} /usr/bin/python3 -W ignore:setup.py install is deprecated -W ignore:easy_install command is deprecated setup.py develop --editable --build-directory /home/imml/git/research_2025/apple-harvest-eva/build/harvest_vision/build --no-deps symlink_data
[1.981s] INFO:colcon.colcon_core.shell:Creating environment descriptor '/home/imml/git/research_2025/apple-harvest-eva/build/harvest_vision/share/harvest_vision/hook/pythonpath_develop.dsv'
[1.982s] INFO:colcon.colcon_core.shell:Creating environment hook '/home/imml/git/research_2025/apple-harvest-eva/build/harvest_vision/share/harvest_vision/hook/pythonpath_develop.sh'
[1.982s] Level 1:colcon.colcon_core.environment:checking '/home/imml/git/research_2025/apple-harvest-eva/install/harvest_vision' for CMake module files
[1.982s] Level 1:colcon.colcon_core.environment:checking '/home/imml/git/research_2025/apple-harvest-eva/install/harvest_vision' for CMake config files
[1.983s] Level 1:colcon.colcon_core.environment:checking '/home/imml/git/research_2025/apple-harvest-eva/install/harvest_vision/lib'
[1.983s] Level 1:colcon.colcon_core.environment:checking '/home/imml/git/research_2025/apple-harvest-eva/install/harvest_vision/bin'
[1.983s] Level 1:colcon.colcon_core.environment:checking '/home/imml/git/research_2025/apple-harvest-eva/install/harvest_vision/lib/pkgconfig/harvest_vision.pc'
[1.984s] Level 1:colcon.colcon_core.environment:checking '/home/imml/git/research_2025/apple-harvest-eva/install/harvest_vision/lib/python3.10/site-packages'
[1.984s] Level 1:colcon.colcon_core.shell:create_environment_hook('harvest_vision', 'pythonpath')
[1.984s] INFO:colcon.colcon_core.shell:Creating environment hook '/home/imml/git/research_2025/apple-harvest-eva/install/harvest_vision/share/harvest_vision/hook/pythonpath.ps1'
[1.984s] INFO:colcon.colcon_core.shell:Creating environment descriptor '/home/imml/git/research_2025/apple-harvest-eva/install/harvest_vision/share/harvest_vision/hook/pythonpath.dsv'
[1.984s] INFO:colcon.colcon_core.shell:Creating environment hook '/home/imml/git/research_2025/apple-harvest-eva/install/harvest_vision/share/harvest_vision/hook/pythonpath.sh'
[1.985s] Level 1:colcon.colcon_core.environment:checking '/home/imml/git/research_2025/apple-harvest-eva/install/harvest_vision/bin'
[1.985s] Level 1:colcon.colcon_core.environment:create_environment_scripts_only(harvest_vision)
[1.985s] INFO:colcon.colcon_core.shell:Creating package script '/home/imml/git/research_2025/apple-harvest-eva/install/harvest_vision/share/harvest_vision/package.ps1'
[1.985s] INFO:colcon.colcon_core.shell:Creating package descriptor '/home/imml/git/research_2025/apple-harvest-eva/install/harvest_vision/share/harvest_vision/package.dsv'
[1.986s] INFO:colcon.colcon_core.shell:Creating package script '/home/imml/git/research_2025/apple-harvest-eva/install/harvest_vision/share/harvest_vision/package.sh'
[1.986s] INFO:colcon.colcon_core.shell:Creating package script '/home/imml/git/research_2025/apple-harvest-eva/install/harvest_vision/share/harvest_vision/package.bash'
[1.987s] INFO:colcon.colcon_core.shell:Creating package script '/home/imml/git/research_2025/apple-harvest-eva/install/harvest_vision/share/harvest_vision/package.zsh'
[1.987s] Level 1:colcon.colcon_core.environment:create_file_with_runtime_dependencies(/home/imml/git/research_2025/apple-harvest-eva/install/harvest_vision/share/colcon-core/packages/harvest_vision)
[1.987s] DEBUG:colcon.colcon_parallel_executor.executor.parallel:closing loop
[1.987s] DEBUG:colcon.colcon_parallel_executor.executor.parallel:loop closed
[1.987s] DEBUG:colcon.colcon_parallel_executor.executor.parallel:run_until_complete finished with '0'
[1.987s] DEBUG:colcon.colcon_core.event_reactor:joining thread
[1.992s] INFO:colcon.colcon_core.plugin_system:Skipping extension 'colcon_notification.desktop_notification.terminal_notifier': Not used on non-Darwin systems
[1.992s] INFO:colcon.colcon_core.plugin_system:Skipping extension 'colcon_notification.desktop_notification.win32': Not used on non-Windows systems
[1.992s] INFO:colcon.colcon_notification.desktop_notification:Sending desktop notification using 'notify2'
[2.001s] DEBUG:colcon.colcon_core.event_reactor:joined thread
[2.002s] INFO:colcon.colcon_core.shell:Creating prefix script '/home/imml/git/research_2025/apple-harvest-eva/install/local_setup.ps1'
[2.003s] INFO:colcon.colcon_core.shell:Creating prefix util module '/home/imml/git/research_2025/apple-harvest-eva/install/_local_setup_util_ps1.py'
[2.004s] INFO:colcon.colcon_core.shell:Creating prefix chain script '/home/imml/git/research_2025/apple-harvest-eva/install/setup.ps1'
[2.004s] INFO:colcon.colcon_core.shell:Creating prefix script '/home/imml/git/research_2025/apple-harvest-eva/install/local_setup.sh'
[2.005s] INFO:colcon.colcon_core.shell:Creating prefix util module '/home/imml/git/research_2025/apple-harvest-eva/install/_local_setup_util_sh.py'
[2.005s] INFO:colcon.colcon_core.shell:Creating prefix chain script '/home/imml/git/research_2025/apple-harvest-eva/install/setup.sh'
[2.006s] INFO:colcon.colcon_core.shell:Creating prefix script '/home/imml/git/research_2025/apple-harvest-eva/install/local_setup.bash'
[2.006s] INFO:colcon.colcon_core.shell:Creating prefix chain script '/home/imml/git/research_2025/apple-harvest-eva/install/setup.bash'
[2.007s] INFO:colcon.colcon_core.shell:Creating prefix script '/home/imml/git/research_2025/apple-harvest-eva/install/local_setup.zsh'
[2.007s] INFO:colcon.colcon_core.shell:Creating prefix chain script '/home/imml/git/research_2025/apple-harvest-eva/install/setup.zsh'
