[0.077s] DEBUG:colcon:Command line arguments: ['/usr/bin/colcon', 'build', '--symlink-install']
[0.077s] DEBUG:colcon:Parsed command line arguments: Namespace(log_base=None, log_level=None, verb_name='build', build_base='build', install_base='install', merge_install=False, symlink_install=True, test_result_base=None, continue_on_error=False, executor='parallel', parallel_workers=16, event_handlers=None, ignore_user_meta=False, metas=['./colcon.meta'], base_paths=['.'], packages_ignore=None, packages_ignore_regex=None, paths=None, packages_up_to=None, packages_up_to_regex=None, packages_above=None, packages_above_and_dependencies=None, packages_above_depth=None, packages_select_by_dep=None, packages_skip_by_dep=None, packages_skip_up_to=None, packages_select_build_failed=False, packages_skip_build_finished=False, packages_select_test_failures=False, packages_skip_test_passed=False, packages_select=None, packages_skip=None, packages_select_regex=None, packages_skip_regex=None, packages_start=None, packages_end=None, allow_overriding=[], cmake_args=None, cmake_target=None, cmake_target_skip_unavailable=False, cmake_clean_cache=False, cmake_clean_first=False, cmake_force_configure=False, ament_cmake_args=None, catkin_cmake_args=None, catkin_skip_building_tests=False, mixin_files=None, mixin=None, verb_parser=<colcon_mixin.mixin.mixin_argument.MixinArgumentDecorator object at 0x775d58977490>, verb_extension=<colcon_core.verb.build.BuildVerb object at 0x775d58976e30>, main=<bound method BuildVerb.main of <colcon_core.verb.build.BuildVerb object at 0x775d58976e30>>, mixin_verb=('build',))
[0.219s] Level 1:colcon.colcon_core.package_discovery:discover_packages(colcon_meta) check parameters
[0.219s] Level 1:colcon.colcon_core.package_discovery:discover_packages(recursive) check parameters
[0.219s] Level 1:colcon.colcon_core.package_discovery:discover_packages(ignore) check parameters
[0.219s] Level 1:colcon.colcon_core.package_discovery:discover_packages(path) check parameters
[0.219s] Level 1:colcon.colcon_core.package_discovery:discover_packages(colcon_meta) discover
[0.219s] Level 1:colcon.colcon_core.package_discovery:discover_packages(recursive) discover
[0.219s] INFO:colcon.colcon_core.package_discovery:Crawling recursively for packages in '/home/imml/git/research_2025/apple-harvest-eva'
[0.219s] Level 1:colcon.colcon_core.package_identification:_identify(.) by extensions ['ignore', 'ignore_ament_install']
[0.219s] Level 1:colcon.colcon_core.package_identification:_identify(.) by extension 'ignore'
[0.219s] Level 1:colcon.colcon_core.package_identification:_identify(.) by extension 'ignore_ament_install'
[0.219s] Level 1:colcon.colcon_core.package_identification:_identify(.) by extensions ['colcon_pkg']
[0.219s] Level 1:colcon.colcon_core.package_identification:_identify(.) by extension 'colcon_pkg'
[0.219s] Level 1:colcon.colcon_core.package_identification:_identify(.) by extensions ['colcon_meta']
[0.219s] Level 1:colcon.colcon_core.package_identification:_identify(.) by extension 'colcon_meta'
[0.219s] Level 1:colcon.colcon_core.package_identification:_identify(.) by extensions ['ros']
[0.219s] Level 1:colcon.colcon_core.package_identification:_identify(.) by extension 'ros'
[0.243s] Level 1:colcon.colcon_core.package_identification:_identify(.) by extensions ['cmake', 'python']
[0.243s] Level 1:colcon.colcon_core.package_identification:_identify(.) by extension 'cmake'
[0.243s] Level 1:colcon.colcon_core.package_identification:_identify(.) by extension 'python'
[0.243s] Level 1:colcon.colcon_core.package_identification:_identify(.) by extensions ['python_setup_py']
[0.243s] Level 1:colcon.colcon_core.package_identification:_identify(.) by extension 'python_setup_py'
[0.244s] Level 1:colcon.colcon_core.package_identification:_identify(build) by extensions ['ignore', 'ignore_ament_install']
[0.244s] Level 1:colcon.colcon_core.package_identification:_identify(build) by extension 'ignore'
[0.244s] Level 1:colcon.colcon_core.package_identification:_identify(build) ignored
[0.244s] Level 1:colcon.colcon_core.package_identification:_identify(harvest) by extensions ['ignore', 'ignore_ament_install']
[0.244s] Level 1:colcon.colcon_core.package_identification:_identify(harvest) by extension 'ignore'
[0.244s] Level 1:colcon.colcon_core.package_identification:_identify(harvest) by extension 'ignore_ament_install'
[0.244s] Level 1:colcon.colcon_core.package_identification:_identify(harvest) by extensions ['colcon_pkg']
[0.244s] Level 1:colcon.colcon_core.package_identification:_identify(harvest) by extension 'colcon_pkg'
[0.244s] Level 1:colcon.colcon_core.package_identification:_identify(harvest) by extensions ['colcon_meta']
[0.244s] Level 1:colcon.colcon_core.package_identification:_identify(harvest) by extension 'colcon_meta'
[0.244s] Level 1:colcon.colcon_core.package_identification:_identify(harvest) by extensions ['ros']
[0.244s] Level 1:colcon.colcon_core.package_identification:_identify(harvest) by extension 'ros'
[0.253s] DEBUG:colcon.colcon_core.package_identification:Package 'harvest' with type 'ros.ament_cmake' and name 'harvest'
[0.253s] Level 1:colcon.colcon_core.package_identification:_identify(harvest_control) by extensions ['ignore', 'ignore_ament_install']
[0.253s] Level 1:colcon.colcon_core.package_identification:_identify(harvest_control) by extension 'ignore'
[0.253s] Level 1:colcon.colcon_core.package_identification:_identify(harvest_control) by extension 'ignore_ament_install'
[0.253s] Level 1:colcon.colcon_core.package_identification:_identify(harvest_control) by extensions ['colcon_pkg']
[0.253s] Level 1:colcon.colcon_core.package_identification:_identify(harvest_control) by extension 'colcon_pkg'
[0.253s] Level 1:colcon.colcon_core.package_identification:_identify(harvest_control) by extensions ['colcon_meta']
[0.254s] Level 1:colcon.colcon_core.package_identification:_identify(harvest_control) by extension 'colcon_meta'
[0.254s] Level 1:colcon.colcon_core.package_identification:_identify(harvest_control) by extensions ['ros']
[0.254s] Level 1:colcon.colcon_core.package_identification:_identify(harvest_control) by extension 'ros'
[0.255s] DEBUG:colcon.colcon_core.package_identification:Package 'harvest_control' with type 'ros.ament_cmake' and name 'harvest_control'
[0.255s] Level 1:colcon.colcon_core.package_identification:_identify(harvest_hardware) by extensions ['ignore', 'ignore_ament_install']
[0.255s] Level 1:colcon.colcon_core.package_identification:_identify(harvest_hardware) by extension 'ignore'
[0.255s] Level 1:colcon.colcon_core.package_identification:_identify(harvest_hardware) by extension 'ignore_ament_install'
[0.255s] Level 1:colcon.colcon_core.package_identification:_identify(harvest_hardware) by extensions ['colcon_pkg']
[0.255s] Level 1:colcon.colcon_core.package_identification:_identify(harvest_hardware) by extension 'colcon_pkg'
[0.255s] Level 1:colcon.colcon_core.package_identification:_identify(harvest_hardware) by extensions ['colcon_meta']
[0.255s] Level 1:colcon.colcon_core.package_identification:_identify(harvest_hardware) by extension 'colcon_meta'
[0.255s] Level 1:colcon.colcon_core.package_identification:_identify(harvest_hardware) by extensions ['ros']
[0.255s] Level 1:colcon.colcon_core.package_identification:_identify(harvest_hardware) by extension 'ros'
[0.255s] Level 1:colcon.colcon_core.package_identification:_identify(harvest_hardware) by extensions ['cmake', 'python']
[0.255s] Level 1:colcon.colcon_core.package_identification:_identify(harvest_hardware) by extension 'cmake'
[0.255s] Level 1:colcon.colcon_core.package_identification:_identify(harvest_hardware) by extension 'python'
[0.255s] Level 1:colcon.colcon_core.package_identification:_identify(harvest_hardware) by extensions ['python_setup_py']
[0.255s] Level 1:colcon.colcon_core.package_identification:_identify(harvest_hardware) by extension 'python_setup_py'
[0.255s] Level 1:colcon.colcon_core.package_identification:_identify(harvest_hardware/Universal_Robots_ROS2_Description) by extensions ['ignore', 'ignore_ament_install']
[0.255s] Level 1:colcon.colcon_core.package_identification:_identify(harvest_hardware/Universal_Robots_ROS2_Description) by extension 'ignore'
[0.255s] Level 1:colcon.colcon_core.package_identification:_identify(harvest_hardware/Universal_Robots_ROS2_Description) by extension 'ignore_ament_install'
[0.255s] Level 1:colcon.colcon_core.package_identification:_identify(harvest_hardware/Universal_Robots_ROS2_Description) by extensions ['colcon_pkg']
[0.255s] Level 1:colcon.colcon_core.package_identification:_identify(harvest_hardware/Universal_Robots_ROS2_Description) by extension 'colcon_pkg'
[0.255s] Level 1:colcon.colcon_core.package_identification:_identify(harvest_hardware/Universal_Robots_ROS2_Description) by extensions ['colcon_meta']
[0.255s] Level 1:colcon.colcon_core.package_identification:_identify(harvest_hardware/Universal_Robots_ROS2_Description) by extension 'colcon_meta'
[0.255s] Level 1:colcon.colcon_core.package_identification:_identify(harvest_hardware/Universal_Robots_ROS2_Description) by extensions ['ros']
[0.256s] Level 1:colcon.colcon_core.package_identification:_identify(harvest_hardware/Universal_Robots_ROS2_Description) by extension 'ros'
[0.257s] DEBUG:colcon.colcon_core.package_identification:Package 'harvest_hardware/Universal_Robots_ROS2_Description' with type 'ros.ament_cmake' and name 'ur_description'
[0.257s] Level 1:colcon.colcon_core.package_identification:_identify(harvest_hardware/Universal_Robots_ROS2_Driver) by extensions ['ignore', 'ignore_ament_install']
[0.257s] Level 1:colcon.colcon_core.package_identification:_identify(harvest_hardware/Universal_Robots_ROS2_Driver) by extension 'ignore'
[0.257s] Level 1:colcon.colcon_core.package_identification:_identify(harvest_hardware/Universal_Robots_ROS2_Driver) by extension 'ignore_ament_install'
[0.257s] Level 1:colcon.colcon_core.package_identification:_identify(harvest_hardware/Universal_Robots_ROS2_Driver) by extensions ['colcon_pkg']
[0.257s] Level 1:colcon.colcon_core.package_identification:_identify(harvest_hardware/Universal_Robots_ROS2_Driver) by extension 'colcon_pkg'
[0.257s] Level 1:colcon.colcon_core.package_identification:_identify(harvest_hardware/Universal_Robots_ROS2_Driver) by extensions ['colcon_meta']
[0.257s] Level 1:colcon.colcon_core.package_identification:_identify(harvest_hardware/Universal_Robots_ROS2_Driver) by extension 'colcon_meta'
[0.257s] Level 1:colcon.colcon_core.package_identification:_identify(harvest_hardware/Universal_Robots_ROS2_Driver) by extensions ['ros']
[0.257s] Level 1:colcon.colcon_core.package_identification:_identify(harvest_hardware/Universal_Robots_ROS2_Driver) by extension 'ros'
[0.257s] Level 1:colcon.colcon_core.package_identification:_identify(harvest_hardware/Universal_Robots_ROS2_Driver) by extensions ['cmake', 'python']
[0.257s] Level 1:colcon.colcon_core.package_identification:_identify(harvest_hardware/Universal_Robots_ROS2_Driver) by extension 'cmake'
[0.257s] Level 1:colcon.colcon_core.package_identification:_identify(harvest_hardware/Universal_Robots_ROS2_Driver) by extension 'python'
[0.257s] Level 1:colcon.colcon_core.package_identification:_identify(harvest_hardware/Universal_Robots_ROS2_Driver) by extensions ['python_setup_py']
[0.257s] Level 1:colcon.colcon_core.package_identification:_identify(harvest_hardware/Universal_Robots_ROS2_Driver) by extension 'python_setup_py'
[0.257s] Level 1:colcon.colcon_core.package_identification:_identify(harvest_hardware/Universal_Robots_ROS2_Driver/ur) by extensions ['ignore', 'ignore_ament_install']
[0.257s] Level 1:colcon.colcon_core.package_identification:_identify(harvest_hardware/Universal_Robots_ROS2_Driver/ur) by extension 'ignore'
[0.257s] Level 1:colcon.colcon_core.package_identification:_identify(harvest_hardware/Universal_Robots_ROS2_Driver/ur) by extension 'ignore_ament_install'
[0.257s] Level 1:colcon.colcon_core.package_identification:_identify(harvest_hardware/Universal_Robots_ROS2_Driver/ur) by extensions ['colcon_pkg']
[0.257s] Level 1:colcon.colcon_core.package_identification:_identify(harvest_hardware/Universal_Robots_ROS2_Driver/ur) by extension 'colcon_pkg'
[0.257s] Level 1:colcon.colcon_core.package_identification:_identify(harvest_hardware/Universal_Robots_ROS2_Driver/ur) by extensions ['colcon_meta']
[0.257s] Level 1:colcon.colcon_core.package_identification:_identify(harvest_hardware/Universal_Robots_ROS2_Driver/ur) by extension 'colcon_meta'
[0.257s] Level 1:colcon.colcon_core.package_identification:_identify(harvest_hardware/Universal_Robots_ROS2_Driver/ur) by extensions ['ros']
[0.258s] Level 1:colcon.colcon_core.package_identification:_identify(harvest_hardware/Universal_Robots_ROS2_Driver/ur) by extension 'ros'
[0.258s] DEBUG:colcon.colcon_core.package_identification:Package 'harvest_hardware/Universal_Robots_ROS2_Driver/ur' with type 'ros.ament_cmake' and name 'ur'
[0.258s] Level 1:colcon.colcon_core.package_identification:_identify(harvest_hardware/Universal_Robots_ROS2_Driver/ur_bringup) by extensions ['ignore', 'ignore_ament_install']
[0.258s] Level 1:colcon.colcon_core.package_identification:_identify(harvest_hardware/Universal_Robots_ROS2_Driver/ur_bringup) by extension 'ignore'
[0.258s] Level 1:colcon.colcon_core.package_identification:_identify(harvest_hardware/Universal_Robots_ROS2_Driver/ur_bringup) by extension 'ignore_ament_install'
[0.258s] Level 1:colcon.colcon_core.package_identification:_identify(harvest_hardware/Universal_Robots_ROS2_Driver/ur_bringup) by extensions ['colcon_pkg']
[0.258s] Level 1:colcon.colcon_core.package_identification:_identify(harvest_hardware/Universal_Robots_ROS2_Driver/ur_bringup) by extension 'colcon_pkg'
[0.258s] Level 1:colcon.colcon_core.package_identification:_identify(harvest_hardware/Universal_Robots_ROS2_Driver/ur_bringup) by extensions ['colcon_meta']
[0.258s] Level 1:colcon.colcon_core.package_identification:_identify(harvest_hardware/Universal_Robots_ROS2_Driver/ur_bringup) by extension 'colcon_meta'
[0.258s] Level 1:colcon.colcon_core.package_identification:_identify(harvest_hardware/Universal_Robots_ROS2_Driver/ur_bringup) by extensions ['ros']
[0.258s] Level 1:colcon.colcon_core.package_identification:_identify(harvest_hardware/Universal_Robots_ROS2_Driver/ur_bringup) by extension 'ros'
[0.259s] DEBUG:colcon.colcon_core.package_identification:Package 'harvest_hardware/Universal_Robots_ROS2_Driver/ur_bringup' with type 'ros.ament_cmake' and name 'ur_bringup'
[0.259s] Level 1:colcon.colcon_core.package_identification:_identify(harvest_hardware/Universal_Robots_ROS2_Driver/ur_calibration) by extensions ['ignore', 'ignore_ament_install']
[0.259s] Level 1:colcon.colcon_core.package_identification:_identify(harvest_hardware/Universal_Robots_ROS2_Driver/ur_calibration) by extension 'ignore'
[0.259s] Level 1:colcon.colcon_core.package_identification:_identify(harvest_hardware/Universal_Robots_ROS2_Driver/ur_calibration) by extension 'ignore_ament_install'
[0.259s] Level 1:colcon.colcon_core.package_identification:_identify(harvest_hardware/Universal_Robots_ROS2_Driver/ur_calibration) by extensions ['colcon_pkg']
[0.259s] Level 1:colcon.colcon_core.package_identification:_identify(harvest_hardware/Universal_Robots_ROS2_Driver/ur_calibration) by extension 'colcon_pkg'
[0.259s] Level 1:colcon.colcon_core.package_identification:_identify(harvest_hardware/Universal_Robots_ROS2_Driver/ur_calibration) by extensions ['colcon_meta']
[0.259s] Level 1:colcon.colcon_core.package_identification:_identify(harvest_hardware/Universal_Robots_ROS2_Driver/ur_calibration) by extension 'colcon_meta'
[0.259s] Level 1:colcon.colcon_core.package_identification:_identify(harvest_hardware/Universal_Robots_ROS2_Driver/ur_calibration) by extensions ['ros']
[0.259s] Level 1:colcon.colcon_core.package_identification:_identify(harvest_hardware/Universal_Robots_ROS2_Driver/ur_calibration) by extension 'ros'
[0.260s] DEBUG:colcon.colcon_core.package_identification:Package 'harvest_hardware/Universal_Robots_ROS2_Driver/ur_calibration' with type 'ros.ament_cmake' and name 'ur_calibration'
[0.260s] Level 1:colcon.colcon_core.package_identification:_identify(harvest_hardware/Universal_Robots_ROS2_Driver/ur_controllers) by extensions ['ignore', 'ignore_ament_install']
[0.260s] Level 1:colcon.colcon_core.package_identification:_identify(harvest_hardware/Universal_Robots_ROS2_Driver/ur_controllers) by extension 'ignore'
[0.260s] Level 1:colcon.colcon_core.package_identification:_identify(harvest_hardware/Universal_Robots_ROS2_Driver/ur_controllers) by extension 'ignore_ament_install'
[0.260s] Level 1:colcon.colcon_core.package_identification:_identify(harvest_hardware/Universal_Robots_ROS2_Driver/ur_controllers) by extensions ['colcon_pkg']
[0.260s] Level 1:colcon.colcon_core.package_identification:_identify(harvest_hardware/Universal_Robots_ROS2_Driver/ur_controllers) by extension 'colcon_pkg'
[0.260s] Level 1:colcon.colcon_core.package_identification:_identify(harvest_hardware/Universal_Robots_ROS2_Driver/ur_controllers) by extensions ['colcon_meta']
[0.260s] Level 1:colcon.colcon_core.package_identification:_identify(harvest_hardware/Universal_Robots_ROS2_Driver/ur_controllers) by extension 'colcon_meta'
[0.260s] Level 1:colcon.colcon_core.package_identification:_identify(harvest_hardware/Universal_Robots_ROS2_Driver/ur_controllers) by extensions ['ros']
[0.260s] Level 1:colcon.colcon_core.package_identification:_identify(harvest_hardware/Universal_Robots_ROS2_Driver/ur_controllers) by extension 'ros'
[0.261s] DEBUG:colcon.colcon_core.package_identification:Package 'harvest_hardware/Universal_Robots_ROS2_Driver/ur_controllers' with type 'ros.ament_cmake' and name 'ur_controllers'
[0.261s] Level 1:colcon.colcon_core.package_identification:_identify(harvest_hardware/Universal_Robots_ROS2_Driver/ur_dashboard_msgs) by extensions ['ignore', 'ignore_ament_install']
[0.262s] Level 1:colcon.colcon_core.package_identification:_identify(harvest_hardware/Universal_Robots_ROS2_Driver/ur_dashboard_msgs) by extension 'ignore'
[0.262s] Level 1:colcon.colcon_core.package_identification:_identify(harvest_hardware/Universal_Robots_ROS2_Driver/ur_dashboard_msgs) by extension 'ignore_ament_install'
[0.262s] Level 1:colcon.colcon_core.package_identification:_identify(harvest_hardware/Universal_Robots_ROS2_Driver/ur_dashboard_msgs) by extensions ['colcon_pkg']
[0.262s] Level 1:colcon.colcon_core.package_identification:_identify(harvest_hardware/Universal_Robots_ROS2_Driver/ur_dashboard_msgs) by extension 'colcon_pkg'
[0.262s] Level 1:colcon.colcon_core.package_identification:_identify(harvest_hardware/Universal_Robots_ROS2_Driver/ur_dashboard_msgs) by extensions ['colcon_meta']
[0.262s] Level 1:colcon.colcon_core.package_identification:_identify(harvest_hardware/Universal_Robots_ROS2_Driver/ur_dashboard_msgs) by extension 'colcon_meta'
[0.262s] Level 1:colcon.colcon_core.package_identification:_identify(harvest_hardware/Universal_Robots_ROS2_Driver/ur_dashboard_msgs) by extensions ['ros']
[0.262s] Level 1:colcon.colcon_core.package_identification:_identify(harvest_hardware/Universal_Robots_ROS2_Driver/ur_dashboard_msgs) by extension 'ros'
[0.262s] DEBUG:colcon.colcon_core.package_identification:Package 'harvest_hardware/Universal_Robots_ROS2_Driver/ur_dashboard_msgs' with type 'ros.ament_cmake' and name 'ur_dashboard_msgs'
[0.262s] Level 1:colcon.colcon_core.package_identification:_identify(harvest_hardware/Universal_Robots_ROS2_Driver/ur_moveit_config) by extensions ['ignore', 'ignore_ament_install']
[0.262s] Level 1:colcon.colcon_core.package_identification:_identify(harvest_hardware/Universal_Robots_ROS2_Driver/ur_moveit_config) by extension 'ignore'
[0.263s] Level 1:colcon.colcon_core.package_identification:_identify(harvest_hardware/Universal_Robots_ROS2_Driver/ur_moveit_config) by extension 'ignore_ament_install'
[0.263s] Level 1:colcon.colcon_core.package_identification:_identify(harvest_hardware/Universal_Robots_ROS2_Driver/ur_moveit_config) by extensions ['colcon_pkg']
[0.263s] Level 1:colcon.colcon_core.package_identification:_identify(harvest_hardware/Universal_Robots_ROS2_Driver/ur_moveit_config) by extension 'colcon_pkg'
[0.263s] Level 1:colcon.colcon_core.package_identification:_identify(harvest_hardware/Universal_Robots_ROS2_Driver/ur_moveit_config) by extensions ['colcon_meta']
[0.263s] Level 1:colcon.colcon_core.package_identification:_identify(harvest_hardware/Universal_Robots_ROS2_Driver/ur_moveit_config) by extension 'colcon_meta'
[0.263s] Level 1:colcon.colcon_core.package_identification:_identify(harvest_hardware/Universal_Robots_ROS2_Driver/ur_moveit_config) by extensions ['ros']
[0.263s] Level 1:colcon.colcon_core.package_identification:_identify(harvest_hardware/Universal_Robots_ROS2_Driver/ur_moveit_config) by extension 'ros'
[0.263s] DEBUG:colcon.colcon_core.package_identification:Package 'harvest_hardware/Universal_Robots_ROS2_Driver/ur_moveit_config' with type 'ros.ament_cmake' and name 'ur_moveit_config'
[0.263s] Level 1:colcon.colcon_core.package_identification:_identify(harvest_hardware/Universal_Robots_ROS2_Driver/ur_robot_driver) by extensions ['ignore', 'ignore_ament_install']
[0.263s] Level 1:colcon.colcon_core.package_identification:_identify(harvest_hardware/Universal_Robots_ROS2_Driver/ur_robot_driver) by extension 'ignore'
[0.263s] Level 1:colcon.colcon_core.package_identification:_identify(harvest_hardware/Universal_Robots_ROS2_Driver/ur_robot_driver) by extension 'ignore_ament_install'
[0.264s] Level 1:colcon.colcon_core.package_identification:_identify(harvest_hardware/Universal_Robots_ROS2_Driver/ur_robot_driver) by extensions ['colcon_pkg']
[0.264s] Level 1:colcon.colcon_core.package_identification:_identify(harvest_hardware/Universal_Robots_ROS2_Driver/ur_robot_driver) by extension 'colcon_pkg'
[0.264s] Level 1:colcon.colcon_core.package_identification:_identify(harvest_hardware/Universal_Robots_ROS2_Driver/ur_robot_driver) by extensions ['colcon_meta']
[0.264s] Level 1:colcon.colcon_core.package_identification:_identify(harvest_hardware/Universal_Robots_ROS2_Driver/ur_robot_driver) by extension 'colcon_meta'
[0.264s] Level 1:colcon.colcon_core.package_identification:_identify(harvest_hardware/Universal_Robots_ROS2_Driver/ur_robot_driver) by extensions ['ros']
[0.264s] Level 1:colcon.colcon_core.package_identification:_identify(harvest_hardware/Universal_Robots_ROS2_Driver/ur_robot_driver) by extension 'ros'
[0.265s] DEBUG:colcon.colcon_core.package_identification:Package 'harvest_hardware/Universal_Robots_ROS2_Driver/ur_robot_driver' with type 'ros.ament_cmake' and name 'ur_robot_driver'
[0.265s] Level 1:colcon.colcon_core.package_identification:_identify(harvest_hardware/realsense-ros) by extensions ['ignore', 'ignore_ament_install']
[0.265s] Level 1:colcon.colcon_core.package_identification:_identify(harvest_hardware/realsense-ros) by extension 'ignore'
[0.265s] Level 1:colcon.colcon_core.package_identification:_identify(harvest_hardware/realsense-ros) by extension 'ignore_ament_install'
[0.265s] Level 1:colcon.colcon_core.package_identification:_identify(harvest_hardware/realsense-ros) by extensions ['colcon_pkg']
[0.265s] Level 1:colcon.colcon_core.package_identification:_identify(harvest_hardware/realsense-ros) by extension 'colcon_pkg'
[0.265s] Level 1:colcon.colcon_core.package_identification:_identify(harvest_hardware/realsense-ros) by extensions ['colcon_meta']
[0.265s] Level 1:colcon.colcon_core.package_identification:_identify(harvest_hardware/realsense-ros) by extension 'colcon_meta'
[0.265s] Level 1:colcon.colcon_core.package_identification:_identify(harvest_hardware/realsense-ros) by extensions ['ros']
[0.265s] Level 1:colcon.colcon_core.package_identification:_identify(harvest_hardware/realsense-ros) by extension 'ros'
[0.265s] Level 1:colcon.colcon_core.package_identification:_identify(harvest_hardware/realsense-ros) by extensions ['cmake', 'python']
[0.266s] Level 1:colcon.colcon_core.package_identification:_identify(harvest_hardware/realsense-ros) by extension 'cmake'
[0.266s] Level 1:colcon.colcon_core.package_identification:_identify(harvest_hardware/realsense-ros) by extension 'python'
[0.266s] Level 1:colcon.colcon_core.package_identification:_identify(harvest_hardware/realsense-ros) by extensions ['python_setup_py']
[0.266s] Level 1:colcon.colcon_core.package_identification:_identify(harvest_hardware/realsense-ros) by extension 'python_setup_py'
[0.266s] Level 1:colcon.colcon_core.package_identification:_identify(harvest_hardware/realsense-ros/realsense2_camera) by extensions ['ignore', 'ignore_ament_install']
[0.266s] Level 1:colcon.colcon_core.package_identification:_identify(harvest_hardware/realsense-ros/realsense2_camera) by extension 'ignore'
[0.266s] Level 1:colcon.colcon_core.package_identification:_identify(harvest_hardware/realsense-ros/realsense2_camera) by extension 'ignore_ament_install'
[0.266s] Level 1:colcon.colcon_core.package_identification:_identify(harvest_hardware/realsense-ros/realsense2_camera) by extensions ['colcon_pkg']
[0.266s] Level 1:colcon.colcon_core.package_identification:_identify(harvest_hardware/realsense-ros/realsense2_camera) by extension 'colcon_pkg'
[0.266s] Level 1:colcon.colcon_core.package_identification:_identify(harvest_hardware/realsense-ros/realsense2_camera) by extensions ['colcon_meta']
[0.266s] Level 1:colcon.colcon_core.package_identification:_identify(harvest_hardware/realsense-ros/realsense2_camera) by extension 'colcon_meta'
[0.266s] Level 1:colcon.colcon_core.package_identification:_identify(harvest_hardware/realsense-ros/realsense2_camera) by extensions ['ros']
[0.266s] Level 1:colcon.colcon_core.package_identification:_identify(harvest_hardware/realsense-ros/realsense2_camera) by extension 'ros'
[0.270s] DEBUG:colcon.colcon_core.package_identification:Package 'harvest_hardware/realsense-ros/realsense2_camera' with type 'ros.ament_cmake' and name 'realsense2_camera'
[0.271s] Level 1:colcon.colcon_core.package_identification:_identify(harvest_hardware/realsense-ros/realsense2_camera_msgs) by extensions ['ignore', 'ignore_ament_install']
[0.271s] Level 1:colcon.colcon_core.package_identification:_identify(harvest_hardware/realsense-ros/realsense2_camera_msgs) by extension 'ignore'
[0.271s] Level 1:colcon.colcon_core.package_identification:_identify(harvest_hardware/realsense-ros/realsense2_camera_msgs) by extension 'ignore_ament_install'
[0.271s] Level 1:colcon.colcon_core.package_identification:_identify(harvest_hardware/realsense-ros/realsense2_camera_msgs) by extensions ['colcon_pkg']
[0.271s] Level 1:colcon.colcon_core.package_identification:_identify(harvest_hardware/realsense-ros/realsense2_camera_msgs) by extension 'colcon_pkg'
[0.271s] Level 1:colcon.colcon_core.package_identification:_identify(harvest_hardware/realsense-ros/realsense2_camera_msgs) by extensions ['colcon_meta']
[0.271s] Level 1:colcon.colcon_core.package_identification:_identify(harvest_hardware/realsense-ros/realsense2_camera_msgs) by extension 'colcon_meta'
[0.271s] Level 1:colcon.colcon_core.package_identification:_identify(harvest_hardware/realsense-ros/realsense2_camera_msgs) by extensions ['ros']
[0.271s] Level 1:colcon.colcon_core.package_identification:_identify(harvest_hardware/realsense-ros/realsense2_camera_msgs) by extension 'ros'
[0.271s] DEBUG:colcon.colcon_core.package_identification:Package 'harvest_hardware/realsense-ros/realsense2_camera_msgs' with type 'ros.ament_cmake' and name 'realsense2_camera_msgs'
[0.271s] Level 1:colcon.colcon_core.package_identification:_identify(harvest_hardware/realsense-ros/realsense2_description) by extensions ['ignore', 'ignore_ament_install']
[0.271s] Level 1:colcon.colcon_core.package_identification:_identify(harvest_hardware/realsense-ros/realsense2_description) by extension 'ignore'
[0.272s] Level 1:colcon.colcon_core.package_identification:_identify(harvest_hardware/realsense-ros/realsense2_description) by extension 'ignore_ament_install'
[0.272s] Level 1:colcon.colcon_core.package_identification:_identify(harvest_hardware/realsense-ros/realsense2_description) by extensions ['colcon_pkg']
[0.272s] Level 1:colcon.colcon_core.package_identification:_identify(harvest_hardware/realsense-ros/realsense2_description) by extension 'colcon_pkg'
[0.272s] Level 1:colcon.colcon_core.package_identification:_identify(harvest_hardware/realsense-ros/realsense2_description) by extensions ['colcon_meta']
[0.272s] Level 1:colcon.colcon_core.package_identification:_identify(harvest_hardware/realsense-ros/realsense2_description) by extension 'colcon_meta'
[0.272s] Level 1:colcon.colcon_core.package_identification:_identify(harvest_hardware/realsense-ros/realsense2_description) by extensions ['ros']
[0.272s] Level 1:colcon.colcon_core.package_identification:_identify(harvest_hardware/realsense-ros/realsense2_description) by extension 'ros'
[0.272s] DEBUG:colcon.colcon_core.package_identification:Package 'harvest_hardware/realsense-ros/realsense2_description' with type 'ros.ament_cmake' and name 'realsense2_description'
[0.272s] Level 1:colcon.colcon_core.package_identification:_identify(harvest_hardware/realsense-ros/scripts) by extensions ['ignore', 'ignore_ament_install']
[0.272s] Level 1:colcon.colcon_core.package_identification:_identify(harvest_hardware/realsense-ros/scripts) by extension 'ignore'
[0.272s] Level 1:colcon.colcon_core.package_identification:_identify(harvest_hardware/realsense-ros/scripts) by extension 'ignore_ament_install'
[0.273s] Level 1:colcon.colcon_core.package_identification:_identify(harvest_hardware/realsense-ros/scripts) by extensions ['colcon_pkg']
[0.273s] Level 1:colcon.colcon_core.package_identification:_identify(harvest_hardware/realsense-ros/scripts) by extension 'colcon_pkg'
[0.273s] Level 1:colcon.colcon_core.package_identification:_identify(harvest_hardware/realsense-ros/scripts) by extensions ['colcon_meta']
[0.273s] Level 1:colcon.colcon_core.package_identification:_identify(harvest_hardware/realsense-ros/scripts) by extension 'colcon_meta'
[0.273s] Level 1:colcon.colcon_core.package_identification:_identify(harvest_hardware/realsense-ros/scripts) by extensions ['ros']
[0.273s] Level 1:colcon.colcon_core.package_identification:_identify(harvest_hardware/realsense-ros/scripts) by extension 'ros'
[0.273s] Level 1:colcon.colcon_core.package_identification:_identify(harvest_hardware/realsense-ros/scripts) by extensions ['cmake', 'python']
[0.273s] Level 1:colcon.colcon_core.package_identification:_identify(harvest_hardware/realsense-ros/scripts) by extension 'cmake'
[0.273s] Level 1:colcon.colcon_core.package_identification:_identify(harvest_hardware/realsense-ros/scripts) by extension 'python'
[0.273s] Level 1:colcon.colcon_core.package_identification:_identify(harvest_hardware/realsense-ros/scripts) by extensions ['python_setup_py']
[0.273s] Level 1:colcon.colcon_core.package_identification:_identify(harvest_hardware/realsense-ros/scripts) by extension 'python_setup_py'
[0.273s] Level 1:colcon.colcon_core.package_identification:_identify(harvest_hardware/ur5e_custom_hardware) by extensions ['ignore', 'ignore_ament_install']
[0.273s] Level 1:colcon.colcon_core.package_identification:_identify(harvest_hardware/ur5e_custom_hardware) by extension 'ignore'
[0.273s] Level 1:colcon.colcon_core.package_identification:_identify(harvest_hardware/ur5e_custom_hardware) by extension 'ignore_ament_install'
[0.273s] Level 1:colcon.colcon_core.package_identification:_identify(harvest_hardware/ur5e_custom_hardware) by extensions ['colcon_pkg']
[0.273s] Level 1:colcon.colcon_core.package_identification:_identify(harvest_hardware/ur5e_custom_hardware) by extension 'colcon_pkg'
[0.273s] Level 1:colcon.colcon_core.package_identification:_identify(harvest_hardware/ur5e_custom_hardware) by extensions ['colcon_meta']
[0.273s] Level 1:colcon.colcon_core.package_identification:_identify(harvest_hardware/ur5e_custom_hardware) by extension 'colcon_meta'
[0.273s] Level 1:colcon.colcon_core.package_identification:_identify(harvest_hardware/ur5e_custom_hardware) by extensions ['ros']
[0.273s] Level 1:colcon.colcon_core.package_identification:_identify(harvest_hardware/ur5e_custom_hardware) by extension 'ros'
[0.274s] DEBUG:colcon.colcon_core.package_identification:Package 'harvest_hardware/ur5e_custom_hardware' with type 'ros.ament_python' and name 'ur5e_custom_hardware'
[0.274s] Level 1:colcon.colcon_core.package_identification:_identify(harvest_interfaces) by extensions ['ignore', 'ignore_ament_install']
[0.274s] Level 1:colcon.colcon_core.package_identification:_identify(harvest_interfaces) by extension 'ignore'
[0.274s] Level 1:colcon.colcon_core.package_identification:_identify(harvest_interfaces) by extension 'ignore_ament_install'
[0.274s] Level 1:colcon.colcon_core.package_identification:_identify(harvest_interfaces) by extensions ['colcon_pkg']
[0.274s] Level 1:colcon.colcon_core.package_identification:_identify(harvest_interfaces) by extension 'colcon_pkg'
[0.274s] Level 1:colcon.colcon_core.package_identification:_identify(harvest_interfaces) by extensions ['colcon_meta']
[0.274s] Level 1:colcon.colcon_core.package_identification:_identify(harvest_interfaces) by extension 'colcon_meta'
[0.274s] Level 1:colcon.colcon_core.package_identification:_identify(harvest_interfaces) by extensions ['ros']
[0.274s] Level 1:colcon.colcon_core.package_identification:_identify(harvest_interfaces) by extension 'ros'
[0.275s] DEBUG:colcon.colcon_core.package_identification:Package 'harvest_interfaces' with type 'ros.ament_cmake' and name 'harvest_interfaces'
[0.275s] Level 1:colcon.colcon_core.package_identification:_identify(harvest_vision) by extensions ['ignore', 'ignore_ament_install']
[0.275s] Level 1:colcon.colcon_core.package_identification:_identify(harvest_vision) by extension 'ignore'
[0.275s] Level 1:colcon.colcon_core.package_identification:_identify(harvest_vision) by extension 'ignore_ament_install'
[0.275s] Level 1:colcon.colcon_core.package_identification:_identify(harvest_vision) by extensions ['colcon_pkg']
[0.275s] Level 1:colcon.colcon_core.package_identification:_identify(harvest_vision) by extension 'colcon_pkg'
[0.275s] Level 1:colcon.colcon_core.package_identification:_identify(harvest_vision) by extensions ['colcon_meta']
[0.275s] Level 1:colcon.colcon_core.package_identification:_identify(harvest_vision) by extension 'colcon_meta'
[0.275s] Level 1:colcon.colcon_core.package_identification:_identify(harvest_vision) by extensions ['ros']
[0.275s] Level 1:colcon.colcon_core.package_identification:_identify(harvest_vision) by extension 'ros'
[0.276s] DEBUG:colcon.colcon_core.package_identification:Package 'harvest_vision' with type 'ros.ament_python' and name 'harvest_vision'
[0.276s] Level 1:colcon.colcon_core.package_identification:_identify(install) by extensions ['ignore', 'ignore_ament_install']
[0.276s] Level 1:colcon.colcon_core.package_identification:_identify(install) by extension 'ignore'
[0.276s] Level 1:colcon.colcon_core.package_identification:_identify(install) ignored
[0.276s] Level 1:colcon.colcon_core.package_identification:_identify(log) by extensions ['ignore', 'ignore_ament_install']
[0.276s] Level 1:colcon.colcon_core.package_identification:_identify(log) by extension 'ignore'
[0.276s] Level 1:colcon.colcon_core.package_identification:_identify(log) ignored
[0.276s] Level 1:colcon.colcon_core.package_discovery:discover_packages(recursive) using defaults
[0.276s] Level 1:colcon.colcon_core.package_discovery:discover_packages(ignore) discover
[0.276s] Level 1:colcon.colcon_core.package_discovery:discover_packages(ignore) using defaults
[0.276s] Level 1:colcon.colcon_core.package_discovery:discover_packages(path) discover
[0.276s] Level 1:colcon.colcon_core.package_discovery:discover_packages(path) using defaults
[0.293s] Level 1:colcon.colcon_core.package_discovery:discover_packages(prefix_path) check parameters
[0.293s] Level 1:colcon.colcon_core.package_discovery:discover_packages(prefix_path) discover
[0.295s] DEBUG:colcon.colcon_installed_package_information.package_discovery:Found 399 installed packages in /opt/ros/humble
[0.296s] Level 1:colcon.colcon_core.package_discovery:discover_packages(prefix_path) using defaults
[0.329s] Level 5:colcon.colcon_core.verb:set package 'harvest_interfaces' build argument 'cmake_args' from command line to 'None'
[0.329s] Level 5:colcon.colcon_core.verb:set package 'harvest_interfaces' build argument 'cmake_target' from command line to 'None'
[0.329s] Level 5:colcon.colcon_core.verb:set package 'harvest_interfaces' build argument 'cmake_target_skip_unavailable' from command line to 'False'
[0.329s] Level 5:colcon.colcon_core.verb:set package 'harvest_interfaces' build argument 'cmake_clean_cache' from command line to 'False'
[0.329s] Level 5:colcon.colcon_core.verb:set package 'harvest_interfaces' build argument 'cmake_clean_first' from command line to 'False'
[0.329s] Level 5:colcon.colcon_core.verb:set package 'harvest_interfaces' build argument 'cmake_force_configure' from command line to 'False'
[0.329s] Level 5:colcon.colcon_core.verb:set package 'harvest_interfaces' build argument 'ament_cmake_args' from command line to 'None'
[0.329s] Level 5:colcon.colcon_core.verb:set package 'harvest_interfaces' build argument 'catkin_cmake_args' from command line to 'None'
[0.329s] Level 5:colcon.colcon_core.verb:set package 'harvest_interfaces' build argument 'catkin_skip_building_tests' from command line to 'False'
[0.329s] DEBUG:colcon.colcon_core.verb:Building package 'harvest_interfaces' with the following arguments: {'ament_cmake_args': None, 'build_base': '/home/imml/git/research_2025/apple-harvest-eva/build/harvest_interfaces', 'catkin_cmake_args': None, 'catkin_skip_building_tests': False, 'cmake_args': None, 'cmake_clean_cache': False, 'cmake_clean_first': False, 'cmake_force_configure': False, 'cmake_target': None, 'cmake_target_skip_unavailable': False, 'install_base': '/home/imml/git/research_2025/apple-harvest-eva/install/harvest_interfaces', 'merge_install': False, 'path': '/home/imml/git/research_2025/apple-harvest-eva/harvest_interfaces', 'symlink_install': True, 'test_result_base': None}
[0.329s] Level 5:colcon.colcon_core.verb:set package 'realsense2_camera_msgs' build argument 'cmake_args' from command line to 'None'
[0.329s] Level 5:colcon.colcon_core.verb:set package 'realsense2_camera_msgs' build argument 'cmake_target' from command line to 'None'
[0.329s] Level 5:colcon.colcon_core.verb:set package 'realsense2_camera_msgs' build argument 'cmake_target_skip_unavailable' from command line to 'False'
[0.329s] Level 5:colcon.colcon_core.verb:set package 'realsense2_camera_msgs' build argument 'cmake_clean_cache' from command line to 'False'
[0.329s] Level 5:colcon.colcon_core.verb:set package 'realsense2_camera_msgs' build argument 'cmake_clean_first' from command line to 'False'
[0.329s] Level 5:colcon.colcon_core.verb:set package 'realsense2_camera_msgs' build argument 'cmake_force_configure' from command line to 'False'
[0.329s] Level 5:colcon.colcon_core.verb:set package 'realsense2_camera_msgs' build argument 'ament_cmake_args' from command line to 'None'
[0.329s] Level 5:colcon.colcon_core.verb:set package 'realsense2_camera_msgs' build argument 'catkin_cmake_args' from command line to 'None'
[0.329s] Level 5:colcon.colcon_core.verb:set package 'realsense2_camera_msgs' build argument 'catkin_skip_building_tests' from command line to 'False'
[0.329s] DEBUG:colcon.colcon_core.verb:Building package 'realsense2_camera_msgs' with the following arguments: {'ament_cmake_args': None, 'build_base': '/home/imml/git/research_2025/apple-harvest-eva/build/realsense2_camera_msgs', 'catkin_cmake_args': None, 'catkin_skip_building_tests': False, 'cmake_args': None, 'cmake_clean_cache': False, 'cmake_clean_first': False, 'cmake_force_configure': False, 'cmake_target': None, 'cmake_target_skip_unavailable': False, 'install_base': '/home/imml/git/research_2025/apple-harvest-eva/install/realsense2_camera_msgs', 'merge_install': False, 'path': '/home/imml/git/research_2025/apple-harvest-eva/harvest_hardware/realsense-ros/realsense2_camera_msgs', 'symlink_install': True, 'test_result_base': None}
[0.329s] Level 5:colcon.colcon_core.verb:set package 'ur5e_custom_hardware' build argument 'cmake_args' from command line to 'None'
[0.329s] Level 5:colcon.colcon_core.verb:set package 'ur5e_custom_hardware' build argument 'cmake_target' from command line to 'None'
[0.329s] Level 5:colcon.colcon_core.verb:set package 'ur5e_custom_hardware' build argument 'cmake_target_skip_unavailable' from command line to 'False'
[0.330s] Level 5:colcon.colcon_core.verb:set package 'ur5e_custom_hardware' build argument 'cmake_clean_cache' from command line to 'False'
[0.330s] Level 5:colcon.colcon_core.verb:set package 'ur5e_custom_hardware' build argument 'cmake_clean_first' from command line to 'False'
[0.330s] Level 5:colcon.colcon_core.verb:set package 'ur5e_custom_hardware' build argument 'cmake_force_configure' from command line to 'False'
[0.330s] Level 5:colcon.colcon_core.verb:set package 'ur5e_custom_hardware' build argument 'ament_cmake_args' from command line to 'None'
[0.330s] Level 5:colcon.colcon_core.verb:set package 'ur5e_custom_hardware' build argument 'catkin_cmake_args' from command line to 'None'
[0.330s] Level 5:colcon.colcon_core.verb:set package 'ur5e_custom_hardware' build argument 'catkin_skip_building_tests' from command line to 'False'
[0.330s] DEBUG:colcon.colcon_core.verb:Building package 'ur5e_custom_hardware' with the following arguments: {'ament_cmake_args': None, 'build_base': '/home/imml/git/research_2025/apple-harvest-eva/build/ur5e_custom_hardware', 'catkin_cmake_args': None, 'catkin_skip_building_tests': False, 'cmake_args': None, 'cmake_clean_cache': False, 'cmake_clean_first': False, 'cmake_force_configure': False, 'cmake_target': None, 'cmake_target_skip_unavailable': False, 'install_base': '/home/imml/git/research_2025/apple-harvest-eva/install/ur5e_custom_hardware', 'merge_install': False, 'path': '/home/imml/git/research_2025/apple-harvest-eva/harvest_hardware/ur5e_custom_hardware', 'symlink_install': True, 'test_result_base': None}
[0.330s] Level 5:colcon.colcon_core.verb:set package 'ur_dashboard_msgs' build argument 'cmake_args' from command line to 'None'
[0.330s] Level 5:colcon.colcon_core.verb:set package 'ur_dashboard_msgs' build argument 'cmake_target' from command line to 'None'
[0.330s] Level 5:colcon.colcon_core.verb:set package 'ur_dashboard_msgs' build argument 'cmake_target_skip_unavailable' from command line to 'False'
[0.330s] Level 5:colcon.colcon_core.verb:set package 'ur_dashboard_msgs' build argument 'cmake_clean_cache' from command line to 'False'
[0.330s] Level 5:colcon.colcon_core.verb:set package 'ur_dashboard_msgs' build argument 'cmake_clean_first' from command line to 'False'
[0.330s] Level 5:colcon.colcon_core.verb:set package 'ur_dashboard_msgs' build argument 'cmake_force_configure' from command line to 'False'
[0.330s] Level 5:colcon.colcon_core.verb:set package 'ur_dashboard_msgs' build argument 'ament_cmake_args' from command line to 'None'
[0.330s] Level 5:colcon.colcon_core.verb:set package 'ur_dashboard_msgs' build argument 'catkin_cmake_args' from command line to 'None'
[0.330s] Level 5:colcon.colcon_core.verb:set package 'ur_dashboard_msgs' build argument 'catkin_skip_building_tests' from command line to 'False'
[0.330s] DEBUG:colcon.colcon_core.verb:Building package 'ur_dashboard_msgs' with the following arguments: {'ament_cmake_args': None, 'build_base': '/home/imml/git/research_2025/apple-harvest-eva/build/ur_dashboard_msgs', 'catkin_cmake_args': None, 'catkin_skip_building_tests': False, 'cmake_args': None, 'cmake_clean_cache': False, 'cmake_clean_first': False, 'cmake_force_configure': False, 'cmake_target': None, 'cmake_target_skip_unavailable': False, 'install_base': '/home/imml/git/research_2025/apple-harvest-eva/install/ur_dashboard_msgs', 'merge_install': False, 'path': '/home/imml/git/research_2025/apple-harvest-eva/harvest_hardware/Universal_Robots_ROS2_Driver/ur_dashboard_msgs', 'symlink_install': True, 'test_result_base': None}
[0.330s] Level 5:colcon.colcon_core.verb:set package 'ur_description' build argument 'cmake_args' from command line to 'None'
[0.330s] Level 5:colcon.colcon_core.verb:set package 'ur_description' build argument 'cmake_target' from command line to 'None'
[0.330s] Level 5:colcon.colcon_core.verb:set package 'ur_description' build argument 'cmake_target_skip_unavailable' from command line to 'False'
[0.330s] Level 5:colcon.colcon_core.verb:set package 'ur_description' build argument 'cmake_clean_cache' from command line to 'False'
[0.330s] Level 5:colcon.colcon_core.verb:set package 'ur_description' build argument 'cmake_clean_first' from command line to 'False'
[0.330s] Level 5:colcon.colcon_core.verb:set package 'ur_description' build argument 'cmake_force_configure' from command line to 'False'
[0.330s] Level 5:colcon.colcon_core.verb:set package 'ur_description' build argument 'ament_cmake_args' from command line to 'None'
[0.330s] Level 5:colcon.colcon_core.verb:set package 'ur_description' build argument 'catkin_cmake_args' from command line to 'None'
[0.330s] Level 5:colcon.colcon_core.verb:set package 'ur_description' build argument 'catkin_skip_building_tests' from command line to 'False'
[0.331s] DEBUG:colcon.colcon_core.verb:Building package 'ur_description' with the following arguments: {'ament_cmake_args': None, 'build_base': '/home/imml/git/research_2025/apple-harvest-eva/build/ur_description', 'catkin_cmake_args': None, 'catkin_skip_building_tests': False, 'cmake_args': None, 'cmake_clean_cache': False, 'cmake_clean_first': False, 'cmake_force_configure': False, 'cmake_target': None, 'cmake_target_skip_unavailable': False, 'install_base': '/home/imml/git/research_2025/apple-harvest-eva/install/ur_description', 'merge_install': False, 'path': '/home/imml/git/research_2025/apple-harvest-eva/harvest_hardware/Universal_Robots_ROS2_Description', 'symlink_install': True, 'test_result_base': None}
[0.331s] Level 5:colcon.colcon_core.verb:set package 'harvest' build argument 'cmake_args' from command line to 'None'
[0.331s] Level 5:colcon.colcon_core.verb:set package 'harvest' build argument 'cmake_target' from command line to 'None'
[0.331s] Level 5:colcon.colcon_core.verb:set package 'harvest' build argument 'cmake_target_skip_unavailable' from command line to 'False'
[0.331s] Level 5:colcon.colcon_core.verb:set package 'harvest' build argument 'cmake_clean_cache' from command line to 'False'
[0.331s] Level 5:colcon.colcon_core.verb:set package 'harvest' build argument 'cmake_clean_first' from command line to 'False'
[0.331s] Level 5:colcon.colcon_core.verb:set package 'harvest' build argument 'cmake_force_configure' from command line to 'False'
[0.331s] Level 5:colcon.colcon_core.verb:set package 'harvest' build argument 'ament_cmake_args' from command line to 'None'
[0.331s] Level 5:colcon.colcon_core.verb:set package 'harvest' build argument 'catkin_cmake_args' from command line to 'None'
[0.331s] Level 5:colcon.colcon_core.verb:set package 'harvest' build argument 'catkin_skip_building_tests' from command line to 'False'
[0.331s] DEBUG:colcon.colcon_core.verb:Building package 'harvest' with the following arguments: {'ament_cmake_args': None, 'build_base': '/home/imml/git/research_2025/apple-harvest-eva/build/harvest', 'catkin_cmake_args': None, 'catkin_skip_building_tests': False, 'cmake_args': None, 'cmake_clean_cache': False, 'cmake_clean_first': False, 'cmake_force_configure': False, 'cmake_target': None, 'cmake_target_skip_unavailable': False, 'install_base': '/home/imml/git/research_2025/apple-harvest-eva/install/harvest', 'merge_install': False, 'path': '/home/imml/git/research_2025/apple-harvest-eva/harvest', 'symlink_install': True, 'test_result_base': None}
[0.331s] Level 5:colcon.colcon_core.verb:set package 'harvest_control' build argument 'cmake_args' from command line to 'None'
[0.331s] Level 5:colcon.colcon_core.verb:set package 'harvest_control' build argument 'cmake_target' from command line to 'None'
[0.331s] Level 5:colcon.colcon_core.verb:set package 'harvest_control' build argument 'cmake_target_skip_unavailable' from command line to 'False'
[0.331s] Level 5:colcon.colcon_core.verb:set package 'harvest_control' build argument 'cmake_clean_cache' from command line to 'False'
[0.331s] Level 5:colcon.colcon_core.verb:set package 'harvest_control' build argument 'cmake_clean_first' from command line to 'False'
[0.331s] Level 5:colcon.colcon_core.verb:set package 'harvest_control' build argument 'cmake_force_configure' from command line to 'False'
[0.331s] Level 5:colcon.colcon_core.verb:set package 'harvest_control' build argument 'ament_cmake_args' from command line to 'None'
[0.331s] Level 5:colcon.colcon_core.verb:set package 'harvest_control' build argument 'catkin_cmake_args' from command line to 'None'
[0.331s] Level 5:colcon.colcon_core.verb:set package 'harvest_control' build argument 'catkin_skip_building_tests' from command line to 'False'
[0.331s] DEBUG:colcon.colcon_core.verb:Building package 'harvest_control' with the following arguments: {'ament_cmake_args': None, 'build_base': '/home/imml/git/research_2025/apple-harvest-eva/build/harvest_control', 'catkin_cmake_args': None, 'catkin_skip_building_tests': False, 'cmake_args': None, 'cmake_clean_cache': False, 'cmake_clean_first': False, 'cmake_force_configure': False, 'cmake_target': None, 'cmake_target_skip_unavailable': False, 'install_base': '/home/imml/git/research_2025/apple-harvest-eva/install/harvest_control', 'merge_install': False, 'path': '/home/imml/git/research_2025/apple-harvest-eva/harvest_control', 'symlink_install': True, 'test_result_base': None}
[0.332s] Level 5:colcon.colcon_core.verb:set package 'harvest_vision' build argument 'cmake_args' from command line to 'None'
[0.332s] Level 5:colcon.colcon_core.verb:set package 'harvest_vision' build argument 'cmake_target' from command line to 'None'
[0.332s] Level 5:colcon.colcon_core.verb:set package 'harvest_vision' build argument 'cmake_target_skip_unavailable' from command line to 'False'
[0.332s] Level 5:colcon.colcon_core.verb:set package 'harvest_vision' build argument 'cmake_clean_cache' from command line to 'False'
[0.332s] Level 5:colcon.colcon_core.verb:set package 'harvest_vision' build argument 'cmake_clean_first' from command line to 'False'
[0.332s] Level 5:colcon.colcon_core.verb:set package 'harvest_vision' build argument 'cmake_force_configure' from command line to 'False'
[0.332s] Level 5:colcon.colcon_core.verb:set package 'harvest_vision' build argument 'ament_cmake_args' from command line to 'None'
[0.332s] Level 5:colcon.colcon_core.verb:set package 'harvest_vision' build argument 'catkin_cmake_args' from command line to 'None'
[0.332s] Level 5:colcon.colcon_core.verb:set package 'harvest_vision' build argument 'catkin_skip_building_tests' from command line to 'False'
[0.332s] DEBUG:colcon.colcon_core.verb:Building package 'harvest_vision' with the following arguments: {'ament_cmake_args': None, 'build_base': '/home/imml/git/research_2025/apple-harvest-eva/build/harvest_vision', 'catkin_cmake_args': None, 'catkin_skip_building_tests': False, 'cmake_args': None, 'cmake_clean_cache': False, 'cmake_clean_first': False, 'cmake_force_configure': False, 'cmake_target': None, 'cmake_target_skip_unavailable': False, 'install_base': '/home/imml/git/research_2025/apple-harvest-eva/install/harvest_vision', 'merge_install': False, 'path': '/home/imml/git/research_2025/apple-harvest-eva/harvest_vision', 'symlink_install': True, 'test_result_base': None}
[0.332s] Level 5:colcon.colcon_core.verb:set package 'realsense2_camera' build argument 'cmake_args' from command line to 'None'
[0.332s] Level 5:colcon.colcon_core.verb:set package 'realsense2_camera' build argument 'cmake_target' from command line to 'None'
[0.332s] Level 5:colcon.colcon_core.verb:set package 'realsense2_camera' build argument 'cmake_target_skip_unavailable' from command line to 'False'
[0.332s] Level 5:colcon.colcon_core.verb:set package 'realsense2_camera' build argument 'cmake_clean_cache' from command line to 'False'
[0.332s] Level 5:colcon.colcon_core.verb:set package 'realsense2_camera' build argument 'cmake_clean_first' from command line to 'False'
[0.332s] Level 5:colcon.colcon_core.verb:set package 'realsense2_camera' build argument 'cmake_force_configure' from command line to 'False'
[0.332s] Level 5:colcon.colcon_core.verb:set package 'realsense2_camera' build argument 'ament_cmake_args' from command line to 'None'
[0.332s] Level 5:colcon.colcon_core.verb:set package 'realsense2_camera' build argument 'catkin_cmake_args' from command line to 'None'
[0.332s] Level 5:colcon.colcon_core.verb:set package 'realsense2_camera' build argument 'catkin_skip_building_tests' from command line to 'False'
[0.332s] DEBUG:colcon.colcon_core.verb:Building package 'realsense2_camera' with the following arguments: {'ament_cmake_args': None, 'build_base': '/home/imml/git/research_2025/apple-harvest-eva/build/realsense2_camera', 'catkin_cmake_args': None, 'catkin_skip_building_tests': False, 'cmake_args': None, 'cmake_clean_cache': False, 'cmake_clean_first': False, 'cmake_force_configure': False, 'cmake_target': None, 'cmake_target_skip_unavailable': False, 'install_base': '/home/imml/git/research_2025/apple-harvest-eva/install/realsense2_camera', 'merge_install': False, 'path': '/home/imml/git/research_2025/apple-harvest-eva/harvest_hardware/realsense-ros/realsense2_camera', 'symlink_install': True, 'test_result_base': None}
[0.332s] Level 5:colcon.colcon_core.verb:set package 'realsense2_description' build argument 'cmake_args' from command line to 'None'
[0.332s] Level 5:colcon.colcon_core.verb:set package 'realsense2_description' build argument 'cmake_target' from command line to 'None'
[0.332s] Level 5:colcon.colcon_core.verb:set package 'realsense2_description' build argument 'cmake_target_skip_unavailable' from command line to 'False'
[0.332s] Level 5:colcon.colcon_core.verb:set package 'realsense2_description' build argument 'cmake_clean_cache' from command line to 'False'
[0.333s] Level 5:colcon.colcon_core.verb:set package 'realsense2_description' build argument 'cmake_clean_first' from command line to 'False'
[0.333s] Level 5:colcon.colcon_core.verb:set package 'realsense2_description' build argument 'cmake_force_configure' from command line to 'False'
[0.333s] Level 5:colcon.colcon_core.verb:set package 'realsense2_description' build argument 'ament_cmake_args' from command line to 'None'
[0.333s] Level 5:colcon.colcon_core.verb:set package 'realsense2_description' build argument 'catkin_cmake_args' from command line to 'None'
[0.333s] Level 5:colcon.colcon_core.verb:set package 'realsense2_description' build argument 'catkin_skip_building_tests' from command line to 'False'
[0.333s] DEBUG:colcon.colcon_core.verb:Building package 'realsense2_description' with the following arguments: {'ament_cmake_args': None, 'build_base': '/home/imml/git/research_2025/apple-harvest-eva/build/realsense2_description', 'catkin_cmake_args': None, 'catkin_skip_building_tests': False, 'cmake_args': None, 'cmake_clean_cache': False, 'cmake_clean_first': False, 'cmake_force_configure': False, 'cmake_target': None, 'cmake_target_skip_unavailable': False, 'install_base': '/home/imml/git/research_2025/apple-harvest-eva/install/realsense2_description', 'merge_install': False, 'path': '/home/imml/git/research_2025/apple-harvest-eva/harvest_hardware/realsense-ros/realsense2_description', 'symlink_install': True, 'test_result_base': None}
[0.333s] Level 5:colcon.colcon_core.verb:set package 'ur_controllers' build argument 'cmake_args' from command line to 'None'
[0.333s] Level 5:colcon.colcon_core.verb:set package 'ur_controllers' build argument 'cmake_target' from command line to 'None'
[0.333s] Level 5:colcon.colcon_core.verb:set package 'ur_controllers' build argument 'cmake_target_skip_unavailable' from command line to 'False'
[0.333s] Level 5:colcon.colcon_core.verb:set package 'ur_controllers' build argument 'cmake_clean_cache' from command line to 'False'
[0.333s] Level 5:colcon.colcon_core.verb:set package 'ur_controllers' build argument 'cmake_clean_first' from command line to 'False'
[0.333s] Level 5:colcon.colcon_core.verb:set package 'ur_controllers' build argument 'cmake_force_configure' from command line to 'False'
[0.333s] Level 5:colcon.colcon_core.verb:set package 'ur_controllers' build argument 'ament_cmake_args' from command line to 'None'
[0.333s] Level 5:colcon.colcon_core.verb:set package 'ur_controllers' build argument 'catkin_cmake_args' from command line to 'None'
[0.333s] Level 5:colcon.colcon_core.verb:set package 'ur_controllers' build argument 'catkin_skip_building_tests' from command line to 'False'
[0.333s] DEBUG:colcon.colcon_core.verb:Building package 'ur_controllers' with the following arguments: {'ament_cmake_args': None, 'build_base': '/home/imml/git/research_2025/apple-harvest-eva/build/ur_controllers', 'catkin_cmake_args': None, 'catkin_skip_building_tests': False, 'cmake_args': None, 'cmake_clean_cache': False, 'cmake_clean_first': False, 'cmake_force_configure': False, 'cmake_target': None, 'cmake_target_skip_unavailable': False, 'install_base': '/home/imml/git/research_2025/apple-harvest-eva/install/ur_controllers', 'merge_install': False, 'path': '/home/imml/git/research_2025/apple-harvest-eva/harvest_hardware/Universal_Robots_ROS2_Driver/ur_controllers', 'symlink_install': True, 'test_result_base': None}
[0.333s] Level 5:colcon.colcon_core.verb:set package 'ur_moveit_config' build argument 'cmake_args' from command line to 'None'
[0.333s] Level 5:colcon.colcon_core.verb:set package 'ur_moveit_config' build argument 'cmake_target' from command line to 'None'
[0.333s] Level 5:colcon.colcon_core.verb:set package 'ur_moveit_config' build argument 'cmake_target_skip_unavailable' from command line to 'False'
[0.333s] Level 5:colcon.colcon_core.verb:set package 'ur_moveit_config' build argument 'cmake_clean_cache' from command line to 'False'
[0.333s] Level 5:colcon.colcon_core.verb:set package 'ur_moveit_config' build argument 'cmake_clean_first' from command line to 'False'
[0.333s] Level 5:colcon.colcon_core.verb:set package 'ur_moveit_config' build argument 'cmake_force_configure' from command line to 'False'
[0.333s] Level 5:colcon.colcon_core.verb:set package 'ur_moveit_config' build argument 'ament_cmake_args' from command line to 'None'
[0.333s] Level 5:colcon.colcon_core.verb:set package 'ur_moveit_config' build argument 'catkin_cmake_args' from command line to 'None'
[0.333s] Level 5:colcon.colcon_core.verb:set package 'ur_moveit_config' build argument 'catkin_skip_building_tests' from command line to 'False'
[0.333s] DEBUG:colcon.colcon_core.verb:Building package 'ur_moveit_config' with the following arguments: {'ament_cmake_args': None, 'build_base': '/home/imml/git/research_2025/apple-harvest-eva/build/ur_moveit_config', 'catkin_cmake_args': None, 'catkin_skip_building_tests': False, 'cmake_args': None, 'cmake_clean_cache': False, 'cmake_clean_first': False, 'cmake_force_configure': False, 'cmake_target': None, 'cmake_target_skip_unavailable': False, 'install_base': '/home/imml/git/research_2025/apple-harvest-eva/install/ur_moveit_config', 'merge_install': False, 'path': '/home/imml/git/research_2025/apple-harvest-eva/harvest_hardware/Universal_Robots_ROS2_Driver/ur_moveit_config', 'symlink_install': True, 'test_result_base': None}
[0.334s] Level 5:colcon.colcon_core.verb:set package 'ur_bringup' build argument 'cmake_args' from command line to 'None'
[0.334s] Level 5:colcon.colcon_core.verb:set package 'ur_bringup' build argument 'cmake_target' from command line to 'None'
[0.334s] Level 5:colcon.colcon_core.verb:set package 'ur_bringup' build argument 'cmake_target_skip_unavailable' from command line to 'False'
[0.334s] Level 5:colcon.colcon_core.verb:set package 'ur_bringup' build argument 'cmake_clean_cache' from command line to 'False'
[0.334s] Level 5:colcon.colcon_core.verb:set package 'ur_bringup' build argument 'cmake_clean_first' from command line to 'False'
[0.334s] Level 5:colcon.colcon_core.verb:set package 'ur_bringup' build argument 'cmake_force_configure' from command line to 'False'
[0.334s] Level 5:colcon.colcon_core.verb:set package 'ur_bringup' build argument 'ament_cmake_args' from command line to 'None'
[0.334s] Level 5:colcon.colcon_core.verb:set package 'ur_bringup' build argument 'catkin_cmake_args' from command line to 'None'
[0.334s] Level 5:colcon.colcon_core.verb:set package 'ur_bringup' build argument 'catkin_skip_building_tests' from command line to 'False'
[0.334s] DEBUG:colcon.colcon_core.verb:Building package 'ur_bringup' with the following arguments: {'ament_cmake_args': None, 'build_base': '/home/imml/git/research_2025/apple-harvest-eva/build/ur_bringup', 'catkin_cmake_args': None, 'catkin_skip_building_tests': False, 'cmake_args': None, 'cmake_clean_cache': False, 'cmake_clean_first': False, 'cmake_force_configure': False, 'cmake_target': None, 'cmake_target_skip_unavailable': False, 'install_base': '/home/imml/git/research_2025/apple-harvest-eva/install/ur_bringup', 'merge_install': False, 'path': '/home/imml/git/research_2025/apple-harvest-eva/harvest_hardware/Universal_Robots_ROS2_Driver/ur_bringup', 'symlink_install': True, 'test_result_base': None}
[0.334s] Level 5:colcon.colcon_core.verb:set package 'ur_robot_driver' build argument 'cmake_args' from command line to 'None'
[0.334s] Level 5:colcon.colcon_core.verb:set package 'ur_robot_driver' build argument 'cmake_target' from command line to 'None'
[0.334s] Level 5:colcon.colcon_core.verb:set package 'ur_robot_driver' build argument 'cmake_target_skip_unavailable' from command line to 'False'
[0.334s] Level 5:colcon.colcon_core.verb:set package 'ur_robot_driver' build argument 'cmake_clean_cache' from command line to 'False'
[0.334s] Level 5:colcon.colcon_core.verb:set package 'ur_robot_driver' build argument 'cmake_clean_first' from command line to 'False'
[0.334s] Level 5:colcon.colcon_core.verb:set package 'ur_robot_driver' build argument 'cmake_force_configure' from command line to 'False'
[0.334s] Level 5:colcon.colcon_core.verb:set package 'ur_robot_driver' build argument 'ament_cmake_args' from command line to 'None'
[0.334s] Level 5:colcon.colcon_core.verb:set package 'ur_robot_driver' build argument 'catkin_cmake_args' from command line to 'None'
[0.334s] Level 5:colcon.colcon_core.verb:set package 'ur_robot_driver' build argument 'catkin_skip_building_tests' from command line to 'False'
[0.334s] DEBUG:colcon.colcon_core.verb:Building package 'ur_robot_driver' with the following arguments: {'ament_cmake_args': None, 'build_base': '/home/imml/git/research_2025/apple-harvest-eva/build/ur_robot_driver', 'catkin_cmake_args': None, 'catkin_skip_building_tests': False, 'cmake_args': None, 'cmake_clean_cache': False, 'cmake_clean_first': False, 'cmake_force_configure': False, 'cmake_target': None, 'cmake_target_skip_unavailable': False, 'install_base': '/home/imml/git/research_2025/apple-harvest-eva/install/ur_robot_driver', 'merge_install': False, 'path': '/home/imml/git/research_2025/apple-harvest-eva/harvest_hardware/Universal_Robots_ROS2_Driver/ur_robot_driver', 'symlink_install': True, 'test_result_base': None}
[0.335s] Level 5:colcon.colcon_core.verb:set package 'ur_calibration' build argument 'cmake_args' from command line to 'None'
[0.335s] Level 5:colcon.colcon_core.verb:set package 'ur_calibration' build argument 'cmake_target' from command line to 'None'
[0.335s] Level 5:colcon.colcon_core.verb:set package 'ur_calibration' build argument 'cmake_target_skip_unavailable' from command line to 'False'
[0.335s] Level 5:colcon.colcon_core.verb:set package 'ur_calibration' build argument 'cmake_clean_cache' from command line to 'False'
[0.335s] Level 5:colcon.colcon_core.verb:set package 'ur_calibration' build argument 'cmake_clean_first' from command line to 'False'
[0.335s] Level 5:colcon.colcon_core.verb:set package 'ur_calibration' build argument 'cmake_force_configure' from command line to 'False'
[0.335s] Level 5:colcon.colcon_core.verb:set package 'ur_calibration' build argument 'ament_cmake_args' from command line to 'None'
[0.335s] Level 5:colcon.colcon_core.verb:set package 'ur_calibration' build argument 'catkin_cmake_args' from command line to 'None'
[0.335s] Level 5:colcon.colcon_core.verb:set package 'ur_calibration' build argument 'catkin_skip_building_tests' from command line to 'False'
[0.335s] DEBUG:colcon.colcon_core.verb:Building package 'ur_calibration' with the following arguments: {'ament_cmake_args': None, 'build_base': '/home/imml/git/research_2025/apple-harvest-eva/build/ur_calibration', 'catkin_cmake_args': None, 'catkin_skip_building_tests': False, 'cmake_args': None, 'cmake_clean_cache': False, 'cmake_clean_first': False, 'cmake_force_configure': False, 'cmake_target': None, 'cmake_target_skip_unavailable': False, 'install_base': '/home/imml/git/research_2025/apple-harvest-eva/install/ur_calibration', 'merge_install': False, 'path': '/home/imml/git/research_2025/apple-harvest-eva/harvest_hardware/Universal_Robots_ROS2_Driver/ur_calibration', 'symlink_install': True, 'test_result_base': None}
[0.335s] Level 5:colcon.colcon_core.verb:set package 'ur' build argument 'cmake_args' from command line to 'None'
[0.335s] Level 5:colcon.colcon_core.verb:set package 'ur' build argument 'cmake_target' from command line to 'None'
[0.335s] Level 5:colcon.colcon_core.verb:set package 'ur' build argument 'cmake_target_skip_unavailable' from command line to 'False'
[0.335s] Level 5:colcon.colcon_core.verb:set package 'ur' build argument 'cmake_clean_cache' from command line to 'False'
[0.335s] Level 5:colcon.colcon_core.verb:set package 'ur' build argument 'cmake_clean_first' from command line to 'False'
[0.335s] Level 5:colcon.colcon_core.verb:set package 'ur' build argument 'cmake_force_configure' from command line to 'False'
[0.335s] Level 5:colcon.colcon_core.verb:set package 'ur' build argument 'ament_cmake_args' from command line to 'None'
[0.335s] Level 5:colcon.colcon_core.verb:set package 'ur' build argument 'catkin_cmake_args' from command line to 'None'
[0.335s] Level 5:colcon.colcon_core.verb:set package 'ur' build argument 'catkin_skip_building_tests' from command line to 'False'
[0.335s] DEBUG:colcon.colcon_core.verb:Building package 'ur' with the following arguments: {'ament_cmake_args': None, 'build_base': '/home/imml/git/research_2025/apple-harvest-eva/build/ur', 'catkin_cmake_args': None, 'catkin_skip_building_tests': False, 'cmake_args': None, 'cmake_clean_cache': False, 'cmake_clean_first': False, 'cmake_force_configure': False, 'cmake_target': None, 'cmake_target_skip_unavailable': False, 'install_base': '/home/imml/git/research_2025/apple-harvest-eva/install/ur', 'merge_install': False, 'path': '/home/imml/git/research_2025/apple-harvest-eva/harvest_hardware/Universal_Robots_ROS2_Driver/ur', 'symlink_install': True, 'test_result_base': None}
[0.335s] INFO:colcon.colcon_core.executor:Executing jobs using 'parallel' executor
[0.336s] DEBUG:colcon.colcon_parallel_executor.executor.parallel:run_until_complete
[0.336s] INFO:colcon.colcon_ros.task.ament_cmake.build:Building ROS package in '/home/imml/git/research_2025/apple-harvest-eva/harvest_hardware/Universal_Robots_ROS2_Driver/ur_dashboard_msgs' with build type 'ament_cmake'
[0.336s] INFO:colcon.colcon_cmake.task.cmake.build:Building CMake package in '/home/imml/git/research_2025/apple-harvest-eva/harvest_hardware/Universal_Robots_ROS2_Driver/ur_dashboard_msgs'
[0.338s] INFO:colcon.colcon_core.plugin_system:Skipping extension 'colcon_core.shell.bat': Not used on non-Windows systems
[0.338s] INFO:colcon.colcon_core.shell:Skip shell extension 'powershell' for command environment: Not usable outside of PowerShell
[0.338s] DEBUG:colcon.colcon_core.shell:Skip shell extension 'dsv' for command environment
[0.341s] INFO:colcon.colcon_ros.task.ament_cmake.build:Building ROS package in '/home/imml/git/research_2025/apple-harvest-eva/harvest_hardware/Universal_Robots_ROS2_Description' with build type 'ament_cmake'
[0.341s] INFO:colcon.colcon_cmake.task.cmake.build:Building CMake package in '/home/imml/git/research_2025/apple-harvest-eva/harvest_hardware/Universal_Robots_ROS2_Description'
[0.341s] INFO:colcon.colcon_core.shell:Skip shell extension 'powershell' for command environment: Not usable outside of PowerShell
[0.341s] DEBUG:colcon.colcon_core.shell:Skip shell extension 'dsv' for command environment
[0.343s] INFO:colcon.colcon_ros.task.ament_cmake.build:Building ROS package in '/home/imml/git/research_2025/apple-harvest-eva/harvest_interfaces' with build type 'ament_cmake'
[0.343s] INFO:colcon.colcon_cmake.task.cmake.build:Building CMake package in '/home/imml/git/research_2025/apple-harvest-eva/harvest_interfaces'
[0.344s] INFO:colcon.colcon_core.shell:Skip shell extension 'powershell' for command environment: Not usable outside of PowerShell
[0.344s] DEBUG:colcon.colcon_core.shell:Skip shell extension 'dsv' for command environment
[0.346s] INFO:colcon.colcon_ros.task.ament_cmake.build:Building ROS package in '/home/imml/git/research_2025/apple-harvest-eva/harvest_hardware/realsense-ros/realsense2_camera_msgs' with build type 'ament_cmake'
[0.346s] INFO:colcon.colcon_cmake.task.cmake.build:Building CMake package in '/home/imml/git/research_2025/apple-harvest-eva/harvest_hardware/realsense-ros/realsense2_camera_msgs'
[0.346s] INFO:colcon.colcon_core.shell:Skip shell extension 'powershell' for command environment: Not usable outside of PowerShell
[0.346s] DEBUG:colcon.colcon_core.shell:Skip shell extension 'dsv' for command environment
[0.348s] INFO:colcon.colcon_ros.task.ament_python.build:Building ROS package in '/home/imml/git/research_2025/apple-harvest-eva/harvest_hardware/ur5e_custom_hardware' with build type 'ament_python'
[0.348s] Level 1:colcon.colcon_core.shell:create_environment_hook('ur5e_custom_hardware', 'ament_prefix_path')
[0.349s] INFO:colcon.colcon_core.shell:Creating environment hook '/home/imml/git/research_2025/apple-harvest-eva/install/ur5e_custom_hardware/share/ur5e_custom_hardware/hook/ament_prefix_path.ps1'
[0.349s] INFO:colcon.colcon_core.shell:Creating environment descriptor '/home/imml/git/research_2025/apple-harvest-eva/install/ur5e_custom_hardware/share/ur5e_custom_hardware/hook/ament_prefix_path.dsv'
[0.350s] INFO:colcon.colcon_core.shell:Creating environment hook '/home/imml/git/research_2025/apple-harvest-eva/install/ur5e_custom_hardware/share/ur5e_custom_hardware/hook/ament_prefix_path.sh'
[0.350s] INFO:colcon.colcon_core.shell:Skip shell extension 'powershell' for command environment: Not usable outside of PowerShell
[0.350s] DEBUG:colcon.colcon_core.shell:Skip shell extension 'dsv' for command environment
[0.356s] DEBUG:colcon.colcon_core.event_handler.log_command:Invoking command in '/home/imml/git/research_2025/apple-harvest-eva/build/ur_dashboard_msgs': CMAKE_PREFIX_PATH=/opt/ros/humble /usr/bin/cmake --build /home/imml/git/research_2025/apple-harvest-eva/build/ur_dashboard_msgs -- -j16 -l16
[0.358s] DEBUG:colcon.colcon_core.event_handler.log_command:Invoking command in '/home/imml/git/research_2025/apple-harvest-eva/build/ur_description': CMAKE_PREFIX_PATH=/opt/ros/humble /usr/bin/cmake --build /home/imml/git/research_2025/apple-harvest-eva/build/ur_description -- -j16 -l16
[0.360s] DEBUG:colcon.colcon_core.event_handler.log_command:Invoking command in '/home/imml/git/research_2025/apple-harvest-eva/build/harvest_interfaces': CMAKE_PREFIX_PATH=/opt/ros/humble /usr/bin/cmake --build /home/imml/git/research_2025/apple-harvest-eva/build/harvest_interfaces -- -j16 -l16
[0.363s] DEBUG:colcon.colcon_core.event_handler.log_command:Invoking command in '/home/imml/git/research_2025/apple-harvest-eva/build/realsense2_camera_msgs': CMAKE_PREFIX_PATH=/opt/ros/humble /usr/bin/cmake --build /home/imml/git/research_2025/apple-harvest-eva/build/realsense2_camera_msgs -- -j16 -l16
[0.619s] INFO:colcon.colcon_core.task.python.build:Building Python package in '/home/imml/git/research_2025/apple-harvest-eva/harvest_hardware/ur5e_custom_hardware'
[0.619s] INFO:colcon.colcon_core.shell:Skip shell extension 'powershell' for command environment: Not usable outside of PowerShell
[0.619s] DEBUG:colcon.colcon_core.shell:Skip shell extension 'dsv' for command environment
[0.623s] DEBUG:colcon.colcon_core.event_handler.log_command:Invoked command in '/home/imml/git/research_2025/apple-harvest-eva/build/ur_description' returned '0': CMAKE_PREFIX_PATH=/opt/ros/humble /usr/bin/cmake --build /home/imml/git/research_2025/apple-harvest-eva/build/ur_description -- -j16 -l16
[0.633s] DEBUG:colcon.colcon_core.event_handler.log_command:Invoking command in '/home/imml/git/research_2025/apple-harvest-eva/build/ur_description': CMAKE_PREFIX_PATH=/opt/ros/humble /usr/bin/cmake --install /home/imml/git/research_2025/apple-harvest-eva/build/ur_description
[0.670s] Level 1:colcon.colcon_core.environment:create_environment_scripts_only(ur_description)
[0.670s] DEBUG:colcon.colcon_core.event_handler.log_command:Invoked command in '/home/imml/git/research_2025/apple-harvest-eva/build/ur_description' returned '0': CMAKE_PREFIX_PATH=/opt/ros/humble /usr/bin/cmake --install /home/imml/git/research_2025/apple-harvest-eva/build/ur_description
[0.672s] Level 1:colcon.colcon_core.environment:checking '/home/imml/git/research_2025/apple-harvest-eva/install/ur_description' for CMake module files
[0.672s] Level 1:colcon.colcon_core.environment:checking '/home/imml/git/research_2025/apple-harvest-eva/install/ur_description' for CMake config files
[0.674s] Level 1:colcon.colcon_core.shell:create_environment_hook('ur_description', 'cmake_prefix_path')
[0.674s] INFO:colcon.colcon_core.shell:Creating environment hook '/home/imml/git/research_2025/apple-harvest-eva/install/ur_description/share/ur_description/hook/cmake_prefix_path.ps1'
[0.675s] INFO:colcon.colcon_core.shell:Creating environment descriptor '/home/imml/git/research_2025/apple-harvest-eva/install/ur_description/share/ur_description/hook/cmake_prefix_path.dsv'
[0.676s] INFO:colcon.colcon_core.shell:Creating environment hook '/home/imml/git/research_2025/apple-harvest-eva/install/ur_description/share/ur_description/hook/cmake_prefix_path.sh'
[0.676s] Level 1:colcon.colcon_core.environment:checking '/home/imml/git/research_2025/apple-harvest-eva/install/ur_description/bin'
[0.676s] Level 1:colcon.colcon_core.environment:checking '/home/imml/git/research_2025/apple-harvest-eva/install/ur_description/lib/pkgconfig/ur_description.pc'
[0.677s] Level 1:colcon.colcon_core.environment:checking '/home/imml/git/research_2025/apple-harvest-eva/install/ur_description/lib/python3.10/site-packages'
[0.677s] Level 1:colcon.colcon_core.environment:checking '/home/imml/git/research_2025/apple-harvest-eva/install/ur_description/bin'
[0.677s] INFO:colcon.colcon_core.shell:Creating package script '/home/imml/git/research_2025/apple-harvest-eva/install/ur_description/share/ur_description/package.ps1'
[0.678s] INFO:colcon.colcon_core.shell:Creating package descriptor '/home/imml/git/research_2025/apple-harvest-eva/install/ur_description/share/ur_description/package.dsv'
[0.678s] INFO:colcon.colcon_core.shell:Creating package script '/home/imml/git/research_2025/apple-harvest-eva/install/ur_description/share/ur_description/package.sh'
[0.679s] INFO:colcon.colcon_core.shell:Creating package script '/home/imml/git/research_2025/apple-harvest-eva/install/ur_description/share/ur_description/package.bash'
[0.680s] INFO:colcon.colcon_core.shell:Creating package script '/home/imml/git/research_2025/apple-harvest-eva/install/ur_description/share/ur_description/package.zsh'
[0.680s] Level 1:colcon.colcon_core.environment:create_file_with_runtime_dependencies(/home/imml/git/research_2025/apple-harvest-eva/install/ur_description/share/colcon-core/packages/ur_description)
[0.681s] Level 1:colcon.colcon_core.environment:create_environment_scripts_only(ur_description)
[0.681s] Level 1:colcon.colcon_core.environment:checking '/home/imml/git/research_2025/apple-harvest-eva/install/ur_description' for CMake module files
[0.681s] Level 1:colcon.colcon_core.environment:checking '/home/imml/git/research_2025/apple-harvest-eva/install/ur_description' for CMake config files
[0.683s] Level 1:colcon.colcon_core.shell:create_environment_hook('ur_description', 'cmake_prefix_path')
[0.683s] INFO:colcon.colcon_core.shell:Creating environment hook '/home/imml/git/research_2025/apple-harvest-eva/install/ur_description/share/ur_description/hook/cmake_prefix_path.ps1'
[0.684s] INFO:colcon.colcon_core.shell:Creating environment descriptor '/home/imml/git/research_2025/apple-harvest-eva/install/ur_description/share/ur_description/hook/cmake_prefix_path.dsv'
[0.684s] INFO:colcon.colcon_core.shell:Creating environment hook '/home/imml/git/research_2025/apple-harvest-eva/install/ur_description/share/ur_description/hook/cmake_prefix_path.sh'
[0.685s] Level 1:colcon.colcon_core.environment:checking '/home/imml/git/research_2025/apple-harvest-eva/install/ur_description/bin'
[0.685s] Level 1:colcon.colcon_core.environment:checking '/home/imml/git/research_2025/apple-harvest-eva/install/ur_description/lib/pkgconfig/ur_description.pc'
[0.685s] Level 1:colcon.colcon_core.environment:checking '/home/imml/git/research_2025/apple-harvest-eva/install/ur_description/lib/python3.10/site-packages'
[0.685s] Level 1:colcon.colcon_core.environment:checking '/home/imml/git/research_2025/apple-harvest-eva/install/ur_description/bin'
[0.685s] INFO:colcon.colcon_core.shell:Creating package script '/home/imml/git/research_2025/apple-harvest-eva/install/ur_description/share/ur_description/package.ps1'
[0.686s] INFO:colcon.colcon_core.shell:Creating package descriptor '/home/imml/git/research_2025/apple-harvest-eva/install/ur_description/share/ur_description/package.dsv'
[0.686s] INFO:colcon.colcon_core.shell:Creating package script '/home/imml/git/research_2025/apple-harvest-eva/install/ur_description/share/ur_description/package.sh'
[0.686s] INFO:colcon.colcon_core.shell:Creating package script '/home/imml/git/research_2025/apple-harvest-eva/install/ur_description/share/ur_description/package.bash'
[0.687s] INFO:colcon.colcon_core.shell:Creating package script '/home/imml/git/research_2025/apple-harvest-eva/install/ur_description/share/ur_description/package.zsh'
[0.687s] Level 1:colcon.colcon_core.environment:create_file_with_runtime_dependencies(/home/imml/git/research_2025/apple-harvest-eva/install/ur_description/share/colcon-core/packages/ur_description)
[0.687s] INFO:colcon.colcon_ros.task.ament_cmake.build:Building ROS package in '/home/imml/git/research_2025/apple-harvest-eva/harvest_hardware/Universal_Robots_ROS2_Driver/ur_moveit_config' with build type 'ament_cmake'
[0.688s] INFO:colcon.colcon_cmake.task.cmake.build:Building CMake package in '/home/imml/git/research_2025/apple-harvest-eva/harvest_hardware/Universal_Robots_ROS2_Driver/ur_moveit_config'
[0.688s] INFO:colcon.colcon_core.shell:Skip shell extension 'powershell' for command environment: Not usable outside of PowerShell
[0.688s] DEBUG:colcon.colcon_core.shell:Skip shell extension 'dsv' for command environment
[0.696s] DEBUG:colcon.colcon_core.event_handler.log_command:Invoking command in '/home/imml/git/research_2025/apple-harvest-eva/build/ur_moveit_config': AMENT_PREFIX_PATH=/home/imml/git/research_2025/apple-harvest-eva/install/ur_description:${AMENT_PREFIX_PATH} CMAKE_PREFIX_PATH=/home/imml/git/research_2025/apple-harvest-eva/install/ur_description:/opt/ros/humble /usr/bin/cmake --build /home/imml/git/research_2025/apple-harvest-eva/build/ur_moveit_config -- -j16 -l16
[0.703s] DEBUG:colcon.colcon_core.event_handler.log_command:Invoked command in '/home/imml/git/research_2025/apple-harvest-eva/build/realsense2_camera_msgs' returned '0': CMAKE_PREFIX_PATH=/opt/ros/humble /usr/bin/cmake --build /home/imml/git/research_2025/apple-harvest-eva/build/realsense2_camera_msgs -- -j16 -l16
[0.705s] DEBUG:colcon.colcon_core.event_handler.log_command:Invoking command in '/home/imml/git/research_2025/apple-harvest-eva/build/realsense2_camera_msgs': CMAKE_PREFIX_PATH=/opt/ros/humble /usr/bin/cmake --install /home/imml/git/research_2025/apple-harvest-eva/build/realsense2_camera_msgs
[0.706s] DEBUG:colcon.colcon_core.event_handler.log_command:Invoked command in '/home/imml/git/research_2025/apple-harvest-eva/build/harvest_interfaces' returned '0': CMAKE_PREFIX_PATH=/opt/ros/humble /usr/bin/cmake --build /home/imml/git/research_2025/apple-harvest-eva/build/harvest_interfaces -- -j16 -l16
[0.708s] DEBUG:colcon.colcon_core.event_handler.log_command:Invoking command in '/home/imml/git/research_2025/apple-harvest-eva/build/harvest_interfaces': CMAKE_PREFIX_PATH=/opt/ros/humble /usr/bin/cmake --install /home/imml/git/research_2025/apple-harvest-eva/build/harvest_interfaces
[0.711s] DEBUG:colcon.colcon_core.event_handler.log_command:Invoked command in '/home/imml/git/research_2025/apple-harvest-eva/build/ur_dashboard_msgs' returned '0': CMAKE_PREFIX_PATH=/opt/ros/humble /usr/bin/cmake --build /home/imml/git/research_2025/apple-harvest-eva/build/ur_dashboard_msgs -- -j16 -l16
[0.713s] DEBUG:colcon.colcon_core.event_handler.log_command:Invoking command in '/home/imml/git/research_2025/apple-harvest-eva/build/ur_dashboard_msgs': CMAKE_PREFIX_PATH=/opt/ros/humble /usr/bin/cmake --install /home/imml/git/research_2025/apple-harvest-eva/build/ur_dashboard_msgs
[0.780s] Level 1:colcon.colcon_core.environment:create_environment_scripts_only(realsense2_camera_msgs)
[0.780s] DEBUG:colcon.colcon_core.event_handler.log_command:Invoked command in '/home/imml/git/research_2025/apple-harvest-eva/build/realsense2_camera_msgs' returned '0': CMAKE_PREFIX_PATH=/opt/ros/humble /usr/bin/cmake --install /home/imml/git/research_2025/apple-harvest-eva/build/realsense2_camera_msgs
[0.780s] Level 1:colcon.colcon_core.environment:checking '/home/imml/git/research_2025/apple-harvest-eva/install/realsense2_camera_msgs' for CMake module files
[0.781s] Level 1:colcon.colcon_core.environment:checking '/home/imml/git/research_2025/apple-harvest-eva/install/realsense2_camera_msgs' for CMake config files
[0.783s] Level 1:colcon.colcon_core.shell:create_environment_hook('realsense2_camera_msgs', 'cmake_prefix_path')
[0.783s] INFO:colcon.colcon_core.shell:Creating environment hook '/home/imml/git/research_2025/apple-harvest-eva/install/realsense2_camera_msgs/share/realsense2_camera_msgs/hook/cmake_prefix_path.ps1'
[0.784s] INFO:colcon.colcon_core.shell:Creating environment descriptor '/home/imml/git/research_2025/apple-harvest-eva/install/realsense2_camera_msgs/share/realsense2_camera_msgs/hook/cmake_prefix_path.dsv'
[0.784s] INFO:colcon.colcon_core.shell:Creating environment hook '/home/imml/git/research_2025/apple-harvest-eva/install/realsense2_camera_msgs/share/realsense2_camera_msgs/hook/cmake_prefix_path.sh'
[0.785s] Level 1:colcon.colcon_core.environment:checking '/home/imml/git/research_2025/apple-harvest-eva/install/realsense2_camera_msgs/lib'
[0.785s] Level 1:colcon.colcon_core.shell:create_environment_hook('realsense2_camera_msgs', 'ld_library_path_lib')
[0.785s] INFO:colcon.colcon_core.shell:Creating environment hook '/home/imml/git/research_2025/apple-harvest-eva/install/realsense2_camera_msgs/share/realsense2_camera_msgs/hook/ld_library_path_lib.ps1'
[0.785s] INFO:colcon.colcon_core.shell:Creating environment descriptor '/home/imml/git/research_2025/apple-harvest-eva/install/realsense2_camera_msgs/share/realsense2_camera_msgs/hook/ld_library_path_lib.dsv'
[0.786s] INFO:colcon.colcon_core.shell:Creating environment hook '/home/imml/git/research_2025/apple-harvest-eva/install/realsense2_camera_msgs/share/realsense2_camera_msgs/hook/ld_library_path_lib.sh'
[0.786s] Level 1:colcon.colcon_core.environment:checking '/home/imml/git/research_2025/apple-harvest-eva/install/realsense2_camera_msgs/bin'
[0.786s] Level 1:colcon.colcon_core.environment:checking '/home/imml/git/research_2025/apple-harvest-eva/install/realsense2_camera_msgs/lib/pkgconfig/realsense2_camera_msgs.pc'
[0.786s] Level 1:colcon.colcon_core.environment:checking '/home/imml/git/research_2025/apple-harvest-eva/install/realsense2_camera_msgs/lib/python3.10/site-packages'
[0.787s] Level 1:colcon.colcon_core.environment:checking '/home/imml/git/research_2025/apple-harvest-eva/install/realsense2_camera_msgs/bin'
[0.787s] INFO:colcon.colcon_core.shell:Creating package script '/home/imml/git/research_2025/apple-harvest-eva/install/realsense2_camera_msgs/share/realsense2_camera_msgs/package.ps1'
[0.787s] INFO:colcon.colcon_core.shell:Creating package descriptor '/home/imml/git/research_2025/apple-harvest-eva/install/realsense2_camera_msgs/share/realsense2_camera_msgs/package.dsv'
[0.788s] INFO:colcon.colcon_core.shell:Creating package script '/home/imml/git/research_2025/apple-harvest-eva/install/realsense2_camera_msgs/share/realsense2_camera_msgs/package.sh'
[0.788s] INFO:colcon.colcon_core.shell:Creating package script '/home/imml/git/research_2025/apple-harvest-eva/install/realsense2_camera_msgs/share/realsense2_camera_msgs/package.bash'
[0.788s] INFO:colcon.colcon_core.shell:Creating package script '/home/imml/git/research_2025/apple-harvest-eva/install/realsense2_camera_msgs/share/realsense2_camera_msgs/package.zsh'
[0.789s] Level 1:colcon.colcon_core.environment:create_file_with_runtime_dependencies(/home/imml/git/research_2025/apple-harvest-eva/install/realsense2_camera_msgs/share/colcon-core/packages/realsense2_camera_msgs)
[0.789s] Level 1:colcon.colcon_core.environment:create_environment_scripts_only(realsense2_camera_msgs)
[0.789s] Level 1:colcon.colcon_core.environment:checking '/home/imml/git/research_2025/apple-harvest-eva/install/realsense2_camera_msgs' for CMake module files
[0.790s] Level 1:colcon.colcon_core.environment:checking '/home/imml/git/research_2025/apple-harvest-eva/install/realsense2_camera_msgs' for CMake config files
[0.791s] Level 1:colcon.colcon_core.shell:create_environment_hook('realsense2_camera_msgs', 'cmake_prefix_path')
[0.791s] INFO:colcon.colcon_core.shell:Creating environment hook '/home/imml/git/research_2025/apple-harvest-eva/install/realsense2_camera_msgs/share/realsense2_camera_msgs/hook/cmake_prefix_path.ps1'
[0.792s] INFO:colcon.colcon_core.shell:Creating environment descriptor '/home/imml/git/research_2025/apple-harvest-eva/install/realsense2_camera_msgs/share/realsense2_camera_msgs/hook/cmake_prefix_path.dsv'
[0.792s] INFO:colcon.colcon_core.shell:Creating environment hook '/home/imml/git/research_2025/apple-harvest-eva/install/realsense2_camera_msgs/share/realsense2_camera_msgs/hook/cmake_prefix_path.sh'
[0.792s] Level 1:colcon.colcon_core.environment:checking '/home/imml/git/research_2025/apple-harvest-eva/install/realsense2_camera_msgs/lib'
[0.793s] Level 1:colcon.colcon_core.shell:create_environment_hook('realsense2_camera_msgs', 'ld_library_path_lib')
[0.793s] INFO:colcon.colcon_core.shell:Creating environment hook '/home/imml/git/research_2025/apple-harvest-eva/install/realsense2_camera_msgs/share/realsense2_camera_msgs/hook/ld_library_path_lib.ps1'
[0.793s] INFO:colcon.colcon_core.shell:Creating environment descriptor '/home/imml/git/research_2025/apple-harvest-eva/install/realsense2_camera_msgs/share/realsense2_camera_msgs/hook/ld_library_path_lib.dsv'
[0.794s] INFO:colcon.colcon_core.shell:Creating environment hook '/home/imml/git/research_2025/apple-harvest-eva/install/realsense2_camera_msgs/share/realsense2_camera_msgs/hook/ld_library_path_lib.sh'
[0.794s] Level 1:colcon.colcon_core.environment:checking '/home/imml/git/research_2025/apple-harvest-eva/install/realsense2_camera_msgs/bin'
[0.795s] Level 1:colcon.colcon_core.environment:checking '/home/imml/git/research_2025/apple-harvest-eva/install/realsense2_camera_msgs/lib/pkgconfig/realsense2_camera_msgs.pc'
[0.795s] Level 1:colcon.colcon_core.environment:checking '/home/imml/git/research_2025/apple-harvest-eva/install/realsense2_camera_msgs/lib/python3.10/site-packages'
[0.795s] Level 1:colcon.colcon_core.environment:checking '/home/imml/git/research_2025/apple-harvest-eva/install/realsense2_camera_msgs/bin'
[0.795s] INFO:colcon.colcon_core.shell:Creating package script '/home/imml/git/research_2025/apple-harvest-eva/install/realsense2_camera_msgs/share/realsense2_camera_msgs/package.ps1'
[0.796s] INFO:colcon.colcon_core.shell:Creating package descriptor '/home/imml/git/research_2025/apple-harvest-eva/install/realsense2_camera_msgs/share/realsense2_camera_msgs/package.dsv'
[0.797s] INFO:colcon.colcon_core.shell:Creating package script '/home/imml/git/research_2025/apple-harvest-eva/install/realsense2_camera_msgs/share/realsense2_camera_msgs/package.sh'
[0.797s] INFO:colcon.colcon_core.shell:Creating package script '/home/imml/git/research_2025/apple-harvest-eva/install/realsense2_camera_msgs/share/realsense2_camera_msgs/package.bash'
[0.797s] INFO:colcon.colcon_core.shell:Creating package script '/home/imml/git/research_2025/apple-harvest-eva/install/realsense2_camera_msgs/share/realsense2_camera_msgs/package.zsh'
[0.798s] Level 1:colcon.colcon_core.environment:create_file_with_runtime_dependencies(/home/imml/git/research_2025/apple-harvest-eva/install/realsense2_camera_msgs/share/colcon-core/packages/realsense2_camera_msgs)
[0.798s] INFO:colcon.colcon_ros.task.ament_cmake.build:Building ROS package in '/home/imml/git/research_2025/apple-harvest-eva/harvest_hardware/realsense-ros/realsense2_camera' with build type 'ament_cmake'
[0.798s] INFO:colcon.colcon_cmake.task.cmake.build:Building CMake package in '/home/imml/git/research_2025/apple-harvest-eva/harvest_hardware/realsense-ros/realsense2_camera'
[0.798s] INFO:colcon.colcon_core.shell:Skip shell extension 'powershell' for command environment: Not usable outside of PowerShell
[0.798s] DEBUG:colcon.colcon_core.shell:Skip shell extension 'dsv' for command environment
[0.801s] INFO:colcon.colcon_ros.task.ament_cmake.build:Building ROS package in '/home/imml/git/research_2025/apple-harvest-eva/harvest_hardware/realsense-ros/realsense2_description' with build type 'ament_cmake'
[0.801s] INFO:colcon.colcon_cmake.task.cmake.build:Building CMake package in '/home/imml/git/research_2025/apple-harvest-eva/harvest_hardware/realsense-ros/realsense2_description'
[0.801s] INFO:colcon.colcon_core.shell:Skip shell extension 'powershell' for command environment: Not usable outside of PowerShell
[0.802s] DEBUG:colcon.colcon_core.shell:Skip shell extension 'dsv' for command environment
[0.807s] Level 1:colcon.colcon_core.environment:create_environment_scripts_only(harvest_interfaces)
[0.807s] Level 1:colcon.colcon_core.environment:checking '/home/imml/git/research_2025/apple-harvest-eva/install/harvest_interfaces' for CMake module files
[0.809s] DEBUG:colcon.colcon_core.event_handler.log_command:Invoking command in '/home/imml/git/research_2025/apple-harvest-eva/build/realsense2_camera': AMENT_PREFIX_PATH=/home/imml/git/research_2025/apple-harvest-eva/install/realsense2_camera_msgs:${AMENT_PREFIX_PATH} CMAKE_PREFIX_PATH=/home/imml/git/research_2025/apple-harvest-eva/install/realsense2_camera_msgs:/opt/ros/humble LD_LIBRARY_PATH=/home/imml/git/research_2025/apple-harvest-eva/install/realsense2_camera_msgs/lib:${LD_LIBRARY_PATH} PYTHONPATH=/home/imml/git/research_2025/apple-harvest-eva/install/realsense2_camera_msgs/local/lib/python3.10/dist-packages:${PYTHONPATH} /usr/bin/cmake --build /home/imml/git/research_2025/apple-harvest-eva/build/realsense2_camera -- -j16 -l16
[0.809s] DEBUG:colcon.colcon_core.event_handler.log_command:Invoked command in '/home/imml/git/research_2025/apple-harvest-eva/build/harvest_interfaces' returned '0': CMAKE_PREFIX_PATH=/opt/ros/humble /usr/bin/cmake --install /home/imml/git/research_2025/apple-harvest-eva/build/harvest_interfaces
[0.810s] Level 1:colcon.colcon_core.environment:checking '/home/imml/git/research_2025/apple-harvest-eva/install/harvest_interfaces' for CMake config files
[0.814s] Level 1:colcon.colcon_core.shell:create_environment_hook('harvest_interfaces', 'cmake_prefix_path')
[0.814s] INFO:colcon.colcon_core.shell:Creating environment hook '/home/imml/git/research_2025/apple-harvest-eva/install/harvest_interfaces/share/harvest_interfaces/hook/cmake_prefix_path.ps1'
[0.815s] INFO:colcon.colcon_core.shell:Creating environment descriptor '/home/imml/git/research_2025/apple-harvest-eva/install/harvest_interfaces/share/harvest_interfaces/hook/cmake_prefix_path.dsv'
[0.815s] INFO:colcon.colcon_core.shell:Creating environment hook '/home/imml/git/research_2025/apple-harvest-eva/install/harvest_interfaces/share/harvest_interfaces/hook/cmake_prefix_path.sh'
[0.816s] Level 1:colcon.colcon_core.environment:checking '/home/imml/git/research_2025/apple-harvest-eva/install/harvest_interfaces/lib'
[0.816s] Level 1:colcon.colcon_core.shell:create_environment_hook('harvest_interfaces', 'ld_library_path_lib')
[0.816s] INFO:colcon.colcon_core.shell:Creating environment hook '/home/imml/git/research_2025/apple-harvest-eva/install/harvest_interfaces/share/harvest_interfaces/hook/ld_library_path_lib.ps1'
[0.816s] INFO:colcon.colcon_core.shell:Creating environment descriptor '/home/imml/git/research_2025/apple-harvest-eva/install/harvest_interfaces/share/harvest_interfaces/hook/ld_library_path_lib.dsv'
[0.817s] INFO:colcon.colcon_core.shell:Creating environment hook '/home/imml/git/research_2025/apple-harvest-eva/install/harvest_interfaces/share/harvest_interfaces/hook/ld_library_path_lib.sh'
[0.817s] Level 1:colcon.colcon_core.environment:checking '/home/imml/git/research_2025/apple-harvest-eva/install/harvest_interfaces/bin'
[0.817s] Level 1:colcon.colcon_core.environment:checking '/home/imml/git/research_2025/apple-harvest-eva/install/harvest_interfaces/lib/pkgconfig/harvest_interfaces.pc'
[0.817s] Level 1:colcon.colcon_core.environment:checking '/home/imml/git/research_2025/apple-harvest-eva/install/harvest_interfaces/lib/python3.10/site-packages'
[0.817s] Level 1:colcon.colcon_core.environment:checking '/home/imml/git/research_2025/apple-harvest-eva/install/harvest_interfaces/bin'
[0.818s] INFO:colcon.colcon_core.shell:Creating package script '/home/imml/git/research_2025/apple-harvest-eva/install/harvest_interfaces/share/harvest_interfaces/package.ps1'
[0.818s] INFO:colcon.colcon_core.shell:Creating package descriptor '/home/imml/git/research_2025/apple-harvest-eva/install/harvest_interfaces/share/harvest_interfaces/package.dsv'
[0.818s] INFO:colcon.colcon_core.shell:Creating package script '/home/imml/git/research_2025/apple-harvest-eva/install/harvest_interfaces/share/harvest_interfaces/package.sh'
[0.819s] INFO:colcon.colcon_core.shell:Creating package script '/home/imml/git/research_2025/apple-harvest-eva/install/harvest_interfaces/share/harvest_interfaces/package.bash'
[0.819s] INFO:colcon.colcon_core.shell:Creating package script '/home/imml/git/research_2025/apple-harvest-eva/install/harvest_interfaces/share/harvest_interfaces/package.zsh'
[0.819s] Level 1:colcon.colcon_core.environment:create_file_with_runtime_dependencies(/home/imml/git/research_2025/apple-harvest-eva/install/harvest_interfaces/share/colcon-core/packages/harvest_interfaces)
[0.820s] Level 1:colcon.colcon_core.environment:create_environment_scripts_only(harvest_interfaces)
[0.820s] Level 1:colcon.colcon_core.environment:checking '/home/imml/git/research_2025/apple-harvest-eva/install/harvest_interfaces' for CMake module files
[0.820s] Level 1:colcon.colcon_core.environment:checking '/home/imml/git/research_2025/apple-harvest-eva/install/harvest_interfaces' for CMake config files
[0.822s] Level 1:colcon.colcon_core.shell:create_environment_hook('harvest_interfaces', 'cmake_prefix_path')
[0.823s] INFO:colcon.colcon_core.shell:Creating environment hook '/home/imml/git/research_2025/apple-harvest-eva/install/harvest_interfaces/share/harvest_interfaces/hook/cmake_prefix_path.ps1'
[0.823s] INFO:colcon.colcon_core.shell:Creating environment descriptor '/home/imml/git/research_2025/apple-harvest-eva/install/harvest_interfaces/share/harvest_interfaces/hook/cmake_prefix_path.dsv'
[0.823s] INFO:colcon.colcon_core.shell:Creating environment hook '/home/imml/git/research_2025/apple-harvest-eva/install/harvest_interfaces/share/harvest_interfaces/hook/cmake_prefix_path.sh'
[0.824s] Level 1:colcon.colcon_core.environment:checking '/home/imml/git/research_2025/apple-harvest-eva/install/harvest_interfaces/lib'
[0.824s] Level 1:colcon.colcon_core.shell:create_environment_hook('harvest_interfaces', 'ld_library_path_lib')
[0.824s] INFO:colcon.colcon_core.shell:Creating environment hook '/home/imml/git/research_2025/apple-harvest-eva/install/harvest_interfaces/share/harvest_interfaces/hook/ld_library_path_lib.ps1'
[0.824s] INFO:colcon.colcon_core.shell:Creating environment descriptor '/home/imml/git/research_2025/apple-harvest-eva/install/harvest_interfaces/share/harvest_interfaces/hook/ld_library_path_lib.dsv'
[0.825s] INFO:colcon.colcon_core.shell:Creating environment hook '/home/imml/git/research_2025/apple-harvest-eva/install/harvest_interfaces/share/harvest_interfaces/hook/ld_library_path_lib.sh'
[0.825s] Level 1:colcon.colcon_core.environment:checking '/home/imml/git/research_2025/apple-harvest-eva/install/harvest_interfaces/bin'
[0.825s] Level 1:colcon.colcon_core.environment:checking '/home/imml/git/research_2025/apple-harvest-eva/install/harvest_interfaces/lib/pkgconfig/harvest_interfaces.pc'
[0.825s] Level 1:colcon.colcon_core.environment:checking '/home/imml/git/research_2025/apple-harvest-eva/install/harvest_interfaces/lib/python3.10/site-packages'
[0.825s] Level 1:colcon.colcon_core.environment:checking '/home/imml/git/research_2025/apple-harvest-eva/install/harvest_interfaces/bin'
[0.825s] INFO:colcon.colcon_core.shell:Creating package script '/home/imml/git/research_2025/apple-harvest-eva/install/harvest_interfaces/share/harvest_interfaces/package.ps1'
[0.826s] INFO:colcon.colcon_core.shell:Creating package descriptor '/home/imml/git/research_2025/apple-harvest-eva/install/harvest_interfaces/share/harvest_interfaces/package.dsv'
[0.826s] INFO:colcon.colcon_core.shell:Creating package script '/home/imml/git/research_2025/apple-harvest-eva/install/harvest_interfaces/share/harvest_interfaces/package.sh'
[0.826s] INFO:colcon.colcon_core.shell:Creating package script '/home/imml/git/research_2025/apple-harvest-eva/install/harvest_interfaces/share/harvest_interfaces/package.bash'
[0.827s] INFO:colcon.colcon_core.shell:Creating package script '/home/imml/git/research_2025/apple-harvest-eva/install/harvest_interfaces/share/harvest_interfaces/package.zsh'
[0.827s] Level 1:colcon.colcon_core.environment:create_file_with_runtime_dependencies(/home/imml/git/research_2025/apple-harvest-eva/install/harvest_interfaces/share/colcon-core/packages/harvest_interfaces)
[0.828s] INFO:colcon.colcon_ros.task.ament_cmake.build:Building ROS package in '/home/imml/git/research_2025/apple-harvest-eva/harvest' with build type 'ament_cmake'
[0.828s] INFO:colcon.colcon_cmake.task.cmake.build:Building CMake package in '/home/imml/git/research_2025/apple-harvest-eva/harvest'
[0.828s] INFO:colcon.colcon_core.shell:Skip shell extension 'powershell' for command environment: Not usable outside of PowerShell
[0.828s] DEBUG:colcon.colcon_core.shell:Skip shell extension 'dsv' for command environment
[0.831s] INFO:colcon.colcon_ros.task.ament_cmake.build:Building ROS package in '/home/imml/git/research_2025/apple-harvest-eva/harvest_control' with build type 'ament_cmake'
[0.831s] INFO:colcon.colcon_cmake.task.cmake.build:Building CMake package in '/home/imml/git/research_2025/apple-harvest-eva/harvest_control'
[0.831s] INFO:colcon.colcon_core.shell:Skip shell extension 'powershell' for command environment: Not usable outside of PowerShell
[0.831s] DEBUG:colcon.colcon_core.shell:Skip shell extension 'dsv' for command environment
[0.833s] INFO:colcon.colcon_ros.task.ament_python.build:Building ROS package in '/home/imml/git/research_2025/apple-harvest-eva/harvest_vision' with build type 'ament_python'
[0.833s] Level 1:colcon.colcon_core.shell:create_environment_hook('harvest_vision', 'ament_prefix_path')
[0.834s] INFO:colcon.colcon_core.shell:Creating environment hook '/home/imml/git/research_2025/apple-harvest-eva/install/harvest_vision/share/harvest_vision/hook/ament_prefix_path.ps1'
[0.834s] INFO:colcon.colcon_core.shell:Creating environment descriptor '/home/imml/git/research_2025/apple-harvest-eva/install/harvest_vision/share/harvest_vision/hook/ament_prefix_path.dsv'
[0.834s] INFO:colcon.colcon_core.shell:Creating environment hook '/home/imml/git/research_2025/apple-harvest-eva/install/harvest_vision/share/harvest_vision/hook/ament_prefix_path.sh'
[0.835s] INFO:colcon.colcon_core.shell:Skip shell extension 'powershell' for command environment: Not usable outside of PowerShell
[0.835s] DEBUG:colcon.colcon_core.shell:Skip shell extension 'dsv' for command environment
[0.839s] Level 1:colcon.colcon_core.environment:create_environment_scripts_only(ur_dashboard_msgs)
[0.840s] Level 1:colcon.colcon_core.environment:checking '/home/imml/git/research_2025/apple-harvest-eva/install/ur_dashboard_msgs' for CMake module files
[0.841s] DEBUG:colcon.colcon_core.event_handler.log_command:Invoking command in '/home/imml/git/research_2025/apple-harvest-eva/build/realsense2_description': AMENT_PREFIX_PATH=/home/imml/git/research_2025/apple-harvest-eva/install/realsense2_camera_msgs:${AMENT_PREFIX_PATH} CMAKE_PREFIX_PATH=/home/imml/git/research_2025/apple-harvest-eva/install/realsense2_camera_msgs:/opt/ros/humble LD_LIBRARY_PATH=/home/imml/git/research_2025/apple-harvest-eva/install/realsense2_camera_msgs/lib:${LD_LIBRARY_PATH} PYTHONPATH=/home/imml/git/research_2025/apple-harvest-eva/install/realsense2_camera_msgs/local/lib/python3.10/dist-packages:${PYTHONPATH} /usr/bin/cmake --build /home/imml/git/research_2025/apple-harvest-eva/build/realsense2_description -- -j16 -l16
[0.841s] DEBUG:colcon.colcon_core.event_handler.log_command:Invoked command in '/home/imml/git/research_2025/apple-harvest-eva/build/ur_dashboard_msgs' returned '0': CMAKE_PREFIX_PATH=/opt/ros/humble /usr/bin/cmake --install /home/imml/git/research_2025/apple-harvest-eva/build/ur_dashboard_msgs
[0.842s] Level 1:colcon.colcon_core.environment:checking '/home/imml/git/research_2025/apple-harvest-eva/install/ur_dashboard_msgs' for CMake config files
[0.846s] Level 1:colcon.colcon_core.shell:create_environment_hook('ur_dashboard_msgs', 'cmake_prefix_path')
[0.846s] INFO:colcon.colcon_core.shell:Creating environment hook '/home/imml/git/research_2025/apple-harvest-eva/install/ur_dashboard_msgs/share/ur_dashboard_msgs/hook/cmake_prefix_path.ps1'
[0.847s] INFO:colcon.colcon_core.shell:Creating environment descriptor '/home/imml/git/research_2025/apple-harvest-eva/install/ur_dashboard_msgs/share/ur_dashboard_msgs/hook/cmake_prefix_path.dsv'
[0.847s] INFO:colcon.colcon_core.shell:Creating environment hook '/home/imml/git/research_2025/apple-harvest-eva/install/ur_dashboard_msgs/share/ur_dashboard_msgs/hook/cmake_prefix_path.sh'
[0.848s] Level 1:colcon.colcon_core.environment:checking '/home/imml/git/research_2025/apple-harvest-eva/install/ur_dashboard_msgs/lib'
[0.848s] Level 1:colcon.colcon_core.shell:create_environment_hook('ur_dashboard_msgs', 'ld_library_path_lib')
[0.848s] INFO:colcon.colcon_core.shell:Creating environment hook '/home/imml/git/research_2025/apple-harvest-eva/install/ur_dashboard_msgs/share/ur_dashboard_msgs/hook/ld_library_path_lib.ps1'
[0.849s] INFO:colcon.colcon_core.shell:Creating environment descriptor '/home/imml/git/research_2025/apple-harvest-eva/install/ur_dashboard_msgs/share/ur_dashboard_msgs/hook/ld_library_path_lib.dsv'
[0.849s] INFO:colcon.colcon_core.shell:Creating environment hook '/home/imml/git/research_2025/apple-harvest-eva/install/ur_dashboard_msgs/share/ur_dashboard_msgs/hook/ld_library_path_lib.sh'
[0.850s] Level 1:colcon.colcon_core.environment:checking '/home/imml/git/research_2025/apple-harvest-eva/install/ur_dashboard_msgs/bin'
[0.850s] Level 1:colcon.colcon_core.environment:checking '/home/imml/git/research_2025/apple-harvest-eva/install/ur_dashboard_msgs/lib/pkgconfig/ur_dashboard_msgs.pc'
[0.850s] Level 1:colcon.colcon_core.environment:checking '/home/imml/git/research_2025/apple-harvest-eva/install/ur_dashboard_msgs/lib/python3.10/site-packages'
[0.850s] Level 1:colcon.colcon_core.environment:checking '/home/imml/git/research_2025/apple-harvest-eva/install/ur_dashboard_msgs/bin'
[0.851s] INFO:colcon.colcon_core.shell:Creating package script '/home/imml/git/research_2025/apple-harvest-eva/install/ur_dashboard_msgs/share/ur_dashboard_msgs/package.ps1'
[0.851s] INFO:colcon.colcon_core.shell:Creating package descriptor '/home/imml/git/research_2025/apple-harvest-eva/install/ur_dashboard_msgs/share/ur_dashboard_msgs/package.dsv'
[0.852s] INFO:colcon.colcon_core.shell:Creating package script '/home/imml/git/research_2025/apple-harvest-eva/install/ur_dashboard_msgs/share/ur_dashboard_msgs/package.sh'
[0.853s] INFO:colcon.colcon_core.shell:Creating package script '/home/imml/git/research_2025/apple-harvest-eva/install/ur_dashboard_msgs/share/ur_dashboard_msgs/package.bash'
[0.853s] INFO:colcon.colcon_core.shell:Creating package script '/home/imml/git/research_2025/apple-harvest-eva/install/ur_dashboard_msgs/share/ur_dashboard_msgs/package.zsh'
[0.853s] Level 1:colcon.colcon_core.environment:create_file_with_runtime_dependencies(/home/imml/git/research_2025/apple-harvest-eva/install/ur_dashboard_msgs/share/colcon-core/packages/ur_dashboard_msgs)
[0.854s] Level 1:colcon.colcon_core.environment:create_environment_scripts_only(ur_dashboard_msgs)
[0.854s] Level 1:colcon.colcon_core.environment:checking '/home/imml/git/research_2025/apple-harvest-eva/install/ur_dashboard_msgs' for CMake module files
[0.855s] Level 1:colcon.colcon_core.environment:checking '/home/imml/git/research_2025/apple-harvest-eva/install/ur_dashboard_msgs' for CMake config files
[0.859s] Level 1:colcon.colcon_core.shell:create_environment_hook('ur_dashboard_msgs', 'cmake_prefix_path')
[0.859s] INFO:colcon.colcon_core.shell:Creating environment hook '/home/imml/git/research_2025/apple-harvest-eva/install/ur_dashboard_msgs/share/ur_dashboard_msgs/hook/cmake_prefix_path.ps1'
[0.860s] INFO:colcon.colcon_core.shell:Creating environment descriptor '/home/imml/git/research_2025/apple-harvest-eva/install/ur_dashboard_msgs/share/ur_dashboard_msgs/hook/cmake_prefix_path.dsv'
[0.861s] INFO:colcon.colcon_core.shell:Creating environment hook '/home/imml/git/research_2025/apple-harvest-eva/install/ur_dashboard_msgs/share/ur_dashboard_msgs/hook/cmake_prefix_path.sh'
[0.862s] Level 1:colcon.colcon_core.environment:checking '/home/imml/git/research_2025/apple-harvest-eva/install/ur_dashboard_msgs/lib'
[0.862s] Level 1:colcon.colcon_core.shell:create_environment_hook('ur_dashboard_msgs', 'ld_library_path_lib')
[0.862s] INFO:colcon.colcon_core.shell:Creating environment hook '/home/imml/git/research_2025/apple-harvest-eva/install/ur_dashboard_msgs/share/ur_dashboard_msgs/hook/ld_library_path_lib.ps1'
[0.863s] INFO:colcon.colcon_core.shell:Creating environment descriptor '/home/imml/git/research_2025/apple-harvest-eva/install/ur_dashboard_msgs/share/ur_dashboard_msgs/hook/ld_library_path_lib.dsv'
[0.863s] INFO:colcon.colcon_core.shell:Creating environment hook '/home/imml/git/research_2025/apple-harvest-eva/install/ur_dashboard_msgs/share/ur_dashboard_msgs/hook/ld_library_path_lib.sh'
[0.863s] Level 1:colcon.colcon_core.environment:checking '/home/imml/git/research_2025/apple-harvest-eva/install/ur_dashboard_msgs/bin'
[0.863s] Level 1:colcon.colcon_core.environment:checking '/home/imml/git/research_2025/apple-harvest-eva/install/ur_dashboard_msgs/lib/pkgconfig/ur_dashboard_msgs.pc'
[0.863s] Level 1:colcon.colcon_core.environment:checking '/home/imml/git/research_2025/apple-harvest-eva/install/ur_dashboard_msgs/lib/python3.10/site-packages'
[0.864s] Level 1:colcon.colcon_core.environment:checking '/home/imml/git/research_2025/apple-harvest-eva/install/ur_dashboard_msgs/bin'
[0.864s] INFO:colcon.colcon_core.shell:Creating package script '/home/imml/git/research_2025/apple-harvest-eva/install/ur_dashboard_msgs/share/ur_dashboard_msgs/package.ps1'
[0.864s] INFO:colcon.colcon_core.shell:Creating package descriptor '/home/imml/git/research_2025/apple-harvest-eva/install/ur_dashboard_msgs/share/ur_dashboard_msgs/package.dsv'
[0.865s] INFO:colcon.colcon_core.shell:Creating package script '/home/imml/git/research_2025/apple-harvest-eva/install/ur_dashboard_msgs/share/ur_dashboard_msgs/package.sh'
[0.865s] INFO:colcon.colcon_core.shell:Creating package script '/home/imml/git/research_2025/apple-harvest-eva/install/ur_dashboard_msgs/share/ur_dashboard_msgs/package.bash'
[0.865s] INFO:colcon.colcon_core.shell:Creating package script '/home/imml/git/research_2025/apple-harvest-eva/install/ur_dashboard_msgs/share/ur_dashboard_msgs/package.zsh'
[0.866s] Level 1:colcon.colcon_core.environment:create_file_with_runtime_dependencies(/home/imml/git/research_2025/apple-harvest-eva/install/ur_dashboard_msgs/share/colcon-core/packages/ur_dashboard_msgs)
[0.869s] DEBUG:colcon.colcon_core.event_handler.log_command:Invoking command in '/home/imml/git/research_2025/apple-harvest-eva/build/harvest': AMENT_PREFIX_PATH=/home/imml/git/research_2025/apple-harvest-eva/install/harvest_interfaces:${AMENT_PREFIX_PATH} CMAKE_PREFIX_PATH=/home/imml/git/research_2025/apple-harvest-eva/install/harvest_interfaces:/opt/ros/humble LD_LIBRARY_PATH=/home/imml/git/research_2025/apple-harvest-eva/install/harvest_interfaces/lib:${LD_LIBRARY_PATH} PYTHONPATH=/home/imml/git/research_2025/apple-harvest-eva/install/harvest_interfaces/local/lib/python3.10/dist-packages:${PYTHONPATH} /usr/bin/cmake --build /home/imml/git/research_2025/apple-harvest-eva/build/harvest -- -j16 -l16
[0.871s] INFO:colcon.colcon_ros.task.ament_cmake.build:Building ROS package in '/home/imml/git/research_2025/apple-harvest-eva/harvest_hardware/Universal_Robots_ROS2_Driver/ur_controllers' with build type 'ament_cmake'
[0.871s] INFO:colcon.colcon_cmake.task.cmake.build:Building CMake package in '/home/imml/git/research_2025/apple-harvest-eva/harvest_hardware/Universal_Robots_ROS2_Driver/ur_controllers'
[0.871s] INFO:colcon.colcon_core.shell:Skip shell extension 'powershell' for command environment: Not usable outside of PowerShell
[0.872s] DEBUG:colcon.colcon_core.shell:Skip shell extension 'dsv' for command environment
[0.873s] DEBUG:colcon.colcon_core.event_handler.log_command:Invoking command in '/home/imml/git/research_2025/apple-harvest-eva/build/harvest_control': AMENT_PREFIX_PATH=/home/imml/git/research_2025/apple-harvest-eva/install/harvest_interfaces:${AMENT_PREFIX_PATH} CMAKE_PREFIX_PATH=/home/imml/git/research_2025/apple-harvest-eva/install/harvest_interfaces:/opt/ros/humble LD_LIBRARY_PATH=/home/imml/git/research_2025/apple-harvest-eva/install/harvest_interfaces/lib:${LD_LIBRARY_PATH} PYTHONPATH=/home/imml/git/research_2025/apple-harvest-eva/install/harvest_interfaces/local/lib/python3.10/dist-packages:${PYTHONPATH} /usr/bin/cmake --build /home/imml/git/research_2025/apple-harvest-eva/build/harvest_control -- -j16 -l16
[1.110s] INFO:colcon.colcon_core.task.python.build:Building Python package in '/home/imml/git/research_2025/apple-harvest-eva/harvest_vision'
[1.110s] INFO:colcon.colcon_core.shell:Skip shell extension 'powershell' for command environment: Not usable outside of PowerShell
[1.110s] DEBUG:colcon.colcon_core.shell:Skip shell extension 'dsv' for command environment
[1.114s] DEBUG:colcon.colcon_core.event_handler.log_command:Invoked command in '/home/imml/git/research_2025/apple-harvest-eva/build/realsense2_description' returned '0': AMENT_PREFIX_PATH=/home/imml/git/research_2025/apple-harvest-eva/install/realsense2_camera_msgs:${AMENT_PREFIX_PATH} CMAKE_PREFIX_PATH=/home/imml/git/research_2025/apple-harvest-eva/install/realsense2_camera_msgs:/opt/ros/humble LD_LIBRARY_PATH=/home/imml/git/research_2025/apple-harvest-eva/install/realsense2_camera_msgs/lib:${LD_LIBRARY_PATH} PYTHONPATH=/home/imml/git/research_2025/apple-harvest-eva/install/realsense2_camera_msgs/local/lib/python3.10/dist-packages:${PYTHONPATH} /usr/bin/cmake --build /home/imml/git/research_2025/apple-harvest-eva/build/realsense2_description -- -j16 -l16
[1.115s] DEBUG:colcon.colcon_core.event_handler.log_command:Invoking command in '/home/imml/git/research_2025/apple-harvest-eva/build/realsense2_description': AMENT_PREFIX_PATH=/home/imml/git/research_2025/apple-harvest-eva/install/realsense2_camera_msgs:${AMENT_PREFIX_PATH} CMAKE_PREFIX_PATH=/home/imml/git/research_2025/apple-harvest-eva/install/realsense2_camera_msgs:/opt/ros/humble LD_LIBRARY_PATH=/home/imml/git/research_2025/apple-harvest-eva/install/realsense2_camera_msgs/lib:${LD_LIBRARY_PATH} PYTHONPATH=/home/imml/git/research_2025/apple-harvest-eva/install/realsense2_camera_msgs/local/lib/python3.10/dist-packages:${PYTHONPATH} /usr/bin/cmake --install /home/imml/git/research_2025/apple-harvest-eva/build/realsense2_description
[1.117s] DEBUG:colcon.colcon_core.event_handler.log_command:Invoked command in '/home/imml/git/research_2025/apple-harvest-eva/build/ur_moveit_config' returned '0': AMENT_PREFIX_PATH=/home/imml/git/research_2025/apple-harvest-eva/install/ur_description:${AMENT_PREFIX_PATH} CMAKE_PREFIX_PATH=/home/imml/git/research_2025/apple-harvest-eva/install/ur_description:/opt/ros/humble /usr/bin/cmake --build /home/imml/git/research_2025/apple-harvest-eva/build/ur_moveit_config -- -j16 -l16
[1.118s] DEBUG:colcon.colcon_core.event_handler.log_command:Invoking command in '/home/imml/git/research_2025/apple-harvest-eva/build/ur_moveit_config': AMENT_PREFIX_PATH=/home/imml/git/research_2025/apple-harvest-eva/install/ur_description:${AMENT_PREFIX_PATH} CMAKE_PREFIX_PATH=/home/imml/git/research_2025/apple-harvest-eva/install/ur_description:/opt/ros/humble /usr/bin/cmake --install /home/imml/git/research_2025/apple-harvest-eva/build/ur_moveit_config
[1.119s] DEBUG:colcon.colcon_core.event_handler.log_command:Invoked command in '/home/imml/git/research_2025/apple-harvest-eva/build/realsense2_camera' returned '0': AMENT_PREFIX_PATH=/home/imml/git/research_2025/apple-harvest-eva/install/realsense2_camera_msgs:${AMENT_PREFIX_PATH} CMAKE_PREFIX_PATH=/home/imml/git/research_2025/apple-harvest-eva/install/realsense2_camera_msgs:/opt/ros/humble LD_LIBRARY_PATH=/home/imml/git/research_2025/apple-harvest-eva/install/realsense2_camera_msgs/lib:${LD_LIBRARY_PATH} PYTHONPATH=/home/imml/git/research_2025/apple-harvest-eva/install/realsense2_camera_msgs/local/lib/python3.10/dist-packages:${PYTHONPATH} /usr/bin/cmake --build /home/imml/git/research_2025/apple-harvest-eva/build/realsense2_camera -- -j16 -l16
[1.120s] DEBUG:colcon.colcon_core.event_handler.log_command:Invoking command in '/home/imml/git/research_2025/apple-harvest-eva/build/realsense2_camera': AMENT_PREFIX_PATH=/home/imml/git/research_2025/apple-harvest-eva/install/realsense2_camera_msgs:${AMENT_PREFIX_PATH} CMAKE_PREFIX_PATH=/home/imml/git/research_2025/apple-harvest-eva/install/realsense2_camera_msgs:/opt/ros/humble LD_LIBRARY_PATH=/home/imml/git/research_2025/apple-harvest-eva/install/realsense2_camera_msgs/lib:${LD_LIBRARY_PATH} PYTHONPATH=/home/imml/git/research_2025/apple-harvest-eva/install/realsense2_camera_msgs/local/lib/python3.10/dist-packages:${PYTHONPATH} /usr/bin/cmake --install /home/imml/git/research_2025/apple-harvest-eva/build/realsense2_camera
[1.123s] DEBUG:colcon.colcon_core.event_handler.log_command:Invoking command in '/home/imml/git/research_2025/apple-harvest-eva/build/ur_controllers': AMENT_PREFIX_PATH=/home/imml/git/research_2025/apple-harvest-eva/install/ur_dashboard_msgs:${AMENT_PREFIX_PATH} CMAKE_PREFIX_PATH=/home/imml/git/research_2025/apple-harvest-eva/install/ur_dashboard_msgs:/opt/ros/humble LD_LIBRARY_PATH=/home/imml/git/research_2025/apple-harvest-eva/install/ur_dashboard_msgs/lib:${LD_LIBRARY_PATH} PYTHONPATH=/home/imml/git/research_2025/apple-harvest-eva/install/ur_dashboard_msgs/local/lib/python3.10/dist-packages:${PYTHONPATH} /usr/bin/cmake --build /home/imml/git/research_2025/apple-harvest-eva/build/ur_controllers -- -j16 -l16
[1.127s] DEBUG:colcon.colcon_core.event_handler.log_command:Invoking command in '/home/imml/git/research_2025/apple-harvest-eva/build/ur5e_custom_hardware': PYTHONPATH=/home/imml/git/research_2025/apple-harvest-eva/build/ur5e_custom_hardware/prefix_override:/usr/lib/python3/dist-packages/colcon_core/task/python/colcon_distutils_commands:/home/imml/git/research_2025/apple-harvest-eva/install/ur5e_custom_hardware/lib/python3.10/site-packages:${PYTHONPATH} /usr/bin/python3 -W ignore:setup.py install is deprecated -W ignore:easy_install command is deprecated setup.py develop --editable --build-directory /home/imml/git/research_2025/apple-harvest-eva/build/ur5e_custom_hardware/build --no-deps symlink_data
[1.142s] Level 1:colcon.colcon_core.environment:create_environment_scripts_only(realsense2_description)
[1.142s] DEBUG:colcon.colcon_core.event_handler.log_command:Invoked command in '/home/imml/git/research_2025/apple-harvest-eva/build/realsense2_description' returned '0': AMENT_PREFIX_PATH=/home/imml/git/research_2025/apple-harvest-eva/install/realsense2_camera_msgs:${AMENT_PREFIX_PATH} CMAKE_PREFIX_PATH=/home/imml/git/research_2025/apple-harvest-eva/install/realsense2_camera_msgs:/opt/ros/humble LD_LIBRARY_PATH=/home/imml/git/research_2025/apple-harvest-eva/install/realsense2_camera_msgs/lib:${LD_LIBRARY_PATH} PYTHONPATH=/home/imml/git/research_2025/apple-harvest-eva/install/realsense2_camera_msgs/local/lib/python3.10/dist-packages:${PYTHONPATH} /usr/bin/cmake --install /home/imml/git/research_2025/apple-harvest-eva/build/realsense2_description
[1.142s] Level 1:colcon.colcon_core.environment:checking '/home/imml/git/research_2025/apple-harvest-eva/install/realsense2_description' for CMake module files
[1.144s] Level 1:colcon.colcon_core.environment:checking '/home/imml/git/research_2025/apple-harvest-eva/install/realsense2_description' for CMake config files
[1.146s] Level 1:colcon.colcon_core.shell:create_environment_hook('realsense2_description', 'cmake_prefix_path')
[1.147s] INFO:colcon.colcon_core.shell:Creating environment hook '/home/imml/git/research_2025/apple-harvest-eva/install/realsense2_description/share/realsense2_description/hook/cmake_prefix_path.ps1'
[1.147s] INFO:colcon.colcon_core.shell:Creating environment descriptor '/home/imml/git/research_2025/apple-harvest-eva/install/realsense2_description/share/realsense2_description/hook/cmake_prefix_path.dsv'
[1.148s] INFO:colcon.colcon_core.shell:Creating environment hook '/home/imml/git/research_2025/apple-harvest-eva/install/realsense2_description/share/realsense2_description/hook/cmake_prefix_path.sh'
[1.149s] Level 1:colcon.colcon_core.environment:checking '/home/imml/git/research_2025/apple-harvest-eva/install/realsense2_description/bin'
[1.149s] Level 1:colcon.colcon_core.environment:checking '/home/imml/git/research_2025/apple-harvest-eva/install/realsense2_description/lib/pkgconfig/realsense2_description.pc'
[1.149s] Level 1:colcon.colcon_core.environment:checking '/home/imml/git/research_2025/apple-harvest-eva/install/realsense2_description/lib/python3.10/site-packages'
[1.150s] Level 1:colcon.colcon_core.environment:checking '/home/imml/git/research_2025/apple-harvest-eva/install/realsense2_description/bin'
[1.150s] INFO:colcon.colcon_core.shell:Creating package script '/home/imml/git/research_2025/apple-harvest-eva/install/realsense2_description/share/realsense2_description/package.ps1'
[1.150s] INFO:colcon.colcon_core.shell:Creating package descriptor '/home/imml/git/research_2025/apple-harvest-eva/install/realsense2_description/share/realsense2_description/package.dsv'
[1.151s] INFO:colcon.colcon_core.shell:Creating package script '/home/imml/git/research_2025/apple-harvest-eva/install/realsense2_description/share/realsense2_description/package.sh'
[1.151s] INFO:colcon.colcon_core.shell:Creating package script '/home/imml/git/research_2025/apple-harvest-eva/install/realsense2_description/share/realsense2_description/package.bash'
[1.151s] INFO:colcon.colcon_core.shell:Creating package script '/home/imml/git/research_2025/apple-harvest-eva/install/realsense2_description/share/realsense2_description/package.zsh'
[1.152s] Level 1:colcon.colcon_core.environment:create_file_with_runtime_dependencies(/home/imml/git/research_2025/apple-harvest-eva/install/realsense2_description/share/colcon-core/packages/realsense2_description)
[1.153s] Level 1:colcon.colcon_core.environment:create_environment_scripts_only(realsense2_description)
[1.153s] Level 1:colcon.colcon_core.environment:checking '/home/imml/git/research_2025/apple-harvest-eva/install/realsense2_description' for CMake module files
[1.154s] Level 1:colcon.colcon_core.environment:checking '/home/imml/git/research_2025/apple-harvest-eva/install/realsense2_description' for CMake config files
[1.154s] Level 1:colcon.colcon_core.shell:create_environment_hook('realsense2_description', 'cmake_prefix_path')
[1.155s] INFO:colcon.colcon_core.shell:Creating environment hook '/home/imml/git/research_2025/apple-harvest-eva/install/realsense2_description/share/realsense2_description/hook/cmake_prefix_path.ps1'
[1.155s] INFO:colcon.colcon_core.shell:Creating environment descriptor '/home/imml/git/research_2025/apple-harvest-eva/install/realsense2_description/share/realsense2_description/hook/cmake_prefix_path.dsv'
[1.156s] INFO:colcon.colcon_core.shell:Creating environment hook '/home/imml/git/research_2025/apple-harvest-eva/install/realsense2_description/share/realsense2_description/hook/cmake_prefix_path.sh'
[1.156s] Level 1:colcon.colcon_core.environment:checking '/home/imml/git/research_2025/apple-harvest-eva/install/realsense2_description/bin'
[1.156s] Level 1:colcon.colcon_core.environment:checking '/home/imml/git/research_2025/apple-harvest-eva/install/realsense2_description/lib/pkgconfig/realsense2_description.pc'
[1.157s] Level 1:colcon.colcon_core.environment:checking '/home/imml/git/research_2025/apple-harvest-eva/install/realsense2_description/lib/python3.10/site-packages'
[1.157s] Level 1:colcon.colcon_core.environment:checking '/home/imml/git/research_2025/apple-harvest-eva/install/realsense2_description/bin'
[1.157s] INFO:colcon.colcon_core.shell:Creating package script '/home/imml/git/research_2025/apple-harvest-eva/install/realsense2_description/share/realsense2_description/package.ps1'
[1.158s] INFO:colcon.colcon_core.shell:Creating package descriptor '/home/imml/git/research_2025/apple-harvest-eva/install/realsense2_description/share/realsense2_description/package.dsv'
[1.159s] INFO:colcon.colcon_core.shell:Creating package script '/home/imml/git/research_2025/apple-harvest-eva/install/realsense2_description/share/realsense2_description/package.sh'
[1.159s] INFO:colcon.colcon_core.shell:Creating package script '/home/imml/git/research_2025/apple-harvest-eva/install/realsense2_description/share/realsense2_description/package.bash'
[1.160s] INFO:colcon.colcon_core.shell:Creating package script '/home/imml/git/research_2025/apple-harvest-eva/install/realsense2_description/share/realsense2_description/package.zsh'
[1.160s] Level 1:colcon.colcon_core.environment:create_file_with_runtime_dependencies(/home/imml/git/research_2025/apple-harvest-eva/install/realsense2_description/share/colcon-core/packages/realsense2_description)
[1.162s] Level 1:colcon.colcon_core.environment:create_environment_scripts_only(realsense2_camera)
[1.162s] Level 1:colcon.colcon_core.environment:checking '/home/imml/git/research_2025/apple-harvest-eva/install/realsense2_camera' for CMake module files
[1.163s] DEBUG:colcon.colcon_core.event_handler.log_command:Invoked command in '/home/imml/git/research_2025/apple-harvest-eva/build/realsense2_camera' returned '0': AMENT_PREFIX_PATH=/home/imml/git/research_2025/apple-harvest-eva/install/realsense2_camera_msgs:${AMENT_PREFIX_PATH} CMAKE_PREFIX_PATH=/home/imml/git/research_2025/apple-harvest-eva/install/realsense2_camera_msgs:/opt/ros/humble LD_LIBRARY_PATH=/home/imml/git/research_2025/apple-harvest-eva/install/realsense2_camera_msgs/lib:${LD_LIBRARY_PATH} PYTHONPATH=/home/imml/git/research_2025/apple-harvest-eva/install/realsense2_camera_msgs/local/lib/python3.10/dist-packages:${PYTHONPATH} /usr/bin/cmake --install /home/imml/git/research_2025/apple-harvest-eva/build/realsense2_camera
[1.163s] Level 1:colcon.colcon_core.environment:checking '/home/imml/git/research_2025/apple-harvest-eva/install/realsense2_camera' for CMake config files
[1.164s] Level 1:colcon.colcon_core.shell:create_environment_hook('realsense2_camera', 'cmake_prefix_path')
[1.165s] INFO:colcon.colcon_core.shell:Creating environment hook '/home/imml/git/research_2025/apple-harvest-eva/install/realsense2_camera/share/realsense2_camera/hook/cmake_prefix_path.ps1'
[1.165s] INFO:colcon.colcon_core.shell:Creating environment descriptor '/home/imml/git/research_2025/apple-harvest-eva/install/realsense2_camera/share/realsense2_camera/hook/cmake_prefix_path.dsv'
[1.166s] INFO:colcon.colcon_core.shell:Creating environment hook '/home/imml/git/research_2025/apple-harvest-eva/install/realsense2_camera/share/realsense2_camera/hook/cmake_prefix_path.sh'
[1.166s] Level 1:colcon.colcon_core.environment:checking '/home/imml/git/research_2025/apple-harvest-eva/install/realsense2_camera/lib'
[1.166s] Level 1:colcon.colcon_core.shell:create_environment_hook('realsense2_camera', 'ld_library_path_lib')
[1.167s] INFO:colcon.colcon_core.shell:Creating environment hook '/home/imml/git/research_2025/apple-harvest-eva/install/realsense2_camera/share/realsense2_camera/hook/ld_library_path_lib.ps1'
[1.167s] INFO:colcon.colcon_core.shell:Creating environment descriptor '/home/imml/git/research_2025/apple-harvest-eva/install/realsense2_camera/share/realsense2_camera/hook/ld_library_path_lib.dsv'
[1.167s] INFO:colcon.colcon_core.shell:Creating environment hook '/home/imml/git/research_2025/apple-harvest-eva/install/realsense2_camera/share/realsense2_camera/hook/ld_library_path_lib.sh'
[1.168s] Level 1:colcon.colcon_core.environment:checking '/home/imml/git/research_2025/apple-harvest-eva/install/realsense2_camera/bin'
[1.168s] Level 1:colcon.colcon_core.environment:checking '/home/imml/git/research_2025/apple-harvest-eva/install/realsense2_camera/lib/pkgconfig/realsense2_camera.pc'
[1.168s] Level 1:colcon.colcon_core.environment:checking '/home/imml/git/research_2025/apple-harvest-eva/install/realsense2_camera/lib/python3.10/site-packages'
[1.169s] Level 1:colcon.colcon_core.environment:checking '/home/imml/git/research_2025/apple-harvest-eva/install/realsense2_camera/bin'
[1.169s] INFO:colcon.colcon_core.shell:Creating package script '/home/imml/git/research_2025/apple-harvest-eva/install/realsense2_camera/share/realsense2_camera/package.ps1'
[1.170s] INFO:colcon.colcon_core.shell:Creating package descriptor '/home/imml/git/research_2025/apple-harvest-eva/install/realsense2_camera/share/realsense2_camera/package.dsv'
[1.171s] INFO:colcon.colcon_core.shell:Creating package script '/home/imml/git/research_2025/apple-harvest-eva/install/realsense2_camera/share/realsense2_camera/package.sh'
[1.171s] INFO:colcon.colcon_core.shell:Creating package script '/home/imml/git/research_2025/apple-harvest-eva/install/realsense2_camera/share/realsense2_camera/package.bash'
[1.171s] INFO:colcon.colcon_core.shell:Creating package script '/home/imml/git/research_2025/apple-harvest-eva/install/realsense2_camera/share/realsense2_camera/package.zsh'
[1.172s] Level 1:colcon.colcon_core.environment:create_file_with_runtime_dependencies(/home/imml/git/research_2025/apple-harvest-eva/install/realsense2_camera/share/colcon-core/packages/realsense2_camera)
[1.172s] Level 1:colcon.colcon_core.environment:create_environment_scripts_only(realsense2_camera)
[1.173s] Level 1:colcon.colcon_core.environment:checking '/home/imml/git/research_2025/apple-harvest-eva/install/realsense2_camera' for CMake module files
[1.173s] Level 1:colcon.colcon_core.environment:checking '/home/imml/git/research_2025/apple-harvest-eva/install/realsense2_camera' for CMake config files
[1.174s] Level 1:colcon.colcon_core.shell:create_environment_hook('realsense2_camera', 'cmake_prefix_path')
[1.175s] INFO:colcon.colcon_core.shell:Creating environment hook '/home/imml/git/research_2025/apple-harvest-eva/install/realsense2_camera/share/realsense2_camera/hook/cmake_prefix_path.ps1'
[1.175s] INFO:colcon.colcon_core.shell:Creating environment descriptor '/home/imml/git/research_2025/apple-harvest-eva/install/realsense2_camera/share/realsense2_camera/hook/cmake_prefix_path.dsv'
[1.176s] INFO:colcon.colcon_core.shell:Creating environment hook '/home/imml/git/research_2025/apple-harvest-eva/install/realsense2_camera/share/realsense2_camera/hook/cmake_prefix_path.sh'
[1.176s] Level 1:colcon.colcon_core.environment:checking '/home/imml/git/research_2025/apple-harvest-eva/install/realsense2_camera/lib'
[1.177s] Level 1:colcon.colcon_core.shell:create_environment_hook('realsense2_camera', 'ld_library_path_lib')
[1.177s] INFO:colcon.colcon_core.shell:Creating environment hook '/home/imml/git/research_2025/apple-harvest-eva/install/realsense2_camera/share/realsense2_camera/hook/ld_library_path_lib.ps1'
[1.178s] INFO:colcon.colcon_core.shell:Creating environment descriptor '/home/imml/git/research_2025/apple-harvest-eva/install/realsense2_camera/share/realsense2_camera/hook/ld_library_path_lib.dsv'
[1.178s] INFO:colcon.colcon_core.shell:Creating environment hook '/home/imml/git/research_2025/apple-harvest-eva/install/realsense2_camera/share/realsense2_camera/hook/ld_library_path_lib.sh'
[1.179s] Level 1:colcon.colcon_core.environment:checking '/home/imml/git/research_2025/apple-harvest-eva/install/realsense2_camera/bin'
[1.179s] Level 1:colcon.colcon_core.environment:checking '/home/imml/git/research_2025/apple-harvest-eva/install/realsense2_camera/lib/pkgconfig/realsense2_camera.pc'
[1.179s] Level 1:colcon.colcon_core.environment:checking '/home/imml/git/research_2025/apple-harvest-eva/install/realsense2_camera/lib/python3.10/site-packages'
[1.179s] Level 1:colcon.colcon_core.environment:checking '/home/imml/git/research_2025/apple-harvest-eva/install/realsense2_camera/bin'
[1.180s] INFO:colcon.colcon_core.shell:Creating package script '/home/imml/git/research_2025/apple-harvest-eva/install/realsense2_camera/share/realsense2_camera/package.ps1'
[1.180s] INFO:colcon.colcon_core.shell:Creating package descriptor '/home/imml/git/research_2025/apple-harvest-eva/install/realsense2_camera/share/realsense2_camera/package.dsv'
[1.181s] INFO:colcon.colcon_core.shell:Creating package script '/home/imml/git/research_2025/apple-harvest-eva/install/realsense2_camera/share/realsense2_camera/package.sh'
[1.181s] INFO:colcon.colcon_core.shell:Creating package script '/home/imml/git/research_2025/apple-harvest-eva/install/realsense2_camera/share/realsense2_camera/package.bash'
[1.181s] INFO:colcon.colcon_core.shell:Creating package script '/home/imml/git/research_2025/apple-harvest-eva/install/realsense2_camera/share/realsense2_camera/package.zsh'
[1.182s] Level 1:colcon.colcon_core.environment:create_file_with_runtime_dependencies(/home/imml/git/research_2025/apple-harvest-eva/install/realsense2_camera/share/colcon-core/packages/realsense2_camera)
[1.206s] DEBUG:colcon.colcon_core.event_handler.log_command:Invoked command in '/home/imml/git/research_2025/apple-harvest-eva/build/harvest' returned '0': AMENT_PREFIX_PATH=/home/imml/git/research_2025/apple-harvest-eva/install/harvest_interfaces:${AMENT_PREFIX_PATH} CMAKE_PREFIX_PATH=/home/imml/git/research_2025/apple-harvest-eva/install/harvest_interfaces:/opt/ros/humble LD_LIBRARY_PATH=/home/imml/git/research_2025/apple-harvest-eva/install/harvest_interfaces/lib:${LD_LIBRARY_PATH} PYTHONPATH=/home/imml/git/research_2025/apple-harvest-eva/install/harvest_interfaces/local/lib/python3.10/dist-packages:${PYTHONPATH} /usr/bin/cmake --build /home/imml/git/research_2025/apple-harvest-eva/build/harvest -- -j16 -l16
[1.209s] DEBUG:colcon.colcon_core.event_handler.log_command:Invoking command in '/home/imml/git/research_2025/apple-harvest-eva/build/harvest': AMENT_PREFIX_PATH=/home/imml/git/research_2025/apple-harvest-eva/install/harvest_interfaces:${AMENT_PREFIX_PATH} CMAKE_PREFIX_PATH=/home/imml/git/research_2025/apple-harvest-eva/install/harvest_interfaces:/opt/ros/humble LD_LIBRARY_PATH=/home/imml/git/research_2025/apple-harvest-eva/install/harvest_interfaces/lib:${LD_LIBRARY_PATH} PYTHONPATH=/home/imml/git/research_2025/apple-harvest-eva/install/harvest_interfaces/local/lib/python3.10/dist-packages:${PYTHONPATH} /usr/bin/cmake --install /home/imml/git/research_2025/apple-harvest-eva/build/harvest
[1.215s] DEBUG:colcon.colcon_core.event_handler.log_command:Invoked command in '/home/imml/git/research_2025/apple-harvest-eva/build/harvest_control' returned '0': AMENT_PREFIX_PATH=/home/imml/git/research_2025/apple-harvest-eva/install/harvest_interfaces:${AMENT_PREFIX_PATH} CMAKE_PREFIX_PATH=/home/imml/git/research_2025/apple-harvest-eva/install/harvest_interfaces:/opt/ros/humble LD_LIBRARY_PATH=/home/imml/git/research_2025/apple-harvest-eva/install/harvest_interfaces/lib:${LD_LIBRARY_PATH} PYTHONPATH=/home/imml/git/research_2025/apple-harvest-eva/install/harvest_interfaces/local/lib/python3.10/dist-packages:${PYTHONPATH} /usr/bin/cmake --build /home/imml/git/research_2025/apple-harvest-eva/build/harvest_control -- -j16 -l16
[1.217s] DEBUG:colcon.colcon_core.event_handler.log_command:Invoking command in '/home/imml/git/research_2025/apple-harvest-eva/build/harvest_control': AMENT_PREFIX_PATH=/home/imml/git/research_2025/apple-harvest-eva/install/harvest_interfaces:${AMENT_PREFIX_PATH} CMAKE_PREFIX_PATH=/home/imml/git/research_2025/apple-harvest-eva/install/harvest_interfaces:/opt/ros/humble LD_LIBRARY_PATH=/home/imml/git/research_2025/apple-harvest-eva/install/harvest_interfaces/lib:${LD_LIBRARY_PATH} PYTHONPATH=/home/imml/git/research_2025/apple-harvest-eva/install/harvest_interfaces/local/lib/python3.10/dist-packages:${PYTHONPATH} /usr/bin/cmake --install /home/imml/git/research_2025/apple-harvest-eva/build/harvest_control
[1.221s] Level 1:colcon.colcon_core.environment:create_environment_scripts_only(ur_moveit_config)
[1.222s] Level 1:colcon.colcon_core.environment:checking '/home/imml/git/research_2025/apple-harvest-eva/install/ur_moveit_config' for CMake module files
[1.223s] DEBUG:colcon.colcon_core.event_handler.log_command:Invoked command in '/home/imml/git/research_2025/apple-harvest-eva/build/ur_moveit_config' returned '0': AMENT_PREFIX_PATH=/home/imml/git/research_2025/apple-harvest-eva/install/ur_description:${AMENT_PREFIX_PATH} CMAKE_PREFIX_PATH=/home/imml/git/research_2025/apple-harvest-eva/install/ur_description:/opt/ros/humble /usr/bin/cmake --install /home/imml/git/research_2025/apple-harvest-eva/build/ur_moveit_config
[1.224s] Level 1:colcon.colcon_core.environment:checking '/home/imml/git/research_2025/apple-harvest-eva/install/ur_moveit_config' for CMake config files
[1.226s] Level 1:colcon.colcon_core.shell:create_environment_hook('ur_moveit_config', 'cmake_prefix_path')
[1.227s] INFO:colcon.colcon_core.shell:Creating environment hook '/home/imml/git/research_2025/apple-harvest-eva/install/ur_moveit_config/share/ur_moveit_config/hook/cmake_prefix_path.ps1'
[1.228s] INFO:colcon.colcon_core.shell:Creating environment descriptor '/home/imml/git/research_2025/apple-harvest-eva/install/ur_moveit_config/share/ur_moveit_config/hook/cmake_prefix_path.dsv'
[1.230s] INFO:colcon.colcon_core.shell:Creating environment hook '/home/imml/git/research_2025/apple-harvest-eva/install/ur_moveit_config/share/ur_moveit_config/hook/cmake_prefix_path.sh'
[1.231s] Level 1:colcon.colcon_core.environment:checking '/home/imml/git/research_2025/apple-harvest-eva/install/ur_moveit_config/bin'
[1.231s] Level 1:colcon.colcon_core.environment:checking '/home/imml/git/research_2025/apple-harvest-eva/install/ur_moveit_config/lib/pkgconfig/ur_moveit_config.pc'
[1.231s] Level 1:colcon.colcon_core.environment:checking '/home/imml/git/research_2025/apple-harvest-eva/install/ur_moveit_config/lib/python3.10/site-packages'
[1.232s] Level 1:colcon.colcon_core.environment:checking '/home/imml/git/research_2025/apple-harvest-eva/install/ur_moveit_config/bin'
[1.232s] INFO:colcon.colcon_core.shell:Creating package script '/home/imml/git/research_2025/apple-harvest-eva/install/ur_moveit_config/share/ur_moveit_config/package.ps1'
[1.233s] INFO:colcon.colcon_core.shell:Creating package descriptor '/home/imml/git/research_2025/apple-harvest-eva/install/ur_moveit_config/share/ur_moveit_config/package.dsv'
[1.233s] INFO:colcon.colcon_core.shell:Creating package script '/home/imml/git/research_2025/apple-harvest-eva/install/ur_moveit_config/share/ur_moveit_config/package.sh'
[1.233s] INFO:colcon.colcon_core.shell:Creating package script '/home/imml/git/research_2025/apple-harvest-eva/install/ur_moveit_config/share/ur_moveit_config/package.bash'
[1.234s] INFO:colcon.colcon_core.shell:Creating package script '/home/imml/git/research_2025/apple-harvest-eva/install/ur_moveit_config/share/ur_moveit_config/package.zsh'
[1.234s] Level 1:colcon.colcon_core.environment:create_file_with_runtime_dependencies(/home/imml/git/research_2025/apple-harvest-eva/install/ur_moveit_config/share/colcon-core/packages/ur_moveit_config)
[1.234s] Level 1:colcon.colcon_core.environment:create_environment_scripts_only(ur_moveit_config)
[1.235s] Level 1:colcon.colcon_core.environment:checking '/home/imml/git/research_2025/apple-harvest-eva/install/ur_moveit_config' for CMake module files
[1.235s] Level 1:colcon.colcon_core.environment:checking '/home/imml/git/research_2025/apple-harvest-eva/install/ur_moveit_config' for CMake config files
[1.235s] Level 1:colcon.colcon_core.shell:create_environment_hook('ur_moveit_config', 'cmake_prefix_path')
[1.236s] INFO:colcon.colcon_core.shell:Creating environment hook '/home/imml/git/research_2025/apple-harvest-eva/install/ur_moveit_config/share/ur_moveit_config/hook/cmake_prefix_path.ps1'
[1.236s] INFO:colcon.colcon_core.shell:Creating environment descriptor '/home/imml/git/research_2025/apple-harvest-eva/install/ur_moveit_config/share/ur_moveit_config/hook/cmake_prefix_path.dsv'
[1.236s] INFO:colcon.colcon_core.shell:Creating environment hook '/home/imml/git/research_2025/apple-harvest-eva/install/ur_moveit_config/share/ur_moveit_config/hook/cmake_prefix_path.sh'
[1.237s] Level 1:colcon.colcon_core.environment:checking '/home/imml/git/research_2025/apple-harvest-eva/install/ur_moveit_config/bin'
[1.237s] Level 1:colcon.colcon_core.environment:checking '/home/imml/git/research_2025/apple-harvest-eva/install/ur_moveit_config/lib/pkgconfig/ur_moveit_config.pc'
[1.237s] Level 1:colcon.colcon_core.environment:checking '/home/imml/git/research_2025/apple-harvest-eva/install/ur_moveit_config/lib/python3.10/site-packages'
[1.237s] Level 1:colcon.colcon_core.environment:checking '/home/imml/git/research_2025/apple-harvest-eva/install/ur_moveit_config/bin'
[1.237s] INFO:colcon.colcon_core.shell:Creating package script '/home/imml/git/research_2025/apple-harvest-eva/install/ur_moveit_config/share/ur_moveit_config/package.ps1'
[1.238s] INFO:colcon.colcon_core.shell:Creating package descriptor '/home/imml/git/research_2025/apple-harvest-eva/install/ur_moveit_config/share/ur_moveit_config/package.dsv'
[1.238s] INFO:colcon.colcon_core.shell:Creating package script '/home/imml/git/research_2025/apple-harvest-eva/install/ur_moveit_config/share/ur_moveit_config/package.sh'
[1.239s] INFO:colcon.colcon_core.shell:Creating package script '/home/imml/git/research_2025/apple-harvest-eva/install/ur_moveit_config/share/ur_moveit_config/package.bash'
[1.239s] INFO:colcon.colcon_core.shell:Creating package script '/home/imml/git/research_2025/apple-harvest-eva/install/ur_moveit_config/share/ur_moveit_config/package.zsh'
[1.240s] Level 1:colcon.colcon_core.environment:create_file_with_runtime_dependencies(/home/imml/git/research_2025/apple-harvest-eva/install/ur_moveit_config/share/colcon-core/packages/ur_moveit_config)
[1.241s] DEBUG:colcon.colcon_core.event_handler.log_command:Invoked command in '/home/imml/git/research_2025/apple-harvest-eva/build/ur_controllers' returned '0': AMENT_PREFIX_PATH=/home/imml/git/research_2025/apple-harvest-eva/install/ur_dashboard_msgs:${AMENT_PREFIX_PATH} CMAKE_PREFIX_PATH=/home/imml/git/research_2025/apple-harvest-eva/install/ur_dashboard_msgs:/opt/ros/humble LD_LIBRARY_PATH=/home/imml/git/research_2025/apple-harvest-eva/install/ur_dashboard_msgs/lib:${LD_LIBRARY_PATH} PYTHONPATH=/home/imml/git/research_2025/apple-harvest-eva/install/ur_dashboard_msgs/local/lib/python3.10/dist-packages:${PYTHONPATH} /usr/bin/cmake --build /home/imml/git/research_2025/apple-harvest-eva/build/ur_controllers -- -j16 -l16
[1.242s] DEBUG:colcon.colcon_core.event_handler.log_command:Invoking command in '/home/imml/git/research_2025/apple-harvest-eva/build/ur_controllers': AMENT_PREFIX_PATH=/home/imml/git/research_2025/apple-harvest-eva/install/ur_dashboard_msgs:${AMENT_PREFIX_PATH} CMAKE_PREFIX_PATH=/home/imml/git/research_2025/apple-harvest-eva/install/ur_dashboard_msgs:/opt/ros/humble LD_LIBRARY_PATH=/home/imml/git/research_2025/apple-harvest-eva/install/ur_dashboard_msgs/lib:${LD_LIBRARY_PATH} PYTHONPATH=/home/imml/git/research_2025/apple-harvest-eva/install/ur_dashboard_msgs/local/lib/python3.10/dist-packages:${PYTHONPATH} /usr/bin/cmake --install /home/imml/git/research_2025/apple-harvest-eva/build/ur_controllers
[1.266s] Level 1:colcon.colcon_core.environment:create_environment_scripts_only(harvest)
[1.266s] Level 1:colcon.colcon_core.environment:checking '/home/imml/git/research_2025/apple-harvest-eva/install/harvest' for CMake module files
[1.267s] DEBUG:colcon.colcon_core.event_handler.log_command:Invoked command in '/home/imml/git/research_2025/apple-harvest-eva/build/harvest' returned '0': AMENT_PREFIX_PATH=/home/imml/git/research_2025/apple-harvest-eva/install/harvest_interfaces:${AMENT_PREFIX_PATH} CMAKE_PREFIX_PATH=/home/imml/git/research_2025/apple-harvest-eva/install/harvest_interfaces:/opt/ros/humble LD_LIBRARY_PATH=/home/imml/git/research_2025/apple-harvest-eva/install/harvest_interfaces/lib:${LD_LIBRARY_PATH} PYTHONPATH=/home/imml/git/research_2025/apple-harvest-eva/install/harvest_interfaces/local/lib/python3.10/dist-packages:${PYTHONPATH} /usr/bin/cmake --install /home/imml/git/research_2025/apple-harvest-eva/build/harvest
[1.267s] Level 1:colcon.colcon_core.environment:checking '/home/imml/git/research_2025/apple-harvest-eva/install/harvest' for CMake config files
[1.268s] Level 1:colcon.colcon_core.shell:create_environment_hook('harvest', 'cmake_prefix_path')
[1.268s] INFO:colcon.colcon_core.shell:Creating environment hook '/home/imml/git/research_2025/apple-harvest-eva/install/harvest/share/harvest/hook/cmake_prefix_path.ps1'
[1.268s] INFO:colcon.colcon_core.shell:Creating environment descriptor '/home/imml/git/research_2025/apple-harvest-eva/install/harvest/share/harvest/hook/cmake_prefix_path.dsv'
[1.269s] INFO:colcon.colcon_core.shell:Creating environment hook '/home/imml/git/research_2025/apple-harvest-eva/install/harvest/share/harvest/hook/cmake_prefix_path.sh'
[1.269s] Level 1:colcon.colcon_core.environment:checking '/home/imml/git/research_2025/apple-harvest-eva/install/harvest/lib'
[1.269s] Level 1:colcon.colcon_core.environment:checking '/home/imml/git/research_2025/apple-harvest-eva/install/harvest/bin'
[1.269s] Level 1:colcon.colcon_core.environment:checking '/home/imml/git/research_2025/apple-harvest-eva/install/harvest/lib/pkgconfig/harvest.pc'
[1.269s] Level 1:colcon.colcon_core.environment:checking '/home/imml/git/research_2025/apple-harvest-eva/install/harvest/lib/python3.10/site-packages'
[1.270s] Level 1:colcon.colcon_core.environment:checking '/home/imml/git/research_2025/apple-harvest-eva/install/harvest/bin'
[1.270s] INFO:colcon.colcon_core.shell:Creating package script '/home/imml/git/research_2025/apple-harvest-eva/install/harvest/share/harvest/package.ps1'
[1.270s] INFO:colcon.colcon_core.shell:Creating package descriptor '/home/imml/git/research_2025/apple-harvest-eva/install/harvest/share/harvest/package.dsv'
[1.270s] INFO:colcon.colcon_core.shell:Creating package script '/home/imml/git/research_2025/apple-harvest-eva/install/harvest/share/harvest/package.sh'
[1.271s] INFO:colcon.colcon_core.shell:Creating package script '/home/imml/git/research_2025/apple-harvest-eva/install/harvest/share/harvest/package.bash'
[1.271s] INFO:colcon.colcon_core.shell:Creating package script '/home/imml/git/research_2025/apple-harvest-eva/install/harvest/share/harvest/package.zsh'
[1.271s] Level 1:colcon.colcon_core.environment:create_file_with_runtime_dependencies(/home/imml/git/research_2025/apple-harvest-eva/install/harvest/share/colcon-core/packages/harvest)
[1.272s] Level 1:colcon.colcon_core.environment:create_environment_scripts_only(harvest)
[1.272s] Level 1:colcon.colcon_core.environment:checking '/home/imml/git/research_2025/apple-harvest-eva/install/harvest' for CMake module files
[1.272s] Level 1:colcon.colcon_core.environment:checking '/home/imml/git/research_2025/apple-harvest-eva/install/harvest' for CMake config files
[1.273s] Level 1:colcon.colcon_core.shell:create_environment_hook('harvest', 'cmake_prefix_path')
[1.273s] INFO:colcon.colcon_core.shell:Creating environment hook '/home/imml/git/research_2025/apple-harvest-eva/install/harvest/share/harvest/hook/cmake_prefix_path.ps1'
[1.273s] INFO:colcon.colcon_core.shell:Creating environment descriptor '/home/imml/git/research_2025/apple-harvest-eva/install/harvest/share/harvest/hook/cmake_prefix_path.dsv'
[1.274s] INFO:colcon.colcon_core.shell:Creating environment hook '/home/imml/git/research_2025/apple-harvest-eva/install/harvest/share/harvest/hook/cmake_prefix_path.sh'
[1.274s] Level 1:colcon.colcon_core.environment:checking '/home/imml/git/research_2025/apple-harvest-eva/install/harvest/lib'
[1.274s] Level 1:colcon.colcon_core.environment:checking '/home/imml/git/research_2025/apple-harvest-eva/install/harvest/bin'
[1.274s] Level 1:colcon.colcon_core.environment:checking '/home/imml/git/research_2025/apple-harvest-eva/install/harvest/lib/pkgconfig/harvest.pc'
[1.274s] Level 1:colcon.colcon_core.environment:checking '/home/imml/git/research_2025/apple-harvest-eva/install/harvest/lib/python3.10/site-packages'
[1.274s] Level 1:colcon.colcon_core.environment:checking '/home/imml/git/research_2025/apple-harvest-eva/install/harvest/bin'
[1.275s] INFO:colcon.colcon_core.shell:Creating package script '/home/imml/git/research_2025/apple-harvest-eva/install/harvest/share/harvest/package.ps1'
[1.275s] INFO:colcon.colcon_core.shell:Creating package descriptor '/home/imml/git/research_2025/apple-harvest-eva/install/harvest/share/harvest/package.dsv'
[1.275s] INFO:colcon.colcon_core.shell:Creating package script '/home/imml/git/research_2025/apple-harvest-eva/install/harvest/share/harvest/package.sh'
[1.276s] INFO:colcon.colcon_core.shell:Creating package script '/home/imml/git/research_2025/apple-harvest-eva/install/harvest/share/harvest/package.bash'
[1.276s] INFO:colcon.colcon_core.shell:Creating package script '/home/imml/git/research_2025/apple-harvest-eva/install/harvest/share/harvest/package.zsh'
[1.276s] Level 1:colcon.colcon_core.environment:create_file_with_runtime_dependencies(/home/imml/git/research_2025/apple-harvest-eva/install/harvest/share/colcon-core/packages/harvest)
[1.277s] Level 1:colcon.colcon_core.environment:create_environment_scripts_only(ur_controllers)
[1.278s] Level 1:colcon.colcon_core.environment:checking '/home/imml/git/research_2025/apple-harvest-eva/install/ur_controllers' for CMake module files
[1.278s] DEBUG:colcon.colcon_core.event_handler.log_command:Invoked command in '/home/imml/git/research_2025/apple-harvest-eva/build/ur_controllers' returned '0': AMENT_PREFIX_PATH=/home/imml/git/research_2025/apple-harvest-eva/install/ur_dashboard_msgs:${AMENT_PREFIX_PATH} CMAKE_PREFIX_PATH=/home/imml/git/research_2025/apple-harvest-eva/install/ur_dashboard_msgs:/opt/ros/humble LD_LIBRARY_PATH=/home/imml/git/research_2025/apple-harvest-eva/install/ur_dashboard_msgs/lib:${LD_LIBRARY_PATH} PYTHONPATH=/home/imml/git/research_2025/apple-harvest-eva/install/ur_dashboard_msgs/local/lib/python3.10/dist-packages:${PYTHONPATH} /usr/bin/cmake --install /home/imml/git/research_2025/apple-harvest-eva/build/ur_controllers
[1.278s] Level 1:colcon.colcon_core.environment:checking '/home/imml/git/research_2025/apple-harvest-eva/install/ur_controllers' for CMake config files
[1.279s] Level 1:colcon.colcon_core.shell:create_environment_hook('ur_controllers', 'cmake_prefix_path')
[1.279s] INFO:colcon.colcon_core.shell:Creating environment hook '/home/imml/git/research_2025/apple-harvest-eva/install/ur_controllers/share/ur_controllers/hook/cmake_prefix_path.ps1'
[1.279s] INFO:colcon.colcon_core.shell:Creating environment descriptor '/home/imml/git/research_2025/apple-harvest-eva/install/ur_controllers/share/ur_controllers/hook/cmake_prefix_path.dsv'
[1.280s] INFO:colcon.colcon_core.shell:Creating environment hook '/home/imml/git/research_2025/apple-harvest-eva/install/ur_controllers/share/ur_controllers/hook/cmake_prefix_path.sh'
[1.280s] Level 1:colcon.colcon_core.environment:checking '/home/imml/git/research_2025/apple-harvest-eva/install/ur_controllers/lib'
[1.280s] Level 1:colcon.colcon_core.shell:create_environment_hook('ur_controllers', 'ld_library_path_lib')
[1.280s] INFO:colcon.colcon_core.shell:Creating environment hook '/home/imml/git/research_2025/apple-harvest-eva/install/ur_controllers/share/ur_controllers/hook/ld_library_path_lib.ps1'
[1.280s] INFO:colcon.colcon_core.shell:Creating environment descriptor '/home/imml/git/research_2025/apple-harvest-eva/install/ur_controllers/share/ur_controllers/hook/ld_library_path_lib.dsv'
[1.281s] INFO:colcon.colcon_core.shell:Creating environment hook '/home/imml/git/research_2025/apple-harvest-eva/install/ur_controllers/share/ur_controllers/hook/ld_library_path_lib.sh'
[1.281s] Level 1:colcon.colcon_core.environment:checking '/home/imml/git/research_2025/apple-harvest-eva/install/ur_controllers/bin'
[1.281s] Level 1:colcon.colcon_core.environment:checking '/home/imml/git/research_2025/apple-harvest-eva/install/ur_controllers/lib/pkgconfig/ur_controllers.pc'
[1.281s] Level 1:colcon.colcon_core.environment:checking '/home/imml/git/research_2025/apple-harvest-eva/install/ur_controllers/lib/python3.10/site-packages'
[1.281s] Level 1:colcon.colcon_core.environment:checking '/home/imml/git/research_2025/apple-harvest-eva/install/ur_controllers/bin'
[1.282s] INFO:colcon.colcon_core.shell:Creating package script '/home/imml/git/research_2025/apple-harvest-eva/install/ur_controllers/share/ur_controllers/package.ps1'
[1.282s] INFO:colcon.colcon_core.shell:Creating package descriptor '/home/imml/git/research_2025/apple-harvest-eva/install/ur_controllers/share/ur_controllers/package.dsv'
[1.282s] INFO:colcon.colcon_core.shell:Creating package script '/home/imml/git/research_2025/apple-harvest-eva/install/ur_controllers/share/ur_controllers/package.sh'
[1.283s] INFO:colcon.colcon_core.shell:Creating package script '/home/imml/git/research_2025/apple-harvest-eva/install/ur_controllers/share/ur_controllers/package.bash'
[1.283s] INFO:colcon.colcon_core.shell:Creating package script '/home/imml/git/research_2025/apple-harvest-eva/install/ur_controllers/share/ur_controllers/package.zsh'
[1.283s] Level 1:colcon.colcon_core.environment:create_file_with_runtime_dependencies(/home/imml/git/research_2025/apple-harvest-eva/install/ur_controllers/share/colcon-core/packages/ur_controllers)
[1.284s] Level 1:colcon.colcon_core.environment:create_environment_scripts_only(ur_controllers)
[1.284s] Level 1:colcon.colcon_core.environment:checking '/home/imml/git/research_2025/apple-harvest-eva/install/ur_controllers' for CMake module files
[1.284s] Level 1:colcon.colcon_core.environment:checking '/home/imml/git/research_2025/apple-harvest-eva/install/ur_controllers' for CMake config files
[1.284s] Level 1:colcon.colcon_core.shell:create_environment_hook('ur_controllers', 'cmake_prefix_path')
[1.285s] INFO:colcon.colcon_core.shell:Creating environment hook '/home/imml/git/research_2025/apple-harvest-eva/install/ur_controllers/share/ur_controllers/hook/cmake_prefix_path.ps1'
[1.285s] INFO:colcon.colcon_core.shell:Creating environment descriptor '/home/imml/git/research_2025/apple-harvest-eva/install/ur_controllers/share/ur_controllers/hook/cmake_prefix_path.dsv'
[1.285s] INFO:colcon.colcon_core.shell:Creating environment hook '/home/imml/git/research_2025/apple-harvest-eva/install/ur_controllers/share/ur_controllers/hook/cmake_prefix_path.sh'
[1.285s] Level 1:colcon.colcon_core.environment:checking '/home/imml/git/research_2025/apple-harvest-eva/install/ur_controllers/lib'
[1.286s] Level 1:colcon.colcon_core.shell:create_environment_hook('ur_controllers', 'ld_library_path_lib')
[1.286s] INFO:colcon.colcon_core.shell:Creating environment hook '/home/imml/git/research_2025/apple-harvest-eva/install/ur_controllers/share/ur_controllers/hook/ld_library_path_lib.ps1'
[1.286s] INFO:colcon.colcon_core.shell:Creating environment descriptor '/home/imml/git/research_2025/apple-harvest-eva/install/ur_controllers/share/ur_controllers/hook/ld_library_path_lib.dsv'
[1.286s] INFO:colcon.colcon_core.shell:Creating environment hook '/home/imml/git/research_2025/apple-harvest-eva/install/ur_controllers/share/ur_controllers/hook/ld_library_path_lib.sh'
[1.287s] Level 1:colcon.colcon_core.environment:checking '/home/imml/git/research_2025/apple-harvest-eva/install/ur_controllers/bin'
[1.287s] Level 1:colcon.colcon_core.environment:checking '/home/imml/git/research_2025/apple-harvest-eva/install/ur_controllers/lib/pkgconfig/ur_controllers.pc'
[1.287s] Level 1:colcon.colcon_core.environment:checking '/home/imml/git/research_2025/apple-harvest-eva/install/ur_controllers/lib/python3.10/site-packages'
[1.287s] Level 1:colcon.colcon_core.environment:checking '/home/imml/git/research_2025/apple-harvest-eva/install/ur_controllers/bin'
[1.287s] INFO:colcon.colcon_core.shell:Creating package script '/home/imml/git/research_2025/apple-harvest-eva/install/ur_controllers/share/ur_controllers/package.ps1'
[1.287s] INFO:colcon.colcon_core.shell:Creating package descriptor '/home/imml/git/research_2025/apple-harvest-eva/install/ur_controllers/share/ur_controllers/package.dsv'
[1.288s] INFO:colcon.colcon_core.shell:Creating package script '/home/imml/git/research_2025/apple-harvest-eva/install/ur_controllers/share/ur_controllers/package.sh'
[1.288s] INFO:colcon.colcon_core.shell:Creating package script '/home/imml/git/research_2025/apple-harvest-eva/install/ur_controllers/share/ur_controllers/package.bash'
[1.288s] INFO:colcon.colcon_core.shell:Creating package script '/home/imml/git/research_2025/apple-harvest-eva/install/ur_controllers/share/ur_controllers/package.zsh'
[1.289s] Level 1:colcon.colcon_core.environment:create_file_with_runtime_dependencies(/home/imml/git/research_2025/apple-harvest-eva/install/ur_controllers/share/colcon-core/packages/ur_controllers)
[1.289s] Level 1:colcon.colcon_core.environment:create_environment_scripts_only(harvest_control)
[1.289s] Level 1:colcon.colcon_core.environment:checking '/home/imml/git/research_2025/apple-harvest-eva/install/harvest_control' for CMake module files
[1.290s] DEBUG:colcon.colcon_core.event_handler.log_command:Invoked command in '/home/imml/git/research_2025/apple-harvest-eva/build/harvest_control' returned '0': AMENT_PREFIX_PATH=/home/imml/git/research_2025/apple-harvest-eva/install/harvest_interfaces:${AMENT_PREFIX_PATH} CMAKE_PREFIX_PATH=/home/imml/git/research_2025/apple-harvest-eva/install/harvest_interfaces:/opt/ros/humble LD_LIBRARY_PATH=/home/imml/git/research_2025/apple-harvest-eva/install/harvest_interfaces/lib:${LD_LIBRARY_PATH} PYTHONPATH=/home/imml/git/research_2025/apple-harvest-eva/install/harvest_interfaces/local/lib/python3.10/dist-packages:${PYTHONPATH} /usr/bin/cmake --install /home/imml/git/research_2025/apple-harvest-eva/build/harvest_control
[1.290s] Level 1:colcon.colcon_core.environment:checking '/home/imml/git/research_2025/apple-harvest-eva/install/harvest_control' for CMake config files
[1.291s] Level 1:colcon.colcon_core.shell:create_environment_hook('harvest_control', 'cmake_prefix_path')
[1.291s] INFO:colcon.colcon_core.shell:Creating environment hook '/home/imml/git/research_2025/apple-harvest-eva/install/harvest_control/share/harvest_control/hook/cmake_prefix_path.ps1'
[1.291s] INFO:colcon.colcon_core.shell:Creating environment descriptor '/home/imml/git/research_2025/apple-harvest-eva/install/harvest_control/share/harvest_control/hook/cmake_prefix_path.dsv'
[1.291s] INFO:colcon.colcon_core.shell:Creating environment hook '/home/imml/git/research_2025/apple-harvest-eva/install/harvest_control/share/harvest_control/hook/cmake_prefix_path.sh'
[1.292s] Level 1:colcon.colcon_core.environment:checking '/home/imml/git/research_2025/apple-harvest-eva/install/harvest_control/lib'
[1.292s] Level 1:colcon.colcon_core.environment:checking '/home/imml/git/research_2025/apple-harvest-eva/install/harvest_control/bin'
[1.292s] Level 1:colcon.colcon_core.environment:checking '/home/imml/git/research_2025/apple-harvest-eva/install/harvest_control/lib/pkgconfig/harvest_control.pc'
[1.292s] Level 1:colcon.colcon_core.environment:checking '/home/imml/git/research_2025/apple-harvest-eva/install/harvest_control/lib/python3.10/site-packages'
[1.292s] Level 1:colcon.colcon_core.environment:checking '/home/imml/git/research_2025/apple-harvest-eva/install/harvest_control/bin'
[1.292s] INFO:colcon.colcon_core.shell:Creating package script '/home/imml/git/research_2025/apple-harvest-eva/install/harvest_control/share/harvest_control/package.ps1'
[1.293s] INFO:colcon.colcon_core.shell:Creating package descriptor '/home/imml/git/research_2025/apple-harvest-eva/install/harvest_control/share/harvest_control/package.dsv'
[1.293s] INFO:colcon.colcon_core.shell:Creating package script '/home/imml/git/research_2025/apple-harvest-eva/install/harvest_control/share/harvest_control/package.sh'
[1.293s] INFO:colcon.colcon_core.shell:Creating package script '/home/imml/git/research_2025/apple-harvest-eva/install/harvest_control/share/harvest_control/package.bash'
[1.294s] INFO:colcon.colcon_core.shell:Creating package script '/home/imml/git/research_2025/apple-harvest-eva/install/harvest_control/share/harvest_control/package.zsh'
[1.294s] Level 1:colcon.colcon_core.environment:create_file_with_runtime_dependencies(/home/imml/git/research_2025/apple-harvest-eva/install/harvest_control/share/colcon-core/packages/harvest_control)
[1.294s] Level 1:colcon.colcon_core.environment:create_environment_scripts_only(harvest_control)
[1.294s] Level 1:colcon.colcon_core.environment:checking '/home/imml/git/research_2025/apple-harvest-eva/install/harvest_control' for CMake module files
[1.295s] Level 1:colcon.colcon_core.environment:checking '/home/imml/git/research_2025/apple-harvest-eva/install/harvest_control' for CMake config files
[1.295s] Level 1:colcon.colcon_core.shell:create_environment_hook('harvest_control', 'cmake_prefix_path')
[1.296s] INFO:colcon.colcon_core.shell:Creating environment hook '/home/imml/git/research_2025/apple-harvest-eva/install/harvest_control/share/harvest_control/hook/cmake_prefix_path.ps1'
[1.296s] INFO:colcon.colcon_core.shell:Creating environment descriptor '/home/imml/git/research_2025/apple-harvest-eva/install/harvest_control/share/harvest_control/hook/cmake_prefix_path.dsv'
[1.296s] INFO:colcon.colcon_core.shell:Creating environment hook '/home/imml/git/research_2025/apple-harvest-eva/install/harvest_control/share/harvest_control/hook/cmake_prefix_path.sh'
[1.297s] Level 1:colcon.colcon_core.environment:checking '/home/imml/git/research_2025/apple-harvest-eva/install/harvest_control/lib'
[1.297s] Level 1:colcon.colcon_core.environment:checking '/home/imml/git/research_2025/apple-harvest-eva/install/harvest_control/bin'
[1.297s] Level 1:colcon.colcon_core.environment:checking '/home/imml/git/research_2025/apple-harvest-eva/install/harvest_control/lib/pkgconfig/harvest_control.pc'
[1.297s] Level 1:colcon.colcon_core.environment:checking '/home/imml/git/research_2025/apple-harvest-eva/install/harvest_control/lib/python3.10/site-packages'
[1.297s] Level 1:colcon.colcon_core.environment:checking '/home/imml/git/research_2025/apple-harvest-eva/install/harvest_control/bin'
[1.298s] INFO:colcon.colcon_core.shell:Creating package script '/home/imml/git/research_2025/apple-harvest-eva/install/harvest_control/share/harvest_control/package.ps1'
[1.298s] INFO:colcon.colcon_core.shell:Creating package descriptor '/home/imml/git/research_2025/apple-harvest-eva/install/harvest_control/share/harvest_control/package.dsv'
[1.298s] INFO:colcon.colcon_core.shell:Creating package script '/home/imml/git/research_2025/apple-harvest-eva/install/harvest_control/share/harvest_control/package.sh'
[1.299s] INFO:colcon.colcon_core.shell:Creating package script '/home/imml/git/research_2025/apple-harvest-eva/install/harvest_control/share/harvest_control/package.bash'
[1.299s] INFO:colcon.colcon_core.shell:Creating package script '/home/imml/git/research_2025/apple-harvest-eva/install/harvest_control/share/harvest_control/package.zsh'
[1.299s] Level 1:colcon.colcon_core.environment:create_file_with_runtime_dependencies(/home/imml/git/research_2025/apple-harvest-eva/install/harvest_control/share/colcon-core/packages/harvest_control)
[1.300s] INFO:colcon.colcon_ros.task.ament_cmake.build:Building ROS package in '/home/imml/git/research_2025/apple-harvest-eva/harvest_hardware/Universal_Robots_ROS2_Driver/ur_robot_driver' with build type 'ament_cmake'
[1.300s] INFO:colcon.colcon_cmake.task.cmake.build:Building CMake package in '/home/imml/git/research_2025/apple-harvest-eva/harvest_hardware/Universal_Robots_ROS2_Driver/ur_robot_driver'
[1.300s] INFO:colcon.colcon_core.shell:Skip shell extension 'powershell' for command environment: Not usable outside of PowerShell
[1.300s] DEBUG:colcon.colcon_core.shell:Skip shell extension 'dsv' for command environment
[1.303s] INFO:colcon.colcon_ros.task.ament_cmake.build:Building ROS package in '/home/imml/git/research_2025/apple-harvest-eva/harvest_hardware/Universal_Robots_ROS2_Driver/ur_bringup' with build type 'ament_cmake'
[1.303s] INFO:colcon.colcon_cmake.task.cmake.build:Building CMake package in '/home/imml/git/research_2025/apple-harvest-eva/harvest_hardware/Universal_Robots_ROS2_Driver/ur_bringup'
[1.303s] INFO:colcon.colcon_core.shell:Skip shell extension 'powershell' for command environment: Not usable outside of PowerShell
[1.303s] DEBUG:colcon.colcon_core.shell:Skip shell extension 'dsv' for command environment
[1.313s] DEBUG:colcon.colcon_core.event_handler.log_command:Invoking command in '/home/imml/git/research_2025/apple-harvest-eva/build/ur_robot_driver': AMENT_PREFIX_PATH=/home/imml/git/research_2025/apple-harvest-eva/install/ur_controllers:/home/imml/git/research_2025/apple-harvest-eva/install/ur_description:/home/imml/git/research_2025/apple-harvest-eva/install/ur_dashboard_msgs:${AMENT_PREFIX_PATH} CMAKE_PREFIX_PATH=/home/imml/git/research_2025/apple-harvest-eva/install/ur_controllers:/home/imml/git/research_2025/apple-harvest-eva/install/ur_description:/home/imml/git/research_2025/apple-harvest-eva/install/ur_dashboard_msgs:/opt/ros/humble LD_LIBRARY_PATH=/home/imml/git/research_2025/apple-harvest-eva/install/ur_controllers/lib:/home/imml/git/research_2025/apple-harvest-eva/install/ur_dashboard_msgs/lib:${LD_LIBRARY_PATH} PYTHONPATH=/home/imml/git/research_2025/apple-harvest-eva/install/ur_dashboard_msgs/local/lib/python3.10/dist-packages:${PYTHONPATH} /usr/bin/cmake --build /home/imml/git/research_2025/apple-harvest-eva/build/ur_robot_driver -- -j16 -l16
[1.315s] DEBUG:colcon.colcon_core.event_handler.log_command:Invoking command in '/home/imml/git/research_2025/apple-harvest-eva/build/ur_bringup': AMENT_PREFIX_PATH=/home/imml/git/research_2025/apple-harvest-eva/install/ur_controllers:/home/imml/git/research_2025/apple-harvest-eva/install/ur_description:/home/imml/git/research_2025/apple-harvest-eva/install/ur_dashboard_msgs:${AMENT_PREFIX_PATH} CMAKE_PREFIX_PATH=/home/imml/git/research_2025/apple-harvest-eva/install/ur_controllers:/home/imml/git/research_2025/apple-harvest-eva/install/ur_description:/home/imml/git/research_2025/apple-harvest-eva/install/ur_dashboard_msgs:/opt/ros/humble LD_LIBRARY_PATH=/home/imml/git/research_2025/apple-harvest-eva/install/ur_controllers/lib:/home/imml/git/research_2025/apple-harvest-eva/install/ur_dashboard_msgs/lib:${LD_LIBRARY_PATH} PYTHONPATH=/home/imml/git/research_2025/apple-harvest-eva/install/ur_dashboard_msgs/local/lib/python3.10/dist-packages:${PYTHONPATH} /usr/bin/cmake --build /home/imml/git/research_2025/apple-harvest-eva/build/ur_bringup -- -j16 -l16
[1.352s] DEBUG:colcon.colcon_core.event_handler.log_command:Invoked command in '/home/imml/git/research_2025/apple-harvest-eva/build/ur_bringup' returned '0': AMENT_PREFIX_PATH=/home/imml/git/research_2025/apple-harvest-eva/install/ur_controllers:/home/imml/git/research_2025/apple-harvest-eva/install/ur_description:/home/imml/git/research_2025/apple-harvest-eva/install/ur_dashboard_msgs:${AMENT_PREFIX_PATH} CMAKE_PREFIX_PATH=/home/imml/git/research_2025/apple-harvest-eva/install/ur_controllers:/home/imml/git/research_2025/apple-harvest-eva/install/ur_description:/home/imml/git/research_2025/apple-harvest-eva/install/ur_dashboard_msgs:/opt/ros/humble LD_LIBRARY_PATH=/home/imml/git/research_2025/apple-harvest-eva/install/ur_controllers/lib:/home/imml/git/research_2025/apple-harvest-eva/install/ur_dashboard_msgs/lib:${LD_LIBRARY_PATH} PYTHONPATH=/home/imml/git/research_2025/apple-harvest-eva/install/ur_dashboard_msgs/local/lib/python3.10/dist-packages:${PYTHONPATH} /usr/bin/cmake --build /home/imml/git/research_2025/apple-harvest-eva/build/ur_bringup -- -j16 -l16
[1.356s] DEBUG:colcon.colcon_core.event_handler.log_command:Invoking command in '/home/imml/git/research_2025/apple-harvest-eva/build/ur_bringup': AMENT_PREFIX_PATH=/home/imml/git/research_2025/apple-harvest-eva/install/ur_controllers:/home/imml/git/research_2025/apple-harvest-eva/install/ur_description:/home/imml/git/research_2025/apple-harvest-eva/install/ur_dashboard_msgs:${AMENT_PREFIX_PATH} CMAKE_PREFIX_PATH=/home/imml/git/research_2025/apple-harvest-eva/install/ur_controllers:/home/imml/git/research_2025/apple-harvest-eva/install/ur_description:/home/imml/git/research_2025/apple-harvest-eva/install/ur_dashboard_msgs:/opt/ros/humble LD_LIBRARY_PATH=/home/imml/git/research_2025/apple-harvest-eva/install/ur_controllers/lib:/home/imml/git/research_2025/apple-harvest-eva/install/ur_dashboard_msgs/lib:${LD_LIBRARY_PATH} PYTHONPATH=/home/imml/git/research_2025/apple-harvest-eva/install/ur_dashboard_msgs/local/lib/python3.10/dist-packages:${PYTHONPATH} /usr/bin/cmake --install /home/imml/git/research_2025/apple-harvest-eva/build/ur_bringup
[1.384s] Level 1:colcon.colcon_core.environment:create_environment_scripts_only(ur_bringup)
[1.385s] Level 1:colcon.colcon_core.environment:checking '/home/imml/git/research_2025/apple-harvest-eva/install/ur_bringup' for CMake module files
[1.385s] DEBUG:colcon.colcon_core.event_handler.log_command:Invoked command in '/home/imml/git/research_2025/apple-harvest-eva/build/ur_bringup' returned '0': AMENT_PREFIX_PATH=/home/imml/git/research_2025/apple-harvest-eva/install/ur_controllers:/home/imml/git/research_2025/apple-harvest-eva/install/ur_description:/home/imml/git/research_2025/apple-harvest-eva/install/ur_dashboard_msgs:${AMENT_PREFIX_PATH} CMAKE_PREFIX_PATH=/home/imml/git/research_2025/apple-harvest-eva/install/ur_controllers:/home/imml/git/research_2025/apple-harvest-eva/install/ur_description:/home/imml/git/research_2025/apple-harvest-eva/install/ur_dashboard_msgs:/opt/ros/humble LD_LIBRARY_PATH=/home/imml/git/research_2025/apple-harvest-eva/install/ur_controllers/lib:/home/imml/git/research_2025/apple-harvest-eva/install/ur_dashboard_msgs/lib:${LD_LIBRARY_PATH} PYTHONPATH=/home/imml/git/research_2025/apple-harvest-eva/install/ur_dashboard_msgs/local/lib/python3.10/dist-packages:${PYTHONPATH} /usr/bin/cmake --install /home/imml/git/research_2025/apple-harvest-eva/build/ur_bringup
[1.386s] Level 1:colcon.colcon_core.environment:checking '/home/imml/git/research_2025/apple-harvest-eva/install/ur_bringup' for CMake config files
[1.386s] Level 1:colcon.colcon_core.shell:create_environment_hook('ur_bringup', 'cmake_prefix_path')
[1.387s] INFO:colcon.colcon_core.shell:Creating environment hook '/home/imml/git/research_2025/apple-harvest-eva/install/ur_bringup/share/ur_bringup/hook/cmake_prefix_path.ps1'
[1.387s] INFO:colcon.colcon_core.shell:Creating environment descriptor '/home/imml/git/research_2025/apple-harvest-eva/install/ur_bringup/share/ur_bringup/hook/cmake_prefix_path.dsv'
[1.388s] INFO:colcon.colcon_core.shell:Creating environment hook '/home/imml/git/research_2025/apple-harvest-eva/install/ur_bringup/share/ur_bringup/hook/cmake_prefix_path.sh'
[1.388s] Level 1:colcon.colcon_core.environment:checking '/home/imml/git/research_2025/apple-harvest-eva/install/ur_bringup/lib'
[1.388s] Level 1:colcon.colcon_core.environment:checking '/home/imml/git/research_2025/apple-harvest-eva/install/ur_bringup/bin'
[1.388s] Level 1:colcon.colcon_core.environment:checking '/home/imml/git/research_2025/apple-harvest-eva/install/ur_bringup/lib/pkgconfig/ur_bringup.pc'
[1.388s] Level 1:colcon.colcon_core.environment:checking '/home/imml/git/research_2025/apple-harvest-eva/install/ur_bringup/lib/python3.10/site-packages'
[1.389s] Level 1:colcon.colcon_core.environment:checking '/home/imml/git/research_2025/apple-harvest-eva/install/ur_bringup/bin'
[1.389s] INFO:colcon.colcon_core.shell:Creating package script '/home/imml/git/research_2025/apple-harvest-eva/install/ur_bringup/share/ur_bringup/package.ps1'
[1.389s] INFO:colcon.colcon_core.shell:Creating package descriptor '/home/imml/git/research_2025/apple-harvest-eva/install/ur_bringup/share/ur_bringup/package.dsv'
[1.390s] INFO:colcon.colcon_core.shell:Creating package script '/home/imml/git/research_2025/apple-harvest-eva/install/ur_bringup/share/ur_bringup/package.sh'
[1.390s] INFO:colcon.colcon_core.shell:Creating package script '/home/imml/git/research_2025/apple-harvest-eva/install/ur_bringup/share/ur_bringup/package.bash'
[1.390s] INFO:colcon.colcon_core.shell:Creating package script '/home/imml/git/research_2025/apple-harvest-eva/install/ur_bringup/share/ur_bringup/package.zsh'
[1.391s] Level 1:colcon.colcon_core.environment:create_file_with_runtime_dependencies(/home/imml/git/research_2025/apple-harvest-eva/install/ur_bringup/share/colcon-core/packages/ur_bringup)
[1.391s] Level 1:colcon.colcon_core.environment:create_environment_scripts_only(ur_bringup)
[1.391s] Level 1:colcon.colcon_core.environment:checking '/home/imml/git/research_2025/apple-harvest-eva/install/ur_bringup' for CMake module files
[1.392s] Level 1:colcon.colcon_core.environment:checking '/home/imml/git/research_2025/apple-harvest-eva/install/ur_bringup' for CMake config files
[1.392s] Level 1:colcon.colcon_core.shell:create_environment_hook('ur_bringup', 'cmake_prefix_path')
[1.392s] INFO:colcon.colcon_core.shell:Creating environment hook '/home/imml/git/research_2025/apple-harvest-eva/install/ur_bringup/share/ur_bringup/hook/cmake_prefix_path.ps1'
[1.393s] INFO:colcon.colcon_core.shell:Creating environment descriptor '/home/imml/git/research_2025/apple-harvest-eva/install/ur_bringup/share/ur_bringup/hook/cmake_prefix_path.dsv'
[1.393s] INFO:colcon.colcon_core.shell:Creating environment hook '/home/imml/git/research_2025/apple-harvest-eva/install/ur_bringup/share/ur_bringup/hook/cmake_prefix_path.sh'
[1.394s] Level 1:colcon.colcon_core.environment:checking '/home/imml/git/research_2025/apple-harvest-eva/install/ur_bringup/lib'
[1.394s] Level 1:colcon.colcon_core.environment:checking '/home/imml/git/research_2025/apple-harvest-eva/install/ur_bringup/bin'
[1.394s] Level 1:colcon.colcon_core.environment:checking '/home/imml/git/research_2025/apple-harvest-eva/install/ur_bringup/lib/pkgconfig/ur_bringup.pc'
[1.394s] Level 1:colcon.colcon_core.environment:checking '/home/imml/git/research_2025/apple-harvest-eva/install/ur_bringup/lib/python3.10/site-packages'
[1.394s] Level 1:colcon.colcon_core.environment:checking '/home/imml/git/research_2025/apple-harvest-eva/install/ur_bringup/bin'
[1.394s] INFO:colcon.colcon_core.shell:Creating package script '/home/imml/git/research_2025/apple-harvest-eva/install/ur_bringup/share/ur_bringup/package.ps1'
[1.395s] INFO:colcon.colcon_core.shell:Creating package descriptor '/home/imml/git/research_2025/apple-harvest-eva/install/ur_bringup/share/ur_bringup/package.dsv'
[1.395s] INFO:colcon.colcon_core.shell:Creating package script '/home/imml/git/research_2025/apple-harvest-eva/install/ur_bringup/share/ur_bringup/package.sh'
[1.396s] INFO:colcon.colcon_core.shell:Creating package script '/home/imml/git/research_2025/apple-harvest-eva/install/ur_bringup/share/ur_bringup/package.bash'
[1.396s] INFO:colcon.colcon_core.shell:Creating package script '/home/imml/git/research_2025/apple-harvest-eva/install/ur_bringup/share/ur_bringup/package.zsh'
[1.396s] Level 1:colcon.colcon_core.environment:create_file_with_runtime_dependencies(/home/imml/git/research_2025/apple-harvest-eva/install/ur_bringup/share/colcon-core/packages/ur_bringup)
[1.499s] DEBUG:colcon.colcon_core.event_handler.log_command:Invoking command in '/home/imml/git/research_2025/apple-harvest-eva/build/harvest_vision': AMENT_PREFIX_PATH=/home/imml/git/research_2025/apple-harvest-eva/install/harvest_interfaces:${AMENT_PREFIX_PATH} CMAKE_PREFIX_PATH=/home/imml/git/research_2025/apple-harvest-eva/install/harvest_interfaces LD_LIBRARY_PATH=/home/imml/git/research_2025/apple-harvest-eva/install/harvest_interfaces/lib:${LD_LIBRARY_PATH} PYTHONPATH=/home/imml/git/research_2025/apple-harvest-eva/build/harvest_vision/prefix_override:/usr/lib/python3/dist-packages/colcon_core/task/python/colcon_distutils_commands:/home/imml/git/research_2025/apple-harvest-eva/install/harvest_vision/lib/python3.10/site-packages:/home/imml/git/research_2025/apple-harvest-eva/install/harvest_interfaces/local/lib/python3.10/dist-packages:${PYTHONPATH} /usr/bin/python3 -W ignore:setup.py install is deprecated -W ignore:easy_install command is deprecated setup.py develop --editable --build-directory /home/imml/git/research_2025/apple-harvest-eva/build/harvest_vision/build --no-deps symlink_data
[1.612s] Level 1:colcon.colcon_core.shell:create_environment_hook('ur5e_custom_hardware', 'pythonpath_develop')
[1.612s] DEBUG:colcon.colcon_core.event_handler.log_command:Invoked command in '/home/imml/git/research_2025/apple-harvest-eva/build/ur5e_custom_hardware' returned '0': PYTHONPATH=/home/imml/git/research_2025/apple-harvest-eva/build/ur5e_custom_hardware/prefix_override:/usr/lib/python3/dist-packages/colcon_core/task/python/colcon_distutils_commands:/home/imml/git/research_2025/apple-harvest-eva/install/ur5e_custom_hardware/lib/python3.10/site-packages:${PYTHONPATH} /usr/bin/python3 -W ignore:setup.py install is deprecated -W ignore:easy_install command is deprecated setup.py develop --editable --build-directory /home/imml/git/research_2025/apple-harvest-eva/build/ur5e_custom_hardware/build --no-deps symlink_data
[1.613s] INFO:colcon.colcon_core.shell:Creating environment hook '/home/imml/git/research_2025/apple-harvest-eva/build/ur5e_custom_hardware/share/ur5e_custom_hardware/hook/pythonpath_develop.ps1'
[1.613s] INFO:colcon.colcon_core.shell:Creating environment descriptor '/home/imml/git/research_2025/apple-harvest-eva/build/ur5e_custom_hardware/share/ur5e_custom_hardware/hook/pythonpath_develop.dsv'
[1.614s] INFO:colcon.colcon_core.shell:Creating environment hook '/home/imml/git/research_2025/apple-harvest-eva/build/ur5e_custom_hardware/share/ur5e_custom_hardware/hook/pythonpath_develop.sh'
[1.614s] Level 1:colcon.colcon_core.environment:checking '/home/imml/git/research_2025/apple-harvest-eva/install/ur5e_custom_hardware' for CMake module files
[1.614s] Level 1:colcon.colcon_core.environment:checking '/home/imml/git/research_2025/apple-harvest-eva/install/ur5e_custom_hardware' for CMake config files
[1.615s] Level 1:colcon.colcon_core.environment:checking '/home/imml/git/research_2025/apple-harvest-eva/install/ur5e_custom_hardware/lib'
[1.615s] Level 1:colcon.colcon_core.environment:checking '/home/imml/git/research_2025/apple-harvest-eva/install/ur5e_custom_hardware/bin'
[1.615s] Level 1:colcon.colcon_core.environment:checking '/home/imml/git/research_2025/apple-harvest-eva/install/ur5e_custom_hardware/lib/pkgconfig/ur5e_custom_hardware.pc'
[1.615s] Level 1:colcon.colcon_core.environment:checking '/home/imml/git/research_2025/apple-harvest-eva/install/ur5e_custom_hardware/lib/python3.10/site-packages'
[1.615s] Level 1:colcon.colcon_core.shell:create_environment_hook('ur5e_custom_hardware', 'pythonpath')
[1.615s] INFO:colcon.colcon_core.shell:Creating environment hook '/home/imml/git/research_2025/apple-harvest-eva/install/ur5e_custom_hardware/share/ur5e_custom_hardware/hook/pythonpath.ps1'
[1.616s] INFO:colcon.colcon_core.shell:Creating environment descriptor '/home/imml/git/research_2025/apple-harvest-eva/install/ur5e_custom_hardware/share/ur5e_custom_hardware/hook/pythonpath.dsv'
[1.616s] INFO:colcon.colcon_core.shell:Creating environment hook '/home/imml/git/research_2025/apple-harvest-eva/install/ur5e_custom_hardware/share/ur5e_custom_hardware/hook/pythonpath.sh'
[1.616s] Level 1:colcon.colcon_core.environment:checking '/home/imml/git/research_2025/apple-harvest-eva/install/ur5e_custom_hardware/bin'
[1.616s] Level 1:colcon.colcon_core.environment:create_environment_scripts_only(ur5e_custom_hardware)
[1.617s] INFO:colcon.colcon_core.shell:Creating package script '/home/imml/git/research_2025/apple-harvest-eva/install/ur5e_custom_hardware/share/ur5e_custom_hardware/package.ps1'
[1.617s] INFO:colcon.colcon_core.shell:Creating package descriptor '/home/imml/git/research_2025/apple-harvest-eva/install/ur5e_custom_hardware/share/ur5e_custom_hardware/package.dsv'
[1.618s] INFO:colcon.colcon_core.shell:Creating package script '/home/imml/git/research_2025/apple-harvest-eva/install/ur5e_custom_hardware/share/ur5e_custom_hardware/package.sh'
[1.618s] INFO:colcon.colcon_core.shell:Creating package script '/home/imml/git/research_2025/apple-harvest-eva/install/ur5e_custom_hardware/share/ur5e_custom_hardware/package.bash'
[1.618s] INFO:colcon.colcon_core.shell:Creating package script '/home/imml/git/research_2025/apple-harvest-eva/install/ur5e_custom_hardware/share/ur5e_custom_hardware/package.zsh'
[1.619s] Level 1:colcon.colcon_core.environment:create_file_with_runtime_dependencies(/home/imml/git/research_2025/apple-harvest-eva/install/ur5e_custom_hardware/share/colcon-core/packages/ur5e_custom_hardware)
[1.653s] DEBUG:colcon.colcon_core.event_handler.log_command:Invoked command in '/home/imml/git/research_2025/apple-harvest-eva/build/ur_robot_driver' returned '0': AMENT_PREFIX_PATH=/home/imml/git/research_2025/apple-harvest-eva/install/ur_controllers:/home/imml/git/research_2025/apple-harvest-eva/install/ur_description:/home/imml/git/research_2025/apple-harvest-eva/install/ur_dashboard_msgs:${AMENT_PREFIX_PATH} CMAKE_PREFIX_PATH=/home/imml/git/research_2025/apple-harvest-eva/install/ur_controllers:/home/imml/git/research_2025/apple-harvest-eva/install/ur_description:/home/imml/git/research_2025/apple-harvest-eva/install/ur_dashboard_msgs:/opt/ros/humble LD_LIBRARY_PATH=/home/imml/git/research_2025/apple-harvest-eva/install/ur_controllers/lib:/home/imml/git/research_2025/apple-harvest-eva/install/ur_dashboard_msgs/lib:${LD_LIBRARY_PATH} PYTHONPATH=/home/imml/git/research_2025/apple-harvest-eva/install/ur_dashboard_msgs/local/lib/python3.10/dist-packages:${PYTHONPATH} /usr/bin/cmake --build /home/imml/git/research_2025/apple-harvest-eva/build/ur_robot_driver -- -j16 -l16
[1.655s] DEBUG:colcon.colcon_core.event_handler.log_command:Invoking command in '/home/imml/git/research_2025/apple-harvest-eva/build/ur_robot_driver': AMENT_PREFIX_PATH=/home/imml/git/research_2025/apple-harvest-eva/install/ur_controllers:/home/imml/git/research_2025/apple-harvest-eva/install/ur_description:/home/imml/git/research_2025/apple-harvest-eva/install/ur_dashboard_msgs:${AMENT_PREFIX_PATH} CMAKE_PREFIX_PATH=/home/imml/git/research_2025/apple-harvest-eva/install/ur_controllers:/home/imml/git/research_2025/apple-harvest-eva/install/ur_description:/home/imml/git/research_2025/apple-harvest-eva/install/ur_dashboard_msgs:/opt/ros/humble LD_LIBRARY_PATH=/home/imml/git/research_2025/apple-harvest-eva/install/ur_controllers/lib:/home/imml/git/research_2025/apple-harvest-eva/install/ur_dashboard_msgs/lib:${LD_LIBRARY_PATH} PYTHONPATH=/home/imml/git/research_2025/apple-harvest-eva/install/ur_dashboard_msgs/local/lib/python3.10/dist-packages:${PYTHONPATH} /usr/bin/cmake --install /home/imml/git/research_2025/apple-harvest-eva/build/ur_robot_driver
[1.713s] Level 1:colcon.colcon_core.environment:create_environment_scripts_only(ur_robot_driver)
[1.713s] Level 1:colcon.colcon_core.environment:checking '/home/imml/git/research_2025/apple-harvest-eva/install/ur_robot_driver' for CMake module files
[1.714s] DEBUG:colcon.colcon_core.event_handler.log_command:Invoked command in '/home/imml/git/research_2025/apple-harvest-eva/build/ur_robot_driver' returned '0': AMENT_PREFIX_PATH=/home/imml/git/research_2025/apple-harvest-eva/install/ur_controllers:/home/imml/git/research_2025/apple-harvest-eva/install/ur_description:/home/imml/git/research_2025/apple-harvest-eva/install/ur_dashboard_msgs:${AMENT_PREFIX_PATH} CMAKE_PREFIX_PATH=/home/imml/git/research_2025/apple-harvest-eva/install/ur_controllers:/home/imml/git/research_2025/apple-harvest-eva/install/ur_description:/home/imml/git/research_2025/apple-harvest-eva/install/ur_dashboard_msgs:/opt/ros/humble LD_LIBRARY_PATH=/home/imml/git/research_2025/apple-harvest-eva/install/ur_controllers/lib:/home/imml/git/research_2025/apple-harvest-eva/install/ur_dashboard_msgs/lib:${LD_LIBRARY_PATH} PYTHONPATH=/home/imml/git/research_2025/apple-harvest-eva/install/ur_dashboard_msgs/local/lib/python3.10/dist-packages:${PYTHONPATH} /usr/bin/cmake --install /home/imml/git/research_2025/apple-harvest-eva/build/ur_robot_driver
[1.714s] Level 1:colcon.colcon_core.environment:checking '/home/imml/git/research_2025/apple-harvest-eva/install/ur_robot_driver' for CMake config files
[1.715s] Level 1:colcon.colcon_core.shell:create_environment_hook('ur_robot_driver', 'cmake_prefix_path')
[1.715s] INFO:colcon.colcon_core.shell:Creating environment hook '/home/imml/git/research_2025/apple-harvest-eva/install/ur_robot_driver/share/ur_robot_driver/hook/cmake_prefix_path.ps1'
[1.715s] INFO:colcon.colcon_core.shell:Creating environment descriptor '/home/imml/git/research_2025/apple-harvest-eva/install/ur_robot_driver/share/ur_robot_driver/hook/cmake_prefix_path.dsv'
[1.716s] INFO:colcon.colcon_core.shell:Creating environment hook '/home/imml/git/research_2025/apple-harvest-eva/install/ur_robot_driver/share/ur_robot_driver/hook/cmake_prefix_path.sh'
[1.716s] Level 1:colcon.colcon_core.environment:checking '/home/imml/git/research_2025/apple-harvest-eva/install/ur_robot_driver/lib'
[1.716s] Level 1:colcon.colcon_core.shell:create_environment_hook('ur_robot_driver', 'ld_library_path_lib')
[1.716s] INFO:colcon.colcon_core.shell:Creating environment hook '/home/imml/git/research_2025/apple-harvest-eva/install/ur_robot_driver/share/ur_robot_driver/hook/ld_library_path_lib.ps1'
[1.717s] INFO:colcon.colcon_core.shell:Creating environment descriptor '/home/imml/git/research_2025/apple-harvest-eva/install/ur_robot_driver/share/ur_robot_driver/hook/ld_library_path_lib.dsv'
[1.717s] INFO:colcon.colcon_core.shell:Creating environment hook '/home/imml/git/research_2025/apple-harvest-eva/install/ur_robot_driver/share/ur_robot_driver/hook/ld_library_path_lib.sh'
[1.717s] Level 1:colcon.colcon_core.environment:checking '/home/imml/git/research_2025/apple-harvest-eva/install/ur_robot_driver/bin'
[1.717s] Level 1:colcon.colcon_core.shell:create_environment_hook('ur_robot_driver', 'path')
[1.717s] INFO:colcon.colcon_core.shell:Creating environment hook '/home/imml/git/research_2025/apple-harvest-eva/install/ur_robot_driver/share/ur_robot_driver/hook/path.ps1'
[1.718s] INFO:colcon.colcon_core.shell:Creating environment descriptor '/home/imml/git/research_2025/apple-harvest-eva/install/ur_robot_driver/share/ur_robot_driver/hook/path.dsv'
[1.718s] INFO:colcon.colcon_core.shell:Creating environment hook '/home/imml/git/research_2025/apple-harvest-eva/install/ur_robot_driver/share/ur_robot_driver/hook/path.sh'
[1.718s] Level 1:colcon.colcon_core.environment:checking '/home/imml/git/research_2025/apple-harvest-eva/install/ur_robot_driver/lib/pkgconfig/ur_robot_driver.pc'
[1.718s] Level 1:colcon.colcon_core.environment:checking '/home/imml/git/research_2025/apple-harvest-eva/install/ur_robot_driver/lib/python3.10/site-packages'
[1.718s] Level 1:colcon.colcon_core.environment:checking '/home/imml/git/research_2025/apple-harvest-eva/install/ur_robot_driver/bin'
[1.719s] Level 1:colcon.colcon_core.shell:create_environment_hook('ur_robot_driver', 'pythonscriptspath')
[1.719s] INFO:colcon.colcon_core.shell:Creating environment hook '/home/imml/git/research_2025/apple-harvest-eva/install/ur_robot_driver/share/ur_robot_driver/hook/pythonscriptspath.ps1'
[1.719s] INFO:colcon.colcon_core.shell:Creating environment descriptor '/home/imml/git/research_2025/apple-harvest-eva/install/ur_robot_driver/share/ur_robot_driver/hook/pythonscriptspath.dsv'
[1.719s] INFO:colcon.colcon_core.shell:Creating environment hook '/home/imml/git/research_2025/apple-harvest-eva/install/ur_robot_driver/share/ur_robot_driver/hook/pythonscriptspath.sh'
[1.720s] INFO:colcon.colcon_core.shell:Creating package script '/home/imml/git/research_2025/apple-harvest-eva/install/ur_robot_driver/share/ur_robot_driver/package.ps1'
[1.720s] INFO:colcon.colcon_core.shell:Creating package descriptor '/home/imml/git/research_2025/apple-harvest-eva/install/ur_robot_driver/share/ur_robot_driver/package.dsv'
[1.721s] INFO:colcon.colcon_core.shell:Creating package script '/home/imml/git/research_2025/apple-harvest-eva/install/ur_robot_driver/share/ur_robot_driver/package.sh'
[1.721s] INFO:colcon.colcon_core.shell:Creating package script '/home/imml/git/research_2025/apple-harvest-eva/install/ur_robot_driver/share/ur_robot_driver/package.bash'
[1.721s] INFO:colcon.colcon_core.shell:Creating package script '/home/imml/git/research_2025/apple-harvest-eva/install/ur_robot_driver/share/ur_robot_driver/package.zsh'
[1.722s] Level 1:colcon.colcon_core.environment:create_file_with_runtime_dependencies(/home/imml/git/research_2025/apple-harvest-eva/install/ur_robot_driver/share/colcon-core/packages/ur_robot_driver)
[1.722s] Level 1:colcon.colcon_core.environment:create_environment_scripts_only(ur_robot_driver)
[1.723s] Level 1:colcon.colcon_core.environment:checking '/home/imml/git/research_2025/apple-harvest-eva/install/ur_robot_driver' for CMake module files
[1.723s] Level 1:colcon.colcon_core.environment:checking '/home/imml/git/research_2025/apple-harvest-eva/install/ur_robot_driver' for CMake config files
[1.724s] Level 1:colcon.colcon_core.shell:create_environment_hook('ur_robot_driver', 'cmake_prefix_path')
[1.725s] INFO:colcon.colcon_core.shell:Creating environment hook '/home/imml/git/research_2025/apple-harvest-eva/install/ur_robot_driver/share/ur_robot_driver/hook/cmake_prefix_path.ps1'
[1.725s] INFO:colcon.colcon_core.shell:Creating environment descriptor '/home/imml/git/research_2025/apple-harvest-eva/install/ur_robot_driver/share/ur_robot_driver/hook/cmake_prefix_path.dsv'
[1.726s] INFO:colcon.colcon_core.shell:Creating environment hook '/home/imml/git/research_2025/apple-harvest-eva/install/ur_robot_driver/share/ur_robot_driver/hook/cmake_prefix_path.sh'
[1.726s] Level 1:colcon.colcon_core.environment:checking '/home/imml/git/research_2025/apple-harvest-eva/install/ur_robot_driver/lib'
[1.726s] Level 1:colcon.colcon_core.shell:create_environment_hook('ur_robot_driver', 'ld_library_path_lib')
[1.726s] INFO:colcon.colcon_core.shell:Creating environment hook '/home/imml/git/research_2025/apple-harvest-eva/install/ur_robot_driver/share/ur_robot_driver/hook/ld_library_path_lib.ps1'
[1.727s] INFO:colcon.colcon_core.shell:Creating environment descriptor '/home/imml/git/research_2025/apple-harvest-eva/install/ur_robot_driver/share/ur_robot_driver/hook/ld_library_path_lib.dsv'
[1.727s] INFO:colcon.colcon_core.shell:Creating environment hook '/home/imml/git/research_2025/apple-harvest-eva/install/ur_robot_driver/share/ur_robot_driver/hook/ld_library_path_lib.sh'
[1.727s] Level 1:colcon.colcon_core.environment:checking '/home/imml/git/research_2025/apple-harvest-eva/install/ur_robot_driver/bin'
[1.727s] Level 1:colcon.colcon_core.shell:create_environment_hook('ur_robot_driver', 'path')
[1.727s] INFO:colcon.colcon_core.shell:Creating environment hook '/home/imml/git/research_2025/apple-harvest-eva/install/ur_robot_driver/share/ur_robot_driver/hook/path.ps1'
[1.728s] INFO:colcon.colcon_core.shell:Creating environment descriptor '/home/imml/git/research_2025/apple-harvest-eva/install/ur_robot_driver/share/ur_robot_driver/hook/path.dsv'
[1.728s] INFO:colcon.colcon_core.shell:Creating environment hook '/home/imml/git/research_2025/apple-harvest-eva/install/ur_robot_driver/share/ur_robot_driver/hook/path.sh'
[1.728s] Level 1:colcon.colcon_core.environment:checking '/home/imml/git/research_2025/apple-harvest-eva/install/ur_robot_driver/lib/pkgconfig/ur_robot_driver.pc'
[1.728s] Level 1:colcon.colcon_core.environment:checking '/home/imml/git/research_2025/apple-harvest-eva/install/ur_robot_driver/lib/python3.10/site-packages'
[1.728s] Level 1:colcon.colcon_core.environment:checking '/home/imml/git/research_2025/apple-harvest-eva/install/ur_robot_driver/bin'
[1.729s] Level 1:colcon.colcon_core.shell:create_environment_hook('ur_robot_driver', 'pythonscriptspath')
[1.729s] INFO:colcon.colcon_core.shell:Creating environment hook '/home/imml/git/research_2025/apple-harvest-eva/install/ur_robot_driver/share/ur_robot_driver/hook/pythonscriptspath.ps1'
[1.729s] INFO:colcon.colcon_core.shell:Creating environment descriptor '/home/imml/git/research_2025/apple-harvest-eva/install/ur_robot_driver/share/ur_robot_driver/hook/pythonscriptspath.dsv'
[1.729s] INFO:colcon.colcon_core.shell:Creating environment hook '/home/imml/git/research_2025/apple-harvest-eva/install/ur_robot_driver/share/ur_robot_driver/hook/pythonscriptspath.sh'
[1.730s] INFO:colcon.colcon_core.shell:Creating package script '/home/imml/git/research_2025/apple-harvest-eva/install/ur_robot_driver/share/ur_robot_driver/package.ps1'
[1.730s] INFO:colcon.colcon_core.shell:Creating package descriptor '/home/imml/git/research_2025/apple-harvest-eva/install/ur_robot_driver/share/ur_robot_driver/package.dsv'
[1.731s] INFO:colcon.colcon_core.shell:Creating package script '/home/imml/git/research_2025/apple-harvest-eva/install/ur_robot_driver/share/ur_robot_driver/package.sh'
[1.731s] INFO:colcon.colcon_core.shell:Creating package script '/home/imml/git/research_2025/apple-harvest-eva/install/ur_robot_driver/share/ur_robot_driver/package.bash'
[1.731s] INFO:colcon.colcon_core.shell:Creating package script '/home/imml/git/research_2025/apple-harvest-eva/install/ur_robot_driver/share/ur_robot_driver/package.zsh'
[1.732s] Level 1:colcon.colcon_core.environment:create_file_with_runtime_dependencies(/home/imml/git/research_2025/apple-harvest-eva/install/ur_robot_driver/share/colcon-core/packages/ur_robot_driver)
[1.732s] INFO:colcon.colcon_ros.task.ament_cmake.build:Building ROS package in '/home/imml/git/research_2025/apple-harvest-eva/harvest_hardware/Universal_Robots_ROS2_Driver/ur_calibration' with build type 'ament_cmake'
[1.732s] INFO:colcon.colcon_cmake.task.cmake.build:Building CMake package in '/home/imml/git/research_2025/apple-harvest-eva/harvest_hardware/Universal_Robots_ROS2_Driver/ur_calibration'
[1.732s] INFO:colcon.colcon_core.shell:Skip shell extension 'powershell' for command environment: Not usable outside of PowerShell
[1.732s] DEBUG:colcon.colcon_core.shell:Skip shell extension 'dsv' for command environment
[1.747s] DEBUG:colcon.colcon_core.event_handler.log_command:Invoking command in '/home/imml/git/research_2025/apple-harvest-eva/build/ur_calibration': AMENT_PREFIX_PATH=/home/imml/git/research_2025/apple-harvest-eva/install/ur_robot_driver:/home/imml/git/research_2025/apple-harvest-eva/install/ur_controllers:/home/imml/git/research_2025/apple-harvest-eva/install/ur_description:/home/imml/git/research_2025/apple-harvest-eva/install/ur_dashboard_msgs:${AMENT_PREFIX_PATH} CMAKE_PREFIX_PATH=/home/imml/git/research_2025/apple-harvest-eva/install/ur_robot_driver:/home/imml/git/research_2025/apple-harvest-eva/install/ur_controllers:/home/imml/git/research_2025/apple-harvest-eva/install/ur_description:/home/imml/git/research_2025/apple-harvest-eva/install/ur_dashboard_msgs:/opt/ros/humble LD_LIBRARY_PATH=/home/imml/git/research_2025/apple-harvest-eva/install/ur_robot_driver/lib:/home/imml/git/research_2025/apple-harvest-eva/install/ur_controllers/lib:/home/imml/git/research_2025/apple-harvest-eva/install/ur_dashboard_msgs/lib:${LD_LIBRARY_PATH} PATH=/home/imml/git/research_2025/apple-harvest-eva/install/ur_robot_driver/bin:${PATH} PYTHONPATH=/home/imml/git/research_2025/apple-harvest-eva/install/ur_robot_driver/local/lib/python3.10/dist-packages:/home/imml/git/research_2025/apple-harvest-eva/install/ur_dashboard_msgs/local/lib/python3.10/dist-packages:${PYTHONPATH} /usr/bin/cmake --build /home/imml/git/research_2025/apple-harvest-eva/build/ur_calibration -- -j16 -l16
[1.849s] DEBUG:colcon.colcon_core.event_handler.log_command:Invoked command in '/home/imml/git/research_2025/apple-harvest-eva/build/ur_calibration' returned '0': AMENT_PREFIX_PATH=/home/imml/git/research_2025/apple-harvest-eva/install/ur_robot_driver:/home/imml/git/research_2025/apple-harvest-eva/install/ur_controllers:/home/imml/git/research_2025/apple-harvest-eva/install/ur_description:/home/imml/git/research_2025/apple-harvest-eva/install/ur_dashboard_msgs:${AMENT_PREFIX_PATH} CMAKE_PREFIX_PATH=/home/imml/git/research_2025/apple-harvest-eva/install/ur_robot_driver:/home/imml/git/research_2025/apple-harvest-eva/install/ur_controllers:/home/imml/git/research_2025/apple-harvest-eva/install/ur_description:/home/imml/git/research_2025/apple-harvest-eva/install/ur_dashboard_msgs:/opt/ros/humble LD_LIBRARY_PATH=/home/imml/git/research_2025/apple-harvest-eva/install/ur_robot_driver/lib:/home/imml/git/research_2025/apple-harvest-eva/install/ur_controllers/lib:/home/imml/git/research_2025/apple-harvest-eva/install/ur_dashboard_msgs/lib:${LD_LIBRARY_PATH} PATH=/home/imml/git/research_2025/apple-harvest-eva/install/ur_robot_driver/bin:${PATH} PYTHONPATH=/home/imml/git/research_2025/apple-harvest-eva/install/ur_robot_driver/local/lib/python3.10/dist-packages:/home/imml/git/research_2025/apple-harvest-eva/install/ur_dashboard_msgs/local/lib/python3.10/dist-packages:${PYTHONPATH} /usr/bin/cmake --build /home/imml/git/research_2025/apple-harvest-eva/build/ur_calibration -- -j16 -l16
[1.852s] DEBUG:colcon.colcon_core.event_handler.log_command:Invoking command in '/home/imml/git/research_2025/apple-harvest-eva/build/ur_calibration': AMENT_PREFIX_PATH=/home/imml/git/research_2025/apple-harvest-eva/install/ur_robot_driver:/home/imml/git/research_2025/apple-harvest-eva/install/ur_controllers:/home/imml/git/research_2025/apple-harvest-eva/install/ur_description:/home/imml/git/research_2025/apple-harvest-eva/install/ur_dashboard_msgs:${AMENT_PREFIX_PATH} CMAKE_PREFIX_PATH=/home/imml/git/research_2025/apple-harvest-eva/install/ur_robot_driver:/home/imml/git/research_2025/apple-harvest-eva/install/ur_controllers:/home/imml/git/research_2025/apple-harvest-eva/install/ur_description:/home/imml/git/research_2025/apple-harvest-eva/install/ur_dashboard_msgs:/opt/ros/humble LD_LIBRARY_PATH=/home/imml/git/research_2025/apple-harvest-eva/install/ur_robot_driver/lib:/home/imml/git/research_2025/apple-harvest-eva/install/ur_controllers/lib:/home/imml/git/research_2025/apple-harvest-eva/install/ur_dashboard_msgs/lib:${LD_LIBRARY_PATH} PATH=/home/imml/git/research_2025/apple-harvest-eva/install/ur_robot_driver/bin:${PATH} PYTHONPATH=/home/imml/git/research_2025/apple-harvest-eva/install/ur_robot_driver/local/lib/python3.10/dist-packages:/home/imml/git/research_2025/apple-harvest-eva/install/ur_dashboard_msgs/local/lib/python3.10/dist-packages:${PYTHONPATH} /usr/bin/cmake --install /home/imml/git/research_2025/apple-harvest-eva/build/ur_calibration
[1.877s] Level 1:colcon.colcon_core.environment:create_environment_scripts_only(ur_calibration)
[1.877s] Level 1:colcon.colcon_core.environment:checking '/home/imml/git/research_2025/apple-harvest-eva/install/ur_calibration' for CMake module files
[1.877s] DEBUG:colcon.colcon_core.event_handler.log_command:Invoked command in '/home/imml/git/research_2025/apple-harvest-eva/build/ur_calibration' returned '0': AMENT_PREFIX_PATH=/home/imml/git/research_2025/apple-harvest-eva/install/ur_robot_driver:/home/imml/git/research_2025/apple-harvest-eva/install/ur_controllers:/home/imml/git/research_2025/apple-harvest-eva/install/ur_description:/home/imml/git/research_2025/apple-harvest-eva/install/ur_dashboard_msgs:${AMENT_PREFIX_PATH} CMAKE_PREFIX_PATH=/home/imml/git/research_2025/apple-harvest-eva/install/ur_robot_driver:/home/imml/git/research_2025/apple-harvest-eva/install/ur_controllers:/home/imml/git/research_2025/apple-harvest-eva/install/ur_description:/home/imml/git/research_2025/apple-harvest-eva/install/ur_dashboard_msgs:/opt/ros/humble LD_LIBRARY_PATH=/home/imml/git/research_2025/apple-harvest-eva/install/ur_robot_driver/lib:/home/imml/git/research_2025/apple-harvest-eva/install/ur_controllers/lib:/home/imml/git/research_2025/apple-harvest-eva/install/ur_dashboard_msgs/lib:${LD_LIBRARY_PATH} PATH=/home/imml/git/research_2025/apple-harvest-eva/install/ur_robot_driver/bin:${PATH} PYTHONPATH=/home/imml/git/research_2025/apple-harvest-eva/install/ur_robot_driver/local/lib/python3.10/dist-packages:/home/imml/git/research_2025/apple-harvest-eva/install/ur_dashboard_msgs/local/lib/python3.10/dist-packages:${PYTHONPATH} /usr/bin/cmake --install /home/imml/git/research_2025/apple-harvest-eva/build/ur_calibration
[1.878s] Level 1:colcon.colcon_core.environment:checking '/home/imml/git/research_2025/apple-harvest-eva/install/ur_calibration' for CMake config files
[1.878s] Level 1:colcon.colcon_core.shell:create_environment_hook('ur_calibration', 'cmake_prefix_path')
[1.878s] INFO:colcon.colcon_core.shell:Creating environment hook '/home/imml/git/research_2025/apple-harvest-eva/install/ur_calibration/share/ur_calibration/hook/cmake_prefix_path.ps1'
[1.879s] INFO:colcon.colcon_core.shell:Creating environment descriptor '/home/imml/git/research_2025/apple-harvest-eva/install/ur_calibration/share/ur_calibration/hook/cmake_prefix_path.dsv'
[1.879s] INFO:colcon.colcon_core.shell:Creating environment hook '/home/imml/git/research_2025/apple-harvest-eva/install/ur_calibration/share/ur_calibration/hook/cmake_prefix_path.sh'
[1.880s] Level 1:colcon.colcon_core.environment:checking '/home/imml/git/research_2025/apple-harvest-eva/install/ur_calibration/lib'
[1.880s] Level 1:colcon.colcon_core.environment:checking '/home/imml/git/research_2025/apple-harvest-eva/install/ur_calibration/bin'
[1.880s] Level 1:colcon.colcon_core.environment:checking '/home/imml/git/research_2025/apple-harvest-eva/install/ur_calibration/lib/pkgconfig/ur_calibration.pc'
[1.880s] Level 1:colcon.colcon_core.environment:checking '/home/imml/git/research_2025/apple-harvest-eva/install/ur_calibration/lib/python3.10/site-packages'
[1.880s] Level 1:colcon.colcon_core.environment:checking '/home/imml/git/research_2025/apple-harvest-eva/install/ur_calibration/bin'
[1.880s] INFO:colcon.colcon_core.shell:Creating package script '/home/imml/git/research_2025/apple-harvest-eva/install/ur_calibration/share/ur_calibration/package.ps1'
[1.881s] INFO:colcon.colcon_core.shell:Creating package descriptor '/home/imml/git/research_2025/apple-harvest-eva/install/ur_calibration/share/ur_calibration/package.dsv'
[1.881s] INFO:colcon.colcon_core.shell:Creating package script '/home/imml/git/research_2025/apple-harvest-eva/install/ur_calibration/share/ur_calibration/package.sh'
[1.881s] INFO:colcon.colcon_core.shell:Creating package script '/home/imml/git/research_2025/apple-harvest-eva/install/ur_calibration/share/ur_calibration/package.bash'
[1.882s] INFO:colcon.colcon_core.shell:Creating package script '/home/imml/git/research_2025/apple-harvest-eva/install/ur_calibration/share/ur_calibration/package.zsh'
[1.882s] Level 1:colcon.colcon_core.environment:create_file_with_runtime_dependencies(/home/imml/git/research_2025/apple-harvest-eva/install/ur_calibration/share/colcon-core/packages/ur_calibration)
[1.882s] Level 1:colcon.colcon_core.environment:create_environment_scripts_only(ur_calibration)
[1.883s] Level 1:colcon.colcon_core.environment:checking '/home/imml/git/research_2025/apple-harvest-eva/install/ur_calibration' for CMake module files
[1.883s] Level 1:colcon.colcon_core.environment:checking '/home/imml/git/research_2025/apple-harvest-eva/install/ur_calibration' for CMake config files
[1.883s] Level 1:colcon.colcon_core.shell:create_environment_hook('ur_calibration', 'cmake_prefix_path')
[1.884s] INFO:colcon.colcon_core.shell:Creating environment hook '/home/imml/git/research_2025/apple-harvest-eva/install/ur_calibration/share/ur_calibration/hook/cmake_prefix_path.ps1'
[1.884s] INFO:colcon.colcon_core.shell:Creating environment descriptor '/home/imml/git/research_2025/apple-harvest-eva/install/ur_calibration/share/ur_calibration/hook/cmake_prefix_path.dsv'
[1.884s] INFO:colcon.colcon_core.shell:Creating environment hook '/home/imml/git/research_2025/apple-harvest-eva/install/ur_calibration/share/ur_calibration/hook/cmake_prefix_path.sh'
[1.885s] Level 1:colcon.colcon_core.environment:checking '/home/imml/git/research_2025/apple-harvest-eva/install/ur_calibration/lib'
[1.885s] Level 1:colcon.colcon_core.environment:checking '/home/imml/git/research_2025/apple-harvest-eva/install/ur_calibration/bin'
[1.885s] Level 1:colcon.colcon_core.environment:checking '/home/imml/git/research_2025/apple-harvest-eva/install/ur_calibration/lib/pkgconfig/ur_calibration.pc'
[1.885s] Level 1:colcon.colcon_core.environment:checking '/home/imml/git/research_2025/apple-harvest-eva/install/ur_calibration/lib/python3.10/site-packages'
[1.885s] Level 1:colcon.colcon_core.environment:checking '/home/imml/git/research_2025/apple-harvest-eva/install/ur_calibration/bin'
[1.886s] INFO:colcon.colcon_core.shell:Creating package script '/home/imml/git/research_2025/apple-harvest-eva/install/ur_calibration/share/ur_calibration/package.ps1'
[1.886s] INFO:colcon.colcon_core.shell:Creating package descriptor '/home/imml/git/research_2025/apple-harvest-eva/install/ur_calibration/share/ur_calibration/package.dsv'
[1.886s] INFO:colcon.colcon_core.shell:Creating package script '/home/imml/git/research_2025/apple-harvest-eva/install/ur_calibration/share/ur_calibration/package.sh'
[1.887s] INFO:colcon.colcon_core.shell:Creating package script '/home/imml/git/research_2025/apple-harvest-eva/install/ur_calibration/share/ur_calibration/package.bash'
[1.887s] INFO:colcon.colcon_core.shell:Creating package script '/home/imml/git/research_2025/apple-harvest-eva/install/ur_calibration/share/ur_calibration/package.zsh'
[1.887s] Level 1:colcon.colcon_core.environment:create_file_with_runtime_dependencies(/home/imml/git/research_2025/apple-harvest-eva/install/ur_calibration/share/colcon-core/packages/ur_calibration)
[1.888s] INFO:colcon.colcon_ros.task.ament_cmake.build:Building ROS package in '/home/imml/git/research_2025/apple-harvest-eva/harvest_hardware/Universal_Robots_ROS2_Driver/ur' with build type 'ament_cmake'
[1.888s] INFO:colcon.colcon_cmake.task.cmake.build:Building CMake package in '/home/imml/git/research_2025/apple-harvest-eva/harvest_hardware/Universal_Robots_ROS2_Driver/ur'
[1.888s] INFO:colcon.colcon_core.shell:Skip shell extension 'powershell' for command environment: Not usable outside of PowerShell
[1.888s] DEBUG:colcon.colcon_core.shell:Skip shell extension 'dsv' for command environment
[1.912s] DEBUG:colcon.colcon_core.event_handler.log_command:Invoking command in '/home/imml/git/research_2025/apple-harvest-eva/build/ur': AMENT_PREFIX_PATH=/home/imml/git/research_2025/apple-harvest-eva/install/ur_calibration:/home/imml/git/research_2025/apple-harvest-eva/install/ur_robot_driver:/home/imml/git/research_2025/apple-harvest-eva/install/ur_moveit_config:/home/imml/git/research_2025/apple-harvest-eva/install/ur_controllers:/home/imml/git/research_2025/apple-harvest-eva/install/ur_description:/home/imml/git/research_2025/apple-harvest-eva/install/ur_dashboard_msgs:${AMENT_PREFIX_PATH} CMAKE_PREFIX_PATH=/home/imml/git/research_2025/apple-harvest-eva/install/ur_calibration:/home/imml/git/research_2025/apple-harvest-eva/install/ur_robot_driver:/home/imml/git/research_2025/apple-harvest-eva/install/ur_moveit_config:/home/imml/git/research_2025/apple-harvest-eva/install/ur_controllers:/home/imml/git/research_2025/apple-harvest-eva/install/ur_description:/home/imml/git/research_2025/apple-harvest-eva/install/ur_dashboard_msgs:/opt/ros/humble LD_LIBRARY_PATH=/home/imml/git/research_2025/apple-harvest-eva/install/ur_robot_driver/lib:/home/imml/git/research_2025/apple-harvest-eva/install/ur_controllers/lib:/home/imml/git/research_2025/apple-harvest-eva/install/ur_dashboard_msgs/lib:${LD_LIBRARY_PATH} PATH=/home/imml/git/research_2025/apple-harvest-eva/install/ur_robot_driver/bin:${PATH} PYTHONPATH=/home/imml/git/research_2025/apple-harvest-eva/install/ur_robot_driver/local/lib/python3.10/dist-packages:/home/imml/git/research_2025/apple-harvest-eva/install/ur_moveit_config/local/lib/python3.10/dist-packages:/home/imml/git/research_2025/apple-harvest-eva/install/ur_dashboard_msgs/local/lib/python3.10/dist-packages:${PYTHONPATH} /usr/bin/cmake --build /home/imml/git/research_2025/apple-harvest-eva/build/ur -- -j16 -l16
[1.964s] DEBUG:colcon.colcon_core.event_handler.log_command:Invoked command in '/home/imml/git/research_2025/apple-harvest-eva/build/ur' returned '0': AMENT_PREFIX_PATH=/home/imml/git/research_2025/apple-harvest-eva/install/ur_calibration:/home/imml/git/research_2025/apple-harvest-eva/install/ur_robot_driver:/home/imml/git/research_2025/apple-harvest-eva/install/ur_moveit_config:/home/imml/git/research_2025/apple-harvest-eva/install/ur_controllers:/home/imml/git/research_2025/apple-harvest-eva/install/ur_description:/home/imml/git/research_2025/apple-harvest-eva/install/ur_dashboard_msgs:${AMENT_PREFIX_PATH} CMAKE_PREFIX_PATH=/home/imml/git/research_2025/apple-harvest-eva/install/ur_calibration:/home/imml/git/research_2025/apple-harvest-eva/install/ur_robot_driver:/home/imml/git/research_2025/apple-harvest-eva/install/ur_moveit_config:/home/imml/git/research_2025/apple-harvest-eva/install/ur_controllers:/home/imml/git/research_2025/apple-harvest-eva/install/ur_description:/home/imml/git/research_2025/apple-harvest-eva/install/ur_dashboard_msgs:/opt/ros/humble LD_LIBRARY_PATH=/home/imml/git/research_2025/apple-harvest-eva/install/ur_robot_driver/lib:/home/imml/git/research_2025/apple-harvest-eva/install/ur_controllers/lib:/home/imml/git/research_2025/apple-harvest-eva/install/ur_dashboard_msgs/lib:${LD_LIBRARY_PATH} PATH=/home/imml/git/research_2025/apple-harvest-eva/install/ur_robot_driver/bin:${PATH} PYTHONPATH=/home/imml/git/research_2025/apple-harvest-eva/install/ur_robot_driver/local/lib/python3.10/dist-packages:/home/imml/git/research_2025/apple-harvest-eva/install/ur_moveit_config/local/lib/python3.10/dist-packages:/home/imml/git/research_2025/apple-harvest-eva/install/ur_dashboard_msgs/local/lib/python3.10/dist-packages:${PYTHONPATH} /usr/bin/cmake --build /home/imml/git/research_2025/apple-harvest-eva/build/ur -- -j16 -l16
[1.965s] DEBUG:colcon.colcon_core.event_handler.log_command:Invoking command in '/home/imml/git/research_2025/apple-harvest-eva/build/ur': AMENT_PREFIX_PATH=/home/imml/git/research_2025/apple-harvest-eva/install/ur_calibration:/home/imml/git/research_2025/apple-harvest-eva/install/ur_robot_driver:/home/imml/git/research_2025/apple-harvest-eva/install/ur_moveit_config:/home/imml/git/research_2025/apple-harvest-eva/install/ur_controllers:/home/imml/git/research_2025/apple-harvest-eva/install/ur_description:/home/imml/git/research_2025/apple-harvest-eva/install/ur_dashboard_msgs:${AMENT_PREFIX_PATH} CMAKE_PREFIX_PATH=/home/imml/git/research_2025/apple-harvest-eva/install/ur_calibration:/home/imml/git/research_2025/apple-harvest-eva/install/ur_robot_driver:/home/imml/git/research_2025/apple-harvest-eva/install/ur_moveit_config:/home/imml/git/research_2025/apple-harvest-eva/install/ur_controllers:/home/imml/git/research_2025/apple-harvest-eva/install/ur_description:/home/imml/git/research_2025/apple-harvest-eva/install/ur_dashboard_msgs:/opt/ros/humble LD_LIBRARY_PATH=/home/imml/git/research_2025/apple-harvest-eva/install/ur_robot_driver/lib:/home/imml/git/research_2025/apple-harvest-eva/install/ur_controllers/lib:/home/imml/git/research_2025/apple-harvest-eva/install/ur_dashboard_msgs/lib:${LD_LIBRARY_PATH} PATH=/home/imml/git/research_2025/apple-harvest-eva/install/ur_robot_driver/bin:${PATH} PYTHONPATH=/home/imml/git/research_2025/apple-harvest-eva/install/ur_robot_driver/local/lib/python3.10/dist-packages:/home/imml/git/research_2025/apple-harvest-eva/install/ur_moveit_config/local/lib/python3.10/dist-packages:/home/imml/git/research_2025/apple-harvest-eva/install/ur_dashboard_msgs/local/lib/python3.10/dist-packages:${PYTHONPATH} /usr/bin/cmake --install /home/imml/git/research_2025/apple-harvest-eva/build/ur
[1.992s] Level 1:colcon.colcon_core.environment:create_environment_scripts_only(ur)
[1.992s] Level 1:colcon.colcon_core.environment:checking '/home/imml/git/research_2025/apple-harvest-eva/install/ur' for CMake module files
[1.993s] DEBUG:colcon.colcon_core.event_handler.log_command:Invoked command in '/home/imml/git/research_2025/apple-harvest-eva/build/ur' returned '0': AMENT_PREFIX_PATH=/home/imml/git/research_2025/apple-harvest-eva/install/ur_calibration:/home/imml/git/research_2025/apple-harvest-eva/install/ur_robot_driver:/home/imml/git/research_2025/apple-harvest-eva/install/ur_moveit_config:/home/imml/git/research_2025/apple-harvest-eva/install/ur_controllers:/home/imml/git/research_2025/apple-harvest-eva/install/ur_description:/home/imml/git/research_2025/apple-harvest-eva/install/ur_dashboard_msgs:${AMENT_PREFIX_PATH} CMAKE_PREFIX_PATH=/home/imml/git/research_2025/apple-harvest-eva/install/ur_calibration:/home/imml/git/research_2025/apple-harvest-eva/install/ur_robot_driver:/home/imml/git/research_2025/apple-harvest-eva/install/ur_moveit_config:/home/imml/git/research_2025/apple-harvest-eva/install/ur_controllers:/home/imml/git/research_2025/apple-harvest-eva/install/ur_description:/home/imml/git/research_2025/apple-harvest-eva/install/ur_dashboard_msgs:/opt/ros/humble LD_LIBRARY_PATH=/home/imml/git/research_2025/apple-harvest-eva/install/ur_robot_driver/lib:/home/imml/git/research_2025/apple-harvest-eva/install/ur_controllers/lib:/home/imml/git/research_2025/apple-harvest-eva/install/ur_dashboard_msgs/lib:${LD_LIBRARY_PATH} PATH=/home/imml/git/research_2025/apple-harvest-eva/install/ur_robot_driver/bin:${PATH} PYTHONPATH=/home/imml/git/research_2025/apple-harvest-eva/install/ur_robot_driver/local/lib/python3.10/dist-packages:/home/imml/git/research_2025/apple-harvest-eva/install/ur_moveit_config/local/lib/python3.10/dist-packages:/home/imml/git/research_2025/apple-harvest-eva/install/ur_dashboard_msgs/local/lib/python3.10/dist-packages:${PYTHONPATH} /usr/bin/cmake --install /home/imml/git/research_2025/apple-harvest-eva/build/ur
[1.993s] Level 1:colcon.colcon_core.environment:checking '/home/imml/git/research_2025/apple-harvest-eva/install/ur' for CMake config files
[1.993s] Level 1:colcon.colcon_core.shell:create_environment_hook('ur', 'cmake_prefix_path')
[1.994s] INFO:colcon.colcon_core.shell:Creating environment hook '/home/imml/git/research_2025/apple-harvest-eva/install/ur/share/ur/hook/cmake_prefix_path.ps1'
[1.994s] INFO:colcon.colcon_core.shell:Creating environment descriptor '/home/imml/git/research_2025/apple-harvest-eva/install/ur/share/ur/hook/cmake_prefix_path.dsv'
[1.994s] INFO:colcon.colcon_core.shell:Creating environment hook '/home/imml/git/research_2025/apple-harvest-eva/install/ur/share/ur/hook/cmake_prefix_path.sh'
[1.995s] Level 1:colcon.colcon_core.environment:checking '/home/imml/git/research_2025/apple-harvest-eva/install/ur/bin'
[1.995s] Level 1:colcon.colcon_core.environment:checking '/home/imml/git/research_2025/apple-harvest-eva/install/ur/lib/pkgconfig/ur.pc'
[1.995s] Level 1:colcon.colcon_core.environment:checking '/home/imml/git/research_2025/apple-harvest-eva/install/ur/lib/python3.10/site-packages'
[1.995s] Level 1:colcon.colcon_core.environment:checking '/home/imml/git/research_2025/apple-harvest-eva/install/ur/bin'
[1.995s] INFO:colcon.colcon_core.shell:Creating package script '/home/imml/git/research_2025/apple-harvest-eva/install/ur/share/ur/package.ps1'
[1.996s] INFO:colcon.colcon_core.shell:Creating package descriptor '/home/imml/git/research_2025/apple-harvest-eva/install/ur/share/ur/package.dsv'
[1.996s] INFO:colcon.colcon_core.shell:Creating package script '/home/imml/git/research_2025/apple-harvest-eva/install/ur/share/ur/package.sh'
[1.997s] INFO:colcon.colcon_core.shell:Creating package script '/home/imml/git/research_2025/apple-harvest-eva/install/ur/share/ur/package.bash'
[1.997s] INFO:colcon.colcon_core.shell:Creating package script '/home/imml/git/research_2025/apple-harvest-eva/install/ur/share/ur/package.zsh'
[1.997s] Level 1:colcon.colcon_core.environment:create_file_with_runtime_dependencies(/home/imml/git/research_2025/apple-harvest-eva/install/ur/share/colcon-core/packages/ur)
[1.998s] Level 1:colcon.colcon_core.environment:create_environment_scripts_only(ur)
[1.998s] Level 1:colcon.colcon_core.environment:checking '/home/imml/git/research_2025/apple-harvest-eva/install/ur' for CMake module files
[1.998s] Level 1:colcon.colcon_core.environment:checking '/home/imml/git/research_2025/apple-harvest-eva/install/ur' for CMake config files
[1.998s] Level 1:colcon.colcon_core.shell:create_environment_hook('ur', 'cmake_prefix_path')
[1.999s] INFO:colcon.colcon_core.shell:Creating environment hook '/home/imml/git/research_2025/apple-harvest-eva/install/ur/share/ur/hook/cmake_prefix_path.ps1'
[1.999s] INFO:colcon.colcon_core.shell:Creating environment descriptor '/home/imml/git/research_2025/apple-harvest-eva/install/ur/share/ur/hook/cmake_prefix_path.dsv'
[1.999s] INFO:colcon.colcon_core.shell:Creating environment hook '/home/imml/git/research_2025/apple-harvest-eva/install/ur/share/ur/hook/cmake_prefix_path.sh'
[2.000s] Level 1:colcon.colcon_core.environment:checking '/home/imml/git/research_2025/apple-harvest-eva/install/ur/bin'
[2.000s] Level 1:colcon.colcon_core.environment:checking '/home/imml/git/research_2025/apple-harvest-eva/install/ur/lib/pkgconfig/ur.pc'
[2.000s] Level 1:colcon.colcon_core.environment:checking '/home/imml/git/research_2025/apple-harvest-eva/install/ur/lib/python3.10/site-packages'
[2.000s] Level 1:colcon.colcon_core.environment:checking '/home/imml/git/research_2025/apple-harvest-eva/install/ur/bin'
[2.000s] INFO:colcon.colcon_core.shell:Creating package script '/home/imml/git/research_2025/apple-harvest-eva/install/ur/share/ur/package.ps1'
[2.001s] INFO:colcon.colcon_core.shell:Creating package descriptor '/home/imml/git/research_2025/apple-harvest-eva/install/ur/share/ur/package.dsv'
[2.001s] INFO:colcon.colcon_core.shell:Creating package script '/home/imml/git/research_2025/apple-harvest-eva/install/ur/share/ur/package.sh'
[2.002s] INFO:colcon.colcon_core.shell:Creating package script '/home/imml/git/research_2025/apple-harvest-eva/install/ur/share/ur/package.bash'
[2.002s] INFO:colcon.colcon_core.shell:Creating package script '/home/imml/git/research_2025/apple-harvest-eva/install/ur/share/ur/package.zsh'
[2.002s] Level 1:colcon.colcon_core.environment:create_file_with_runtime_dependencies(/home/imml/git/research_2025/apple-harvest-eva/install/ur/share/colcon-core/packages/ur)
[2.004s] Level 1:colcon.colcon_core.shell:create_environment_hook('harvest_vision', 'pythonpath_develop')
[2.004s] INFO:colcon.colcon_core.shell:Creating environment hook '/home/imml/git/research_2025/apple-harvest-eva/build/harvest_vision/share/harvest_vision/hook/pythonpath_develop.ps1'
[2.005s] DEBUG:colcon.colcon_core.event_handler.log_command:Invoked command in '/home/imml/git/research_2025/apple-harvest-eva/build/harvest_vision' returned '0': AMENT_PREFIX_PATH=/home/imml/git/research_2025/apple-harvest-eva/install/harvest_interfaces:${AMENT_PREFIX_PATH} CMAKE_PREFIX_PATH=/home/imml/git/research_2025/apple-harvest-eva/install/harvest_interfaces LD_LIBRARY_PATH=/home/imml/git/research_2025/apple-harvest-eva/install/harvest_interfaces/lib:${LD_LIBRARY_PATH} PYTHONPATH=/home/imml/git/research_2025/apple-harvest-eva/build/harvest_vision/prefix_override:/usr/lib/python3/dist-packages/colcon_core/task/python/colcon_distutils_commands:/home/imml/git/research_2025/apple-harvest-eva/install/harvest_vision/lib/python3.10/site-packages:/home/imml/git/research_2025/apple-harvest-eva/install/harvest_interfaces/local/lib/python3.10/dist-packages:${PYTHONPATH} /usr/bin/python3 -W ignore:setup.py install is deprecated -W ignore:easy_install command is deprecated setup.py develop --editable --build-directory /home/imml/git/research_2025/apple-harvest-eva/build/harvest_vision/build --no-deps symlink_data
[2.005s] INFO:colcon.colcon_core.shell:Creating environment descriptor '/home/imml/git/research_2025/apple-harvest-eva/build/harvest_vision/share/harvest_vision/hook/pythonpath_develop.dsv'
[2.005s] INFO:colcon.colcon_core.shell:Creating environment hook '/home/imml/git/research_2025/apple-harvest-eva/build/harvest_vision/share/harvest_vision/hook/pythonpath_develop.sh'
[2.006s] Level 1:colcon.colcon_core.environment:checking '/home/imml/git/research_2025/apple-harvest-eva/install/harvest_vision' for CMake module files
[2.006s] Level 1:colcon.colcon_core.environment:checking '/home/imml/git/research_2025/apple-harvest-eva/install/harvest_vision' for CMake config files
[2.007s] Level 1:colcon.colcon_core.environment:checking '/home/imml/git/research_2025/apple-harvest-eva/install/harvest_vision/lib'
[2.007s] Level 1:colcon.colcon_core.environment:checking '/home/imml/git/research_2025/apple-harvest-eva/install/harvest_vision/bin'
[2.007s] Level 1:colcon.colcon_core.environment:checking '/home/imml/git/research_2025/apple-harvest-eva/install/harvest_vision/lib/pkgconfig/harvest_vision.pc'
[2.007s] Level 1:colcon.colcon_core.environment:checking '/home/imml/git/research_2025/apple-harvest-eva/install/harvest_vision/lib/python3.10/site-packages'
[2.007s] Level 1:colcon.colcon_core.shell:create_environment_hook('harvest_vision', 'pythonpath')
[2.008s] INFO:colcon.colcon_core.shell:Creating environment hook '/home/imml/git/research_2025/apple-harvest-eva/install/harvest_vision/share/harvest_vision/hook/pythonpath.ps1'
[2.008s] INFO:colcon.colcon_core.shell:Creating environment descriptor '/home/imml/git/research_2025/apple-harvest-eva/install/harvest_vision/share/harvest_vision/hook/pythonpath.dsv'
[2.008s] INFO:colcon.colcon_core.shell:Creating environment hook '/home/imml/git/research_2025/apple-harvest-eva/install/harvest_vision/share/harvest_vision/hook/pythonpath.sh'
[2.009s] Level 1:colcon.colcon_core.environment:checking '/home/imml/git/research_2025/apple-harvest-eva/install/harvest_vision/bin'
[2.009s] Level 1:colcon.colcon_core.environment:create_environment_scripts_only(harvest_vision)
[2.009s] INFO:colcon.colcon_core.shell:Creating package script '/home/imml/git/research_2025/apple-harvest-eva/install/harvest_vision/share/harvest_vision/package.ps1'
[2.009s] INFO:colcon.colcon_core.shell:Creating package descriptor '/home/imml/git/research_2025/apple-harvest-eva/install/harvest_vision/share/harvest_vision/package.dsv'
[2.010s] INFO:colcon.colcon_core.shell:Creating package script '/home/imml/git/research_2025/apple-harvest-eva/install/harvest_vision/share/harvest_vision/package.sh'
[2.010s] INFO:colcon.colcon_core.shell:Creating package script '/home/imml/git/research_2025/apple-harvest-eva/install/harvest_vision/share/harvest_vision/package.bash'
[2.010s] INFO:colcon.colcon_core.shell:Creating package script '/home/imml/git/research_2025/apple-harvest-eva/install/harvest_vision/share/harvest_vision/package.zsh'
[2.011s] Level 1:colcon.colcon_core.environment:create_file_with_runtime_dependencies(/home/imml/git/research_2025/apple-harvest-eva/install/harvest_vision/share/colcon-core/packages/harvest_vision)
[2.011s] DEBUG:colcon.colcon_parallel_executor.executor.parallel:closing loop
[2.011s] DEBUG:colcon.colcon_parallel_executor.executor.parallel:loop closed
[2.011s] DEBUG:colcon.colcon_parallel_executor.executor.parallel:run_until_complete finished with '0'
[2.011s] DEBUG:colcon.colcon_core.event_reactor:joining thread
[2.016s] INFO:colcon.colcon_core.plugin_system:Skipping extension 'colcon_notification.desktop_notification.terminal_notifier': Not used on non-Darwin systems
[2.016s] INFO:colcon.colcon_core.plugin_system:Skipping extension 'colcon_notification.desktop_notification.win32': Not used on non-Windows systems
[2.016s] INFO:colcon.colcon_notification.desktop_notification:Sending desktop notification using 'notify2'
[2.032s] DEBUG:colcon.colcon_core.event_reactor:joined thread
[2.032s] INFO:colcon.colcon_core.shell:Creating prefix script '/home/imml/git/research_2025/apple-harvest-eva/install/local_setup.ps1'
[2.033s] INFO:colcon.colcon_core.shell:Creating prefix util module '/home/imml/git/research_2025/apple-harvest-eva/install/_local_setup_util_ps1.py'
[2.034s] INFO:colcon.colcon_core.shell:Creating prefix chain script '/home/imml/git/research_2025/apple-harvest-eva/install/setup.ps1'
[2.035s] INFO:colcon.colcon_core.shell:Creating prefix script '/home/imml/git/research_2025/apple-harvest-eva/install/local_setup.sh'
[2.035s] INFO:colcon.colcon_core.shell:Creating prefix util module '/home/imml/git/research_2025/apple-harvest-eva/install/_local_setup_util_sh.py'
[2.036s] INFO:colcon.colcon_core.shell:Creating prefix chain script '/home/imml/git/research_2025/apple-harvest-eva/install/setup.sh'
[2.036s] INFO:colcon.colcon_core.shell:Creating prefix script '/home/imml/git/research_2025/apple-harvest-eva/install/local_setup.bash'
[2.037s] INFO:colcon.colcon_core.shell:Creating prefix chain script '/home/imml/git/research_2025/apple-harvest-eva/install/setup.bash'
[2.038s] INFO:colcon.colcon_core.shell:Creating prefix script '/home/imml/git/research_2025/apple-harvest-eva/install/local_setup.zsh'
[2.038s] INFO:colcon.colcon_core.shell:Creating prefix chain script '/home/imml/git/research_2025/apple-harvest-eva/install/setup.zsh'
