[0.080s] DEBUG:colcon:Command line arguments: ['/usr/bin/colcon', 'build', '--symlink-install']
[0.081s] DEBUG:colcon:Parsed command line arguments: Namespace(log_base=None, log_level=None, verb_name='build', build_base='build', install_base='install', merge_install=False, symlink_install=True, test_result_base=None, continue_on_error=False, executor='parallel', parallel_workers=16, event_handlers=None, ignore_user_meta=False, metas=['./colcon.meta'], base_paths=['.'], packages_ignore=None, packages_ignore_regex=None, paths=None, packages_up_to=None, packages_up_to_regex=None, packages_above=None, packages_above_and_dependencies=None, packages_above_depth=None, packages_select_by_dep=None, packages_skip_by_dep=None, packages_skip_up_to=None, packages_select_build_failed=False, packages_skip_build_finished=False, packages_select_test_failures=False, packages_skip_test_passed=False, packages_select=None, packages_skip=None, packages_select_regex=None, packages_skip_regex=None, packages_start=None, packages_end=None, allow_overriding=[], cmake_args=None, cmake_target=None, cmake_target_skip_unavailable=False, cmake_clean_cache=False, cmake_clean_first=False, cmake_force_configure=False, ament_cmake_args=None, catkin_cmake_args=None, catkin_skip_building_tests=False, mixin_files=None, mixin=None, verb_parser=<colcon_mixin.mixin.mixin_argument.MixinArgumentDecorator object at 0x7f89ee49d420>, verb_extension=<colcon_core.verb.build.BuildVerb object at 0x7f89ee49cdc0>, main=<bound method BuildVerb.main of <colcon_core.verb.build.BuildVerb object at 0x7f89ee49cdc0>>, mixin_verb=('build',))
[0.222s] Level 1:colcon.colcon_core.package_discovery:discover_packages(colcon_meta) check parameters
[0.222s] Level 1:colcon.colcon_core.package_discovery:discover_packages(recursive) check parameters
[0.222s] Level 1:colcon.colcon_core.package_discovery:discover_packages(ignore) check parameters
[0.222s] Level 1:colcon.colcon_core.package_discovery:discover_packages(path) check parameters
[0.222s] Level 1:colcon.colcon_core.package_discovery:discover_packages(colcon_meta) discover
[0.222s] Level 1:colcon.colcon_core.package_discovery:discover_packages(recursive) discover
[0.222s] INFO:colcon.colcon_core.package_discovery:Crawling recursively for packages in '/home/imml/git/research_2025/apple-harvest-refactor'
[0.222s] Level 1:colcon.colcon_core.package_identification:_identify(.) by extensions ['ignore', 'ignore_ament_install']
[0.222s] Level 1:colcon.colcon_core.package_identification:_identify(.) by extension 'ignore'
[0.222s] Level 1:colcon.colcon_core.package_identification:_identify(.) by extension 'ignore_ament_install'
[0.222s] Level 1:colcon.colcon_core.package_identification:_identify(.) by extensions ['colcon_pkg']
[0.222s] Level 1:colcon.colcon_core.package_identification:_identify(.) by extension 'colcon_pkg'
[0.222s] Level 1:colcon.colcon_core.package_identification:_identify(.) by extensions ['colcon_meta']
[0.222s] Level 1:colcon.colcon_core.package_identification:_identify(.) by extension 'colcon_meta'
[0.222s] Level 1:colcon.colcon_core.package_identification:_identify(.) by extensions ['ros']
[0.222s] Level 1:colcon.colcon_core.package_identification:_identify(.) by extension 'ros'
[0.245s] Level 1:colcon.colcon_core.package_identification:_identify(.) by extensions ['cmake', 'python']
[0.245s] Level 1:colcon.colcon_core.package_identification:_identify(.) by extension 'cmake'
[0.245s] Level 1:colcon.colcon_core.package_identification:_identify(.) by extension 'python'
[0.245s] Level 1:colcon.colcon_core.package_identification:_identify(.) by extensions ['python_setup_py']
[0.245s] Level 1:colcon.colcon_core.package_identification:_identify(.) by extension 'python_setup_py'
[0.245s] Level 1:colcon.colcon_core.package_identification:_identify(build) by extensions ['ignore', 'ignore_ament_install']
[0.245s] Level 1:colcon.colcon_core.package_identification:_identify(build) by extension 'ignore'
[0.245s] Level 1:colcon.colcon_core.package_identification:_identify(build) ignored
[0.245s] Level 1:colcon.colcon_core.package_identification:_identify(harvest) by extensions ['ignore', 'ignore_ament_install']
[0.245s] Level 1:colcon.colcon_core.package_identification:_identify(harvest) by extension 'ignore'
[0.245s] Level 1:colcon.colcon_core.package_identification:_identify(harvest) by extension 'ignore_ament_install'
[0.245s] Level 1:colcon.colcon_core.package_identification:_identify(harvest) by extensions ['colcon_pkg']
[0.245s] Level 1:colcon.colcon_core.package_identification:_identify(harvest) by extension 'colcon_pkg'
[0.245s] Level 1:colcon.colcon_core.package_identification:_identify(harvest) by extensions ['colcon_meta']
[0.245s] Level 1:colcon.colcon_core.package_identification:_identify(harvest) by extension 'colcon_meta'
[0.245s] Level 1:colcon.colcon_core.package_identification:_identify(harvest) by extensions ['ros']
[0.245s] Level 1:colcon.colcon_core.package_identification:_identify(harvest) by extension 'ros'
[0.247s] DEBUG:colcon.colcon_core.package_identification:Package 'harvest' with type 'ros.ament_cmake' and name 'harvest'
[0.247s] Level 1:colcon.colcon_core.package_identification:_identify(harvest_control) by extensions ['ignore', 'ignore_ament_install']
[0.247s] Level 1:colcon.colcon_core.package_identification:_identify(harvest_control) by extension 'ignore'
[0.247s] Level 1:colcon.colcon_core.package_identification:_identify(harvest_control) by extension 'ignore_ament_install'
[0.248s] Level 1:colcon.colcon_core.package_identification:_identify(harvest_control) by extensions ['colcon_pkg']
[0.248s] Level 1:colcon.colcon_core.package_identification:_identify(harvest_control) by extension 'colcon_pkg'
[0.248s] Level 1:colcon.colcon_core.package_identification:_identify(harvest_control) by extensions ['colcon_meta']
[0.248s] Level 1:colcon.colcon_core.package_identification:_identify(harvest_control) by extension 'colcon_meta'
[0.248s] Level 1:colcon.colcon_core.package_identification:_identify(harvest_control) by extensions ['ros']
[0.248s] Level 1:colcon.colcon_core.package_identification:_identify(harvest_control) by extension 'ros'
[0.248s] DEBUG:colcon.colcon_core.package_identification:Package 'harvest_control' with type 'ros.ament_cmake' and name 'harvest_control'
[0.249s] Level 1:colcon.colcon_core.package_identification:_identify(harvest_hardware) by extensions ['ignore', 'ignore_ament_install']
[0.249s] Level 1:colcon.colcon_core.package_identification:_identify(harvest_hardware) by extension 'ignore'
[0.249s] Level 1:colcon.colcon_core.package_identification:_identify(harvest_hardware) by extension 'ignore_ament_install'
[0.249s] Level 1:colcon.colcon_core.package_identification:_identify(harvest_hardware) by extensions ['colcon_pkg']
[0.249s] Level 1:colcon.colcon_core.package_identification:_identify(harvest_hardware) by extension 'colcon_pkg'
[0.249s] Level 1:colcon.colcon_core.package_identification:_identify(harvest_hardware) by extensions ['colcon_meta']
[0.249s] Level 1:colcon.colcon_core.package_identification:_identify(harvest_hardware) by extension 'colcon_meta'
[0.249s] Level 1:colcon.colcon_core.package_identification:_identify(harvest_hardware) by extensions ['ros']
[0.249s] Level 1:colcon.colcon_core.package_identification:_identify(harvest_hardware) by extension 'ros'
[0.249s] Level 1:colcon.colcon_core.package_identification:_identify(harvest_hardware) by extensions ['cmake', 'python']
[0.249s] Level 1:colcon.colcon_core.package_identification:_identify(harvest_hardware) by extension 'cmake'
[0.249s] Level 1:colcon.colcon_core.package_identification:_identify(harvest_hardware) by extension 'python'
[0.249s] Level 1:colcon.colcon_core.package_identification:_identify(harvest_hardware) by extensions ['python_setup_py']
[0.249s] Level 1:colcon.colcon_core.package_identification:_identify(harvest_hardware) by extension 'python_setup_py'
[0.249s] Level 1:colcon.colcon_core.package_identification:_identify(harvest_hardware/Universal_Robots_ROS2_Description) by extensions ['ignore', 'ignore_ament_install']
[0.249s] Level 1:colcon.colcon_core.package_identification:_identify(harvest_hardware/Universal_Robots_ROS2_Description) by extension 'ignore'
[0.249s] Level 1:colcon.colcon_core.package_identification:_identify(harvest_hardware/Universal_Robots_ROS2_Description) by extension 'ignore_ament_install'
[0.249s] Level 1:colcon.colcon_core.package_identification:_identify(harvest_hardware/Universal_Robots_ROS2_Description) by extensions ['colcon_pkg']
[0.249s] Level 1:colcon.colcon_core.package_identification:_identify(harvest_hardware/Universal_Robots_ROS2_Description) by extension 'colcon_pkg'
[0.249s] Level 1:colcon.colcon_core.package_identification:_identify(harvest_hardware/Universal_Robots_ROS2_Description) by extensions ['colcon_meta']
[0.249s] Level 1:colcon.colcon_core.package_identification:_identify(harvest_hardware/Universal_Robots_ROS2_Description) by extension 'colcon_meta'
[0.249s] Level 1:colcon.colcon_core.package_identification:_identify(harvest_hardware/Universal_Robots_ROS2_Description) by extensions ['ros']
[0.249s] Level 1:colcon.colcon_core.package_identification:_identify(harvest_hardware/Universal_Robots_ROS2_Description) by extension 'ros'
[0.250s] DEBUG:colcon.colcon_core.package_identification:Package 'harvest_hardware/Universal_Robots_ROS2_Description' with type 'ros.ament_cmake' and name 'ur_description'
[0.250s] Level 1:colcon.colcon_core.package_identification:_identify(harvest_hardware/Universal_Robots_ROS2_Driver) by extensions ['ignore', 'ignore_ament_install']
[0.250s] Level 1:colcon.colcon_core.package_identification:_identify(harvest_hardware/Universal_Robots_ROS2_Driver) by extension 'ignore'
[0.250s] Level 1:colcon.colcon_core.package_identification:_identify(harvest_hardware/Universal_Robots_ROS2_Driver) by extension 'ignore_ament_install'
[0.250s] Level 1:colcon.colcon_core.package_identification:_identify(harvest_hardware/Universal_Robots_ROS2_Driver) by extensions ['colcon_pkg']
[0.250s] Level 1:colcon.colcon_core.package_identification:_identify(harvest_hardware/Universal_Robots_ROS2_Driver) by extension 'colcon_pkg'
[0.250s] Level 1:colcon.colcon_core.package_identification:_identify(harvest_hardware/Universal_Robots_ROS2_Driver) by extensions ['colcon_meta']
[0.251s] Level 1:colcon.colcon_core.package_identification:_identify(harvest_hardware/Universal_Robots_ROS2_Driver) by extension 'colcon_meta'
[0.251s] Level 1:colcon.colcon_core.package_identification:_identify(harvest_hardware/Universal_Robots_ROS2_Driver) by extensions ['ros']
[0.251s] Level 1:colcon.colcon_core.package_identification:_identify(harvest_hardware/Universal_Robots_ROS2_Driver) by extension 'ros'
[0.251s] Level 1:colcon.colcon_core.package_identification:_identify(harvest_hardware/Universal_Robots_ROS2_Driver) by extensions ['cmake', 'python']
[0.251s] Level 1:colcon.colcon_core.package_identification:_identify(harvest_hardware/Universal_Robots_ROS2_Driver) by extension 'cmake'
[0.251s] Level 1:colcon.colcon_core.package_identification:_identify(harvest_hardware/Universal_Robots_ROS2_Driver) by extension 'python'
[0.251s] Level 1:colcon.colcon_core.package_identification:_identify(harvest_hardware/Universal_Robots_ROS2_Driver) by extensions ['python_setup_py']
[0.251s] Level 1:colcon.colcon_core.package_identification:_identify(harvest_hardware/Universal_Robots_ROS2_Driver) by extension 'python_setup_py'
[0.251s] Level 1:colcon.colcon_core.package_identification:_identify(harvest_hardware/Universal_Robots_ROS2_Driver/ur) by extensions ['ignore', 'ignore_ament_install']
[0.251s] Level 1:colcon.colcon_core.package_identification:_identify(harvest_hardware/Universal_Robots_ROS2_Driver/ur) by extension 'ignore'
[0.251s] Level 1:colcon.colcon_core.package_identification:_identify(harvest_hardware/Universal_Robots_ROS2_Driver/ur) by extension 'ignore_ament_install'
[0.251s] Level 1:colcon.colcon_core.package_identification:_identify(harvest_hardware/Universal_Robots_ROS2_Driver/ur) by extensions ['colcon_pkg']
[0.251s] Level 1:colcon.colcon_core.package_identification:_identify(harvest_hardware/Universal_Robots_ROS2_Driver/ur) by extension 'colcon_pkg'
[0.251s] Level 1:colcon.colcon_core.package_identification:_identify(harvest_hardware/Universal_Robots_ROS2_Driver/ur) by extensions ['colcon_meta']
[0.251s] Level 1:colcon.colcon_core.package_identification:_identify(harvest_hardware/Universal_Robots_ROS2_Driver/ur) by extension 'colcon_meta'
[0.251s] Level 1:colcon.colcon_core.package_identification:_identify(harvest_hardware/Universal_Robots_ROS2_Driver/ur) by extensions ['ros']
[0.251s] Level 1:colcon.colcon_core.package_identification:_identify(harvest_hardware/Universal_Robots_ROS2_Driver/ur) by extension 'ros'
[0.251s] DEBUG:colcon.colcon_core.package_identification:Package 'harvest_hardware/Universal_Robots_ROS2_Driver/ur' with type 'ros.ament_cmake' and name 'ur'
[0.252s] Level 1:colcon.colcon_core.package_identification:_identify(harvest_hardware/Universal_Robots_ROS2_Driver/ur_bringup) by extensions ['ignore', 'ignore_ament_install']
[0.252s] Level 1:colcon.colcon_core.package_identification:_identify(harvest_hardware/Universal_Robots_ROS2_Driver/ur_bringup) by extension 'ignore'
[0.252s] Level 1:colcon.colcon_core.package_identification:_identify(harvest_hardware/Universal_Robots_ROS2_Driver/ur_bringup) by extension 'ignore_ament_install'
[0.252s] Level 1:colcon.colcon_core.package_identification:_identify(harvest_hardware/Universal_Robots_ROS2_Driver/ur_bringup) by extensions ['colcon_pkg']
[0.252s] Level 1:colcon.colcon_core.package_identification:_identify(harvest_hardware/Universal_Robots_ROS2_Driver/ur_bringup) by extension 'colcon_pkg'
[0.252s] Level 1:colcon.colcon_core.package_identification:_identify(harvest_hardware/Universal_Robots_ROS2_Driver/ur_bringup) by extensions ['colcon_meta']
[0.252s] Level 1:colcon.colcon_core.package_identification:_identify(harvest_hardware/Universal_Robots_ROS2_Driver/ur_bringup) by extension 'colcon_meta'
[0.252s] Level 1:colcon.colcon_core.package_identification:_identify(harvest_hardware/Universal_Robots_ROS2_Driver/ur_bringup) by extensions ['ros']
[0.252s] Level 1:colcon.colcon_core.package_identification:_identify(harvest_hardware/Universal_Robots_ROS2_Driver/ur_bringup) by extension 'ros'
[0.252s] DEBUG:colcon.colcon_core.package_identification:Package 'harvest_hardware/Universal_Robots_ROS2_Driver/ur_bringup' with type 'ros.ament_cmake' and name 'ur_bringup'
[0.252s] Level 1:colcon.colcon_core.package_identification:_identify(harvest_hardware/Universal_Robots_ROS2_Driver/ur_calibration) by extensions ['ignore', 'ignore_ament_install']
[0.252s] Level 1:colcon.colcon_core.package_identification:_identify(harvest_hardware/Universal_Robots_ROS2_Driver/ur_calibration) by extension 'ignore'
[0.252s] Level 1:colcon.colcon_core.package_identification:_identify(harvest_hardware/Universal_Robots_ROS2_Driver/ur_calibration) by extension 'ignore_ament_install'
[0.253s] Level 1:colcon.colcon_core.package_identification:_identify(harvest_hardware/Universal_Robots_ROS2_Driver/ur_calibration) by extensions ['colcon_pkg']
[0.253s] Level 1:colcon.colcon_core.package_identification:_identify(harvest_hardware/Universal_Robots_ROS2_Driver/ur_calibration) by extension 'colcon_pkg'
[0.253s] Level 1:colcon.colcon_core.package_identification:_identify(harvest_hardware/Universal_Robots_ROS2_Driver/ur_calibration) by extensions ['colcon_meta']
[0.253s] Level 1:colcon.colcon_core.package_identification:_identify(harvest_hardware/Universal_Robots_ROS2_Driver/ur_calibration) by extension 'colcon_meta'
[0.253s] Level 1:colcon.colcon_core.package_identification:_identify(harvest_hardware/Universal_Robots_ROS2_Driver/ur_calibration) by extensions ['ros']
[0.253s] Level 1:colcon.colcon_core.package_identification:_identify(harvest_hardware/Universal_Robots_ROS2_Driver/ur_calibration) by extension 'ros'
[0.253s] DEBUG:colcon.colcon_core.package_identification:Package 'harvest_hardware/Universal_Robots_ROS2_Driver/ur_calibration' with type 'ros.ament_cmake' and name 'ur_calibration'
[0.253s] Level 1:colcon.colcon_core.package_identification:_identify(harvest_hardware/Universal_Robots_ROS2_Driver/ur_controllers) by extensions ['ignore', 'ignore_ament_install']
[0.253s] Level 1:colcon.colcon_core.package_identification:_identify(harvest_hardware/Universal_Robots_ROS2_Driver/ur_controllers) by extension 'ignore'
[0.253s] Level 1:colcon.colcon_core.package_identification:_identify(harvest_hardware/Universal_Robots_ROS2_Driver/ur_controllers) by extension 'ignore_ament_install'
[0.253s] Level 1:colcon.colcon_core.package_identification:_identify(harvest_hardware/Universal_Robots_ROS2_Driver/ur_controllers) by extensions ['colcon_pkg']
[0.253s] Level 1:colcon.colcon_core.package_identification:_identify(harvest_hardware/Universal_Robots_ROS2_Driver/ur_controllers) by extension 'colcon_pkg'
[0.254s] Level 1:colcon.colcon_core.package_identification:_identify(harvest_hardware/Universal_Robots_ROS2_Driver/ur_controllers) by extensions ['colcon_meta']
[0.254s] Level 1:colcon.colcon_core.package_identification:_identify(harvest_hardware/Universal_Robots_ROS2_Driver/ur_controllers) by extension 'colcon_meta'
[0.254s] Level 1:colcon.colcon_core.package_identification:_identify(harvest_hardware/Universal_Robots_ROS2_Driver/ur_controllers) by extensions ['ros']
[0.254s] Level 1:colcon.colcon_core.package_identification:_identify(harvest_hardware/Universal_Robots_ROS2_Driver/ur_controllers) by extension 'ros'
[0.254s] DEBUG:colcon.colcon_core.package_identification:Package 'harvest_hardware/Universal_Robots_ROS2_Driver/ur_controllers' with type 'ros.ament_cmake' and name 'ur_controllers'
[0.255s] Level 1:colcon.colcon_core.package_identification:_identify(harvest_hardware/Universal_Robots_ROS2_Driver/ur_dashboard_msgs) by extensions ['ignore', 'ignore_ament_install']
[0.255s] Level 1:colcon.colcon_core.package_identification:_identify(harvest_hardware/Universal_Robots_ROS2_Driver/ur_dashboard_msgs) by extension 'ignore'
[0.255s] Level 1:colcon.colcon_core.package_identification:_identify(harvest_hardware/Universal_Robots_ROS2_Driver/ur_dashboard_msgs) by extension 'ignore_ament_install'
[0.255s] Level 1:colcon.colcon_core.package_identification:_identify(harvest_hardware/Universal_Robots_ROS2_Driver/ur_dashboard_msgs) by extensions ['colcon_pkg']
[0.255s] Level 1:colcon.colcon_core.package_identification:_identify(harvest_hardware/Universal_Robots_ROS2_Driver/ur_dashboard_msgs) by extension 'colcon_pkg'
[0.255s] Level 1:colcon.colcon_core.package_identification:_identify(harvest_hardware/Universal_Robots_ROS2_Driver/ur_dashboard_msgs) by extensions ['colcon_meta']
[0.255s] Level 1:colcon.colcon_core.package_identification:_identify(harvest_hardware/Universal_Robots_ROS2_Driver/ur_dashboard_msgs) by extension 'colcon_meta'
[0.255s] Level 1:colcon.colcon_core.package_identification:_identify(harvest_hardware/Universal_Robots_ROS2_Driver/ur_dashboard_msgs) by extensions ['ros']
[0.255s] Level 1:colcon.colcon_core.package_identification:_identify(harvest_hardware/Universal_Robots_ROS2_Driver/ur_dashboard_msgs) by extension 'ros'
[0.255s] DEBUG:colcon.colcon_core.package_identification:Package 'harvest_hardware/Universal_Robots_ROS2_Driver/ur_dashboard_msgs' with type 'ros.ament_cmake' and name 'ur_dashboard_msgs'
[0.255s] Level 1:colcon.colcon_core.package_identification:_identify(harvest_hardware/Universal_Robots_ROS2_Driver/ur_moveit_config) by extensions ['ignore', 'ignore_ament_install']
[0.255s] Level 1:colcon.colcon_core.package_identification:_identify(harvest_hardware/Universal_Robots_ROS2_Driver/ur_moveit_config) by extension 'ignore'
[0.255s] Level 1:colcon.colcon_core.package_identification:_identify(harvest_hardware/Universal_Robots_ROS2_Driver/ur_moveit_config) by extension 'ignore_ament_install'
[0.255s] Level 1:colcon.colcon_core.package_identification:_identify(harvest_hardware/Universal_Robots_ROS2_Driver/ur_moveit_config) by extensions ['colcon_pkg']
[0.255s] Level 1:colcon.colcon_core.package_identification:_identify(harvest_hardware/Universal_Robots_ROS2_Driver/ur_moveit_config) by extension 'colcon_pkg'
[0.255s] Level 1:colcon.colcon_core.package_identification:_identify(harvest_hardware/Universal_Robots_ROS2_Driver/ur_moveit_config) by extensions ['colcon_meta']
[0.255s] Level 1:colcon.colcon_core.package_identification:_identify(harvest_hardware/Universal_Robots_ROS2_Driver/ur_moveit_config) by extension 'colcon_meta'
[0.256s] Level 1:colcon.colcon_core.package_identification:_identify(harvest_hardware/Universal_Robots_ROS2_Driver/ur_moveit_config) by extensions ['ros']
[0.256s] Level 1:colcon.colcon_core.package_identification:_identify(harvest_hardware/Universal_Robots_ROS2_Driver/ur_moveit_config) by extension 'ros'
[0.256s] DEBUG:colcon.colcon_core.package_identification:Package 'harvest_hardware/Universal_Robots_ROS2_Driver/ur_moveit_config' with type 'ros.ament_cmake' and name 'ur_moveit_config'
[0.256s] Level 1:colcon.colcon_core.package_identification:_identify(harvest_hardware/Universal_Robots_ROS2_Driver/ur_robot_driver) by extensions ['ignore', 'ignore_ament_install']
[0.256s] Level 1:colcon.colcon_core.package_identification:_identify(harvest_hardware/Universal_Robots_ROS2_Driver/ur_robot_driver) by extension 'ignore'
[0.256s] Level 1:colcon.colcon_core.package_identification:_identify(harvest_hardware/Universal_Robots_ROS2_Driver/ur_robot_driver) by extension 'ignore_ament_install'
[0.256s] Level 1:colcon.colcon_core.package_identification:_identify(harvest_hardware/Universal_Robots_ROS2_Driver/ur_robot_driver) by extensions ['colcon_pkg']
[0.256s] Level 1:colcon.colcon_core.package_identification:_identify(harvest_hardware/Universal_Robots_ROS2_Driver/ur_robot_driver) by extension 'colcon_pkg'
[0.256s] Level 1:colcon.colcon_core.package_identification:_identify(harvest_hardware/Universal_Robots_ROS2_Driver/ur_robot_driver) by extensions ['colcon_meta']
[0.256s] Level 1:colcon.colcon_core.package_identification:_identify(harvest_hardware/Universal_Robots_ROS2_Driver/ur_robot_driver) by extension 'colcon_meta'
[0.256s] Level 1:colcon.colcon_core.package_identification:_identify(harvest_hardware/Universal_Robots_ROS2_Driver/ur_robot_driver) by extensions ['ros']
[0.256s] Level 1:colcon.colcon_core.package_identification:_identify(harvest_hardware/Universal_Robots_ROS2_Driver/ur_robot_driver) by extension 'ros'
[0.258s] DEBUG:colcon.colcon_core.package_identification:Package 'harvest_hardware/Universal_Robots_ROS2_Driver/ur_robot_driver' with type 'ros.ament_cmake' and name 'ur_robot_driver'
[0.258s] Level 1:colcon.colcon_core.package_identification:_identify(harvest_hardware/realsense-ros) by extensions ['ignore', 'ignore_ament_install']
[0.258s] Level 1:colcon.colcon_core.package_identification:_identify(harvest_hardware/realsense-ros) by extension 'ignore'
[0.258s] Level 1:colcon.colcon_core.package_identification:_identify(harvest_hardware/realsense-ros) by extension 'ignore_ament_install'
[0.258s] Level 1:colcon.colcon_core.package_identification:_identify(harvest_hardware/realsense-ros) by extensions ['colcon_pkg']
[0.258s] Level 1:colcon.colcon_core.package_identification:_identify(harvest_hardware/realsense-ros) by extension 'colcon_pkg'
[0.258s] Level 1:colcon.colcon_core.package_identification:_identify(harvest_hardware/realsense-ros) by extensions ['colcon_meta']
[0.258s] Level 1:colcon.colcon_core.package_identification:_identify(harvest_hardware/realsense-ros) by extension 'colcon_meta'
[0.258s] Level 1:colcon.colcon_core.package_identification:_identify(harvest_hardware/realsense-ros) by extensions ['ros']
[0.258s] Level 1:colcon.colcon_core.package_identification:_identify(harvest_hardware/realsense-ros) by extension 'ros'
[0.258s] Level 1:colcon.colcon_core.package_identification:_identify(harvest_hardware/realsense-ros) by extensions ['cmake', 'python']
[0.258s] Level 1:colcon.colcon_core.package_identification:_identify(harvest_hardware/realsense-ros) by extension 'cmake'
[0.258s] Level 1:colcon.colcon_core.package_identification:_identify(harvest_hardware/realsense-ros) by extension 'python'
[0.258s] Level 1:colcon.colcon_core.package_identification:_identify(harvest_hardware/realsense-ros) by extensions ['python_setup_py']
[0.258s] Level 1:colcon.colcon_core.package_identification:_identify(harvest_hardware/realsense-ros) by extension 'python_setup_py'
[0.258s] Level 1:colcon.colcon_core.package_identification:_identify(harvest_hardware/realsense-ros/realsense2_camera) by extensions ['ignore', 'ignore_ament_install']
[0.258s] Level 1:colcon.colcon_core.package_identification:_identify(harvest_hardware/realsense-ros/realsense2_camera) by extension 'ignore'
[0.258s] Level 1:colcon.colcon_core.package_identification:_identify(harvest_hardware/realsense-ros/realsense2_camera) by extension 'ignore_ament_install'
[0.258s] Level 1:colcon.colcon_core.package_identification:_identify(harvest_hardware/realsense-ros/realsense2_camera) by extensions ['colcon_pkg']
[0.259s] Level 1:colcon.colcon_core.package_identification:_identify(harvest_hardware/realsense-ros/realsense2_camera) by extension 'colcon_pkg'
[0.259s] Level 1:colcon.colcon_core.package_identification:_identify(harvest_hardware/realsense-ros/realsense2_camera) by extensions ['colcon_meta']
[0.259s] Level 1:colcon.colcon_core.package_identification:_identify(harvest_hardware/realsense-ros/realsense2_camera) by extension 'colcon_meta'
[0.259s] Level 1:colcon.colcon_core.package_identification:_identify(harvest_hardware/realsense-ros/realsense2_camera) by extensions ['ros']
[0.259s] Level 1:colcon.colcon_core.package_identification:_identify(harvest_hardware/realsense-ros/realsense2_camera) by extension 'ros'
[0.263s] DEBUG:colcon.colcon_core.package_identification:Package 'harvest_hardware/realsense-ros/realsense2_camera' with type 'ros.ament_cmake' and name 'realsense2_camera'
[0.263s] Level 1:colcon.colcon_core.package_identification:_identify(harvest_hardware/realsense-ros/realsense2_camera_msgs) by extensions ['ignore', 'ignore_ament_install']
[0.263s] Level 1:colcon.colcon_core.package_identification:_identify(harvest_hardware/realsense-ros/realsense2_camera_msgs) by extension 'ignore'
[0.263s] Level 1:colcon.colcon_core.package_identification:_identify(harvest_hardware/realsense-ros/realsense2_camera_msgs) by extension 'ignore_ament_install'
[0.263s] Level 1:colcon.colcon_core.package_identification:_identify(harvest_hardware/realsense-ros/realsense2_camera_msgs) by extensions ['colcon_pkg']
[0.263s] Level 1:colcon.colcon_core.package_identification:_identify(harvest_hardware/realsense-ros/realsense2_camera_msgs) by extension 'colcon_pkg'
[0.263s] Level 1:colcon.colcon_core.package_identification:_identify(harvest_hardware/realsense-ros/realsense2_camera_msgs) by extensions ['colcon_meta']
[0.263s] Level 1:colcon.colcon_core.package_identification:_identify(harvest_hardware/realsense-ros/realsense2_camera_msgs) by extension 'colcon_meta'
[0.263s] Level 1:colcon.colcon_core.package_identification:_identify(harvest_hardware/realsense-ros/realsense2_camera_msgs) by extensions ['ros']
[0.263s] Level 1:colcon.colcon_core.package_identification:_identify(harvest_hardware/realsense-ros/realsense2_camera_msgs) by extension 'ros'
[0.264s] DEBUG:colcon.colcon_core.package_identification:Package 'harvest_hardware/realsense-ros/realsense2_camera_msgs' with type 'ros.ament_cmake' and name 'realsense2_camera_msgs'
[0.264s] Level 1:colcon.colcon_core.package_identification:_identify(harvest_hardware/realsense-ros/realsense2_description) by extensions ['ignore', 'ignore_ament_install']
[0.264s] Level 1:colcon.colcon_core.package_identification:_identify(harvest_hardware/realsense-ros/realsense2_description) by extension 'ignore'
[0.264s] Level 1:colcon.colcon_core.package_identification:_identify(harvest_hardware/realsense-ros/realsense2_description) by extension 'ignore_ament_install'
[0.264s] Level 1:colcon.colcon_core.package_identification:_identify(harvest_hardware/realsense-ros/realsense2_description) by extensions ['colcon_pkg']
[0.264s] Level 1:colcon.colcon_core.package_identification:_identify(harvest_hardware/realsense-ros/realsense2_description) by extension 'colcon_pkg'
[0.264s] Level 1:colcon.colcon_core.package_identification:_identify(harvest_hardware/realsense-ros/realsense2_description) by extensions ['colcon_meta']
[0.264s] Level 1:colcon.colcon_core.package_identification:_identify(harvest_hardware/realsense-ros/realsense2_description) by extension 'colcon_meta'
[0.264s] Level 1:colcon.colcon_core.package_identification:_identify(harvest_hardware/realsense-ros/realsense2_description) by extensions ['ros']
[0.264s] Level 1:colcon.colcon_core.package_identification:_identify(harvest_hardware/realsense-ros/realsense2_description) by extension 'ros'
[0.265s] DEBUG:colcon.colcon_core.package_identification:Package 'harvest_hardware/realsense-ros/realsense2_description' with type 'ros.ament_cmake' and name 'realsense2_description'
[0.265s] Level 1:colcon.colcon_core.package_identification:_identify(harvest_hardware/realsense-ros/scripts) by extensions ['ignore', 'ignore_ament_install']
[0.265s] Level 1:colcon.colcon_core.package_identification:_identify(harvest_hardware/realsense-ros/scripts) by extension 'ignore'
[0.265s] Level 1:colcon.colcon_core.package_identification:_identify(harvest_hardware/realsense-ros/scripts) by extension 'ignore_ament_install'
[0.265s] Level 1:colcon.colcon_core.package_identification:_identify(harvest_hardware/realsense-ros/scripts) by extensions ['colcon_pkg']
[0.265s] Level 1:colcon.colcon_core.package_identification:_identify(harvest_hardware/realsense-ros/scripts) by extension 'colcon_pkg'
[0.265s] Level 1:colcon.colcon_core.package_identification:_identify(harvest_hardware/realsense-ros/scripts) by extensions ['colcon_meta']
[0.265s] Level 1:colcon.colcon_core.package_identification:_identify(harvest_hardware/realsense-ros/scripts) by extension 'colcon_meta'
[0.265s] Level 1:colcon.colcon_core.package_identification:_identify(harvest_hardware/realsense-ros/scripts) by extensions ['ros']
[0.265s] Level 1:colcon.colcon_core.package_identification:_identify(harvest_hardware/realsense-ros/scripts) by extension 'ros'
[0.265s] Level 1:colcon.colcon_core.package_identification:_identify(harvest_hardware/realsense-ros/scripts) by extensions ['cmake', 'python']
[0.265s] Level 1:colcon.colcon_core.package_identification:_identify(harvest_hardware/realsense-ros/scripts) by extension 'cmake'
[0.265s] Level 1:colcon.colcon_core.package_identification:_identify(harvest_hardware/realsense-ros/scripts) by extension 'python'
[0.265s] Level 1:colcon.colcon_core.package_identification:_identify(harvest_hardware/realsense-ros/scripts) by extensions ['python_setup_py']
[0.265s] Level 1:colcon.colcon_core.package_identification:_identify(harvest_hardware/realsense-ros/scripts) by extension 'python_setup_py'
[0.265s] Level 1:colcon.colcon_core.package_identification:_identify(harvest_hardware/ur5e_custom_hardware) by extensions ['ignore', 'ignore_ament_install']
[0.265s] Level 1:colcon.colcon_core.package_identification:_identify(harvest_hardware/ur5e_custom_hardware) by extension 'ignore'
[0.265s] Level 1:colcon.colcon_core.package_identification:_identify(harvest_hardware/ur5e_custom_hardware) by extension 'ignore_ament_install'
[0.265s] Level 1:colcon.colcon_core.package_identification:_identify(harvest_hardware/ur5e_custom_hardware) by extensions ['colcon_pkg']
[0.265s] Level 1:colcon.colcon_core.package_identification:_identify(harvest_hardware/ur5e_custom_hardware) by extension 'colcon_pkg'
[0.265s] Level 1:colcon.colcon_core.package_identification:_identify(harvest_hardware/ur5e_custom_hardware) by extensions ['colcon_meta']
[0.265s] Level 1:colcon.colcon_core.package_identification:_identify(harvest_hardware/ur5e_custom_hardware) by extension 'colcon_meta'
[0.265s] Level 1:colcon.colcon_core.package_identification:_identify(harvest_hardware/ur5e_custom_hardware) by extensions ['ros']
[0.265s] Level 1:colcon.colcon_core.package_identification:_identify(harvest_hardware/ur5e_custom_hardware) by extension 'ros'
[0.266s] DEBUG:colcon.colcon_core.package_identification:Package 'harvest_hardware/ur5e_custom_hardware' with type 'ros.ament_python' and name 'ur5e_custom_hardware'
[0.266s] Level 1:colcon.colcon_core.package_identification:_identify(harvest_interfaces) by extensions ['ignore', 'ignore_ament_install']
[0.266s] Level 1:colcon.colcon_core.package_identification:_identify(harvest_interfaces) by extension 'ignore'
[0.266s] Level 1:colcon.colcon_core.package_identification:_identify(harvest_interfaces) by extension 'ignore_ament_install'
[0.266s] Level 1:colcon.colcon_core.package_identification:_identify(harvest_interfaces) by extensions ['colcon_pkg']
[0.266s] Level 1:colcon.colcon_core.package_identification:_identify(harvest_interfaces) by extension 'colcon_pkg'
[0.266s] Level 1:colcon.colcon_core.package_identification:_identify(harvest_interfaces) by extensions ['colcon_meta']
[0.266s] Level 1:colcon.colcon_core.package_identification:_identify(harvest_interfaces) by extension 'colcon_meta'
[0.266s] Level 1:colcon.colcon_core.package_identification:_identify(harvest_interfaces) by extensions ['ros']
[0.266s] Level 1:colcon.colcon_core.package_identification:_identify(harvest_interfaces) by extension 'ros'
[0.267s] DEBUG:colcon.colcon_core.package_identification:Package 'harvest_interfaces' with type 'ros.ament_cmake' and name 'harvest_interfaces'
[0.267s] Level 1:colcon.colcon_core.package_identification:_identify(harvest_vision) by extensions ['ignore', 'ignore_ament_install']
[0.267s] Level 1:colcon.colcon_core.package_identification:_identify(harvest_vision) by extension 'ignore'
[0.267s] Level 1:colcon.colcon_core.package_identification:_identify(harvest_vision) by extension 'ignore_ament_install'
[0.267s] Level 1:colcon.colcon_core.package_identification:_identify(harvest_vision) by extensions ['colcon_pkg']
[0.267s] Level 1:colcon.colcon_core.package_identification:_identify(harvest_vision) by extension 'colcon_pkg'
[0.267s] Level 1:colcon.colcon_core.package_identification:_identify(harvest_vision) by extensions ['colcon_meta']
[0.267s] Level 1:colcon.colcon_core.package_identification:_identify(harvest_vision) by extension 'colcon_meta'
[0.267s] Level 1:colcon.colcon_core.package_identification:_identify(harvest_vision) by extensions ['ros']
[0.267s] Level 1:colcon.colcon_core.package_identification:_identify(harvest_vision) by extension 'ros'
[0.268s] DEBUG:colcon.colcon_core.package_identification:Package 'harvest_vision' with type 'ros.ament_python' and name 'harvest_vision'
[0.268s] Level 1:colcon.colcon_core.package_identification:_identify(install) by extensions ['ignore', 'ignore_ament_install']
[0.268s] Level 1:colcon.colcon_core.package_identification:_identify(install) by extension 'ignore'
[0.268s] Level 1:colcon.colcon_core.package_identification:_identify(install) ignored
[0.268s] Level 1:colcon.colcon_core.package_identification:_identify(log) by extensions ['ignore', 'ignore_ament_install']
[0.268s] Level 1:colcon.colcon_core.package_identification:_identify(log) by extension 'ignore'
[0.268s] Level 1:colcon.colcon_core.package_identification:_identify(log) ignored
[0.268s] Level 1:colcon.colcon_core.package_discovery:discover_packages(recursive) using defaults
[0.268s] Level 1:colcon.colcon_core.package_discovery:discover_packages(ignore) discover
[0.268s] Level 1:colcon.colcon_core.package_discovery:discover_packages(ignore) using defaults
[0.268s] Level 1:colcon.colcon_core.package_discovery:discover_packages(path) discover
[0.268s] Level 1:colcon.colcon_core.package_discovery:discover_packages(path) using defaults
[0.285s] Level 1:colcon.colcon_core.package_discovery:discover_packages(prefix_path) check parameters
[0.285s] Level 1:colcon.colcon_core.package_discovery:discover_packages(prefix_path) discover
[0.287s] DEBUG:colcon.colcon_installed_package_information.package_discovery:Found 16 installed packages in /home/imml/git/research_2025/apple-harvest-refactor/install
[0.288s] DEBUG:colcon.colcon_installed_package_information.package_discovery:Found 399 installed packages in /opt/ros/humble
[0.290s] Level 1:colcon.colcon_core.package_discovery:discover_packages(prefix_path) using defaults
[0.323s] Level 5:colcon.colcon_core.verb:set package 'harvest_interfaces' build argument 'cmake_args' from command line to 'None'
[0.323s] Level 5:colcon.colcon_core.verb:set package 'harvest_interfaces' build argument 'cmake_target' from command line to 'None'
[0.323s] Level 5:colcon.colcon_core.verb:set package 'harvest_interfaces' build argument 'cmake_target_skip_unavailable' from command line to 'False'
[0.323s] Level 5:colcon.colcon_core.verb:set package 'harvest_interfaces' build argument 'cmake_clean_cache' from command line to 'False'
[0.323s] Level 5:colcon.colcon_core.verb:set package 'harvest_interfaces' build argument 'cmake_clean_first' from command line to 'False'
[0.323s] Level 5:colcon.colcon_core.verb:set package 'harvest_interfaces' build argument 'cmake_force_configure' from command line to 'False'
[0.323s] Level 5:colcon.colcon_core.verb:set package 'harvest_interfaces' build argument 'ament_cmake_args' from command line to 'None'
[0.323s] Level 5:colcon.colcon_core.verb:set package 'harvest_interfaces' build argument 'catkin_cmake_args' from command line to 'None'
[0.324s] Level 5:colcon.colcon_core.verb:set package 'harvest_interfaces' build argument 'catkin_skip_building_tests' from command line to 'False'
[0.324s] DEBUG:colcon.colcon_core.verb:Building package 'harvest_interfaces' with the following arguments: {'ament_cmake_args': None, 'build_base': '/home/imml/git/research_2025/apple-harvest-refactor/build/harvest_interfaces', 'catkin_cmake_args': None, 'catkin_skip_building_tests': False, 'cmake_args': None, 'cmake_clean_cache': False, 'cmake_clean_first': False, 'cmake_force_configure': False, 'cmake_target': None, 'cmake_target_skip_unavailable': False, 'install_base': '/home/imml/git/research_2025/apple-harvest-refactor/install/harvest_interfaces', 'merge_install': False, 'path': '/home/imml/git/research_2025/apple-harvest-refactor/harvest_interfaces', 'symlink_install': True, 'test_result_base': None}
[0.324s] Level 5:colcon.colcon_core.verb:set package 'realsense2_camera_msgs' build argument 'cmake_args' from command line to 'None'
[0.324s] Level 5:colcon.colcon_core.verb:set package 'realsense2_camera_msgs' build argument 'cmake_target' from command line to 'None'
[0.324s] Level 5:colcon.colcon_core.verb:set package 'realsense2_camera_msgs' build argument 'cmake_target_skip_unavailable' from command line to 'False'
[0.324s] Level 5:colcon.colcon_core.verb:set package 'realsense2_camera_msgs' build argument 'cmake_clean_cache' from command line to 'False'
[0.324s] Level 5:colcon.colcon_core.verb:set package 'realsense2_camera_msgs' build argument 'cmake_clean_first' from command line to 'False'
[0.324s] Level 5:colcon.colcon_core.verb:set package 'realsense2_camera_msgs' build argument 'cmake_force_configure' from command line to 'False'
[0.324s] Level 5:colcon.colcon_core.verb:set package 'realsense2_camera_msgs' build argument 'ament_cmake_args' from command line to 'None'
[0.324s] Level 5:colcon.colcon_core.verb:set package 'realsense2_camera_msgs' build argument 'catkin_cmake_args' from command line to 'None'
[0.324s] Level 5:colcon.colcon_core.verb:set package 'realsense2_camera_msgs' build argument 'catkin_skip_building_tests' from command line to 'False'
[0.324s] DEBUG:colcon.colcon_core.verb:Building package 'realsense2_camera_msgs' with the following arguments: {'ament_cmake_args': None, 'build_base': '/home/imml/git/research_2025/apple-harvest-refactor/build/realsense2_camera_msgs', 'catkin_cmake_args': None, 'catkin_skip_building_tests': False, 'cmake_args': None, 'cmake_clean_cache': False, 'cmake_clean_first': False, 'cmake_force_configure': False, 'cmake_target': None, 'cmake_target_skip_unavailable': False, 'install_base': '/home/imml/git/research_2025/apple-harvest-refactor/install/realsense2_camera_msgs', 'merge_install': False, 'path': '/home/imml/git/research_2025/apple-harvest-refactor/harvest_hardware/realsense-ros/realsense2_camera_msgs', 'symlink_install': True, 'test_result_base': None}
[0.324s] Level 5:colcon.colcon_core.verb:set package 'ur5e_custom_hardware' build argument 'cmake_args' from command line to 'None'
[0.324s] Level 5:colcon.colcon_core.verb:set package 'ur5e_custom_hardware' build argument 'cmake_target' from command line to 'None'
[0.324s] Level 5:colcon.colcon_core.verb:set package 'ur5e_custom_hardware' build argument 'cmake_target_skip_unavailable' from command line to 'False'
[0.324s] Level 5:colcon.colcon_core.verb:set package 'ur5e_custom_hardware' build argument 'cmake_clean_cache' from command line to 'False'
[0.324s] Level 5:colcon.colcon_core.verb:set package 'ur5e_custom_hardware' build argument 'cmake_clean_first' from command line to 'False'
[0.324s] Level 5:colcon.colcon_core.verb:set package 'ur5e_custom_hardware' build argument 'cmake_force_configure' from command line to 'False'
[0.324s] Level 5:colcon.colcon_core.verb:set package 'ur5e_custom_hardware' build argument 'ament_cmake_args' from command line to 'None'
[0.324s] Level 5:colcon.colcon_core.verb:set package 'ur5e_custom_hardware' build argument 'catkin_cmake_args' from command line to 'None'
[0.324s] Level 5:colcon.colcon_core.verb:set package 'ur5e_custom_hardware' build argument 'catkin_skip_building_tests' from command line to 'False'
[0.324s] DEBUG:colcon.colcon_core.verb:Building package 'ur5e_custom_hardware' with the following arguments: {'ament_cmake_args': None, 'build_base': '/home/imml/git/research_2025/apple-harvest-refactor/build/ur5e_custom_hardware', 'catkin_cmake_args': None, 'catkin_skip_building_tests': False, 'cmake_args': None, 'cmake_clean_cache': False, 'cmake_clean_first': False, 'cmake_force_configure': False, 'cmake_target': None, 'cmake_target_skip_unavailable': False, 'install_base': '/home/imml/git/research_2025/apple-harvest-refactor/install/ur5e_custom_hardware', 'merge_install': False, 'path': '/home/imml/git/research_2025/apple-harvest-refactor/harvest_hardware/ur5e_custom_hardware', 'symlink_install': True, 'test_result_base': None}
[0.325s] Level 5:colcon.colcon_core.verb:set package 'ur_dashboard_msgs' build argument 'cmake_args' from command line to 'None'
[0.325s] Level 5:colcon.colcon_core.verb:set package 'ur_dashboard_msgs' build argument 'cmake_target' from command line to 'None'
[0.325s] Level 5:colcon.colcon_core.verb:set package 'ur_dashboard_msgs' build argument 'cmake_target_skip_unavailable' from command line to 'False'
[0.325s] Level 5:colcon.colcon_core.verb:set package 'ur_dashboard_msgs' build argument 'cmake_clean_cache' from command line to 'False'
[0.325s] Level 5:colcon.colcon_core.verb:set package 'ur_dashboard_msgs' build argument 'cmake_clean_first' from command line to 'False'
[0.325s] Level 5:colcon.colcon_core.verb:set package 'ur_dashboard_msgs' build argument 'cmake_force_configure' from command line to 'False'
[0.325s] Level 5:colcon.colcon_core.verb:set package 'ur_dashboard_msgs' build argument 'ament_cmake_args' from command line to 'None'
[0.325s] Level 5:colcon.colcon_core.verb:set package 'ur_dashboard_msgs' build argument 'catkin_cmake_args' from command line to 'None'
[0.325s] Level 5:colcon.colcon_core.verb:set package 'ur_dashboard_msgs' build argument 'catkin_skip_building_tests' from command line to 'False'
[0.325s] DEBUG:colcon.colcon_core.verb:Building package 'ur_dashboard_msgs' with the following arguments: {'ament_cmake_args': None, 'build_base': '/home/imml/git/research_2025/apple-harvest-refactor/build/ur_dashboard_msgs', 'catkin_cmake_args': None, 'catkin_skip_building_tests': False, 'cmake_args': None, 'cmake_clean_cache': False, 'cmake_clean_first': False, 'cmake_force_configure': False, 'cmake_target': None, 'cmake_target_skip_unavailable': False, 'install_base': '/home/imml/git/research_2025/apple-harvest-refactor/install/ur_dashboard_msgs', 'merge_install': False, 'path': '/home/imml/git/research_2025/apple-harvest-refactor/harvest_hardware/Universal_Robots_ROS2_Driver/ur_dashboard_msgs', 'symlink_install': True, 'test_result_base': None}
[0.325s] Level 5:colcon.colcon_core.verb:set package 'ur_description' build argument 'cmake_args' from command line to 'None'
[0.325s] Level 5:colcon.colcon_core.verb:set package 'ur_description' build argument 'cmake_target' from command line to 'None'
[0.325s] Level 5:colcon.colcon_core.verb:set package 'ur_description' build argument 'cmake_target_skip_unavailable' from command line to 'False'
[0.325s] Level 5:colcon.colcon_core.verb:set package 'ur_description' build argument 'cmake_clean_cache' from command line to 'False'
[0.325s] Level 5:colcon.colcon_core.verb:set package 'ur_description' build argument 'cmake_clean_first' from command line to 'False'
[0.325s] Level 5:colcon.colcon_core.verb:set package 'ur_description' build argument 'cmake_force_configure' from command line to 'False'
[0.325s] Level 5:colcon.colcon_core.verb:set package 'ur_description' build argument 'ament_cmake_args' from command line to 'None'
[0.325s] Level 5:colcon.colcon_core.verb:set package 'ur_description' build argument 'catkin_cmake_args' from command line to 'None'
[0.325s] Level 5:colcon.colcon_core.verb:set package 'ur_description' build argument 'catkin_skip_building_tests' from command line to 'False'
[0.325s] DEBUG:colcon.colcon_core.verb:Building package 'ur_description' with the following arguments: {'ament_cmake_args': None, 'build_base': '/home/imml/git/research_2025/apple-harvest-refactor/build/ur_description', 'catkin_cmake_args': None, 'catkin_skip_building_tests': False, 'cmake_args': None, 'cmake_clean_cache': False, 'cmake_clean_first': False, 'cmake_force_configure': False, 'cmake_target': None, 'cmake_target_skip_unavailable': False, 'install_base': '/home/imml/git/research_2025/apple-harvest-refactor/install/ur_description', 'merge_install': False, 'path': '/home/imml/git/research_2025/apple-harvest-refactor/harvest_hardware/Universal_Robots_ROS2_Description', 'symlink_install': True, 'test_result_base': None}
[0.325s] Level 5:colcon.colcon_core.verb:set package 'harvest' build argument 'cmake_args' from command line to 'None'
[0.325s] Level 5:colcon.colcon_core.verb:set package 'harvest' build argument 'cmake_target' from command line to 'None'
[0.325s] Level 5:colcon.colcon_core.verb:set package 'harvest' build argument 'cmake_target_skip_unavailable' from command line to 'False'
[0.325s] Level 5:colcon.colcon_core.verb:set package 'harvest' build argument 'cmake_clean_cache' from command line to 'False'
[0.325s] Level 5:colcon.colcon_core.verb:set package 'harvest' build argument 'cmake_clean_first' from command line to 'False'
[0.325s] Level 5:colcon.colcon_core.verb:set package 'harvest' build argument 'cmake_force_configure' from command line to 'False'
[0.325s] Level 5:colcon.colcon_core.verb:set package 'harvest' build argument 'ament_cmake_args' from command line to 'None'
[0.325s] Level 5:colcon.colcon_core.verb:set package 'harvest' build argument 'catkin_cmake_args' from command line to 'None'
[0.325s] Level 5:colcon.colcon_core.verb:set package 'harvest' build argument 'catkin_skip_building_tests' from command line to 'False'
[0.325s] DEBUG:colcon.colcon_core.verb:Building package 'harvest' with the following arguments: {'ament_cmake_args': None, 'build_base': '/home/imml/git/research_2025/apple-harvest-refactor/build/harvest', 'catkin_cmake_args': None, 'catkin_skip_building_tests': False, 'cmake_args': None, 'cmake_clean_cache': False, 'cmake_clean_first': False, 'cmake_force_configure': False, 'cmake_target': None, 'cmake_target_skip_unavailable': False, 'install_base': '/home/imml/git/research_2025/apple-harvest-refactor/install/harvest', 'merge_install': False, 'path': '/home/imml/git/research_2025/apple-harvest-refactor/harvest', 'symlink_install': True, 'test_result_base': None}
[0.326s] Level 5:colcon.colcon_core.verb:set package 'harvest_control' build argument 'cmake_args' from command line to 'None'
[0.326s] Level 5:colcon.colcon_core.verb:set package 'harvest_control' build argument 'cmake_target' from command line to 'None'
[0.326s] Level 5:colcon.colcon_core.verb:set package 'harvest_control' build argument 'cmake_target_skip_unavailable' from command line to 'False'
[0.326s] Level 5:colcon.colcon_core.verb:set package 'harvest_control' build argument 'cmake_clean_cache' from command line to 'False'
[0.326s] Level 5:colcon.colcon_core.verb:set package 'harvest_control' build argument 'cmake_clean_first' from command line to 'False'
[0.326s] Level 5:colcon.colcon_core.verb:set package 'harvest_control' build argument 'cmake_force_configure' from command line to 'False'
[0.326s] Level 5:colcon.colcon_core.verb:set package 'harvest_control' build argument 'ament_cmake_args' from command line to 'None'
[0.326s] Level 5:colcon.colcon_core.verb:set package 'harvest_control' build argument 'catkin_cmake_args' from command line to 'None'
[0.326s] Level 5:colcon.colcon_core.verb:set package 'harvest_control' build argument 'catkin_skip_building_tests' from command line to 'False'
[0.326s] DEBUG:colcon.colcon_core.verb:Building package 'harvest_control' with the following arguments: {'ament_cmake_args': None, 'build_base': '/home/imml/git/research_2025/apple-harvest-refactor/build/harvest_control', 'catkin_cmake_args': None, 'catkin_skip_building_tests': False, 'cmake_args': None, 'cmake_clean_cache': False, 'cmake_clean_first': False, 'cmake_force_configure': False, 'cmake_target': None, 'cmake_target_skip_unavailable': False, 'install_base': '/home/imml/git/research_2025/apple-harvest-refactor/install/harvest_control', 'merge_install': False, 'path': '/home/imml/git/research_2025/apple-harvest-refactor/harvest_control', 'symlink_install': True, 'test_result_base': None}
[0.326s] Level 5:colcon.colcon_core.verb:set package 'harvest_vision' build argument 'cmake_args' from command line to 'None'
[0.326s] Level 5:colcon.colcon_core.verb:set package 'harvest_vision' build argument 'cmake_target' from command line to 'None'
[0.326s] Level 5:colcon.colcon_core.verb:set package 'harvest_vision' build argument 'cmake_target_skip_unavailable' from command line to 'False'
[0.326s] Level 5:colcon.colcon_core.verb:set package 'harvest_vision' build argument 'cmake_clean_cache' from command line to 'False'
[0.326s] Level 5:colcon.colcon_core.verb:set package 'harvest_vision' build argument 'cmake_clean_first' from command line to 'False'
[0.326s] Level 5:colcon.colcon_core.verb:set package 'harvest_vision' build argument 'cmake_force_configure' from command line to 'False'
[0.326s] Level 5:colcon.colcon_core.verb:set package 'harvest_vision' build argument 'ament_cmake_args' from command line to 'None'
[0.326s] Level 5:colcon.colcon_core.verb:set package 'harvest_vision' build argument 'catkin_cmake_args' from command line to 'None'
[0.326s] Level 5:colcon.colcon_core.verb:set package 'harvest_vision' build argument 'catkin_skip_building_tests' from command line to 'False'
[0.326s] DEBUG:colcon.colcon_core.verb:Building package 'harvest_vision' with the following arguments: {'ament_cmake_args': None, 'build_base': '/home/imml/git/research_2025/apple-harvest-refactor/build/harvest_vision', 'catkin_cmake_args': None, 'catkin_skip_building_tests': False, 'cmake_args': None, 'cmake_clean_cache': False, 'cmake_clean_first': False, 'cmake_force_configure': False, 'cmake_target': None, 'cmake_target_skip_unavailable': False, 'install_base': '/home/imml/git/research_2025/apple-harvest-refactor/install/harvest_vision', 'merge_install': False, 'path': '/home/imml/git/research_2025/apple-harvest-refactor/harvest_vision', 'symlink_install': True, 'test_result_base': None}
[0.326s] Level 5:colcon.colcon_core.verb:set package 'realsense2_camera' build argument 'cmake_args' from command line to 'None'
[0.326s] Level 5:colcon.colcon_core.verb:set package 'realsense2_camera' build argument 'cmake_target' from command line to 'None'
[0.327s] Level 5:colcon.colcon_core.verb:set package 'realsense2_camera' build argument 'cmake_target_skip_unavailable' from command line to 'False'
[0.327s] Level 5:colcon.colcon_core.verb:set package 'realsense2_camera' build argument 'cmake_clean_cache' from command line to 'False'
[0.327s] Level 5:colcon.colcon_core.verb:set package 'realsense2_camera' build argument 'cmake_clean_first' from command line to 'False'
[0.327s] Level 5:colcon.colcon_core.verb:set package 'realsense2_camera' build argument 'cmake_force_configure' from command line to 'False'
[0.327s] Level 5:colcon.colcon_core.verb:set package 'realsense2_camera' build argument 'ament_cmake_args' from command line to 'None'
[0.327s] Level 5:colcon.colcon_core.verb:set package 'realsense2_camera' build argument 'catkin_cmake_args' from command line to 'None'
[0.327s] Level 5:colcon.colcon_core.verb:set package 'realsense2_camera' build argument 'catkin_skip_building_tests' from command line to 'False'
[0.327s] DEBUG:colcon.colcon_core.verb:Building package 'realsense2_camera' with the following arguments: {'ament_cmake_args': None, 'build_base': '/home/imml/git/research_2025/apple-harvest-refactor/build/realsense2_camera', 'catkin_cmake_args': None, 'catkin_skip_building_tests': False, 'cmake_args': None, 'cmake_clean_cache': False, 'cmake_clean_first': False, 'cmake_force_configure': False, 'cmake_target': None, 'cmake_target_skip_unavailable': False, 'install_base': '/home/imml/git/research_2025/apple-harvest-refactor/install/realsense2_camera', 'merge_install': False, 'path': '/home/imml/git/research_2025/apple-harvest-refactor/harvest_hardware/realsense-ros/realsense2_camera', 'symlink_install': True, 'test_result_base': None}
[0.327s] Level 5:colcon.colcon_core.verb:set package 'realsense2_description' build argument 'cmake_args' from command line to 'None'
[0.327s] Level 5:colcon.colcon_core.verb:set package 'realsense2_description' build argument 'cmake_target' from command line to 'None'
[0.327s] Level 5:colcon.colcon_core.verb:set package 'realsense2_description' build argument 'cmake_target_skip_unavailable' from command line to 'False'
[0.327s] Level 5:colcon.colcon_core.verb:set package 'realsense2_description' build argument 'cmake_clean_cache' from command line to 'False'
[0.327s] Level 5:colcon.colcon_core.verb:set package 'realsense2_description' build argument 'cmake_clean_first' from command line to 'False'
[0.327s] Level 5:colcon.colcon_core.verb:set package 'realsense2_description' build argument 'cmake_force_configure' from command line to 'False'
[0.327s] Level 5:colcon.colcon_core.verb:set package 'realsense2_description' build argument 'ament_cmake_args' from command line to 'None'
[0.327s] Level 5:colcon.colcon_core.verb:set package 'realsense2_description' build argument 'catkin_cmake_args' from command line to 'None'
[0.327s] Level 5:colcon.colcon_core.verb:set package 'realsense2_description' build argument 'catkin_skip_building_tests' from command line to 'False'
[0.327s] DEBUG:colcon.colcon_core.verb:Building package 'realsense2_description' with the following arguments: {'ament_cmake_args': None, 'build_base': '/home/imml/git/research_2025/apple-harvest-refactor/build/realsense2_description', 'catkin_cmake_args': None, 'catkin_skip_building_tests': False, 'cmake_args': None, 'cmake_clean_cache': False, 'cmake_clean_first': False, 'cmake_force_configure': False, 'cmake_target': None, 'cmake_target_skip_unavailable': False, 'install_base': '/home/imml/git/research_2025/apple-harvest-refactor/install/realsense2_description', 'merge_install': False, 'path': '/home/imml/git/research_2025/apple-harvest-refactor/harvest_hardware/realsense-ros/realsense2_description', 'symlink_install': True, 'test_result_base': None}
[0.327s] Level 5:colcon.colcon_core.verb:set package 'ur_controllers' build argument 'cmake_args' from command line to 'None'
[0.327s] Level 5:colcon.colcon_core.verb:set package 'ur_controllers' build argument 'cmake_target' from command line to 'None'
[0.327s] Level 5:colcon.colcon_core.verb:set package 'ur_controllers' build argument 'cmake_target_skip_unavailable' from command line to 'False'
[0.327s] Level 5:colcon.colcon_core.verb:set package 'ur_controllers' build argument 'cmake_clean_cache' from command line to 'False'
[0.327s] Level 5:colcon.colcon_core.verb:set package 'ur_controllers' build argument 'cmake_clean_first' from command line to 'False'
[0.327s] Level 5:colcon.colcon_core.verb:set package 'ur_controllers' build argument 'cmake_force_configure' from command line to 'False'
[0.327s] Level 5:colcon.colcon_core.verb:set package 'ur_controllers' build argument 'ament_cmake_args' from command line to 'None'
[0.327s] Level 5:colcon.colcon_core.verb:set package 'ur_controllers' build argument 'catkin_cmake_args' from command line to 'None'
[0.327s] Level 5:colcon.colcon_core.verb:set package 'ur_controllers' build argument 'catkin_skip_building_tests' from command line to 'False'
[0.327s] DEBUG:colcon.colcon_core.verb:Building package 'ur_controllers' with the following arguments: {'ament_cmake_args': None, 'build_base': '/home/imml/git/research_2025/apple-harvest-refactor/build/ur_controllers', 'catkin_cmake_args': None, 'catkin_skip_building_tests': False, 'cmake_args': None, 'cmake_clean_cache': False, 'cmake_clean_first': False, 'cmake_force_configure': False, 'cmake_target': None, 'cmake_target_skip_unavailable': False, 'install_base': '/home/imml/git/research_2025/apple-harvest-refactor/install/ur_controllers', 'merge_install': False, 'path': '/home/imml/git/research_2025/apple-harvest-refactor/harvest_hardware/Universal_Robots_ROS2_Driver/ur_controllers', 'symlink_install': True, 'test_result_base': None}
[0.328s] Level 5:colcon.colcon_core.verb:set package 'ur_moveit_config' build argument 'cmake_args' from command line to 'None'
[0.328s] Level 5:colcon.colcon_core.verb:set package 'ur_moveit_config' build argument 'cmake_target' from command line to 'None'
[0.328s] Level 5:colcon.colcon_core.verb:set package 'ur_moveit_config' build argument 'cmake_target_skip_unavailable' from command line to 'False'
[0.328s] Level 5:colcon.colcon_core.verb:set package 'ur_moveit_config' build argument 'cmake_clean_cache' from command line to 'False'
[0.328s] Level 5:colcon.colcon_core.verb:set package 'ur_moveit_config' build argument 'cmake_clean_first' from command line to 'False'
[0.328s] Level 5:colcon.colcon_core.verb:set package 'ur_moveit_config' build argument 'cmake_force_configure' from command line to 'False'
[0.328s] Level 5:colcon.colcon_core.verb:set package 'ur_moveit_config' build argument 'ament_cmake_args' from command line to 'None'
[0.328s] Level 5:colcon.colcon_core.verb:set package 'ur_moveit_config' build argument 'catkin_cmake_args' from command line to 'None'
[0.328s] Level 5:colcon.colcon_core.verb:set package 'ur_moveit_config' build argument 'catkin_skip_building_tests' from command line to 'False'
[0.328s] DEBUG:colcon.colcon_core.verb:Building package 'ur_moveit_config' with the following arguments: {'ament_cmake_args': None, 'build_base': '/home/imml/git/research_2025/apple-harvest-refactor/build/ur_moveit_config', 'catkin_cmake_args': None, 'catkin_skip_building_tests': False, 'cmake_args': None, 'cmake_clean_cache': False, 'cmake_clean_first': False, 'cmake_force_configure': False, 'cmake_target': None, 'cmake_target_skip_unavailable': False, 'install_base': '/home/imml/git/research_2025/apple-harvest-refactor/install/ur_moveit_config', 'merge_install': False, 'path': '/home/imml/git/research_2025/apple-harvest-refactor/harvest_hardware/Universal_Robots_ROS2_Driver/ur_moveit_config', 'symlink_install': True, 'test_result_base': None}
[0.328s] Level 5:colcon.colcon_core.verb:set package 'ur_bringup' build argument 'cmake_args' from command line to 'None'
[0.328s] Level 5:colcon.colcon_core.verb:set package 'ur_bringup' build argument 'cmake_target' from command line to 'None'
[0.328s] Level 5:colcon.colcon_core.verb:set package 'ur_bringup' build argument 'cmake_target_skip_unavailable' from command line to 'False'
[0.328s] Level 5:colcon.colcon_core.verb:set package 'ur_bringup' build argument 'cmake_clean_cache' from command line to 'False'
[0.328s] Level 5:colcon.colcon_core.verb:set package 'ur_bringup' build argument 'cmake_clean_first' from command line to 'False'
[0.328s] Level 5:colcon.colcon_core.verb:set package 'ur_bringup' build argument 'cmake_force_configure' from command line to 'False'
[0.328s] Level 5:colcon.colcon_core.verb:set package 'ur_bringup' build argument 'ament_cmake_args' from command line to 'None'
[0.328s] Level 5:colcon.colcon_core.verb:set package 'ur_bringup' build argument 'catkin_cmake_args' from command line to 'None'
[0.328s] Level 5:colcon.colcon_core.verb:set package 'ur_bringup' build argument 'catkin_skip_building_tests' from command line to 'False'
[0.328s] DEBUG:colcon.colcon_core.verb:Building package 'ur_bringup' with the following arguments: {'ament_cmake_args': None, 'build_base': '/home/imml/git/research_2025/apple-harvest-refactor/build/ur_bringup', 'catkin_cmake_args': None, 'catkin_skip_building_tests': False, 'cmake_args': None, 'cmake_clean_cache': False, 'cmake_clean_first': False, 'cmake_force_configure': False, 'cmake_target': None, 'cmake_target_skip_unavailable': False, 'install_base': '/home/imml/git/research_2025/apple-harvest-refactor/install/ur_bringup', 'merge_install': False, 'path': '/home/imml/git/research_2025/apple-harvest-refactor/harvest_hardware/Universal_Robots_ROS2_Driver/ur_bringup', 'symlink_install': True, 'test_result_base': None}
[0.328s] Level 5:colcon.colcon_core.verb:set package 'ur_robot_driver' build argument 'cmake_args' from command line to 'None'
[0.328s] Level 5:colcon.colcon_core.verb:set package 'ur_robot_driver' build argument 'cmake_target' from command line to 'None'
[0.328s] Level 5:colcon.colcon_core.verb:set package 'ur_robot_driver' build argument 'cmake_target_skip_unavailable' from command line to 'False'
[0.328s] Level 5:colcon.colcon_core.verb:set package 'ur_robot_driver' build argument 'cmake_clean_cache' from command line to 'False'
[0.328s] Level 5:colcon.colcon_core.verb:set package 'ur_robot_driver' build argument 'cmake_clean_first' from command line to 'False'
[0.328s] Level 5:colcon.colcon_core.verb:set package 'ur_robot_driver' build argument 'cmake_force_configure' from command line to 'False'
[0.328s] Level 5:colcon.colcon_core.verb:set package 'ur_robot_driver' build argument 'ament_cmake_args' from command line to 'None'
[0.329s] Level 5:colcon.colcon_core.verb:set package 'ur_robot_driver' build argument 'catkin_cmake_args' from command line to 'None'
[0.329s] Level 5:colcon.colcon_core.verb:set package 'ur_robot_driver' build argument 'catkin_skip_building_tests' from command line to 'False'
[0.329s] DEBUG:colcon.colcon_core.verb:Building package 'ur_robot_driver' with the following arguments: {'ament_cmake_args': None, 'build_base': '/home/imml/git/research_2025/apple-harvest-refactor/build/ur_robot_driver', 'catkin_cmake_args': None, 'catkin_skip_building_tests': False, 'cmake_args': None, 'cmake_clean_cache': False, 'cmake_clean_first': False, 'cmake_force_configure': False, 'cmake_target': None, 'cmake_target_skip_unavailable': False, 'install_base': '/home/imml/git/research_2025/apple-harvest-refactor/install/ur_robot_driver', 'merge_install': False, 'path': '/home/imml/git/research_2025/apple-harvest-refactor/harvest_hardware/Universal_Robots_ROS2_Driver/ur_robot_driver', 'symlink_install': True, 'test_result_base': None}
[0.329s] Level 5:colcon.colcon_core.verb:set package 'ur_calibration' build argument 'cmake_args' from command line to 'None'
[0.329s] Level 5:colcon.colcon_core.verb:set package 'ur_calibration' build argument 'cmake_target' from command line to 'None'
[0.329s] Level 5:colcon.colcon_core.verb:set package 'ur_calibration' build argument 'cmake_target_skip_unavailable' from command line to 'False'
[0.329s] Level 5:colcon.colcon_core.verb:set package 'ur_calibration' build argument 'cmake_clean_cache' from command line to 'False'
[0.329s] Level 5:colcon.colcon_core.verb:set package 'ur_calibration' build argument 'cmake_clean_first' from command line to 'False'
[0.329s] Level 5:colcon.colcon_core.verb:set package 'ur_calibration' build argument 'cmake_force_configure' from command line to 'False'
[0.329s] Level 5:colcon.colcon_core.verb:set package 'ur_calibration' build argument 'ament_cmake_args' from command line to 'None'
[0.329s] Level 5:colcon.colcon_core.verb:set package 'ur_calibration' build argument 'catkin_cmake_args' from command line to 'None'
[0.329s] Level 5:colcon.colcon_core.verb:set package 'ur_calibration' build argument 'catkin_skip_building_tests' from command line to 'False'
[0.329s] DEBUG:colcon.colcon_core.verb:Building package 'ur_calibration' with the following arguments: {'ament_cmake_args': None, 'build_base': '/home/imml/git/research_2025/apple-harvest-refactor/build/ur_calibration', 'catkin_cmake_args': None, 'catkin_skip_building_tests': False, 'cmake_args': None, 'cmake_clean_cache': False, 'cmake_clean_first': False, 'cmake_force_configure': False, 'cmake_target': None, 'cmake_target_skip_unavailable': False, 'install_base': '/home/imml/git/research_2025/apple-harvest-refactor/install/ur_calibration', 'merge_install': False, 'path': '/home/imml/git/research_2025/apple-harvest-refactor/harvest_hardware/Universal_Robots_ROS2_Driver/ur_calibration', 'symlink_install': True, 'test_result_base': None}
[0.329s] Level 5:colcon.colcon_core.verb:set package 'ur' build argument 'cmake_args' from command line to 'None'
[0.329s] Level 5:colcon.colcon_core.verb:set package 'ur' build argument 'cmake_target' from command line to 'None'
[0.329s] Level 5:colcon.colcon_core.verb:set package 'ur' build argument 'cmake_target_skip_unavailable' from command line to 'False'
[0.329s] Level 5:colcon.colcon_core.verb:set package 'ur' build argument 'cmake_clean_cache' from command line to 'False'
[0.329s] Level 5:colcon.colcon_core.verb:set package 'ur' build argument 'cmake_clean_first' from command line to 'False'
[0.329s] Level 5:colcon.colcon_core.verb:set package 'ur' build argument 'cmake_force_configure' from command line to 'False'
[0.329s] Level 5:colcon.colcon_core.verb:set package 'ur' build argument 'ament_cmake_args' from command line to 'None'
[0.329s] Level 5:colcon.colcon_core.verb:set package 'ur' build argument 'catkin_cmake_args' from command line to 'None'
[0.329s] Level 5:colcon.colcon_core.verb:set package 'ur' build argument 'catkin_skip_building_tests' from command line to 'False'
[0.329s] DEBUG:colcon.colcon_core.verb:Building package 'ur' with the following arguments: {'ament_cmake_args': None, 'build_base': '/home/imml/git/research_2025/apple-harvest-refactor/build/ur', 'catkin_cmake_args': None, 'catkin_skip_building_tests': False, 'cmake_args': None, 'cmake_clean_cache': False, 'cmake_clean_first': False, 'cmake_force_configure': False, 'cmake_target': None, 'cmake_target_skip_unavailable': False, 'install_base': '/home/imml/git/research_2025/apple-harvest-refactor/install/ur', 'merge_install': False, 'path': '/home/imml/git/research_2025/apple-harvest-refactor/harvest_hardware/Universal_Robots_ROS2_Driver/ur', 'symlink_install': True, 'test_result_base': None}
[0.329s] INFO:colcon.colcon_core.executor:Executing jobs using 'parallel' executor
[0.330s] DEBUG:colcon.colcon_parallel_executor.executor.parallel:run_until_complete
[0.330s] INFO:colcon.colcon_ros.task.ament_cmake.build:Building ROS package in '/home/imml/git/research_2025/apple-harvest-refactor/harvest_hardware/Universal_Robots_ROS2_Driver/ur_dashboard_msgs' with build type 'ament_cmake'
[0.330s] INFO:colcon.colcon_cmake.task.cmake.build:Building CMake package in '/home/imml/git/research_2025/apple-harvest-refactor/harvest_hardware/Universal_Robots_ROS2_Driver/ur_dashboard_msgs'
[0.332s] INFO:colcon.colcon_core.plugin_system:Skipping extension 'colcon_core.shell.bat': Not used on non-Windows systems
[0.332s] INFO:colcon.colcon_core.shell:Skip shell extension 'powershell' for command environment: Not usable outside of PowerShell
[0.332s] DEBUG:colcon.colcon_core.shell:Skip shell extension 'dsv' for command environment
[0.336s] INFO:colcon.colcon_ros.task.ament_cmake.build:Building ROS package in '/home/imml/git/research_2025/apple-harvest-refactor/harvest_hardware/Universal_Robots_ROS2_Description' with build type 'ament_cmake'
[0.336s] INFO:colcon.colcon_cmake.task.cmake.build:Building CMake package in '/home/imml/git/research_2025/apple-harvest-refactor/harvest_hardware/Universal_Robots_ROS2_Description'
[0.336s] INFO:colcon.colcon_core.shell:Skip shell extension 'powershell' for command environment: Not usable outside of PowerShell
[0.336s] DEBUG:colcon.colcon_core.shell:Skip shell extension 'dsv' for command environment
[0.339s] INFO:colcon.colcon_ros.task.ament_cmake.build:Building ROS package in '/home/imml/git/research_2025/apple-harvest-refactor/harvest_interfaces' with build type 'ament_cmake'
[0.339s] INFO:colcon.colcon_cmake.task.cmake.build:Building CMake package in '/home/imml/git/research_2025/apple-harvest-refactor/harvest_interfaces'
[0.339s] INFO:colcon.colcon_core.shell:Skip shell extension 'powershell' for command environment: Not usable outside of PowerShell
[0.340s] DEBUG:colcon.colcon_core.shell:Skip shell extension 'dsv' for command environment
[0.343s] INFO:colcon.colcon_ros.task.ament_cmake.build:Building ROS package in '/home/imml/git/research_2025/apple-harvest-refactor/harvest_hardware/realsense-ros/realsense2_camera_msgs' with build type 'ament_cmake'
[0.343s] INFO:colcon.colcon_cmake.task.cmake.build:Building CMake package in '/home/imml/git/research_2025/apple-harvest-refactor/harvest_hardware/realsense-ros/realsense2_camera_msgs'
[0.343s] INFO:colcon.colcon_core.shell:Skip shell extension 'powershell' for command environment: Not usable outside of PowerShell
[0.343s] DEBUG:colcon.colcon_core.shell:Skip shell extension 'dsv' for command environment
[0.347s] INFO:colcon.colcon_ros.task.ament_python.build:Building ROS package in '/home/imml/git/research_2025/apple-harvest-refactor/harvest_hardware/ur5e_custom_hardware' with build type 'ament_python'
[0.347s] Level 1:colcon.colcon_core.shell:create_environment_hook('ur5e_custom_hardware', 'ament_prefix_path')
[0.347s] INFO:colcon.colcon_core.shell:Creating environment hook '/home/imml/git/research_2025/apple-harvest-refactor/install/ur5e_custom_hardware/share/ur5e_custom_hardware/hook/ament_prefix_path.ps1'
[0.348s] INFO:colcon.colcon_core.shell:Creating environment descriptor '/home/imml/git/research_2025/apple-harvest-refactor/install/ur5e_custom_hardware/share/ur5e_custom_hardware/hook/ament_prefix_path.dsv'
[0.348s] INFO:colcon.colcon_core.shell:Creating environment hook '/home/imml/git/research_2025/apple-harvest-refactor/install/ur5e_custom_hardware/share/ur5e_custom_hardware/hook/ament_prefix_path.sh'
[0.349s] INFO:colcon.colcon_core.shell:Skip shell extension 'powershell' for command environment: Not usable outside of PowerShell
[0.349s] DEBUG:colcon.colcon_core.shell:Skip shell extension 'dsv' for command environment
[0.355s] DEBUG:colcon.colcon_core.event_handler.log_command:Invoking command in '/home/imml/git/research_2025/apple-harvest-refactor/build/ur_dashboard_msgs': CMAKE_PREFIX_PATH=${CMAKE_PREFIX_PATH}:/home/imml/git/research_2025/apple-harvest-refactor/install/ur5e_custom_hardware:/home/imml/git/research_2025/apple-harvest-refactor/install/harvest_vision:/opt/ros/humble /usr/bin/cmake --build /home/imml/git/research_2025/apple-harvest-refactor/build/ur_dashboard_msgs -- -j16 -l16
[0.357s] DEBUG:colcon.colcon_core.event_handler.log_command:Invoking command in '/home/imml/git/research_2025/apple-harvest-refactor/build/ur_description': CMAKE_PREFIX_PATH=${CMAKE_PREFIX_PATH}:/home/imml/git/research_2025/apple-harvest-refactor/install/ur5e_custom_hardware:/home/imml/git/research_2025/apple-harvest-refactor/install/harvest_vision:/opt/ros/humble /usr/bin/cmake --build /home/imml/git/research_2025/apple-harvest-refactor/build/ur_description -- -j16 -l16
[0.359s] DEBUG:colcon.colcon_core.event_handler.log_command:Invoking command in '/home/imml/git/research_2025/apple-harvest-refactor/build/harvest_interfaces': CMAKE_PREFIX_PATH=${CMAKE_PREFIX_PATH}:/home/imml/git/research_2025/apple-harvest-refactor/install/ur5e_custom_hardware:/home/imml/git/research_2025/apple-harvest-refactor/install/harvest_vision:/opt/ros/humble /usr/bin/cmake --build /home/imml/git/research_2025/apple-harvest-refactor/build/harvest_interfaces -- -j16 -l16
[0.362s] DEBUG:colcon.colcon_core.event_handler.log_command:Invoking command in '/home/imml/git/research_2025/apple-harvest-refactor/build/realsense2_camera_msgs': CMAKE_PREFIX_PATH=${CMAKE_PREFIX_PATH}:/home/imml/git/research_2025/apple-harvest-refactor/install/ur5e_custom_hardware:/home/imml/git/research_2025/apple-harvest-refactor/install/harvest_vision:/opt/ros/humble /usr/bin/cmake --build /home/imml/git/research_2025/apple-harvest-refactor/build/realsense2_camera_msgs -- -j16 -l16
[0.639s] INFO:colcon.colcon_core.task.python.build:Building Python package in '/home/imml/git/research_2025/apple-harvest-refactor/harvest_hardware/ur5e_custom_hardware'
[0.639s] INFO:colcon.colcon_core.shell:Skip shell extension 'powershell' for command environment: Not usable outside of PowerShell
[0.639s] DEBUG:colcon.colcon_core.shell:Skip shell extension 'dsv' for command environment
[0.644s] DEBUG:colcon.colcon_core.event_handler.log_command:Invoked command in '/home/imml/git/research_2025/apple-harvest-refactor/build/ur_description' returned '0': CMAKE_PREFIX_PATH=${CMAKE_PREFIX_PATH}:/home/imml/git/research_2025/apple-harvest-refactor/install/ur5e_custom_hardware:/home/imml/git/research_2025/apple-harvest-refactor/install/harvest_vision:/opt/ros/humble /usr/bin/cmake --build /home/imml/git/research_2025/apple-harvest-refactor/build/ur_description -- -j16 -l16
[0.653s] DEBUG:colcon.colcon_core.event_handler.log_command:Invoking command in '/home/imml/git/research_2025/apple-harvest-refactor/build/ur_description': CMAKE_PREFIX_PATH=${CMAKE_PREFIX_PATH}:/home/imml/git/research_2025/apple-harvest-refactor/install/ur5e_custom_hardware:/home/imml/git/research_2025/apple-harvest-refactor/install/harvest_vision:/opt/ros/humble /usr/bin/cmake --install /home/imml/git/research_2025/apple-harvest-refactor/build/ur_description
[0.691s] Level 1:colcon.colcon_core.environment:create_environment_scripts_only(ur_description)
[0.692s] DEBUG:colcon.colcon_core.event_handler.log_command:Invoked command in '/home/imml/git/research_2025/apple-harvest-refactor/build/ur_description' returned '0': CMAKE_PREFIX_PATH=${CMAKE_PREFIX_PATH}:/home/imml/git/research_2025/apple-harvest-refactor/install/ur5e_custom_hardware:/home/imml/git/research_2025/apple-harvest-refactor/install/harvest_vision:/opt/ros/humble /usr/bin/cmake --install /home/imml/git/research_2025/apple-harvest-refactor/build/ur_description
[0.694s] Level 1:colcon.colcon_core.environment:checking '/home/imml/git/research_2025/apple-harvest-refactor/install/ur_description' for CMake module files
[0.695s] Level 1:colcon.colcon_core.environment:checking '/home/imml/git/research_2025/apple-harvest-refactor/install/ur_description' for CMake config files
[0.698s] Level 1:colcon.colcon_core.shell:create_environment_hook('ur_description', 'cmake_prefix_path')
[0.698s] INFO:colcon.colcon_core.shell:Creating environment hook '/home/imml/git/research_2025/apple-harvest-refactor/install/ur_description/share/ur_description/hook/cmake_prefix_path.ps1'
[0.699s] INFO:colcon.colcon_core.shell:Creating environment descriptor '/home/imml/git/research_2025/apple-harvest-refactor/install/ur_description/share/ur_description/hook/cmake_prefix_path.dsv'
[0.699s] INFO:colcon.colcon_core.shell:Creating environment hook '/home/imml/git/research_2025/apple-harvest-refactor/install/ur_description/share/ur_description/hook/cmake_prefix_path.sh'
[0.700s] Level 1:colcon.colcon_core.environment:checking '/home/imml/git/research_2025/apple-harvest-refactor/install/ur_description/bin'
[0.700s] Level 1:colcon.colcon_core.environment:checking '/home/imml/git/research_2025/apple-harvest-refactor/install/ur_description/lib/pkgconfig/ur_description.pc'
[0.700s] Level 1:colcon.colcon_core.environment:checking '/home/imml/git/research_2025/apple-harvest-refactor/install/ur_description/lib/python3.10/site-packages'
[0.700s] Level 1:colcon.colcon_core.environment:checking '/home/imml/git/research_2025/apple-harvest-refactor/install/ur_description/bin'
[0.700s] INFO:colcon.colcon_core.shell:Creating package script '/home/imml/git/research_2025/apple-harvest-refactor/install/ur_description/share/ur_description/package.ps1'
[0.701s] INFO:colcon.colcon_core.shell:Creating package descriptor '/home/imml/git/research_2025/apple-harvest-refactor/install/ur_description/share/ur_description/package.dsv'
[0.701s] INFO:colcon.colcon_core.shell:Creating package script '/home/imml/git/research_2025/apple-harvest-refactor/install/ur_description/share/ur_description/package.sh'
[0.702s] INFO:colcon.colcon_core.shell:Creating package script '/home/imml/git/research_2025/apple-harvest-refactor/install/ur_description/share/ur_description/package.bash'
[0.703s] INFO:colcon.colcon_core.shell:Creating package script '/home/imml/git/research_2025/apple-harvest-refactor/install/ur_description/share/ur_description/package.zsh'
[0.703s] Level 1:colcon.colcon_core.environment:create_file_with_runtime_dependencies(/home/imml/git/research_2025/apple-harvest-refactor/install/ur_description/share/colcon-core/packages/ur_description)
[0.704s] Level 1:colcon.colcon_core.environment:create_environment_scripts_only(ur_description)
[0.704s] Level 1:colcon.colcon_core.environment:checking '/home/imml/git/research_2025/apple-harvest-refactor/install/ur_description' for CMake module files
[0.704s] Level 1:colcon.colcon_core.environment:checking '/home/imml/git/research_2025/apple-harvest-refactor/install/ur_description' for CMake config files
[0.706s] Level 1:colcon.colcon_core.shell:create_environment_hook('ur_description', 'cmake_prefix_path')
[0.706s] INFO:colcon.colcon_core.shell:Creating environment hook '/home/imml/git/research_2025/apple-harvest-refactor/install/ur_description/share/ur_description/hook/cmake_prefix_path.ps1'
[0.707s] INFO:colcon.colcon_core.shell:Creating environment descriptor '/home/imml/git/research_2025/apple-harvest-refactor/install/ur_description/share/ur_description/hook/cmake_prefix_path.dsv'
[0.707s] INFO:colcon.colcon_core.shell:Creating environment hook '/home/imml/git/research_2025/apple-harvest-refactor/install/ur_description/share/ur_description/hook/cmake_prefix_path.sh'
[0.707s] Level 1:colcon.colcon_core.environment:checking '/home/imml/git/research_2025/apple-harvest-refactor/install/ur_description/bin'
[0.707s] Level 1:colcon.colcon_core.environment:checking '/home/imml/git/research_2025/apple-harvest-refactor/install/ur_description/lib/pkgconfig/ur_description.pc'
[0.708s] Level 1:colcon.colcon_core.environment:checking '/home/imml/git/research_2025/apple-harvest-refactor/install/ur_description/lib/python3.10/site-packages'
[0.708s] Level 1:colcon.colcon_core.environment:checking '/home/imml/git/research_2025/apple-harvest-refactor/install/ur_description/bin'
[0.708s] INFO:colcon.colcon_core.shell:Creating package script '/home/imml/git/research_2025/apple-harvest-refactor/install/ur_description/share/ur_description/package.ps1'
[0.709s] INFO:colcon.colcon_core.shell:Creating package descriptor '/home/imml/git/research_2025/apple-harvest-refactor/install/ur_description/share/ur_description/package.dsv'
[0.709s] INFO:colcon.colcon_core.shell:Creating package script '/home/imml/git/research_2025/apple-harvest-refactor/install/ur_description/share/ur_description/package.sh'
[0.709s] INFO:colcon.colcon_core.shell:Creating package script '/home/imml/git/research_2025/apple-harvest-refactor/install/ur_description/share/ur_description/package.bash'
[0.709s] INFO:colcon.colcon_core.shell:Creating package script '/home/imml/git/research_2025/apple-harvest-refactor/install/ur_description/share/ur_description/package.zsh'
[0.710s] Level 1:colcon.colcon_core.environment:create_file_with_runtime_dependencies(/home/imml/git/research_2025/apple-harvest-refactor/install/ur_description/share/colcon-core/packages/ur_description)
[0.710s] INFO:colcon.colcon_ros.task.ament_cmake.build:Building ROS package in '/home/imml/git/research_2025/apple-harvest-refactor/harvest_hardware/Universal_Robots_ROS2_Driver/ur_moveit_config' with build type 'ament_cmake'
[0.710s] INFO:colcon.colcon_cmake.task.cmake.build:Building CMake package in '/home/imml/git/research_2025/apple-harvest-refactor/harvest_hardware/Universal_Robots_ROS2_Driver/ur_moveit_config'
[0.710s] INFO:colcon.colcon_core.shell:Skip shell extension 'powershell' for command environment: Not usable outside of PowerShell
[0.710s] DEBUG:colcon.colcon_core.shell:Skip shell extension 'dsv' for command environment
[0.716s] DEBUG:colcon.colcon_core.event_handler.log_command:Invoked command in '/home/imml/git/research_2025/apple-harvest-refactor/build/ur_dashboard_msgs' returned '0': CMAKE_PREFIX_PATH=${CMAKE_PREFIX_PATH}:/home/imml/git/research_2025/apple-harvest-refactor/install/ur5e_custom_hardware:/home/imml/git/research_2025/apple-harvest-refactor/install/harvest_vision:/opt/ros/humble /usr/bin/cmake --build /home/imml/git/research_2025/apple-harvest-refactor/build/ur_dashboard_msgs -- -j16 -l16
[0.718s] DEBUG:colcon.colcon_core.event_handler.log_command:Invoking command in '/home/imml/git/research_2025/apple-harvest-refactor/build/ur_dashboard_msgs': CMAKE_PREFIX_PATH=${CMAKE_PREFIX_PATH}:/home/imml/git/research_2025/apple-harvest-refactor/install/ur5e_custom_hardware:/home/imml/git/research_2025/apple-harvest-refactor/install/harvest_vision:/opt/ros/humble /usr/bin/cmake --install /home/imml/git/research_2025/apple-harvest-refactor/build/ur_dashboard_msgs
[0.723s] DEBUG:colcon.colcon_core.event_handler.log_command:Invoking command in '/home/imml/git/research_2025/apple-harvest-refactor/build/ur_moveit_config': CMAKE_PREFIX_PATH=/home/imml/git/research_2025/apple-harvest-refactor/install/ur_description:/home/imml/git/research_2025/apple-harvest-refactor/install/ur_moveit_config:/home/imml/git/research_2025/apple-harvest-refactor/install/ur_dashboard_msgs:/home/imml/git/research_2025/apple-harvest-refactor/install/realsense2_description:/home/imml/git/research_2025/apple-harvest-refactor/install/realsense2_camera:/home/imml/git/research_2025/apple-harvest-refactor/install/realsense2_camera_msgs:/home/imml/git/research_2025/apple-harvest-refactor/install/harvest_control:/home/imml/git/research_2025/apple-harvest-refactor/install/harvest:/home/imml/git/research_2025/apple-harvest-refactor/install/harvest_interfaces:/home/imml/git/research_2025/apple-harvest-refactor/install/ur5e_custom_hardware:/home/imml/git/research_2025/apple-harvest-refactor/install/harvest_vision:/opt/ros/humble /usr/bin/cmake --build /home/imml/git/research_2025/apple-harvest-refactor/build/ur_moveit_config -- -j16 -l16
[0.724s] DEBUG:colcon.colcon_core.event_handler.log_command:Invoked command in '/home/imml/git/research_2025/apple-harvest-refactor/build/realsense2_camera_msgs' returned '0': CMAKE_PREFIX_PATH=${CMAKE_PREFIX_PATH}:/home/imml/git/research_2025/apple-harvest-refactor/install/ur5e_custom_hardware:/home/imml/git/research_2025/apple-harvest-refactor/install/harvest_vision:/opt/ros/humble /usr/bin/cmake --build /home/imml/git/research_2025/apple-harvest-refactor/build/realsense2_camera_msgs -- -j16 -l16
[0.724s] DEBUG:colcon.colcon_core.event_handler.log_command:Invoking command in '/home/imml/git/research_2025/apple-harvest-refactor/build/realsense2_camera_msgs': CMAKE_PREFIX_PATH=${CMAKE_PREFIX_PATH}:/home/imml/git/research_2025/apple-harvest-refactor/install/ur5e_custom_hardware:/home/imml/git/research_2025/apple-harvest-refactor/install/harvest_vision:/opt/ros/humble /usr/bin/cmake --install /home/imml/git/research_2025/apple-harvest-refactor/build/realsense2_camera_msgs
[0.724s] DEBUG:colcon.colcon_core.event_handler.log_command:Invoked command in '/home/imml/git/research_2025/apple-harvest-refactor/build/harvest_interfaces' returned '0': CMAKE_PREFIX_PATH=${CMAKE_PREFIX_PATH}:/home/imml/git/research_2025/apple-harvest-refactor/install/ur5e_custom_hardware:/home/imml/git/research_2025/apple-harvest-refactor/install/harvest_vision:/opt/ros/humble /usr/bin/cmake --build /home/imml/git/research_2025/apple-harvest-refactor/build/harvest_interfaces -- -j16 -l16
[0.725s] DEBUG:colcon.colcon_core.event_handler.log_command:Invoking command in '/home/imml/git/research_2025/apple-harvest-refactor/build/harvest_interfaces': CMAKE_PREFIX_PATH=${CMAKE_PREFIX_PATH}:/home/imml/git/research_2025/apple-harvest-refactor/install/ur5e_custom_hardware:/home/imml/git/research_2025/apple-harvest-refactor/install/harvest_vision:/opt/ros/humble /usr/bin/cmake --install /home/imml/git/research_2025/apple-harvest-refactor/build/harvest_interfaces
[0.793s] Level 1:colcon.colcon_core.environment:create_environment_scripts_only(realsense2_camera_msgs)
[0.793s] DEBUG:colcon.colcon_core.event_handler.log_command:Invoked command in '/home/imml/git/research_2025/apple-harvest-refactor/build/realsense2_camera_msgs' returned '0': CMAKE_PREFIX_PATH=${CMAKE_PREFIX_PATH}:/home/imml/git/research_2025/apple-harvest-refactor/install/ur5e_custom_hardware:/home/imml/git/research_2025/apple-harvest-refactor/install/harvest_vision:/opt/ros/humble /usr/bin/cmake --install /home/imml/git/research_2025/apple-harvest-refactor/build/realsense2_camera_msgs
[0.793s] Level 1:colcon.colcon_core.environment:checking '/home/imml/git/research_2025/apple-harvest-refactor/install/realsense2_camera_msgs' for CMake module files
[0.794s] Level 1:colcon.colcon_core.environment:checking '/home/imml/git/research_2025/apple-harvest-refactor/install/realsense2_camera_msgs' for CMake config files
[0.795s] Level 1:colcon.colcon_core.shell:create_environment_hook('realsense2_camera_msgs', 'cmake_prefix_path')
[0.795s] INFO:colcon.colcon_core.shell:Creating environment hook '/home/imml/git/research_2025/apple-harvest-refactor/install/realsense2_camera_msgs/share/realsense2_camera_msgs/hook/cmake_prefix_path.ps1'
[0.796s] INFO:colcon.colcon_core.shell:Creating environment descriptor '/home/imml/git/research_2025/apple-harvest-refactor/install/realsense2_camera_msgs/share/realsense2_camera_msgs/hook/cmake_prefix_path.dsv'
[0.796s] INFO:colcon.colcon_core.shell:Creating environment hook '/home/imml/git/research_2025/apple-harvest-refactor/install/realsense2_camera_msgs/share/realsense2_camera_msgs/hook/cmake_prefix_path.sh'
[0.797s] Level 1:colcon.colcon_core.environment:checking '/home/imml/git/research_2025/apple-harvest-refactor/install/realsense2_camera_msgs/lib'
[0.797s] Level 1:colcon.colcon_core.shell:create_environment_hook('realsense2_camera_msgs', 'ld_library_path_lib')
[0.797s] INFO:colcon.colcon_core.shell:Creating environment hook '/home/imml/git/research_2025/apple-harvest-refactor/install/realsense2_camera_msgs/share/realsense2_camera_msgs/hook/ld_library_path_lib.ps1'
[0.797s] INFO:colcon.colcon_core.shell:Creating environment descriptor '/home/imml/git/research_2025/apple-harvest-refactor/install/realsense2_camera_msgs/share/realsense2_camera_msgs/hook/ld_library_path_lib.dsv'
[0.797s] INFO:colcon.colcon_core.shell:Creating environment hook '/home/imml/git/research_2025/apple-harvest-refactor/install/realsense2_camera_msgs/share/realsense2_camera_msgs/hook/ld_library_path_lib.sh'
[0.798s] Level 1:colcon.colcon_core.environment:checking '/home/imml/git/research_2025/apple-harvest-refactor/install/realsense2_camera_msgs/bin'
[0.798s] Level 1:colcon.colcon_core.environment:checking '/home/imml/git/research_2025/apple-harvest-refactor/install/realsense2_camera_msgs/lib/pkgconfig/realsense2_camera_msgs.pc'
[0.798s] Level 1:colcon.colcon_core.environment:checking '/home/imml/git/research_2025/apple-harvest-refactor/install/realsense2_camera_msgs/lib/python3.10/site-packages'
[0.798s] Level 1:colcon.colcon_core.environment:checking '/home/imml/git/research_2025/apple-harvest-refactor/install/realsense2_camera_msgs/bin'
[0.798s] INFO:colcon.colcon_core.shell:Creating package script '/home/imml/git/research_2025/apple-harvest-refactor/install/realsense2_camera_msgs/share/realsense2_camera_msgs/package.ps1'
[0.799s] INFO:colcon.colcon_core.shell:Creating package descriptor '/home/imml/git/research_2025/apple-harvest-refactor/install/realsense2_camera_msgs/share/realsense2_camera_msgs/package.dsv'
[0.799s] INFO:colcon.colcon_core.shell:Creating package script '/home/imml/git/research_2025/apple-harvest-refactor/install/realsense2_camera_msgs/share/realsense2_camera_msgs/package.sh'
[0.799s] INFO:colcon.colcon_core.shell:Creating package script '/home/imml/git/research_2025/apple-harvest-refactor/install/realsense2_camera_msgs/share/realsense2_camera_msgs/package.bash'
[0.800s] INFO:colcon.colcon_core.shell:Creating package script '/home/imml/git/research_2025/apple-harvest-refactor/install/realsense2_camera_msgs/share/realsense2_camera_msgs/package.zsh'
[0.800s] Level 1:colcon.colcon_core.environment:create_file_with_runtime_dependencies(/home/imml/git/research_2025/apple-harvest-refactor/install/realsense2_camera_msgs/share/colcon-core/packages/realsense2_camera_msgs)
[0.800s] Level 1:colcon.colcon_core.environment:create_environment_scripts_only(realsense2_camera_msgs)
[0.800s] Level 1:colcon.colcon_core.environment:checking '/home/imml/git/research_2025/apple-harvest-refactor/install/realsense2_camera_msgs' for CMake module files
[0.801s] Level 1:colcon.colcon_core.environment:checking '/home/imml/git/research_2025/apple-harvest-refactor/install/realsense2_camera_msgs' for CMake config files
[0.802s] Level 1:colcon.colcon_core.shell:create_environment_hook('realsense2_camera_msgs', 'cmake_prefix_path')
[0.802s] INFO:colcon.colcon_core.shell:Creating environment hook '/home/imml/git/research_2025/apple-harvest-refactor/install/realsense2_camera_msgs/share/realsense2_camera_msgs/hook/cmake_prefix_path.ps1'
[0.803s] INFO:colcon.colcon_core.shell:Creating environment descriptor '/home/imml/git/research_2025/apple-harvest-refactor/install/realsense2_camera_msgs/share/realsense2_camera_msgs/hook/cmake_prefix_path.dsv'
[0.803s] INFO:colcon.colcon_core.shell:Creating environment hook '/home/imml/git/research_2025/apple-harvest-refactor/install/realsense2_camera_msgs/share/realsense2_camera_msgs/hook/cmake_prefix_path.sh'
[0.803s] Level 1:colcon.colcon_core.environment:checking '/home/imml/git/research_2025/apple-harvest-refactor/install/realsense2_camera_msgs/lib'
[0.803s] Level 1:colcon.colcon_core.shell:create_environment_hook('realsense2_camera_msgs', 'ld_library_path_lib')
[0.803s] INFO:colcon.colcon_core.shell:Creating environment hook '/home/imml/git/research_2025/apple-harvest-refactor/install/realsense2_camera_msgs/share/realsense2_camera_msgs/hook/ld_library_path_lib.ps1'
[0.804s] INFO:colcon.colcon_core.shell:Creating environment descriptor '/home/imml/git/research_2025/apple-harvest-refactor/install/realsense2_camera_msgs/share/realsense2_camera_msgs/hook/ld_library_path_lib.dsv'
[0.804s] INFO:colcon.colcon_core.shell:Creating environment hook '/home/imml/git/research_2025/apple-harvest-refactor/install/realsense2_camera_msgs/share/realsense2_camera_msgs/hook/ld_library_path_lib.sh'
[0.804s] Level 1:colcon.colcon_core.environment:checking '/home/imml/git/research_2025/apple-harvest-refactor/install/realsense2_camera_msgs/bin'
[0.804s] Level 1:colcon.colcon_core.environment:checking '/home/imml/git/research_2025/apple-harvest-refactor/install/realsense2_camera_msgs/lib/pkgconfig/realsense2_camera_msgs.pc'
[0.804s] Level 1:colcon.colcon_core.environment:checking '/home/imml/git/research_2025/apple-harvest-refactor/install/realsense2_camera_msgs/lib/python3.10/site-packages'
[0.805s] Level 1:colcon.colcon_core.environment:checking '/home/imml/git/research_2025/apple-harvest-refactor/install/realsense2_camera_msgs/bin'
[0.805s] INFO:colcon.colcon_core.shell:Creating package script '/home/imml/git/research_2025/apple-harvest-refactor/install/realsense2_camera_msgs/share/realsense2_camera_msgs/package.ps1'
[0.805s] INFO:colcon.colcon_core.shell:Creating package descriptor '/home/imml/git/research_2025/apple-harvest-refactor/install/realsense2_camera_msgs/share/realsense2_camera_msgs/package.dsv'
[0.806s] INFO:colcon.colcon_core.shell:Creating package script '/home/imml/git/research_2025/apple-harvest-refactor/install/realsense2_camera_msgs/share/realsense2_camera_msgs/package.sh'
[0.806s] INFO:colcon.colcon_core.shell:Creating package script '/home/imml/git/research_2025/apple-harvest-refactor/install/realsense2_camera_msgs/share/realsense2_camera_msgs/package.bash'
[0.807s] INFO:colcon.colcon_core.shell:Creating package script '/home/imml/git/research_2025/apple-harvest-refactor/install/realsense2_camera_msgs/share/realsense2_camera_msgs/package.zsh'
[0.807s] Level 1:colcon.colcon_core.environment:create_file_with_runtime_dependencies(/home/imml/git/research_2025/apple-harvest-refactor/install/realsense2_camera_msgs/share/colcon-core/packages/realsense2_camera_msgs)
[0.807s] INFO:colcon.colcon_ros.task.ament_cmake.build:Building ROS package in '/home/imml/git/research_2025/apple-harvest-refactor/harvest_hardware/realsense-ros/realsense2_camera' with build type 'ament_cmake'
[0.808s] INFO:colcon.colcon_cmake.task.cmake.build:Building CMake package in '/home/imml/git/research_2025/apple-harvest-refactor/harvest_hardware/realsense-ros/realsense2_camera'
[0.808s] INFO:colcon.colcon_core.shell:Skip shell extension 'powershell' for command environment: Not usable outside of PowerShell
[0.808s] DEBUG:colcon.colcon_core.shell:Skip shell extension 'dsv' for command environment
[0.815s] INFO:colcon.colcon_ros.task.ament_cmake.build:Building ROS package in '/home/imml/git/research_2025/apple-harvest-refactor/harvest_hardware/realsense-ros/realsense2_description' with build type 'ament_cmake'
[0.815s] INFO:colcon.colcon_cmake.task.cmake.build:Building CMake package in '/home/imml/git/research_2025/apple-harvest-refactor/harvest_hardware/realsense-ros/realsense2_description'
[0.815s] INFO:colcon.colcon_core.shell:Skip shell extension 'powershell' for command environment: Not usable outside of PowerShell
[0.815s] DEBUG:colcon.colcon_core.shell:Skip shell extension 'dsv' for command environment
[0.819s] Level 1:colcon.colcon_core.environment:create_environment_scripts_only(ur_dashboard_msgs)
[0.820s] DEBUG:colcon.colcon_core.event_handler.log_command:Invoked command in '/home/imml/git/research_2025/apple-harvest-refactor/build/ur_dashboard_msgs' returned '0': CMAKE_PREFIX_PATH=${CMAKE_PREFIX_PATH}:/home/imml/git/research_2025/apple-harvest-refactor/install/ur5e_custom_hardware:/home/imml/git/research_2025/apple-harvest-refactor/install/harvest_vision:/opt/ros/humble /usr/bin/cmake --install /home/imml/git/research_2025/apple-harvest-refactor/build/ur_dashboard_msgs
[0.820s] Level 1:colcon.colcon_core.environment:checking '/home/imml/git/research_2025/apple-harvest-refactor/install/ur_dashboard_msgs' for CMake module files
[0.821s] Level 1:colcon.colcon_core.environment:checking '/home/imml/git/research_2025/apple-harvest-refactor/install/ur_dashboard_msgs' for CMake config files
[0.824s] Level 1:colcon.colcon_core.shell:create_environment_hook('ur_dashboard_msgs', 'cmake_prefix_path')
[0.824s] INFO:colcon.colcon_core.shell:Creating environment hook '/home/imml/git/research_2025/apple-harvest-refactor/install/ur_dashboard_msgs/share/ur_dashboard_msgs/hook/cmake_prefix_path.ps1'
[0.825s] INFO:colcon.colcon_core.shell:Creating environment descriptor '/home/imml/git/research_2025/apple-harvest-refactor/install/ur_dashboard_msgs/share/ur_dashboard_msgs/hook/cmake_prefix_path.dsv'
[0.825s] INFO:colcon.colcon_core.shell:Creating environment hook '/home/imml/git/research_2025/apple-harvest-refactor/install/ur_dashboard_msgs/share/ur_dashboard_msgs/hook/cmake_prefix_path.sh'
[0.825s] Level 1:colcon.colcon_core.environment:checking '/home/imml/git/research_2025/apple-harvest-refactor/install/ur_dashboard_msgs/lib'
[0.825s] Level 1:colcon.colcon_core.shell:create_environment_hook('ur_dashboard_msgs', 'ld_library_path_lib')
[0.825s] INFO:colcon.colcon_core.shell:Creating environment hook '/home/imml/git/research_2025/apple-harvest-refactor/install/ur_dashboard_msgs/share/ur_dashboard_msgs/hook/ld_library_path_lib.ps1'
[0.826s] INFO:colcon.colcon_core.shell:Creating environment descriptor '/home/imml/git/research_2025/apple-harvest-refactor/install/ur_dashboard_msgs/share/ur_dashboard_msgs/hook/ld_library_path_lib.dsv'
[0.826s] INFO:colcon.colcon_core.shell:Creating environment hook '/home/imml/git/research_2025/apple-harvest-refactor/install/ur_dashboard_msgs/share/ur_dashboard_msgs/hook/ld_library_path_lib.sh'
[0.826s] Level 1:colcon.colcon_core.environment:checking '/home/imml/git/research_2025/apple-harvest-refactor/install/ur_dashboard_msgs/bin'
[0.826s] Level 1:colcon.colcon_core.environment:checking '/home/imml/git/research_2025/apple-harvest-refactor/install/ur_dashboard_msgs/lib/pkgconfig/ur_dashboard_msgs.pc'
[0.826s] Level 1:colcon.colcon_core.environment:checking '/home/imml/git/research_2025/apple-harvest-refactor/install/ur_dashboard_msgs/lib/python3.10/site-packages'
[0.827s] Level 1:colcon.colcon_core.environment:checking '/home/imml/git/research_2025/apple-harvest-refactor/install/ur_dashboard_msgs/bin'
[0.827s] INFO:colcon.colcon_core.shell:Creating package script '/home/imml/git/research_2025/apple-harvest-refactor/install/ur_dashboard_msgs/share/ur_dashboard_msgs/package.ps1'
[0.827s] INFO:colcon.colcon_core.shell:Creating package descriptor '/home/imml/git/research_2025/apple-harvest-refactor/install/ur_dashboard_msgs/share/ur_dashboard_msgs/package.dsv'
[0.827s] INFO:colcon.colcon_core.shell:Creating package script '/home/imml/git/research_2025/apple-harvest-refactor/install/ur_dashboard_msgs/share/ur_dashboard_msgs/package.sh'
[0.828s] INFO:colcon.colcon_core.shell:Creating package script '/home/imml/git/research_2025/apple-harvest-refactor/install/ur_dashboard_msgs/share/ur_dashboard_msgs/package.bash'
[0.828s] INFO:colcon.colcon_core.shell:Creating package script '/home/imml/git/research_2025/apple-harvest-refactor/install/ur_dashboard_msgs/share/ur_dashboard_msgs/package.zsh'
[0.828s] Level 1:colcon.colcon_core.environment:create_file_with_runtime_dependencies(/home/imml/git/research_2025/apple-harvest-refactor/install/ur_dashboard_msgs/share/colcon-core/packages/ur_dashboard_msgs)
[0.829s] Level 1:colcon.colcon_core.environment:create_environment_scripts_only(ur_dashboard_msgs)
[0.829s] Level 1:colcon.colcon_core.environment:checking '/home/imml/git/research_2025/apple-harvest-refactor/install/ur_dashboard_msgs' for CMake module files
[0.829s] Level 1:colcon.colcon_core.environment:checking '/home/imml/git/research_2025/apple-harvest-refactor/install/ur_dashboard_msgs' for CMake config files
[0.832s] Level 1:colcon.colcon_core.shell:create_environment_hook('ur_dashboard_msgs', 'cmake_prefix_path')
[0.832s] INFO:colcon.colcon_core.shell:Creating environment hook '/home/imml/git/research_2025/apple-harvest-refactor/install/ur_dashboard_msgs/share/ur_dashboard_msgs/hook/cmake_prefix_path.ps1'
[0.832s] INFO:colcon.colcon_core.shell:Creating environment descriptor '/home/imml/git/research_2025/apple-harvest-refactor/install/ur_dashboard_msgs/share/ur_dashboard_msgs/hook/cmake_prefix_path.dsv'
[0.833s] INFO:colcon.colcon_core.shell:Creating environment hook '/home/imml/git/research_2025/apple-harvest-refactor/install/ur_dashboard_msgs/share/ur_dashboard_msgs/hook/cmake_prefix_path.sh'
[0.833s] Level 1:colcon.colcon_core.environment:checking '/home/imml/git/research_2025/apple-harvest-refactor/install/ur_dashboard_msgs/lib'
[0.833s] Level 1:colcon.colcon_core.shell:create_environment_hook('ur_dashboard_msgs', 'ld_library_path_lib')
[0.833s] INFO:colcon.colcon_core.shell:Creating environment hook '/home/imml/git/research_2025/apple-harvest-refactor/install/ur_dashboard_msgs/share/ur_dashboard_msgs/hook/ld_library_path_lib.ps1'
[0.834s] INFO:colcon.colcon_core.shell:Creating environment descriptor '/home/imml/git/research_2025/apple-harvest-refactor/install/ur_dashboard_msgs/share/ur_dashboard_msgs/hook/ld_library_path_lib.dsv'
[0.834s] INFO:colcon.colcon_core.shell:Creating environment hook '/home/imml/git/research_2025/apple-harvest-refactor/install/ur_dashboard_msgs/share/ur_dashboard_msgs/hook/ld_library_path_lib.sh'
[0.834s] Level 1:colcon.colcon_core.environment:checking '/home/imml/git/research_2025/apple-harvest-refactor/install/ur_dashboard_msgs/bin'
[0.834s] Level 1:colcon.colcon_core.environment:checking '/home/imml/git/research_2025/apple-harvest-refactor/install/ur_dashboard_msgs/lib/pkgconfig/ur_dashboard_msgs.pc'
[0.834s] Level 1:colcon.colcon_core.environment:checking '/home/imml/git/research_2025/apple-harvest-refactor/install/ur_dashboard_msgs/lib/python3.10/site-packages'
[0.835s] Level 1:colcon.colcon_core.environment:checking '/home/imml/git/research_2025/apple-harvest-refactor/install/ur_dashboard_msgs/bin'
[0.835s] INFO:colcon.colcon_core.shell:Creating package script '/home/imml/git/research_2025/apple-harvest-refactor/install/ur_dashboard_msgs/share/ur_dashboard_msgs/package.ps1'
[0.836s] INFO:colcon.colcon_core.shell:Creating package descriptor '/home/imml/git/research_2025/apple-harvest-refactor/install/ur_dashboard_msgs/share/ur_dashboard_msgs/package.dsv'
[0.836s] INFO:colcon.colcon_core.shell:Creating package script '/home/imml/git/research_2025/apple-harvest-refactor/install/ur_dashboard_msgs/share/ur_dashboard_msgs/package.sh'
[0.836s] INFO:colcon.colcon_core.shell:Creating package script '/home/imml/git/research_2025/apple-harvest-refactor/install/ur_dashboard_msgs/share/ur_dashboard_msgs/package.bash'
[0.837s] INFO:colcon.colcon_core.shell:Creating package script '/home/imml/git/research_2025/apple-harvest-refactor/install/ur_dashboard_msgs/share/ur_dashboard_msgs/package.zsh'
[0.837s] Level 1:colcon.colcon_core.environment:create_file_with_runtime_dependencies(/home/imml/git/research_2025/apple-harvest-refactor/install/ur_dashboard_msgs/share/colcon-core/packages/ur_dashboard_msgs)
[0.837s] Level 1:colcon.colcon_core.environment:create_environment_scripts_only(harvest_interfaces)
[0.838s] Level 1:colcon.colcon_core.environment:checking '/home/imml/git/research_2025/apple-harvest-refactor/install/harvest_interfaces' for CMake module files
[0.838s] DEBUG:colcon.colcon_core.event_handler.log_command:Invoked command in '/home/imml/git/research_2025/apple-harvest-refactor/build/harvest_interfaces' returned '0': CMAKE_PREFIX_PATH=${CMAKE_PREFIX_PATH}:/home/imml/git/research_2025/apple-harvest-refactor/install/ur5e_custom_hardware:/home/imml/git/research_2025/apple-harvest-refactor/install/harvest_vision:/opt/ros/humble /usr/bin/cmake --install /home/imml/git/research_2025/apple-harvest-refactor/build/harvest_interfaces
[0.839s] Level 1:colcon.colcon_core.environment:checking '/home/imml/git/research_2025/apple-harvest-refactor/install/harvest_interfaces' for CMake config files
[0.841s] Level 1:colcon.colcon_core.shell:create_environment_hook('harvest_interfaces', 'cmake_prefix_path')
[0.841s] INFO:colcon.colcon_core.shell:Creating environment hook '/home/imml/git/research_2025/apple-harvest-refactor/install/harvest_interfaces/share/harvest_interfaces/hook/cmake_prefix_path.ps1'
[0.841s] INFO:colcon.colcon_core.shell:Creating environment descriptor '/home/imml/git/research_2025/apple-harvest-refactor/install/harvest_interfaces/share/harvest_interfaces/hook/cmake_prefix_path.dsv'
[0.842s] INFO:colcon.colcon_core.shell:Creating environment hook '/home/imml/git/research_2025/apple-harvest-refactor/install/harvest_interfaces/share/harvest_interfaces/hook/cmake_prefix_path.sh'
[0.842s] Level 1:colcon.colcon_core.environment:checking '/home/imml/git/research_2025/apple-harvest-refactor/install/harvest_interfaces/lib'
[0.842s] Level 1:colcon.colcon_core.shell:create_environment_hook('harvest_interfaces', 'ld_library_path_lib')
[0.842s] INFO:colcon.colcon_core.shell:Creating environment hook '/home/imml/git/research_2025/apple-harvest-refactor/install/harvest_interfaces/share/harvest_interfaces/hook/ld_library_path_lib.ps1'
[0.842s] INFO:colcon.colcon_core.shell:Creating environment descriptor '/home/imml/git/research_2025/apple-harvest-refactor/install/harvest_interfaces/share/harvest_interfaces/hook/ld_library_path_lib.dsv'
[0.843s] INFO:colcon.colcon_core.shell:Creating environment hook '/home/imml/git/research_2025/apple-harvest-refactor/install/harvest_interfaces/share/harvest_interfaces/hook/ld_library_path_lib.sh'
[0.843s] Level 1:colcon.colcon_core.environment:checking '/home/imml/git/research_2025/apple-harvest-refactor/install/harvest_interfaces/bin'
[0.843s] Level 1:colcon.colcon_core.environment:checking '/home/imml/git/research_2025/apple-harvest-refactor/install/harvest_interfaces/lib/pkgconfig/harvest_interfaces.pc'
[0.843s] Level 1:colcon.colcon_core.environment:checking '/home/imml/git/research_2025/apple-harvest-refactor/install/harvest_interfaces/lib/python3.10/site-packages'
[0.843s] Level 1:colcon.colcon_core.environment:checking '/home/imml/git/research_2025/apple-harvest-refactor/install/harvest_interfaces/bin'
[0.843s] INFO:colcon.colcon_core.shell:Creating package script '/home/imml/git/research_2025/apple-harvest-refactor/install/harvest_interfaces/share/harvest_interfaces/package.ps1'
[0.844s] INFO:colcon.colcon_core.shell:Creating package descriptor '/home/imml/git/research_2025/apple-harvest-refactor/install/harvest_interfaces/share/harvest_interfaces/package.dsv'
[0.844s] INFO:colcon.colcon_core.shell:Creating package script '/home/imml/git/research_2025/apple-harvest-refactor/install/harvest_interfaces/share/harvest_interfaces/package.sh'
[0.844s] INFO:colcon.colcon_core.shell:Creating package script '/home/imml/git/research_2025/apple-harvest-refactor/install/harvest_interfaces/share/harvest_interfaces/package.bash'
[0.845s] INFO:colcon.colcon_core.shell:Creating package script '/home/imml/git/research_2025/apple-harvest-refactor/install/harvest_interfaces/share/harvest_interfaces/package.zsh'
[0.845s] Level 1:colcon.colcon_core.environment:create_file_with_runtime_dependencies(/home/imml/git/research_2025/apple-harvest-refactor/install/harvest_interfaces/share/colcon-core/packages/harvest_interfaces)
[0.845s] Level 1:colcon.colcon_core.environment:create_environment_scripts_only(harvest_interfaces)
[0.845s] Level 1:colcon.colcon_core.environment:checking '/home/imml/git/research_2025/apple-harvest-refactor/install/harvest_interfaces' for CMake module files
[0.846s] Level 1:colcon.colcon_core.environment:checking '/home/imml/git/research_2025/apple-harvest-refactor/install/harvest_interfaces' for CMake config files
[0.848s] Level 1:colcon.colcon_core.shell:create_environment_hook('harvest_interfaces', 'cmake_prefix_path')
[0.848s] INFO:colcon.colcon_core.shell:Creating environment hook '/home/imml/git/research_2025/apple-harvest-refactor/install/harvest_interfaces/share/harvest_interfaces/hook/cmake_prefix_path.ps1'
[0.848s] INFO:colcon.colcon_core.shell:Creating environment descriptor '/home/imml/git/research_2025/apple-harvest-refactor/install/harvest_interfaces/share/harvest_interfaces/hook/cmake_prefix_path.dsv'
[0.848s] INFO:colcon.colcon_core.shell:Creating environment hook '/home/imml/git/research_2025/apple-harvest-refactor/install/harvest_interfaces/share/harvest_interfaces/hook/cmake_prefix_path.sh'
[0.849s] Level 1:colcon.colcon_core.environment:checking '/home/imml/git/research_2025/apple-harvest-refactor/install/harvest_interfaces/lib'
[0.849s] Level 1:colcon.colcon_core.shell:create_environment_hook('harvest_interfaces', 'ld_library_path_lib')
[0.849s] INFO:colcon.colcon_core.shell:Creating environment hook '/home/imml/git/research_2025/apple-harvest-refactor/install/harvest_interfaces/share/harvest_interfaces/hook/ld_library_path_lib.ps1'
[0.849s] INFO:colcon.colcon_core.shell:Creating environment descriptor '/home/imml/git/research_2025/apple-harvest-refactor/install/harvest_interfaces/share/harvest_interfaces/hook/ld_library_path_lib.dsv'
[0.849s] INFO:colcon.colcon_core.shell:Creating environment hook '/home/imml/git/research_2025/apple-harvest-refactor/install/harvest_interfaces/share/harvest_interfaces/hook/ld_library_path_lib.sh'
[0.850s] Level 1:colcon.colcon_core.environment:checking '/home/imml/git/research_2025/apple-harvest-refactor/install/harvest_interfaces/bin'
[0.850s] Level 1:colcon.colcon_core.environment:checking '/home/imml/git/research_2025/apple-harvest-refactor/install/harvest_interfaces/lib/pkgconfig/harvest_interfaces.pc'
[0.850s] Level 1:colcon.colcon_core.environment:checking '/home/imml/git/research_2025/apple-harvest-refactor/install/harvest_interfaces/lib/python3.10/site-packages'
[0.850s] Level 1:colcon.colcon_core.environment:checking '/home/imml/git/research_2025/apple-harvest-refactor/install/harvest_interfaces/bin'
[0.850s] INFO:colcon.colcon_core.shell:Creating package script '/home/imml/git/research_2025/apple-harvest-refactor/install/harvest_interfaces/share/harvest_interfaces/package.ps1'
[0.851s] INFO:colcon.colcon_core.shell:Creating package descriptor '/home/imml/git/research_2025/apple-harvest-refactor/install/harvest_interfaces/share/harvest_interfaces/package.dsv'
[0.851s] INFO:colcon.colcon_core.shell:Creating package script '/home/imml/git/research_2025/apple-harvest-refactor/install/harvest_interfaces/share/harvest_interfaces/package.sh'
[0.851s] INFO:colcon.colcon_core.shell:Creating package script '/home/imml/git/research_2025/apple-harvest-refactor/install/harvest_interfaces/share/harvest_interfaces/package.bash'
[0.852s] INFO:colcon.colcon_core.shell:Creating package script '/home/imml/git/research_2025/apple-harvest-refactor/install/harvest_interfaces/share/harvest_interfaces/package.zsh'
[0.852s] Level 1:colcon.colcon_core.environment:create_file_with_runtime_dependencies(/home/imml/git/research_2025/apple-harvest-refactor/install/harvest_interfaces/share/colcon-core/packages/harvest_interfaces)
[0.853s] INFO:colcon.colcon_ros.task.ament_cmake.build:Building ROS package in '/home/imml/git/research_2025/apple-harvest-refactor/harvest_hardware/Universal_Robots_ROS2_Driver/ur_controllers' with build type 'ament_cmake'
[0.853s] INFO:colcon.colcon_cmake.task.cmake.build:Building CMake package in '/home/imml/git/research_2025/apple-harvest-refactor/harvest_hardware/Universal_Robots_ROS2_Driver/ur_controllers'
[0.853s] INFO:colcon.colcon_core.shell:Skip shell extension 'powershell' for command environment: Not usable outside of PowerShell
[0.853s] DEBUG:colcon.colcon_core.shell:Skip shell extension 'dsv' for command environment
[0.856s] INFO:colcon.colcon_ros.task.ament_cmake.build:Building ROS package in '/home/imml/git/research_2025/apple-harvest-refactor/harvest' with build type 'ament_cmake'
[0.856s] INFO:colcon.colcon_cmake.task.cmake.build:Building CMake package in '/home/imml/git/research_2025/apple-harvest-refactor/harvest'
[0.857s] INFO:colcon.colcon_core.shell:Skip shell extension 'powershell' for command environment: Not usable outside of PowerShell
[0.857s] DEBUG:colcon.colcon_core.shell:Skip shell extension 'dsv' for command environment
[0.860s] INFO:colcon.colcon_ros.task.ament_cmake.build:Building ROS package in '/home/imml/git/research_2025/apple-harvest-refactor/harvest_control' with build type 'ament_cmake'
[0.860s] INFO:colcon.colcon_cmake.task.cmake.build:Building CMake package in '/home/imml/git/research_2025/apple-harvest-refactor/harvest_control'
[0.860s] INFO:colcon.colcon_core.shell:Skip shell extension 'powershell' for command environment: Not usable outside of PowerShell
[0.860s] DEBUG:colcon.colcon_core.shell:Skip shell extension 'dsv' for command environment
[0.863s] INFO:colcon.colcon_ros.task.ament_python.build:Building ROS package in '/home/imml/git/research_2025/apple-harvest-refactor/harvest_vision' with build type 'ament_python'
[0.863s] Level 1:colcon.colcon_core.shell:create_environment_hook('harvest_vision', 'ament_prefix_path')
[0.864s] INFO:colcon.colcon_core.shell:Creating environment hook '/home/imml/git/research_2025/apple-harvest-refactor/install/harvest_vision/share/harvest_vision/hook/ament_prefix_path.ps1'
[0.864s] INFO:colcon.colcon_core.shell:Creating environment descriptor '/home/imml/git/research_2025/apple-harvest-refactor/install/harvest_vision/share/harvest_vision/hook/ament_prefix_path.dsv'
[0.864s] INFO:colcon.colcon_core.shell:Creating environment hook '/home/imml/git/research_2025/apple-harvest-refactor/install/harvest_vision/share/harvest_vision/hook/ament_prefix_path.sh'
[0.865s] INFO:colcon.colcon_core.shell:Skip shell extension 'powershell' for command environment: Not usable outside of PowerShell
[0.865s] DEBUG:colcon.colcon_core.shell:Skip shell extension 'dsv' for command environment
[0.872s] DEBUG:colcon.colcon_core.event_handler.log_command:Invoking command in '/home/imml/git/research_2025/apple-harvest-refactor/build/realsense2_camera': CMAKE_PREFIX_PATH=/home/imml/git/research_2025/apple-harvest-refactor/install/realsense2_camera_msgs:/home/imml/git/research_2025/apple-harvest-refactor/install/ur_moveit_config:/home/imml/git/research_2025/apple-harvest-refactor/install/ur_description:/home/imml/git/research_2025/apple-harvest-refactor/install/ur_dashboard_msgs:/home/imml/git/research_2025/apple-harvest-refactor/install/realsense2_description:/home/imml/git/research_2025/apple-harvest-refactor/install/realsense2_camera:/home/imml/git/research_2025/apple-harvest-refactor/install/harvest_control:/home/imml/git/research_2025/apple-harvest-refactor/install/harvest:/home/imml/git/research_2025/apple-harvest-refactor/install/harvest_interfaces:/home/imml/git/research_2025/apple-harvest-refactor/install/ur5e_custom_hardware:/home/imml/git/research_2025/apple-harvest-refactor/install/harvest_vision:/opt/ros/humble LD_LIBRARY_PATH=/home/imml/git/research_2025/apple-harvest-refactor/install/realsense2_camera_msgs/lib:/home/imml/git/research_2025/apple-harvest-refactor/install/ur_dashboard_msgs/lib:/home/imml/git/research_2025/apple-harvest-refactor/install/realsense2_camera/lib:/home/imml/git/research_2025/apple-harvest-refactor/install/harvest_interfaces/lib:/usr/local/cuda-12.9/lib64:/opt/ros/humble/opt/rviz_ogre_vendor/lib:/opt/ros/humble/lib/x86_64-linux-gnu:/opt/ros/humble/lib /usr/bin/cmake --build /home/imml/git/research_2025/apple-harvest-refactor/build/realsense2_camera -- -j16 -l16
[0.875s] DEBUG:colcon.colcon_core.event_handler.log_command:Invoking command in '/home/imml/git/research_2025/apple-harvest-refactor/build/realsense2_description': CMAKE_PREFIX_PATH=/home/imml/git/research_2025/apple-harvest-refactor/install/realsense2_camera_msgs:/home/imml/git/research_2025/apple-harvest-refactor/install/ur_moveit_config:/home/imml/git/research_2025/apple-harvest-refactor/install/ur_description:/home/imml/git/research_2025/apple-harvest-refactor/install/ur_dashboard_msgs:/home/imml/git/research_2025/apple-harvest-refactor/install/realsense2_description:/home/imml/git/research_2025/apple-harvest-refactor/install/realsense2_camera:/home/imml/git/research_2025/apple-harvest-refactor/install/harvest_control:/home/imml/git/research_2025/apple-harvest-refactor/install/harvest:/home/imml/git/research_2025/apple-harvest-refactor/install/harvest_interfaces:/home/imml/git/research_2025/apple-harvest-refactor/install/ur5e_custom_hardware:/home/imml/git/research_2025/apple-harvest-refactor/install/harvest_vision:/opt/ros/humble LD_LIBRARY_PATH=/home/imml/git/research_2025/apple-harvest-refactor/install/realsense2_camera_msgs/lib:/home/imml/git/research_2025/apple-harvest-refactor/install/ur_dashboard_msgs/lib:/home/imml/git/research_2025/apple-harvest-refactor/install/realsense2_camera/lib:/home/imml/git/research_2025/apple-harvest-refactor/install/harvest_interfaces/lib:/usr/local/cuda-12.9/lib64:/opt/ros/humble/opt/rviz_ogre_vendor/lib:/opt/ros/humble/lib/x86_64-linux-gnu:/opt/ros/humble/lib /usr/bin/cmake --build /home/imml/git/research_2025/apple-harvest-refactor/build/realsense2_description -- -j16 -l16
[0.877s] DEBUG:colcon.colcon_core.event_handler.log_command:Invoking command in '/home/imml/git/research_2025/apple-harvest-refactor/build/ur_controllers': CMAKE_PREFIX_PATH=/home/imml/git/research_2025/apple-harvest-refactor/install/ur_dashboard_msgs:/home/imml/git/research_2025/apple-harvest-refactor/install/ur_moveit_config:/home/imml/git/research_2025/apple-harvest-refactor/install/ur_description:/home/imml/git/research_2025/apple-harvest-refactor/install/realsense2_description:/home/imml/git/research_2025/apple-harvest-refactor/install/realsense2_camera:/home/imml/git/research_2025/apple-harvest-refactor/install/realsense2_camera_msgs:/home/imml/git/research_2025/apple-harvest-refactor/install/harvest_control:/home/imml/git/research_2025/apple-harvest-refactor/install/harvest:/home/imml/git/research_2025/apple-harvest-refactor/install/harvest_interfaces:/home/imml/git/research_2025/apple-harvest-refactor/install/ur5e_custom_hardware:/home/imml/git/research_2025/apple-harvest-refactor/install/harvest_vision:/opt/ros/humble /usr/bin/cmake --build /home/imml/git/research_2025/apple-harvest-refactor/build/ur_controllers -- -j16 -l16
[0.879s] DEBUG:colcon.colcon_core.event_handler.log_command:Invoking command in '/home/imml/git/research_2025/apple-harvest-refactor/build/harvest': CMAKE_PREFIX_PATH=/home/imml/git/research_2025/apple-harvest-refactor/install/harvest_interfaces:/home/imml/git/research_2025/apple-harvest-refactor/install/ur_moveit_config:/home/imml/git/research_2025/apple-harvest-refactor/install/ur_description:/home/imml/git/research_2025/apple-harvest-refactor/install/ur_dashboard_msgs:/home/imml/git/research_2025/apple-harvest-refactor/install/realsense2_description:/home/imml/git/research_2025/apple-harvest-refactor/install/realsense2_camera:/home/imml/git/research_2025/apple-harvest-refactor/install/realsense2_camera_msgs:/home/imml/git/research_2025/apple-harvest-refactor/install/harvest_control:/home/imml/git/research_2025/apple-harvest-refactor/install/harvest:/home/imml/git/research_2025/apple-harvest-refactor/install/ur5e_custom_hardware:/home/imml/git/research_2025/apple-harvest-refactor/install/harvest_vision:/opt/ros/humble LD_LIBRARY_PATH=/home/imml/git/research_2025/apple-harvest-refactor/install/harvest_interfaces/lib:/home/imml/git/research_2025/apple-harvest-refactor/install/ur_dashboard_msgs/lib:/home/imml/git/research_2025/apple-harvest-refactor/install/realsense2_camera/lib:/home/imml/git/research_2025/apple-harvest-refactor/install/realsense2_camera_msgs/lib:/usr/local/cuda-12.9/lib64:/opt/ros/humble/opt/rviz_ogre_vendor/lib:/opt/ros/humble/lib/x86_64-linux-gnu:/opt/ros/humble/lib /usr/bin/cmake --build /home/imml/git/research_2025/apple-harvest-refactor/build/harvest -- -j16 -l16
[0.882s] DEBUG:colcon.colcon_core.event_handler.log_command:Invoking command in '/home/imml/git/research_2025/apple-harvest-refactor/build/harvest_control': CMAKE_PREFIX_PATH=/home/imml/git/research_2025/apple-harvest-refactor/install/harvest_interfaces:/home/imml/git/research_2025/apple-harvest-refactor/install/ur_moveit_config:/home/imml/git/research_2025/apple-harvest-refactor/install/ur_description:/home/imml/git/research_2025/apple-harvest-refactor/install/ur_dashboard_msgs:/home/imml/git/research_2025/apple-harvest-refactor/install/realsense2_description:/home/imml/git/research_2025/apple-harvest-refactor/install/realsense2_camera:/home/imml/git/research_2025/apple-harvest-refactor/install/realsense2_camera_msgs:/home/imml/git/research_2025/apple-harvest-refactor/install/harvest_control:/home/imml/git/research_2025/apple-harvest-refactor/install/harvest:/home/imml/git/research_2025/apple-harvest-refactor/install/ur5e_custom_hardware:/home/imml/git/research_2025/apple-harvest-refactor/install/harvest_vision:/opt/ros/humble LD_LIBRARY_PATH=/home/imml/git/research_2025/apple-harvest-refactor/install/harvest_interfaces/lib:/home/imml/git/research_2025/apple-harvest-refactor/install/ur_dashboard_msgs/lib:/home/imml/git/research_2025/apple-harvest-refactor/install/realsense2_camera/lib:/home/imml/git/research_2025/apple-harvest-refactor/install/realsense2_camera_msgs/lib:/usr/local/cuda-12.9/lib64:/opt/ros/humble/opt/rviz_ogre_vendor/lib:/opt/ros/humble/lib/x86_64-linux-gnu:/opt/ros/humble/lib /usr/bin/cmake --build /home/imml/git/research_2025/apple-harvest-refactor/build/harvest_control -- -j16 -l16
[1.136s] INFO:colcon.colcon_core.task.python.build:Building Python package in '/home/imml/git/research_2025/apple-harvest-refactor/harvest_vision'
[1.136s] INFO:colcon.colcon_core.shell:Skip shell extension 'powershell' for command environment: Not usable outside of PowerShell
[1.136s] DEBUG:colcon.colcon_core.shell:Skip shell extension 'dsv' for command environment
[1.145s] DEBUG:colcon.colcon_core.event_handler.log_command:Invoking command in '/home/imml/git/research_2025/apple-harvest-refactor/build/ur5e_custom_hardware': PYTHONPATH=/home/imml/git/research_2025/apple-harvest-refactor/build/ur5e_custom_hardware/prefix_override:/usr/lib/python3/dist-packages/colcon_core/task/python/colcon_distutils_commands:/home/imml/git/research_2025/apple-harvest-refactor/install/ur5e_custom_hardware/lib/python3.10/site-packages:${PYTHONPATH} /usr/bin/python3 -W ignore:setup.py install is deprecated -W ignore:easy_install command is deprecated setup.py develop --editable --build-directory /home/imml/git/research_2025/apple-harvest-refactor/build/ur5e_custom_hardware/build --no-deps symlink_data
[1.145s] DEBUG:colcon.colcon_core.event_handler.log_command:Invoked command in '/home/imml/git/research_2025/apple-harvest-refactor/build/ur_controllers' returned '0': CMAKE_PREFIX_PATH=/home/imml/git/research_2025/apple-harvest-refactor/install/ur_dashboard_msgs:/home/imml/git/research_2025/apple-harvest-refactor/install/ur_moveit_config:/home/imml/git/research_2025/apple-harvest-refactor/install/ur_description:/home/imml/git/research_2025/apple-harvest-refactor/install/realsense2_description:/home/imml/git/research_2025/apple-harvest-refactor/install/realsense2_camera:/home/imml/git/research_2025/apple-harvest-refactor/install/realsense2_camera_msgs:/home/imml/git/research_2025/apple-harvest-refactor/install/harvest_control:/home/imml/git/research_2025/apple-harvest-refactor/install/harvest:/home/imml/git/research_2025/apple-harvest-refactor/install/harvest_interfaces:/home/imml/git/research_2025/apple-harvest-refactor/install/ur5e_custom_hardware:/home/imml/git/research_2025/apple-harvest-refactor/install/harvest_vision:/opt/ros/humble /usr/bin/cmake --build /home/imml/git/research_2025/apple-harvest-refactor/build/ur_controllers -- -j16 -l16
[1.146s] DEBUG:colcon.colcon_core.event_handler.log_command:Invoking command in '/home/imml/git/research_2025/apple-harvest-refactor/build/ur_controllers': CMAKE_PREFIX_PATH=/home/imml/git/research_2025/apple-harvest-refactor/install/ur_dashboard_msgs:/home/imml/git/research_2025/apple-harvest-refactor/install/ur_moveit_config:/home/imml/git/research_2025/apple-harvest-refactor/install/ur_description:/home/imml/git/research_2025/apple-harvest-refactor/install/realsense2_description:/home/imml/git/research_2025/apple-harvest-refactor/install/realsense2_camera:/home/imml/git/research_2025/apple-harvest-refactor/install/realsense2_camera_msgs:/home/imml/git/research_2025/apple-harvest-refactor/install/harvest_control:/home/imml/git/research_2025/apple-harvest-refactor/install/harvest:/home/imml/git/research_2025/apple-harvest-refactor/install/harvest_interfaces:/home/imml/git/research_2025/apple-harvest-refactor/install/ur5e_custom_hardware:/home/imml/git/research_2025/apple-harvest-refactor/install/harvest_vision:/opt/ros/humble /usr/bin/cmake --install /home/imml/git/research_2025/apple-harvest-refactor/build/ur_controllers
[1.146s] DEBUG:colcon.colcon_core.event_handler.log_command:Invoked command in '/home/imml/git/research_2025/apple-harvest-refactor/build/realsense2_description' returned '0': CMAKE_PREFIX_PATH=/home/imml/git/research_2025/apple-harvest-refactor/install/realsense2_camera_msgs:/home/imml/git/research_2025/apple-harvest-refactor/install/ur_moveit_config:/home/imml/git/research_2025/apple-harvest-refactor/install/ur_description:/home/imml/git/research_2025/apple-harvest-refactor/install/ur_dashboard_msgs:/home/imml/git/research_2025/apple-harvest-refactor/install/realsense2_description:/home/imml/git/research_2025/apple-harvest-refactor/install/realsense2_camera:/home/imml/git/research_2025/apple-harvest-refactor/install/harvest_control:/home/imml/git/research_2025/apple-harvest-refactor/install/harvest:/home/imml/git/research_2025/apple-harvest-refactor/install/harvest_interfaces:/home/imml/git/research_2025/apple-harvest-refactor/install/ur5e_custom_hardware:/home/imml/git/research_2025/apple-harvest-refactor/install/harvest_vision:/opt/ros/humble LD_LIBRARY_PATH=/home/imml/git/research_2025/apple-harvest-refactor/install/realsense2_camera_msgs/lib:/home/imml/git/research_2025/apple-harvest-refactor/install/ur_dashboard_msgs/lib:/home/imml/git/research_2025/apple-harvest-refactor/install/realsense2_camera/lib:/home/imml/git/research_2025/apple-harvest-refactor/install/harvest_interfaces/lib:/usr/local/cuda-12.9/lib64:/opt/ros/humble/opt/rviz_ogre_vendor/lib:/opt/ros/humble/lib/x86_64-linux-gnu:/opt/ros/humble/lib /usr/bin/cmake --build /home/imml/git/research_2025/apple-harvest-refactor/build/realsense2_description -- -j16 -l16
[1.147s] DEBUG:colcon.colcon_core.event_handler.log_command:Invoking command in '/home/imml/git/research_2025/apple-harvest-refactor/build/realsense2_description': CMAKE_PREFIX_PATH=/home/imml/git/research_2025/apple-harvest-refactor/install/realsense2_camera_msgs:/home/imml/git/research_2025/apple-harvest-refactor/install/ur_moveit_config:/home/imml/git/research_2025/apple-harvest-refactor/install/ur_description:/home/imml/git/research_2025/apple-harvest-refactor/install/ur_dashboard_msgs:/home/imml/git/research_2025/apple-harvest-refactor/install/realsense2_description:/home/imml/git/research_2025/apple-harvest-refactor/install/realsense2_camera:/home/imml/git/research_2025/apple-harvest-refactor/install/harvest_control:/home/imml/git/research_2025/apple-harvest-refactor/install/harvest:/home/imml/git/research_2025/apple-harvest-refactor/install/harvest_interfaces:/home/imml/git/research_2025/apple-harvest-refactor/install/ur5e_custom_hardware:/home/imml/git/research_2025/apple-harvest-refactor/install/harvest_vision:/opt/ros/humble LD_LIBRARY_PATH=/home/imml/git/research_2025/apple-harvest-refactor/install/realsense2_camera_msgs/lib:/home/imml/git/research_2025/apple-harvest-refactor/install/ur_dashboard_msgs/lib:/home/imml/git/research_2025/apple-harvest-refactor/install/realsense2_camera/lib:/home/imml/git/research_2025/apple-harvest-refactor/install/harvest_interfaces/lib:/usr/local/cuda-12.9/lib64:/opt/ros/humble/opt/rviz_ogre_vendor/lib:/opt/ros/humble/lib/x86_64-linux-gnu:/opt/ros/humble/lib /usr/bin/cmake --install /home/imml/git/research_2025/apple-harvest-refactor/build/realsense2_description
[1.148s] DEBUG:colcon.colcon_core.event_handler.log_command:Invoked command in '/home/imml/git/research_2025/apple-harvest-refactor/build/ur_moveit_config' returned '0': CMAKE_PREFIX_PATH=/home/imml/git/research_2025/apple-harvest-refactor/install/ur_description:/home/imml/git/research_2025/apple-harvest-refactor/install/ur_moveit_config:/home/imml/git/research_2025/apple-harvest-refactor/install/ur_dashboard_msgs:/home/imml/git/research_2025/apple-harvest-refactor/install/realsense2_description:/home/imml/git/research_2025/apple-harvest-refactor/install/realsense2_camera:/home/imml/git/research_2025/apple-harvest-refactor/install/realsense2_camera_msgs:/home/imml/git/research_2025/apple-harvest-refactor/install/harvest_control:/home/imml/git/research_2025/apple-harvest-refactor/install/harvest:/home/imml/git/research_2025/apple-harvest-refactor/install/harvest_interfaces:/home/imml/git/research_2025/apple-harvest-refactor/install/ur5e_custom_hardware:/home/imml/git/research_2025/apple-harvest-refactor/install/harvest_vision:/opt/ros/humble /usr/bin/cmake --build /home/imml/git/research_2025/apple-harvest-refactor/build/ur_moveit_config -- -j16 -l16
[1.148s] DEBUG:colcon.colcon_core.event_handler.log_command:Invoking command in '/home/imml/git/research_2025/apple-harvest-refactor/build/ur_moveit_config': CMAKE_PREFIX_PATH=/home/imml/git/research_2025/apple-harvest-refactor/install/ur_description:/home/imml/git/research_2025/apple-harvest-refactor/install/ur_moveit_config:/home/imml/git/research_2025/apple-harvest-refactor/install/ur_dashboard_msgs:/home/imml/git/research_2025/apple-harvest-refactor/install/realsense2_description:/home/imml/git/research_2025/apple-harvest-refactor/install/realsense2_camera:/home/imml/git/research_2025/apple-harvest-refactor/install/realsense2_camera_msgs:/home/imml/git/research_2025/apple-harvest-refactor/install/harvest_control:/home/imml/git/research_2025/apple-harvest-refactor/install/harvest:/home/imml/git/research_2025/apple-harvest-refactor/install/harvest_interfaces:/home/imml/git/research_2025/apple-harvest-refactor/install/ur5e_custom_hardware:/home/imml/git/research_2025/apple-harvest-refactor/install/harvest_vision:/opt/ros/humble /usr/bin/cmake --install /home/imml/git/research_2025/apple-harvest-refactor/build/ur_moveit_config
[1.148s] DEBUG:colcon.colcon_core.event_handler.log_command:Invoked command in '/home/imml/git/research_2025/apple-harvest-refactor/build/realsense2_camera' returned '0': CMAKE_PREFIX_PATH=/home/imml/git/research_2025/apple-harvest-refactor/install/realsense2_camera_msgs:/home/imml/git/research_2025/apple-harvest-refactor/install/ur_moveit_config:/home/imml/git/research_2025/apple-harvest-refactor/install/ur_description:/home/imml/git/research_2025/apple-harvest-refactor/install/ur_dashboard_msgs:/home/imml/git/research_2025/apple-harvest-refactor/install/realsense2_description:/home/imml/git/research_2025/apple-harvest-refactor/install/realsense2_camera:/home/imml/git/research_2025/apple-harvest-refactor/install/harvest_control:/home/imml/git/research_2025/apple-harvest-refactor/install/harvest:/home/imml/git/research_2025/apple-harvest-refactor/install/harvest_interfaces:/home/imml/git/research_2025/apple-harvest-refactor/install/ur5e_custom_hardware:/home/imml/git/research_2025/apple-harvest-refactor/install/harvest_vision:/opt/ros/humble LD_LIBRARY_PATH=/home/imml/git/research_2025/apple-harvest-refactor/install/realsense2_camera_msgs/lib:/home/imml/git/research_2025/apple-harvest-refactor/install/ur_dashboard_msgs/lib:/home/imml/git/research_2025/apple-harvest-refactor/install/realsense2_camera/lib:/home/imml/git/research_2025/apple-harvest-refactor/install/harvest_interfaces/lib:/usr/local/cuda-12.9/lib64:/opt/ros/humble/opt/rviz_ogre_vendor/lib:/opt/ros/humble/lib/x86_64-linux-gnu:/opt/ros/humble/lib /usr/bin/cmake --build /home/imml/git/research_2025/apple-harvest-refactor/build/realsense2_camera -- -j16 -l16
[1.150s] DEBUG:colcon.colcon_core.event_handler.log_command:Invoking command in '/home/imml/git/research_2025/apple-harvest-refactor/build/realsense2_camera': CMAKE_PREFIX_PATH=/home/imml/git/research_2025/apple-harvest-refactor/install/realsense2_camera_msgs:/home/imml/git/research_2025/apple-harvest-refactor/install/ur_moveit_config:/home/imml/git/research_2025/apple-harvest-refactor/install/ur_description:/home/imml/git/research_2025/apple-harvest-refactor/install/ur_dashboard_msgs:/home/imml/git/research_2025/apple-harvest-refactor/install/realsense2_description:/home/imml/git/research_2025/apple-harvest-refactor/install/realsense2_camera:/home/imml/git/research_2025/apple-harvest-refactor/install/harvest_control:/home/imml/git/research_2025/apple-harvest-refactor/install/harvest:/home/imml/git/research_2025/apple-harvest-refactor/install/harvest_interfaces:/home/imml/git/research_2025/apple-harvest-refactor/install/ur5e_custom_hardware:/home/imml/git/research_2025/apple-harvest-refactor/install/harvest_vision:/opt/ros/humble LD_LIBRARY_PATH=/home/imml/git/research_2025/apple-harvest-refactor/install/realsense2_camera_msgs/lib:/home/imml/git/research_2025/apple-harvest-refactor/install/ur_dashboard_msgs/lib:/home/imml/git/research_2025/apple-harvest-refactor/install/realsense2_camera/lib:/home/imml/git/research_2025/apple-harvest-refactor/install/harvest_interfaces/lib:/usr/local/cuda-12.9/lib64:/opt/ros/humble/opt/rviz_ogre_vendor/lib:/opt/ros/humble/lib/x86_64-linux-gnu:/opt/ros/humble/lib /usr/bin/cmake --install /home/imml/git/research_2025/apple-harvest-refactor/build/realsense2_camera
[1.169s] Level 1:colcon.colcon_core.environment:create_environment_scripts_only(ur_controllers)
[1.169s] DEBUG:colcon.colcon_core.event_handler.log_command:Invoked command in '/home/imml/git/research_2025/apple-harvest-refactor/build/ur_controllers' returned '0': CMAKE_PREFIX_PATH=/home/imml/git/research_2025/apple-harvest-refactor/install/ur_dashboard_msgs:/home/imml/git/research_2025/apple-harvest-refactor/install/ur_moveit_config:/home/imml/git/research_2025/apple-harvest-refactor/install/ur_description:/home/imml/git/research_2025/apple-harvest-refactor/install/realsense2_description:/home/imml/git/research_2025/apple-harvest-refactor/install/realsense2_camera:/home/imml/git/research_2025/apple-harvest-refactor/install/realsense2_camera_msgs:/home/imml/git/research_2025/apple-harvest-refactor/install/harvest_control:/home/imml/git/research_2025/apple-harvest-refactor/install/harvest:/home/imml/git/research_2025/apple-harvest-refactor/install/harvest_interfaces:/home/imml/git/research_2025/apple-harvest-refactor/install/ur5e_custom_hardware:/home/imml/git/research_2025/apple-harvest-refactor/install/harvest_vision:/opt/ros/humble /usr/bin/cmake --install /home/imml/git/research_2025/apple-harvest-refactor/build/ur_controllers
[1.170s] Level 1:colcon.colcon_core.environment:checking '/home/imml/git/research_2025/apple-harvest-refactor/install/ur_controllers' for CMake module files
[1.171s] Level 1:colcon.colcon_core.environment:checking '/home/imml/git/research_2025/apple-harvest-refactor/install/ur_controllers' for CMake config files
[1.171s] Level 1:colcon.colcon_core.shell:create_environment_hook('ur_controllers', 'cmake_prefix_path')
[1.171s] INFO:colcon.colcon_core.shell:Creating environment hook '/home/imml/git/research_2025/apple-harvest-refactor/install/ur_controllers/share/ur_controllers/hook/cmake_prefix_path.ps1'
[1.172s] INFO:colcon.colcon_core.shell:Creating environment descriptor '/home/imml/git/research_2025/apple-harvest-refactor/install/ur_controllers/share/ur_controllers/hook/cmake_prefix_path.dsv'
[1.172s] INFO:colcon.colcon_core.shell:Creating environment hook '/home/imml/git/research_2025/apple-harvest-refactor/install/ur_controllers/share/ur_controllers/hook/cmake_prefix_path.sh'
[1.172s] Level 1:colcon.colcon_core.environment:checking '/home/imml/git/research_2025/apple-harvest-refactor/install/ur_controllers/lib'
[1.172s] Level 1:colcon.colcon_core.shell:create_environment_hook('ur_controllers', 'ld_library_path_lib')
[1.173s] INFO:colcon.colcon_core.shell:Creating environment hook '/home/imml/git/research_2025/apple-harvest-refactor/install/ur_controllers/share/ur_controllers/hook/ld_library_path_lib.ps1'
[1.173s] INFO:colcon.colcon_core.shell:Creating environment descriptor '/home/imml/git/research_2025/apple-harvest-refactor/install/ur_controllers/share/ur_controllers/hook/ld_library_path_lib.dsv'
[1.174s] INFO:colcon.colcon_core.shell:Creating environment hook '/home/imml/git/research_2025/apple-harvest-refactor/install/ur_controllers/share/ur_controllers/hook/ld_library_path_lib.sh'
[1.175s] Level 1:colcon.colcon_core.environment:checking '/home/imml/git/research_2025/apple-harvest-refactor/install/ur_controllers/bin'
[1.175s] Level 1:colcon.colcon_core.environment:checking '/home/imml/git/research_2025/apple-harvest-refactor/install/ur_controllers/lib/pkgconfig/ur_controllers.pc'
[1.175s] Level 1:colcon.colcon_core.environment:checking '/home/imml/git/research_2025/apple-harvest-refactor/install/ur_controllers/lib/python3.10/site-packages'
[1.175s] Level 1:colcon.colcon_core.environment:checking '/home/imml/git/research_2025/apple-harvest-refactor/install/ur_controllers/bin'
[1.175s] INFO:colcon.colcon_core.shell:Creating package script '/home/imml/git/research_2025/apple-harvest-refactor/install/ur_controllers/share/ur_controllers/package.ps1'
[1.176s] INFO:colcon.colcon_core.shell:Creating package descriptor '/home/imml/git/research_2025/apple-harvest-refactor/install/ur_controllers/share/ur_controllers/package.dsv'
[1.176s] INFO:colcon.colcon_core.shell:Creating package script '/home/imml/git/research_2025/apple-harvest-refactor/install/ur_controllers/share/ur_controllers/package.sh'
[1.176s] INFO:colcon.colcon_core.shell:Creating package script '/home/imml/git/research_2025/apple-harvest-refactor/install/ur_controllers/share/ur_controllers/package.bash'
[1.177s] INFO:colcon.colcon_core.shell:Creating package script '/home/imml/git/research_2025/apple-harvest-refactor/install/ur_controllers/share/ur_controllers/package.zsh'
[1.177s] Level 1:colcon.colcon_core.environment:create_file_with_runtime_dependencies(/home/imml/git/research_2025/apple-harvest-refactor/install/ur_controllers/share/colcon-core/packages/ur_controllers)
[1.177s] Level 1:colcon.colcon_core.environment:create_environment_scripts_only(ur_controllers)
[1.178s] Level 1:colcon.colcon_core.environment:checking '/home/imml/git/research_2025/apple-harvest-refactor/install/ur_controllers' for CMake module files
[1.178s] Level 1:colcon.colcon_core.environment:checking '/home/imml/git/research_2025/apple-harvest-refactor/install/ur_controllers' for CMake config files
[1.178s] Level 1:colcon.colcon_core.shell:create_environment_hook('ur_controllers', 'cmake_prefix_path')
[1.178s] INFO:colcon.colcon_core.shell:Creating environment hook '/home/imml/git/research_2025/apple-harvest-refactor/install/ur_controllers/share/ur_controllers/hook/cmake_prefix_path.ps1'
[1.179s] INFO:colcon.colcon_core.shell:Creating environment descriptor '/home/imml/git/research_2025/apple-harvest-refactor/install/ur_controllers/share/ur_controllers/hook/cmake_prefix_path.dsv'
[1.179s] INFO:colcon.colcon_core.shell:Creating environment hook '/home/imml/git/research_2025/apple-harvest-refactor/install/ur_controllers/share/ur_controllers/hook/cmake_prefix_path.sh'
[1.179s] Level 1:colcon.colcon_core.environment:checking '/home/imml/git/research_2025/apple-harvest-refactor/install/ur_controllers/lib'
[1.179s] Level 1:colcon.colcon_core.shell:create_environment_hook('ur_controllers', 'ld_library_path_lib')
[1.180s] INFO:colcon.colcon_core.shell:Creating environment hook '/home/imml/git/research_2025/apple-harvest-refactor/install/ur_controllers/share/ur_controllers/hook/ld_library_path_lib.ps1'
[1.180s] INFO:colcon.colcon_core.shell:Creating environment descriptor '/home/imml/git/research_2025/apple-harvest-refactor/install/ur_controllers/share/ur_controllers/hook/ld_library_path_lib.dsv'
[1.180s] INFO:colcon.colcon_core.shell:Creating environment hook '/home/imml/git/research_2025/apple-harvest-refactor/install/ur_controllers/share/ur_controllers/hook/ld_library_path_lib.sh'
[1.180s] Level 1:colcon.colcon_core.environment:checking '/home/imml/git/research_2025/apple-harvest-refactor/install/ur_controllers/bin'
[1.180s] Level 1:colcon.colcon_core.environment:checking '/home/imml/git/research_2025/apple-harvest-refactor/install/ur_controllers/lib/pkgconfig/ur_controllers.pc'
[1.181s] Level 1:colcon.colcon_core.environment:checking '/home/imml/git/research_2025/apple-harvest-refactor/install/ur_controllers/lib/python3.10/site-packages'
[1.181s] Level 1:colcon.colcon_core.environment:checking '/home/imml/git/research_2025/apple-harvest-refactor/install/ur_controllers/bin'
[1.181s] INFO:colcon.colcon_core.shell:Creating package script '/home/imml/git/research_2025/apple-harvest-refactor/install/ur_controllers/share/ur_controllers/package.ps1'
[1.181s] INFO:colcon.colcon_core.shell:Creating package descriptor '/home/imml/git/research_2025/apple-harvest-refactor/install/ur_controllers/share/ur_controllers/package.dsv'
[1.182s] INFO:colcon.colcon_core.shell:Creating package script '/home/imml/git/research_2025/apple-harvest-refactor/install/ur_controllers/share/ur_controllers/package.sh'
[1.182s] INFO:colcon.colcon_core.shell:Creating package script '/home/imml/git/research_2025/apple-harvest-refactor/install/ur_controllers/share/ur_controllers/package.bash'
[1.183s] INFO:colcon.colcon_core.shell:Creating package script '/home/imml/git/research_2025/apple-harvest-refactor/install/ur_controllers/share/ur_controllers/package.zsh'
[1.183s] Level 1:colcon.colcon_core.environment:create_file_with_runtime_dependencies(/home/imml/git/research_2025/apple-harvest-refactor/install/ur_controllers/share/colcon-core/packages/ur_controllers)
[1.184s] INFO:colcon.colcon_ros.task.ament_cmake.build:Building ROS package in '/home/imml/git/research_2025/apple-harvest-refactor/harvest_hardware/Universal_Robots_ROS2_Driver/ur_robot_driver' with build type 'ament_cmake'
[1.184s] INFO:colcon.colcon_cmake.task.cmake.build:Building CMake package in '/home/imml/git/research_2025/apple-harvest-refactor/harvest_hardware/Universal_Robots_ROS2_Driver/ur_robot_driver'
[1.184s] INFO:colcon.colcon_core.shell:Skip shell extension 'powershell' for command environment: Not usable outside of PowerShell
[1.184s] DEBUG:colcon.colcon_core.shell:Skip shell extension 'dsv' for command environment
[1.188s] INFO:colcon.colcon_ros.task.ament_cmake.build:Building ROS package in '/home/imml/git/research_2025/apple-harvest-refactor/harvest_hardware/Universal_Robots_ROS2_Driver/ur_bringup' with build type 'ament_cmake'
[1.188s] INFO:colcon.colcon_cmake.task.cmake.build:Building CMake package in '/home/imml/git/research_2025/apple-harvest-refactor/harvest_hardware/Universal_Robots_ROS2_Driver/ur_bringup'
[1.189s] INFO:colcon.colcon_core.shell:Skip shell extension 'powershell' for command environment: Not usable outside of PowerShell
[1.189s] DEBUG:colcon.colcon_core.shell:Skip shell extension 'dsv' for command environment
[1.194s] Level 1:colcon.colcon_core.environment:create_environment_scripts_only(realsense2_camera)
[1.194s] DEBUG:colcon.colcon_core.event_handler.log_command:Invoked command in '/home/imml/git/research_2025/apple-harvest-refactor/build/realsense2_camera' returned '0': CMAKE_PREFIX_PATH=/home/imml/git/research_2025/apple-harvest-refactor/install/realsense2_camera_msgs:/home/imml/git/research_2025/apple-harvest-refactor/install/ur_moveit_config:/home/imml/git/research_2025/apple-harvest-refactor/install/ur_description:/home/imml/git/research_2025/apple-harvest-refactor/install/ur_dashboard_msgs:/home/imml/git/research_2025/apple-harvest-refactor/install/realsense2_description:/home/imml/git/research_2025/apple-harvest-refactor/install/realsense2_camera:/home/imml/git/research_2025/apple-harvest-refactor/install/harvest_control:/home/imml/git/research_2025/apple-harvest-refactor/install/harvest:/home/imml/git/research_2025/apple-harvest-refactor/install/harvest_interfaces:/home/imml/git/research_2025/apple-harvest-refactor/install/ur5e_custom_hardware:/home/imml/git/research_2025/apple-harvest-refactor/install/harvest_vision:/opt/ros/humble LD_LIBRARY_PATH=/home/imml/git/research_2025/apple-harvest-refactor/install/realsense2_camera_msgs/lib:/home/imml/git/research_2025/apple-harvest-refactor/install/ur_dashboard_msgs/lib:/home/imml/git/research_2025/apple-harvest-refactor/install/realsense2_camera/lib:/home/imml/git/research_2025/apple-harvest-refactor/install/harvest_interfaces/lib:/usr/local/cuda-12.9/lib64:/opt/ros/humble/opt/rviz_ogre_vendor/lib:/opt/ros/humble/lib/x86_64-linux-gnu:/opt/ros/humble/lib /usr/bin/cmake --install /home/imml/git/research_2025/apple-harvest-refactor/build/realsense2_camera
[1.195s] Level 1:colcon.colcon_core.environment:checking '/home/imml/git/research_2025/apple-harvest-refactor/install/realsense2_camera' for CMake module files
[1.195s] Level 1:colcon.colcon_core.environment:checking '/home/imml/git/research_2025/apple-harvest-refactor/install/realsense2_camera' for CMake config files
[1.196s] Level 1:colcon.colcon_core.shell:create_environment_hook('realsense2_camera', 'cmake_prefix_path')
[1.196s] INFO:colcon.colcon_core.shell:Creating environment hook '/home/imml/git/research_2025/apple-harvest-refactor/install/realsense2_camera/share/realsense2_camera/hook/cmake_prefix_path.ps1'
[1.197s] INFO:colcon.colcon_core.shell:Creating environment descriptor '/home/imml/git/research_2025/apple-harvest-refactor/install/realsense2_camera/share/realsense2_camera/hook/cmake_prefix_path.dsv'
[1.197s] INFO:colcon.colcon_core.shell:Creating environment hook '/home/imml/git/research_2025/apple-harvest-refactor/install/realsense2_camera/share/realsense2_camera/hook/cmake_prefix_path.sh'
[1.198s] Level 1:colcon.colcon_core.environment:checking '/home/imml/git/research_2025/apple-harvest-refactor/install/realsense2_camera/lib'
[1.198s] Level 1:colcon.colcon_core.shell:create_environment_hook('realsense2_camera', 'ld_library_path_lib')
[1.198s] INFO:colcon.colcon_core.shell:Creating environment hook '/home/imml/git/research_2025/apple-harvest-refactor/install/realsense2_camera/share/realsense2_camera/hook/ld_library_path_lib.ps1'
[1.198s] INFO:colcon.colcon_core.shell:Creating environment descriptor '/home/imml/git/research_2025/apple-harvest-refactor/install/realsense2_camera/share/realsense2_camera/hook/ld_library_path_lib.dsv'
[1.199s] INFO:colcon.colcon_core.shell:Creating environment hook '/home/imml/git/research_2025/apple-harvest-refactor/install/realsense2_camera/share/realsense2_camera/hook/ld_library_path_lib.sh'
[1.199s] Level 1:colcon.colcon_core.environment:checking '/home/imml/git/research_2025/apple-harvest-refactor/install/realsense2_camera/bin'
[1.199s] Level 1:colcon.colcon_core.environment:checking '/home/imml/git/research_2025/apple-harvest-refactor/install/realsense2_camera/lib/pkgconfig/realsense2_camera.pc'
[1.199s] Level 1:colcon.colcon_core.environment:checking '/home/imml/git/research_2025/apple-harvest-refactor/install/realsense2_camera/lib/python3.10/site-packages'
[1.199s] Level 1:colcon.colcon_core.environment:checking '/home/imml/git/research_2025/apple-harvest-refactor/install/realsense2_camera/bin'
[1.200s] INFO:colcon.colcon_core.shell:Creating package script '/home/imml/git/research_2025/apple-harvest-refactor/install/realsense2_camera/share/realsense2_camera/package.ps1'
[1.200s] INFO:colcon.colcon_core.shell:Creating package descriptor '/home/imml/git/research_2025/apple-harvest-refactor/install/realsense2_camera/share/realsense2_camera/package.dsv'
[1.200s] INFO:colcon.colcon_core.shell:Creating package script '/home/imml/git/research_2025/apple-harvest-refactor/install/realsense2_camera/share/realsense2_camera/package.sh'
[1.201s] INFO:colcon.colcon_core.shell:Creating package script '/home/imml/git/research_2025/apple-harvest-refactor/install/realsense2_camera/share/realsense2_camera/package.bash'
[1.201s] INFO:colcon.colcon_core.shell:Creating package script '/home/imml/git/research_2025/apple-harvest-refactor/install/realsense2_camera/share/realsense2_camera/package.zsh'
[1.201s] Level 1:colcon.colcon_core.environment:create_file_with_runtime_dependencies(/home/imml/git/research_2025/apple-harvest-refactor/install/realsense2_camera/share/colcon-core/packages/realsense2_camera)
[1.202s] Level 1:colcon.colcon_core.environment:create_environment_scripts_only(realsense2_camera)
[1.202s] Level 1:colcon.colcon_core.environment:checking '/home/imml/git/research_2025/apple-harvest-refactor/install/realsense2_camera' for CMake module files
[1.202s] Level 1:colcon.colcon_core.environment:checking '/home/imml/git/research_2025/apple-harvest-refactor/install/realsense2_camera' for CMake config files
[1.203s] Level 1:colcon.colcon_core.shell:create_environment_hook('realsense2_camera', 'cmake_prefix_path')
[1.203s] INFO:colcon.colcon_core.shell:Creating environment hook '/home/imml/git/research_2025/apple-harvest-refactor/install/realsense2_camera/share/realsense2_camera/hook/cmake_prefix_path.ps1'
[1.204s] INFO:colcon.colcon_core.shell:Creating environment descriptor '/home/imml/git/research_2025/apple-harvest-refactor/install/realsense2_camera/share/realsense2_camera/hook/cmake_prefix_path.dsv'
[1.204s] INFO:colcon.colcon_core.shell:Creating environment hook '/home/imml/git/research_2025/apple-harvest-refactor/install/realsense2_camera/share/realsense2_camera/hook/cmake_prefix_path.sh'
[1.204s] Level 1:colcon.colcon_core.environment:checking '/home/imml/git/research_2025/apple-harvest-refactor/install/realsense2_camera/lib'
[1.204s] Level 1:colcon.colcon_core.shell:create_environment_hook('realsense2_camera', 'ld_library_path_lib')
[1.204s] INFO:colcon.colcon_core.shell:Creating environment hook '/home/imml/git/research_2025/apple-harvest-refactor/install/realsense2_camera/share/realsense2_camera/hook/ld_library_path_lib.ps1'
[1.205s] INFO:colcon.colcon_core.shell:Creating environment descriptor '/home/imml/git/research_2025/apple-harvest-refactor/install/realsense2_camera/share/realsense2_camera/hook/ld_library_path_lib.dsv'
[1.205s] INFO:colcon.colcon_core.shell:Creating environment hook '/home/imml/git/research_2025/apple-harvest-refactor/install/realsense2_camera/share/realsense2_camera/hook/ld_library_path_lib.sh'
[1.205s] Level 1:colcon.colcon_core.environment:checking '/home/imml/git/research_2025/apple-harvest-refactor/install/realsense2_camera/bin'
[1.205s] Level 1:colcon.colcon_core.environment:checking '/home/imml/git/research_2025/apple-harvest-refactor/install/realsense2_camera/lib/pkgconfig/realsense2_camera.pc'
[1.205s] Level 1:colcon.colcon_core.environment:checking '/home/imml/git/research_2025/apple-harvest-refactor/install/realsense2_camera/lib/python3.10/site-packages'
[1.206s] Level 1:colcon.colcon_core.environment:checking '/home/imml/git/research_2025/apple-harvest-refactor/install/realsense2_camera/bin'
[1.206s] INFO:colcon.colcon_core.shell:Creating package script '/home/imml/git/research_2025/apple-harvest-refactor/install/realsense2_camera/share/realsense2_camera/package.ps1'
[1.206s] INFO:colcon.colcon_core.shell:Creating package descriptor '/home/imml/git/research_2025/apple-harvest-refactor/install/realsense2_camera/share/realsense2_camera/package.dsv'
[1.207s] INFO:colcon.colcon_core.shell:Creating package script '/home/imml/git/research_2025/apple-harvest-refactor/install/realsense2_camera/share/realsense2_camera/package.sh'
[1.207s] INFO:colcon.colcon_core.shell:Creating package script '/home/imml/git/research_2025/apple-harvest-refactor/install/realsense2_camera/share/realsense2_camera/package.bash'
[1.207s] INFO:colcon.colcon_core.shell:Creating package script '/home/imml/git/research_2025/apple-harvest-refactor/install/realsense2_camera/share/realsense2_camera/package.zsh'
[1.207s] Level 1:colcon.colcon_core.environment:create_file_with_runtime_dependencies(/home/imml/git/research_2025/apple-harvest-refactor/install/realsense2_camera/share/colcon-core/packages/realsense2_camera)
[1.208s] Level 1:colcon.colcon_core.environment:create_environment_scripts_only(realsense2_description)
[1.208s] Level 1:colcon.colcon_core.environment:checking '/home/imml/git/research_2025/apple-harvest-refactor/install/realsense2_description' for CMake module files
[1.209s] DEBUG:colcon.colcon_core.event_handler.log_command:Invoked command in '/home/imml/git/research_2025/apple-harvest-refactor/build/realsense2_description' returned '0': CMAKE_PREFIX_PATH=/home/imml/git/research_2025/apple-harvest-refactor/install/realsense2_camera_msgs:/home/imml/git/research_2025/apple-harvest-refactor/install/ur_moveit_config:/home/imml/git/research_2025/apple-harvest-refactor/install/ur_description:/home/imml/git/research_2025/apple-harvest-refactor/install/ur_dashboard_msgs:/home/imml/git/research_2025/apple-harvest-refactor/install/realsense2_description:/home/imml/git/research_2025/apple-harvest-refactor/install/realsense2_camera:/home/imml/git/research_2025/apple-harvest-refactor/install/harvest_control:/home/imml/git/research_2025/apple-harvest-refactor/install/harvest:/home/imml/git/research_2025/apple-harvest-refactor/install/harvest_interfaces:/home/imml/git/research_2025/apple-harvest-refactor/install/ur5e_custom_hardware:/home/imml/git/research_2025/apple-harvest-refactor/install/harvest_vision:/opt/ros/humble LD_LIBRARY_PATH=/home/imml/git/research_2025/apple-harvest-refactor/install/realsense2_camera_msgs/lib:/home/imml/git/research_2025/apple-harvest-refactor/install/ur_dashboard_msgs/lib:/home/imml/git/research_2025/apple-harvest-refactor/install/realsense2_camera/lib:/home/imml/git/research_2025/apple-harvest-refactor/install/harvest_interfaces/lib:/usr/local/cuda-12.9/lib64:/opt/ros/humble/opt/rviz_ogre_vendor/lib:/opt/ros/humble/lib/x86_64-linux-gnu:/opt/ros/humble/lib /usr/bin/cmake --install /home/imml/git/research_2025/apple-harvest-refactor/build/realsense2_description
[1.209s] Level 1:colcon.colcon_core.environment:checking '/home/imml/git/research_2025/apple-harvest-refactor/install/realsense2_description' for CMake config files
[1.209s] Level 1:colcon.colcon_core.shell:create_environment_hook('realsense2_description', 'cmake_prefix_path')
[1.210s] INFO:colcon.colcon_core.shell:Creating environment hook '/home/imml/git/research_2025/apple-harvest-refactor/install/realsense2_description/share/realsense2_description/hook/cmake_prefix_path.ps1'
[1.210s] INFO:colcon.colcon_core.shell:Creating environment descriptor '/home/imml/git/research_2025/apple-harvest-refactor/install/realsense2_description/share/realsense2_description/hook/cmake_prefix_path.dsv'
[1.210s] INFO:colcon.colcon_core.shell:Creating environment hook '/home/imml/git/research_2025/apple-harvest-refactor/install/realsense2_description/share/realsense2_description/hook/cmake_prefix_path.sh'
[1.211s] Level 1:colcon.colcon_core.environment:checking '/home/imml/git/research_2025/apple-harvest-refactor/install/realsense2_description/bin'
[1.211s] Level 1:colcon.colcon_core.environment:checking '/home/imml/git/research_2025/apple-harvest-refactor/install/realsense2_description/lib/pkgconfig/realsense2_description.pc'
[1.211s] Level 1:colcon.colcon_core.environment:checking '/home/imml/git/research_2025/apple-harvest-refactor/install/realsense2_description/lib/python3.10/site-packages'
[1.211s] Level 1:colcon.colcon_core.environment:checking '/home/imml/git/research_2025/apple-harvest-refactor/install/realsense2_description/bin'
[1.211s] INFO:colcon.colcon_core.shell:Creating package script '/home/imml/git/research_2025/apple-harvest-refactor/install/realsense2_description/share/realsense2_description/package.ps1'
[1.212s] INFO:colcon.colcon_core.shell:Creating package descriptor '/home/imml/git/research_2025/apple-harvest-refactor/install/realsense2_description/share/realsense2_description/package.dsv'
[1.212s] INFO:colcon.colcon_core.shell:Creating package script '/home/imml/git/research_2025/apple-harvest-refactor/install/realsense2_description/share/realsense2_description/package.sh'
[1.212s] INFO:colcon.colcon_core.shell:Creating package script '/home/imml/git/research_2025/apple-harvest-refactor/install/realsense2_description/share/realsense2_description/package.bash'
[1.213s] INFO:colcon.colcon_core.shell:Creating package script '/home/imml/git/research_2025/apple-harvest-refactor/install/realsense2_description/share/realsense2_description/package.zsh'
[1.213s] Level 1:colcon.colcon_core.environment:create_file_with_runtime_dependencies(/home/imml/git/research_2025/apple-harvest-refactor/install/realsense2_description/share/colcon-core/packages/realsense2_description)
[1.214s] Level 1:colcon.colcon_core.environment:create_environment_scripts_only(realsense2_description)
[1.214s] Level 1:colcon.colcon_core.environment:checking '/home/imml/git/research_2025/apple-harvest-refactor/install/realsense2_description' for CMake module files
[1.214s] Level 1:colcon.colcon_core.environment:checking '/home/imml/git/research_2025/apple-harvest-refactor/install/realsense2_description' for CMake config files
[1.215s] Level 1:colcon.colcon_core.shell:create_environment_hook('realsense2_description', 'cmake_prefix_path')
[1.215s] INFO:colcon.colcon_core.shell:Creating environment hook '/home/imml/git/research_2025/apple-harvest-refactor/install/realsense2_description/share/realsense2_description/hook/cmake_prefix_path.ps1'
[1.215s] INFO:colcon.colcon_core.shell:Creating environment descriptor '/home/imml/git/research_2025/apple-harvest-refactor/install/realsense2_description/share/realsense2_description/hook/cmake_prefix_path.dsv'
[1.216s] INFO:colcon.colcon_core.shell:Creating environment hook '/home/imml/git/research_2025/apple-harvest-refactor/install/realsense2_description/share/realsense2_description/hook/cmake_prefix_path.sh'
[1.216s] Level 1:colcon.colcon_core.environment:checking '/home/imml/git/research_2025/apple-harvest-refactor/install/realsense2_description/bin'
[1.216s] Level 1:colcon.colcon_core.environment:checking '/home/imml/git/research_2025/apple-harvest-refactor/install/realsense2_description/lib/pkgconfig/realsense2_description.pc'
[1.216s] Level 1:colcon.colcon_core.environment:checking '/home/imml/git/research_2025/apple-harvest-refactor/install/realsense2_description/lib/python3.10/site-packages'
[1.216s] Level 1:colcon.colcon_core.environment:checking '/home/imml/git/research_2025/apple-harvest-refactor/install/realsense2_description/bin'
[1.217s] INFO:colcon.colcon_core.shell:Creating package script '/home/imml/git/research_2025/apple-harvest-refactor/install/realsense2_description/share/realsense2_description/package.ps1'
[1.217s] INFO:colcon.colcon_core.shell:Creating package descriptor '/home/imml/git/research_2025/apple-harvest-refactor/install/realsense2_description/share/realsense2_description/package.dsv'
[1.218s] INFO:colcon.colcon_core.shell:Creating package script '/home/imml/git/research_2025/apple-harvest-refactor/install/realsense2_description/share/realsense2_description/package.sh'
[1.218s] INFO:colcon.colcon_core.shell:Creating package script '/home/imml/git/research_2025/apple-harvest-refactor/install/realsense2_description/share/realsense2_description/package.bash'
[1.218s] INFO:colcon.colcon_core.shell:Creating package script '/home/imml/git/research_2025/apple-harvest-refactor/install/realsense2_description/share/realsense2_description/package.zsh'
[1.219s] Level 1:colcon.colcon_core.environment:create_file_with_runtime_dependencies(/home/imml/git/research_2025/apple-harvest-refactor/install/realsense2_description/share/colcon-core/packages/realsense2_description)
[1.223s] DEBUG:colcon.colcon_core.event_handler.log_command:Invoking command in '/home/imml/git/research_2025/apple-harvest-refactor/build/ur_robot_driver': AMENT_PREFIX_PATH=/home/imml/git/research_2025/apple-harvest-refactor/install/ur_controllers:${AMENT_PREFIX_PATH} CMAKE_PREFIX_PATH=/home/imml/git/research_2025/apple-harvest-refactor/install/ur_controllers:/home/imml/git/research_2025/apple-harvest-refactor/install/ur_description:/home/imml/git/research_2025/apple-harvest-refactor/install/ur_dashboard_msgs:/home/imml/git/research_2025/apple-harvest-refactor/install/ur_moveit_config:/home/imml/git/research_2025/apple-harvest-refactor/install/realsense2_description:/home/imml/git/research_2025/apple-harvest-refactor/install/realsense2_camera:/home/imml/git/research_2025/apple-harvest-refactor/install/realsense2_camera_msgs:/home/imml/git/research_2025/apple-harvest-refactor/install/harvest_control:/home/imml/git/research_2025/apple-harvest-refactor/install/harvest:/home/imml/git/research_2025/apple-harvest-refactor/install/harvest_interfaces:/home/imml/git/research_2025/apple-harvest-refactor/install/ur5e_custom_hardware:/home/imml/git/research_2025/apple-harvest-refactor/install/harvest_vision:/opt/ros/humble LD_LIBRARY_PATH=/home/imml/git/research_2025/apple-harvest-refactor/install/ur_controllers/lib:${LD_LIBRARY_PATH} /usr/bin/cmake --build /home/imml/git/research_2025/apple-harvest-refactor/build/ur_robot_driver -- -j16 -l16
[1.227s] DEBUG:colcon.colcon_core.event_handler.log_command:Invoking command in '/home/imml/git/research_2025/apple-harvest-refactor/build/ur_bringup': AMENT_PREFIX_PATH=/home/imml/git/research_2025/apple-harvest-refactor/install/ur_controllers:${AMENT_PREFIX_PATH} CMAKE_PREFIX_PATH=/home/imml/git/research_2025/apple-harvest-refactor/install/ur_controllers:/home/imml/git/research_2025/apple-harvest-refactor/install/ur_description:/home/imml/git/research_2025/apple-harvest-refactor/install/ur_dashboard_msgs:/home/imml/git/research_2025/apple-harvest-refactor/install/ur_moveit_config:/home/imml/git/research_2025/apple-harvest-refactor/install/realsense2_description:/home/imml/git/research_2025/apple-harvest-refactor/install/realsense2_camera:/home/imml/git/research_2025/apple-harvest-refactor/install/realsense2_camera_msgs:/home/imml/git/research_2025/apple-harvest-refactor/install/harvest_control:/home/imml/git/research_2025/apple-harvest-refactor/install/harvest:/home/imml/git/research_2025/apple-harvest-refactor/install/harvest_interfaces:/home/imml/git/research_2025/apple-harvest-refactor/install/ur5e_custom_hardware:/home/imml/git/research_2025/apple-harvest-refactor/install/harvest_vision:/opt/ros/humble LD_LIBRARY_PATH=/home/imml/git/research_2025/apple-harvest-refactor/install/ur_controllers/lib:${LD_LIBRARY_PATH} /usr/bin/cmake --build /home/imml/git/research_2025/apple-harvest-refactor/build/ur_bringup -- -j16 -l16
[1.229s] DEBUG:colcon.colcon_core.event_handler.log_command:Invoked command in '/home/imml/git/research_2025/apple-harvest-refactor/build/harvest' returned '0': CMAKE_PREFIX_PATH=/home/imml/git/research_2025/apple-harvest-refactor/install/harvest_interfaces:/home/imml/git/research_2025/apple-harvest-refactor/install/ur_moveit_config:/home/imml/git/research_2025/apple-harvest-refactor/install/ur_description:/home/imml/git/research_2025/apple-harvest-refactor/install/ur_dashboard_msgs:/home/imml/git/research_2025/apple-harvest-refactor/install/realsense2_description:/home/imml/git/research_2025/apple-harvest-refactor/install/realsense2_camera:/home/imml/git/research_2025/apple-harvest-refactor/install/realsense2_camera_msgs:/home/imml/git/research_2025/apple-harvest-refactor/install/harvest_control:/home/imml/git/research_2025/apple-harvest-refactor/install/harvest:/home/imml/git/research_2025/apple-harvest-refactor/install/ur5e_custom_hardware:/home/imml/git/research_2025/apple-harvest-refactor/install/harvest_vision:/opt/ros/humble LD_LIBRARY_PATH=/home/imml/git/research_2025/apple-harvest-refactor/install/harvest_interfaces/lib:/home/imml/git/research_2025/apple-harvest-refactor/install/ur_dashboard_msgs/lib:/home/imml/git/research_2025/apple-harvest-refactor/install/realsense2_camera/lib:/home/imml/git/research_2025/apple-harvest-refactor/install/realsense2_camera_msgs/lib:/usr/local/cuda-12.9/lib64:/opt/ros/humble/opt/rviz_ogre_vendor/lib:/opt/ros/humble/lib/x86_64-linux-gnu:/opt/ros/humble/lib /usr/bin/cmake --build /home/imml/git/research_2025/apple-harvest-refactor/build/harvest -- -j16 -l16
[1.229s] DEBUG:colcon.colcon_core.event_handler.log_command:Invoking command in '/home/imml/git/research_2025/apple-harvest-refactor/build/harvest': CMAKE_PREFIX_PATH=/home/imml/git/research_2025/apple-harvest-refactor/install/harvest_interfaces:/home/imml/git/research_2025/apple-harvest-refactor/install/ur_moveit_config:/home/imml/git/research_2025/apple-harvest-refactor/install/ur_description:/home/imml/git/research_2025/apple-harvest-refactor/install/ur_dashboard_msgs:/home/imml/git/research_2025/apple-harvest-refactor/install/realsense2_description:/home/imml/git/research_2025/apple-harvest-refactor/install/realsense2_camera:/home/imml/git/research_2025/apple-harvest-refactor/install/realsense2_camera_msgs:/home/imml/git/research_2025/apple-harvest-refactor/install/harvest_control:/home/imml/git/research_2025/apple-harvest-refactor/install/harvest:/home/imml/git/research_2025/apple-harvest-refactor/install/ur5e_custom_hardware:/home/imml/git/research_2025/apple-harvest-refactor/install/harvest_vision:/opt/ros/humble LD_LIBRARY_PATH=/home/imml/git/research_2025/apple-harvest-refactor/install/harvest_interfaces/lib:/home/imml/git/research_2025/apple-harvest-refactor/install/ur_dashboard_msgs/lib:/home/imml/git/research_2025/apple-harvest-refactor/install/realsense2_camera/lib:/home/imml/git/research_2025/apple-harvest-refactor/install/realsense2_camera_msgs/lib:/usr/local/cuda-12.9/lib64:/opt/ros/humble/opt/rviz_ogre_vendor/lib:/opt/ros/humble/lib/x86_64-linux-gnu:/opt/ros/humble/lib /usr/bin/cmake --install /home/imml/git/research_2025/apple-harvest-refactor/build/harvest
[1.229s] DEBUG:colcon.colcon_core.event_handler.log_command:Invoked command in '/home/imml/git/research_2025/apple-harvest-refactor/build/harvest_control' returned '0': CMAKE_PREFIX_PATH=/home/imml/git/research_2025/apple-harvest-refactor/install/harvest_interfaces:/home/imml/git/research_2025/apple-harvest-refactor/install/ur_moveit_config:/home/imml/git/research_2025/apple-harvest-refactor/install/ur_description:/home/imml/git/research_2025/apple-harvest-refactor/install/ur_dashboard_msgs:/home/imml/git/research_2025/apple-harvest-refactor/install/realsense2_description:/home/imml/git/research_2025/apple-harvest-refactor/install/realsense2_camera:/home/imml/git/research_2025/apple-harvest-refactor/install/realsense2_camera_msgs:/home/imml/git/research_2025/apple-harvest-refactor/install/harvest_control:/home/imml/git/research_2025/apple-harvest-refactor/install/harvest:/home/imml/git/research_2025/apple-harvest-refactor/install/ur5e_custom_hardware:/home/imml/git/research_2025/apple-harvest-refactor/install/harvest_vision:/opt/ros/humble LD_LIBRARY_PATH=/home/imml/git/research_2025/apple-harvest-refactor/install/harvest_interfaces/lib:/home/imml/git/research_2025/apple-harvest-refactor/install/ur_dashboard_msgs/lib:/home/imml/git/research_2025/apple-harvest-refactor/install/realsense2_camera/lib:/home/imml/git/research_2025/apple-harvest-refactor/install/realsense2_camera_msgs/lib:/usr/local/cuda-12.9/lib64:/opt/ros/humble/opt/rviz_ogre_vendor/lib:/opt/ros/humble/lib/x86_64-linux-gnu:/opt/ros/humble/lib /usr/bin/cmake --build /home/imml/git/research_2025/apple-harvest-refactor/build/harvest_control -- -j16 -l16
[1.231s] DEBUG:colcon.colcon_core.event_handler.log_command:Invoking command in '/home/imml/git/research_2025/apple-harvest-refactor/build/harvest_control': CMAKE_PREFIX_PATH=/home/imml/git/research_2025/apple-harvest-refactor/install/harvest_interfaces:/home/imml/git/research_2025/apple-harvest-refactor/install/ur_moveit_config:/home/imml/git/research_2025/apple-harvest-refactor/install/ur_description:/home/imml/git/research_2025/apple-harvest-refactor/install/ur_dashboard_msgs:/home/imml/git/research_2025/apple-harvest-refactor/install/realsense2_description:/home/imml/git/research_2025/apple-harvest-refactor/install/realsense2_camera:/home/imml/git/research_2025/apple-harvest-refactor/install/realsense2_camera_msgs:/home/imml/git/research_2025/apple-harvest-refactor/install/harvest_control:/home/imml/git/research_2025/apple-harvest-refactor/install/harvest:/home/imml/git/research_2025/apple-harvest-refactor/install/ur5e_custom_hardware:/home/imml/git/research_2025/apple-harvest-refactor/install/harvest_vision:/opt/ros/humble LD_LIBRARY_PATH=/home/imml/git/research_2025/apple-harvest-refactor/install/harvest_interfaces/lib:/home/imml/git/research_2025/apple-harvest-refactor/install/ur_dashboard_msgs/lib:/home/imml/git/research_2025/apple-harvest-refactor/install/realsense2_camera/lib:/home/imml/git/research_2025/apple-harvest-refactor/install/realsense2_camera_msgs/lib:/usr/local/cuda-12.9/lib64:/opt/ros/humble/opt/rviz_ogre_vendor/lib:/opt/ros/humble/lib/x86_64-linux-gnu:/opt/ros/humble/lib /usr/bin/cmake --install /home/imml/git/research_2025/apple-harvest-refactor/build/harvest_control
[1.244s] Level 1:colcon.colcon_core.environment:create_environment_scripts_only(ur_moveit_config)
[1.245s] Level 1:colcon.colcon_core.environment:checking '/home/imml/git/research_2025/apple-harvest-refactor/install/ur_moveit_config' for CMake module files
[1.245s] DEBUG:colcon.colcon_core.event_handler.log_command:Invoked command in '/home/imml/git/research_2025/apple-harvest-refactor/build/ur_moveit_config' returned '0': CMAKE_PREFIX_PATH=/home/imml/git/research_2025/apple-harvest-refactor/install/ur_description:/home/imml/git/research_2025/apple-harvest-refactor/install/ur_moveit_config:/home/imml/git/research_2025/apple-harvest-refactor/install/ur_dashboard_msgs:/home/imml/git/research_2025/apple-harvest-refactor/install/realsense2_description:/home/imml/git/research_2025/apple-harvest-refactor/install/realsense2_camera:/home/imml/git/research_2025/apple-harvest-refactor/install/realsense2_camera_msgs:/home/imml/git/research_2025/apple-harvest-refactor/install/harvest_control:/home/imml/git/research_2025/apple-harvest-refactor/install/harvest:/home/imml/git/research_2025/apple-harvest-refactor/install/harvest_interfaces:/home/imml/git/research_2025/apple-harvest-refactor/install/ur5e_custom_hardware:/home/imml/git/research_2025/apple-harvest-refactor/install/harvest_vision:/opt/ros/humble /usr/bin/cmake --install /home/imml/git/research_2025/apple-harvest-refactor/build/ur_moveit_config
[1.245s] Level 1:colcon.colcon_core.environment:checking '/home/imml/git/research_2025/apple-harvest-refactor/install/ur_moveit_config' for CMake config files
[1.246s] Level 1:colcon.colcon_core.shell:create_environment_hook('ur_moveit_config', 'cmake_prefix_path')
[1.246s] INFO:colcon.colcon_core.shell:Creating environment hook '/home/imml/git/research_2025/apple-harvest-refactor/install/ur_moveit_config/share/ur_moveit_config/hook/cmake_prefix_path.ps1'
[1.247s] INFO:colcon.colcon_core.shell:Creating environment descriptor '/home/imml/git/research_2025/apple-harvest-refactor/install/ur_moveit_config/share/ur_moveit_config/hook/cmake_prefix_path.dsv'
[1.247s] INFO:colcon.colcon_core.shell:Creating environment hook '/home/imml/git/research_2025/apple-harvest-refactor/install/ur_moveit_config/share/ur_moveit_config/hook/cmake_prefix_path.sh'
[1.248s] Level 1:colcon.colcon_core.environment:checking '/home/imml/git/research_2025/apple-harvest-refactor/install/ur_moveit_config/bin'
[1.248s] Level 1:colcon.colcon_core.environment:checking '/home/imml/git/research_2025/apple-harvest-refactor/install/ur_moveit_config/lib/pkgconfig/ur_moveit_config.pc'
[1.248s] Level 1:colcon.colcon_core.environment:checking '/home/imml/git/research_2025/apple-harvest-refactor/install/ur_moveit_config/lib/python3.10/site-packages'
[1.248s] Level 1:colcon.colcon_core.environment:checking '/home/imml/git/research_2025/apple-harvest-refactor/install/ur_moveit_config/bin'
[1.249s] INFO:colcon.colcon_core.shell:Creating package script '/home/imml/git/research_2025/apple-harvest-refactor/install/ur_moveit_config/share/ur_moveit_config/package.ps1'
[1.249s] INFO:colcon.colcon_core.shell:Creating package descriptor '/home/imml/git/research_2025/apple-harvest-refactor/install/ur_moveit_config/share/ur_moveit_config/package.dsv'
[1.250s] INFO:colcon.colcon_core.shell:Creating package script '/home/imml/git/research_2025/apple-harvest-refactor/install/ur_moveit_config/share/ur_moveit_config/package.sh'
[1.250s] INFO:colcon.colcon_core.shell:Creating package script '/home/imml/git/research_2025/apple-harvest-refactor/install/ur_moveit_config/share/ur_moveit_config/package.bash'
[1.251s] INFO:colcon.colcon_core.shell:Creating package script '/home/imml/git/research_2025/apple-harvest-refactor/install/ur_moveit_config/share/ur_moveit_config/package.zsh'
[1.251s] Level 1:colcon.colcon_core.environment:create_file_with_runtime_dependencies(/home/imml/git/research_2025/apple-harvest-refactor/install/ur_moveit_config/share/colcon-core/packages/ur_moveit_config)
[1.252s] Level 1:colcon.colcon_core.environment:create_environment_scripts_only(ur_moveit_config)
[1.253s] Level 1:colcon.colcon_core.environment:checking '/home/imml/git/research_2025/apple-harvest-refactor/install/ur_moveit_config' for CMake module files
[1.253s] Level 1:colcon.colcon_core.environment:checking '/home/imml/git/research_2025/apple-harvest-refactor/install/ur_moveit_config' for CMake config files
[1.254s] Level 1:colcon.colcon_core.shell:create_environment_hook('ur_moveit_config', 'cmake_prefix_path')
[1.254s] INFO:colcon.colcon_core.shell:Creating environment hook '/home/imml/git/research_2025/apple-harvest-refactor/install/ur_moveit_config/share/ur_moveit_config/hook/cmake_prefix_path.ps1'
[1.255s] INFO:colcon.colcon_core.shell:Creating environment descriptor '/home/imml/git/research_2025/apple-harvest-refactor/install/ur_moveit_config/share/ur_moveit_config/hook/cmake_prefix_path.dsv'
[1.256s] INFO:colcon.colcon_core.shell:Creating environment hook '/home/imml/git/research_2025/apple-harvest-refactor/install/ur_moveit_config/share/ur_moveit_config/hook/cmake_prefix_path.sh'
[1.256s] Level 1:colcon.colcon_core.environment:checking '/home/imml/git/research_2025/apple-harvest-refactor/install/ur_moveit_config/bin'
[1.256s] Level 1:colcon.colcon_core.environment:checking '/home/imml/git/research_2025/apple-harvest-refactor/install/ur_moveit_config/lib/pkgconfig/ur_moveit_config.pc'
[1.257s] Level 1:colcon.colcon_core.environment:checking '/home/imml/git/research_2025/apple-harvest-refactor/install/ur_moveit_config/lib/python3.10/site-packages'
[1.257s] Level 1:colcon.colcon_core.environment:checking '/home/imml/git/research_2025/apple-harvest-refactor/install/ur_moveit_config/bin'
[1.257s] INFO:colcon.colcon_core.shell:Creating package script '/home/imml/git/research_2025/apple-harvest-refactor/install/ur_moveit_config/share/ur_moveit_config/package.ps1'
[1.258s] INFO:colcon.colcon_core.shell:Creating package descriptor '/home/imml/git/research_2025/apple-harvest-refactor/install/ur_moveit_config/share/ur_moveit_config/package.dsv'
[1.259s] INFO:colcon.colcon_core.shell:Creating package script '/home/imml/git/research_2025/apple-harvest-refactor/install/ur_moveit_config/share/ur_moveit_config/package.sh'
[1.259s] INFO:colcon.colcon_core.shell:Creating package script '/home/imml/git/research_2025/apple-harvest-refactor/install/ur_moveit_config/share/ur_moveit_config/package.bash'
[1.260s] INFO:colcon.colcon_core.shell:Creating package script '/home/imml/git/research_2025/apple-harvest-refactor/install/ur_moveit_config/share/ur_moveit_config/package.zsh'
[1.260s] Level 1:colcon.colcon_core.environment:create_file_with_runtime_dependencies(/home/imml/git/research_2025/apple-harvest-refactor/install/ur_moveit_config/share/colcon-core/packages/ur_moveit_config)
[1.265s] DEBUG:colcon.colcon_core.event_handler.log_command:Invoked command in '/home/imml/git/research_2025/apple-harvest-refactor/build/ur_bringup' returned '0': AMENT_PREFIX_PATH=/home/imml/git/research_2025/apple-harvest-refactor/install/ur_controllers:${AMENT_PREFIX_PATH} CMAKE_PREFIX_PATH=/home/imml/git/research_2025/apple-harvest-refactor/install/ur_controllers:/home/imml/git/research_2025/apple-harvest-refactor/install/ur_description:/home/imml/git/research_2025/apple-harvest-refactor/install/ur_dashboard_msgs:/home/imml/git/research_2025/apple-harvest-refactor/install/ur_moveit_config:/home/imml/git/research_2025/apple-harvest-refactor/install/realsense2_description:/home/imml/git/research_2025/apple-harvest-refactor/install/realsense2_camera:/home/imml/git/research_2025/apple-harvest-refactor/install/realsense2_camera_msgs:/home/imml/git/research_2025/apple-harvest-refactor/install/harvest_control:/home/imml/git/research_2025/apple-harvest-refactor/install/harvest:/home/imml/git/research_2025/apple-harvest-refactor/install/harvest_interfaces:/home/imml/git/research_2025/apple-harvest-refactor/install/ur5e_custom_hardware:/home/imml/git/research_2025/apple-harvest-refactor/install/harvest_vision:/opt/ros/humble LD_LIBRARY_PATH=/home/imml/git/research_2025/apple-harvest-refactor/install/ur_controllers/lib:${LD_LIBRARY_PATH} /usr/bin/cmake --build /home/imml/git/research_2025/apple-harvest-refactor/build/ur_bringup -- -j16 -l16
[1.267s] DEBUG:colcon.colcon_core.event_handler.log_command:Invoking command in '/home/imml/git/research_2025/apple-harvest-refactor/build/ur_bringup': AMENT_PREFIX_PATH=/home/imml/git/research_2025/apple-harvest-refactor/install/ur_controllers:${AMENT_PREFIX_PATH} CMAKE_PREFIX_PATH=/home/imml/git/research_2025/apple-harvest-refactor/install/ur_controllers:/home/imml/git/research_2025/apple-harvest-refactor/install/ur_description:/home/imml/git/research_2025/apple-harvest-refactor/install/ur_dashboard_msgs:/home/imml/git/research_2025/apple-harvest-refactor/install/ur_moveit_config:/home/imml/git/research_2025/apple-harvest-refactor/install/realsense2_description:/home/imml/git/research_2025/apple-harvest-refactor/install/realsense2_camera:/home/imml/git/research_2025/apple-harvest-refactor/install/realsense2_camera_msgs:/home/imml/git/research_2025/apple-harvest-refactor/install/harvest_control:/home/imml/git/research_2025/apple-harvest-refactor/install/harvest:/home/imml/git/research_2025/apple-harvest-refactor/install/harvest_interfaces:/home/imml/git/research_2025/apple-harvest-refactor/install/ur5e_custom_hardware:/home/imml/git/research_2025/apple-harvest-refactor/install/harvest_vision:/opt/ros/humble LD_LIBRARY_PATH=/home/imml/git/research_2025/apple-harvest-refactor/install/ur_controllers/lib:${LD_LIBRARY_PATH} /usr/bin/cmake --install /home/imml/git/research_2025/apple-harvest-refactor/build/ur_bringup
[1.293s] Level 1:colcon.colcon_core.environment:create_environment_scripts_only(ur_bringup)
[1.294s] Level 1:colcon.colcon_core.environment:checking '/home/imml/git/research_2025/apple-harvest-refactor/install/ur_bringup' for CMake module files
[1.294s] DEBUG:colcon.colcon_core.event_handler.log_command:Invoked command in '/home/imml/git/research_2025/apple-harvest-refactor/build/ur_bringup' returned '0': AMENT_PREFIX_PATH=/home/imml/git/research_2025/apple-harvest-refactor/install/ur_controllers:${AMENT_PREFIX_PATH} CMAKE_PREFIX_PATH=/home/imml/git/research_2025/apple-harvest-refactor/install/ur_controllers:/home/imml/git/research_2025/apple-harvest-refactor/install/ur_description:/home/imml/git/research_2025/apple-harvest-refactor/install/ur_dashboard_msgs:/home/imml/git/research_2025/apple-harvest-refactor/install/ur_moveit_config:/home/imml/git/research_2025/apple-harvest-refactor/install/realsense2_description:/home/imml/git/research_2025/apple-harvest-refactor/install/realsense2_camera:/home/imml/git/research_2025/apple-harvest-refactor/install/realsense2_camera_msgs:/home/imml/git/research_2025/apple-harvest-refactor/install/harvest_control:/home/imml/git/research_2025/apple-harvest-refactor/install/harvest:/home/imml/git/research_2025/apple-harvest-refactor/install/harvest_interfaces:/home/imml/git/research_2025/apple-harvest-refactor/install/ur5e_custom_hardware:/home/imml/git/research_2025/apple-harvest-refactor/install/harvest_vision:/opt/ros/humble LD_LIBRARY_PATH=/home/imml/git/research_2025/apple-harvest-refactor/install/ur_controllers/lib:${LD_LIBRARY_PATH} /usr/bin/cmake --install /home/imml/git/research_2025/apple-harvest-refactor/build/ur_bringup
[1.295s] Level 1:colcon.colcon_core.environment:checking '/home/imml/git/research_2025/apple-harvest-refactor/install/ur_bringup' for CMake config files
[1.295s] Level 1:colcon.colcon_core.shell:create_environment_hook('ur_bringup', 'cmake_prefix_path')
[1.296s] INFO:colcon.colcon_core.shell:Creating environment hook '/home/imml/git/research_2025/apple-harvest-refactor/install/ur_bringup/share/ur_bringup/hook/cmake_prefix_path.ps1'
[1.296s] INFO:colcon.colcon_core.shell:Creating environment descriptor '/home/imml/git/research_2025/apple-harvest-refactor/install/ur_bringup/share/ur_bringup/hook/cmake_prefix_path.dsv'
[1.296s] INFO:colcon.colcon_core.shell:Creating environment hook '/home/imml/git/research_2025/apple-harvest-refactor/install/ur_bringup/share/ur_bringup/hook/cmake_prefix_path.sh'
[1.297s] Level 1:colcon.colcon_core.environment:checking '/home/imml/git/research_2025/apple-harvest-refactor/install/ur_bringup/lib'
[1.297s] Level 1:colcon.colcon_core.environment:checking '/home/imml/git/research_2025/apple-harvest-refactor/install/ur_bringup/bin'
[1.297s] Level 1:colcon.colcon_core.environment:checking '/home/imml/git/research_2025/apple-harvest-refactor/install/ur_bringup/lib/pkgconfig/ur_bringup.pc'
[1.297s] Level 1:colcon.colcon_core.environment:checking '/home/imml/git/research_2025/apple-harvest-refactor/install/ur_bringup/lib/python3.10/site-packages'
[1.297s] Level 1:colcon.colcon_core.environment:checking '/home/imml/git/research_2025/apple-harvest-refactor/install/ur_bringup/bin'
[1.297s] INFO:colcon.colcon_core.shell:Creating package script '/home/imml/git/research_2025/apple-harvest-refactor/install/ur_bringup/share/ur_bringup/package.ps1'
[1.298s] INFO:colcon.colcon_core.shell:Creating package descriptor '/home/imml/git/research_2025/apple-harvest-refactor/install/ur_bringup/share/ur_bringup/package.dsv'
[1.298s] INFO:colcon.colcon_core.shell:Creating package script '/home/imml/git/research_2025/apple-harvest-refactor/install/ur_bringup/share/ur_bringup/package.sh'
[1.298s] INFO:colcon.colcon_core.shell:Creating package script '/home/imml/git/research_2025/apple-harvest-refactor/install/ur_bringup/share/ur_bringup/package.bash'
[1.299s] INFO:colcon.colcon_core.shell:Creating package script '/home/imml/git/research_2025/apple-harvest-refactor/install/ur_bringup/share/ur_bringup/package.zsh'
[1.299s] Level 1:colcon.colcon_core.environment:create_file_with_runtime_dependencies(/home/imml/git/research_2025/apple-harvest-refactor/install/ur_bringup/share/colcon-core/packages/ur_bringup)
[1.299s] Level 1:colcon.colcon_core.environment:create_environment_scripts_only(ur_bringup)
[1.299s] Level 1:colcon.colcon_core.environment:checking '/home/imml/git/research_2025/apple-harvest-refactor/install/ur_bringup' for CMake module files
[1.300s] Level 1:colcon.colcon_core.environment:checking '/home/imml/git/research_2025/apple-harvest-refactor/install/ur_bringup' for CMake config files
[1.300s] Level 1:colcon.colcon_core.shell:create_environment_hook('ur_bringup', 'cmake_prefix_path')
[1.300s] INFO:colcon.colcon_core.shell:Creating environment hook '/home/imml/git/research_2025/apple-harvest-refactor/install/ur_bringup/share/ur_bringup/hook/cmake_prefix_path.ps1'
[1.301s] INFO:colcon.colcon_core.shell:Creating environment descriptor '/home/imml/git/research_2025/apple-harvest-refactor/install/ur_bringup/share/ur_bringup/hook/cmake_prefix_path.dsv'
[1.301s] INFO:colcon.colcon_core.shell:Creating environment hook '/home/imml/git/research_2025/apple-harvest-refactor/install/ur_bringup/share/ur_bringup/hook/cmake_prefix_path.sh'
[1.302s] Level 1:colcon.colcon_core.environment:checking '/home/imml/git/research_2025/apple-harvest-refactor/install/ur_bringup/lib'
[1.302s] Level 1:colcon.colcon_core.environment:checking '/home/imml/git/research_2025/apple-harvest-refactor/install/ur_bringup/bin'
[1.302s] Level 1:colcon.colcon_core.environment:checking '/home/imml/git/research_2025/apple-harvest-refactor/install/ur_bringup/lib/pkgconfig/ur_bringup.pc'
[1.302s] Level 1:colcon.colcon_core.environment:checking '/home/imml/git/research_2025/apple-harvest-refactor/install/ur_bringup/lib/python3.10/site-packages'
[1.302s] Level 1:colcon.colcon_core.environment:checking '/home/imml/git/research_2025/apple-harvest-refactor/install/ur_bringup/bin'
[1.302s] INFO:colcon.colcon_core.shell:Creating package script '/home/imml/git/research_2025/apple-harvest-refactor/install/ur_bringup/share/ur_bringup/package.ps1'
[1.303s] INFO:colcon.colcon_core.shell:Creating package descriptor '/home/imml/git/research_2025/apple-harvest-refactor/install/ur_bringup/share/ur_bringup/package.dsv'
[1.303s] INFO:colcon.colcon_core.shell:Creating package script '/home/imml/git/research_2025/apple-harvest-refactor/install/ur_bringup/share/ur_bringup/package.sh'
[1.303s] INFO:colcon.colcon_core.shell:Creating package script '/home/imml/git/research_2025/apple-harvest-refactor/install/ur_bringup/share/ur_bringup/package.bash'
[1.303s] INFO:colcon.colcon_core.shell:Creating package script '/home/imml/git/research_2025/apple-harvest-refactor/install/ur_bringup/share/ur_bringup/package.zsh'
[1.304s] Level 1:colcon.colcon_core.environment:create_file_with_runtime_dependencies(/home/imml/git/research_2025/apple-harvest-refactor/install/ur_bringup/share/colcon-core/packages/ur_bringup)
[1.305s] Level 1:colcon.colcon_core.environment:create_environment_scripts_only(harvest_control)
[1.305s] Level 1:colcon.colcon_core.environment:checking '/home/imml/git/research_2025/apple-harvest-refactor/install/harvest_control' for CMake module files
[1.306s] DEBUG:colcon.colcon_core.event_handler.log_command:Invoked command in '/home/imml/git/research_2025/apple-harvest-refactor/build/harvest_control' returned '0': CMAKE_PREFIX_PATH=/home/imml/git/research_2025/apple-harvest-refactor/install/harvest_interfaces:/home/imml/git/research_2025/apple-harvest-refactor/install/ur_moveit_config:/home/imml/git/research_2025/apple-harvest-refactor/install/ur_description:/home/imml/git/research_2025/apple-harvest-refactor/install/ur_dashboard_msgs:/home/imml/git/research_2025/apple-harvest-refactor/install/realsense2_description:/home/imml/git/research_2025/apple-harvest-refactor/install/realsense2_camera:/home/imml/git/research_2025/apple-harvest-refactor/install/realsense2_camera_msgs:/home/imml/git/research_2025/apple-harvest-refactor/install/harvest_control:/home/imml/git/research_2025/apple-harvest-refactor/install/harvest:/home/imml/git/research_2025/apple-harvest-refactor/install/ur5e_custom_hardware:/home/imml/git/research_2025/apple-harvest-refactor/install/harvest_vision:/opt/ros/humble LD_LIBRARY_PATH=/home/imml/git/research_2025/apple-harvest-refactor/install/harvest_interfaces/lib:/home/imml/git/research_2025/apple-harvest-refactor/install/ur_dashboard_msgs/lib:/home/imml/git/research_2025/apple-harvest-refactor/install/realsense2_camera/lib:/home/imml/git/research_2025/apple-harvest-refactor/install/realsense2_camera_msgs/lib:/usr/local/cuda-12.9/lib64:/opt/ros/humble/opt/rviz_ogre_vendor/lib:/opt/ros/humble/lib/x86_64-linux-gnu:/opt/ros/humble/lib /usr/bin/cmake --install /home/imml/git/research_2025/apple-harvest-refactor/build/harvest_control
[1.306s] Level 1:colcon.colcon_core.environment:checking '/home/imml/git/research_2025/apple-harvest-refactor/install/harvest_control' for CMake config files
[1.307s] Level 1:colcon.colcon_core.shell:create_environment_hook('harvest_control', 'cmake_prefix_path')
[1.307s] INFO:colcon.colcon_core.shell:Creating environment hook '/home/imml/git/research_2025/apple-harvest-refactor/install/harvest_control/share/harvest_control/hook/cmake_prefix_path.ps1'
[1.307s] INFO:colcon.colcon_core.shell:Creating environment descriptor '/home/imml/git/research_2025/apple-harvest-refactor/install/harvest_control/share/harvest_control/hook/cmake_prefix_path.dsv'
[1.307s] INFO:colcon.colcon_core.shell:Creating environment hook '/home/imml/git/research_2025/apple-harvest-refactor/install/harvest_control/share/harvest_control/hook/cmake_prefix_path.sh'
[1.308s] Level 1:colcon.colcon_core.environment:checking '/home/imml/git/research_2025/apple-harvest-refactor/install/harvest_control/lib'
[1.308s] Level 1:colcon.colcon_core.environment:checking '/home/imml/git/research_2025/apple-harvest-refactor/install/harvest_control/bin'
[1.308s] Level 1:colcon.colcon_core.environment:checking '/home/imml/git/research_2025/apple-harvest-refactor/install/harvest_control/lib/pkgconfig/harvest_control.pc'
[1.308s] Level 1:colcon.colcon_core.environment:checking '/home/imml/git/research_2025/apple-harvest-refactor/install/harvest_control/lib/python3.10/site-packages'
[1.308s] Level 1:colcon.colcon_core.environment:checking '/home/imml/git/research_2025/apple-harvest-refactor/install/harvest_control/bin'
[1.308s] INFO:colcon.colcon_core.shell:Creating package script '/home/imml/git/research_2025/apple-harvest-refactor/install/harvest_control/share/harvest_control/package.ps1'
[1.309s] INFO:colcon.colcon_core.shell:Creating package descriptor '/home/imml/git/research_2025/apple-harvest-refactor/install/harvest_control/share/harvest_control/package.dsv'
[1.309s] INFO:colcon.colcon_core.shell:Creating package script '/home/imml/git/research_2025/apple-harvest-refactor/install/harvest_control/share/harvest_control/package.sh'
[1.309s] INFO:colcon.colcon_core.shell:Creating package script '/home/imml/git/research_2025/apple-harvest-refactor/install/harvest_control/share/harvest_control/package.bash'
[1.310s] INFO:colcon.colcon_core.shell:Creating package script '/home/imml/git/research_2025/apple-harvest-refactor/install/harvest_control/share/harvest_control/package.zsh'
[1.310s] Level 1:colcon.colcon_core.environment:create_file_with_runtime_dependencies(/home/imml/git/research_2025/apple-harvest-refactor/install/harvest_control/share/colcon-core/packages/harvest_control)
[1.310s] Level 1:colcon.colcon_core.environment:create_environment_scripts_only(harvest_control)
[1.311s] Level 1:colcon.colcon_core.environment:checking '/home/imml/git/research_2025/apple-harvest-refactor/install/harvest_control' for CMake module files
[1.311s] Level 1:colcon.colcon_core.environment:checking '/home/imml/git/research_2025/apple-harvest-refactor/install/harvest_control' for CMake config files
[1.312s] Level 1:colcon.colcon_core.shell:create_environment_hook('harvest_control', 'cmake_prefix_path')
[1.312s] INFO:colcon.colcon_core.shell:Creating environment hook '/home/imml/git/research_2025/apple-harvest-refactor/install/harvest_control/share/harvest_control/hook/cmake_prefix_path.ps1'
[1.312s] INFO:colcon.colcon_core.shell:Creating environment descriptor '/home/imml/git/research_2025/apple-harvest-refactor/install/harvest_control/share/harvest_control/hook/cmake_prefix_path.dsv'
[1.312s] INFO:colcon.colcon_core.shell:Creating environment hook '/home/imml/git/research_2025/apple-harvest-refactor/install/harvest_control/share/harvest_control/hook/cmake_prefix_path.sh'
[1.313s] Level 1:colcon.colcon_core.environment:checking '/home/imml/git/research_2025/apple-harvest-refactor/install/harvest_control/lib'
[1.313s] Level 1:colcon.colcon_core.environment:checking '/home/imml/git/research_2025/apple-harvest-refactor/install/harvest_control/bin'
[1.313s] Level 1:colcon.colcon_core.environment:checking '/home/imml/git/research_2025/apple-harvest-refactor/install/harvest_control/lib/pkgconfig/harvest_control.pc'
[1.313s] Level 1:colcon.colcon_core.environment:checking '/home/imml/git/research_2025/apple-harvest-refactor/install/harvest_control/lib/python3.10/site-packages'
[1.313s] Level 1:colcon.colcon_core.environment:checking '/home/imml/git/research_2025/apple-harvest-refactor/install/harvest_control/bin'
[1.313s] INFO:colcon.colcon_core.shell:Creating package script '/home/imml/git/research_2025/apple-harvest-refactor/install/harvest_control/share/harvest_control/package.ps1'
[1.314s] INFO:colcon.colcon_core.shell:Creating package descriptor '/home/imml/git/research_2025/apple-harvest-refactor/install/harvest_control/share/harvest_control/package.dsv'
[1.314s] INFO:colcon.colcon_core.shell:Creating package script '/home/imml/git/research_2025/apple-harvest-refactor/install/harvest_control/share/harvest_control/package.sh'
[1.314s] INFO:colcon.colcon_core.shell:Creating package script '/home/imml/git/research_2025/apple-harvest-refactor/install/harvest_control/share/harvest_control/package.bash'
[1.314s] INFO:colcon.colcon_core.shell:Creating package script '/home/imml/git/research_2025/apple-harvest-refactor/install/harvest_control/share/harvest_control/package.zsh'
[1.315s] Level 1:colcon.colcon_core.environment:create_file_with_runtime_dependencies(/home/imml/git/research_2025/apple-harvest-refactor/install/harvest_control/share/colcon-core/packages/harvest_control)
[1.315s] Level 1:colcon.colcon_core.environment:create_environment_scripts_only(harvest)
[1.315s] Level 1:colcon.colcon_core.environment:checking '/home/imml/git/research_2025/apple-harvest-refactor/install/harvest' for CMake module files
[1.316s] DEBUG:colcon.colcon_core.event_handler.log_command:Invoked command in '/home/imml/git/research_2025/apple-harvest-refactor/build/harvest' returned '0': CMAKE_PREFIX_PATH=/home/imml/git/research_2025/apple-harvest-refactor/install/harvest_interfaces:/home/imml/git/research_2025/apple-harvest-refactor/install/ur_moveit_config:/home/imml/git/research_2025/apple-harvest-refactor/install/ur_description:/home/imml/git/research_2025/apple-harvest-refactor/install/ur_dashboard_msgs:/home/imml/git/research_2025/apple-harvest-refactor/install/realsense2_description:/home/imml/git/research_2025/apple-harvest-refactor/install/realsense2_camera:/home/imml/git/research_2025/apple-harvest-refactor/install/realsense2_camera_msgs:/home/imml/git/research_2025/apple-harvest-refactor/install/harvest_control:/home/imml/git/research_2025/apple-harvest-refactor/install/harvest:/home/imml/git/research_2025/apple-harvest-refactor/install/ur5e_custom_hardware:/home/imml/git/research_2025/apple-harvest-refactor/install/harvest_vision:/opt/ros/humble LD_LIBRARY_PATH=/home/imml/git/research_2025/apple-harvest-refactor/install/harvest_interfaces/lib:/home/imml/git/research_2025/apple-harvest-refactor/install/ur_dashboard_msgs/lib:/home/imml/git/research_2025/apple-harvest-refactor/install/realsense2_camera/lib:/home/imml/git/research_2025/apple-harvest-refactor/install/realsense2_camera_msgs/lib:/usr/local/cuda-12.9/lib64:/opt/ros/humble/opt/rviz_ogre_vendor/lib:/opt/ros/humble/lib/x86_64-linux-gnu:/opt/ros/humble/lib /usr/bin/cmake --install /home/imml/git/research_2025/apple-harvest-refactor/build/harvest
[1.316s] Level 1:colcon.colcon_core.environment:checking '/home/imml/git/research_2025/apple-harvest-refactor/install/harvest' for CMake config files
[1.317s] Level 1:colcon.colcon_core.shell:create_environment_hook('harvest', 'cmake_prefix_path')
[1.317s] INFO:colcon.colcon_core.shell:Creating environment hook '/home/imml/git/research_2025/apple-harvest-refactor/install/harvest/share/harvest/hook/cmake_prefix_path.ps1'
[1.318s] INFO:colcon.colcon_core.shell:Creating environment descriptor '/home/imml/git/research_2025/apple-harvest-refactor/install/harvest/share/harvest/hook/cmake_prefix_path.dsv'
[1.318s] INFO:colcon.colcon_core.shell:Creating environment hook '/home/imml/git/research_2025/apple-harvest-refactor/install/harvest/share/harvest/hook/cmake_prefix_path.sh'
[1.318s] Level 1:colcon.colcon_core.environment:checking '/home/imml/git/research_2025/apple-harvest-refactor/install/harvest/lib'
[1.318s] Level 1:colcon.colcon_core.environment:checking '/home/imml/git/research_2025/apple-harvest-refactor/install/harvest/bin'
[1.318s] Level 1:colcon.colcon_core.environment:checking '/home/imml/git/research_2025/apple-harvest-refactor/install/harvest/lib/pkgconfig/harvest.pc'
[1.319s] Level 1:colcon.colcon_core.environment:checking '/home/imml/git/research_2025/apple-harvest-refactor/install/harvest/lib/python3.10/site-packages'
[1.319s] Level 1:colcon.colcon_core.environment:checking '/home/imml/git/research_2025/apple-harvest-refactor/install/harvest/bin'
[1.319s] INFO:colcon.colcon_core.shell:Creating package script '/home/imml/git/research_2025/apple-harvest-refactor/install/harvest/share/harvest/package.ps1'
[1.319s] INFO:colcon.colcon_core.shell:Creating package descriptor '/home/imml/git/research_2025/apple-harvest-refactor/install/harvest/share/harvest/package.dsv'
[1.320s] INFO:colcon.colcon_core.shell:Creating package script '/home/imml/git/research_2025/apple-harvest-refactor/install/harvest/share/harvest/package.sh'
[1.320s] INFO:colcon.colcon_core.shell:Creating package script '/home/imml/git/research_2025/apple-harvest-refactor/install/harvest/share/harvest/package.bash'
[1.320s] INFO:colcon.colcon_core.shell:Creating package script '/home/imml/git/research_2025/apple-harvest-refactor/install/harvest/share/harvest/package.zsh'
[1.320s] Level 1:colcon.colcon_core.environment:create_file_with_runtime_dependencies(/home/imml/git/research_2025/apple-harvest-refactor/install/harvest/share/colcon-core/packages/harvest)
[1.321s] Level 1:colcon.colcon_core.environment:create_environment_scripts_only(harvest)
[1.321s] Level 1:colcon.colcon_core.environment:checking '/home/imml/git/research_2025/apple-harvest-refactor/install/harvest' for CMake module files
[1.321s] Level 1:colcon.colcon_core.environment:checking '/home/imml/git/research_2025/apple-harvest-refactor/install/harvest' for CMake config files
[1.322s] Level 1:colcon.colcon_core.shell:create_environment_hook('harvest', 'cmake_prefix_path')
[1.322s] INFO:colcon.colcon_core.shell:Creating environment hook '/home/imml/git/research_2025/apple-harvest-refactor/install/harvest/share/harvest/hook/cmake_prefix_path.ps1'
[1.322s] INFO:colcon.colcon_core.shell:Creating environment descriptor '/home/imml/git/research_2025/apple-harvest-refactor/install/harvest/share/harvest/hook/cmake_prefix_path.dsv'
[1.322s] INFO:colcon.colcon_core.shell:Creating environment hook '/home/imml/git/research_2025/apple-harvest-refactor/install/harvest/share/harvest/hook/cmake_prefix_path.sh'
[1.323s] Level 1:colcon.colcon_core.environment:checking '/home/imml/git/research_2025/apple-harvest-refactor/install/harvest/lib'
[1.323s] Level 1:colcon.colcon_core.environment:checking '/home/imml/git/research_2025/apple-harvest-refactor/install/harvest/bin'
[1.323s] Level 1:colcon.colcon_core.environment:checking '/home/imml/git/research_2025/apple-harvest-refactor/install/harvest/lib/pkgconfig/harvest.pc'
[1.323s] Level 1:colcon.colcon_core.environment:checking '/home/imml/git/research_2025/apple-harvest-refactor/install/harvest/lib/python3.10/site-packages'
[1.323s] Level 1:colcon.colcon_core.environment:checking '/home/imml/git/research_2025/apple-harvest-refactor/install/harvest/bin'
[1.323s] INFO:colcon.colcon_core.shell:Creating package script '/home/imml/git/research_2025/apple-harvest-refactor/install/harvest/share/harvest/package.ps1'
[1.324s] INFO:colcon.colcon_core.shell:Creating package descriptor '/home/imml/git/research_2025/apple-harvest-refactor/install/harvest/share/harvest/package.dsv'
[1.324s] INFO:colcon.colcon_core.shell:Creating package script '/home/imml/git/research_2025/apple-harvest-refactor/install/harvest/share/harvest/package.sh'
[1.324s] INFO:colcon.colcon_core.shell:Creating package script '/home/imml/git/research_2025/apple-harvest-refactor/install/harvest/share/harvest/package.bash'
[1.325s] INFO:colcon.colcon_core.shell:Creating package script '/home/imml/git/research_2025/apple-harvest-refactor/install/harvest/share/harvest/package.zsh'
[1.325s] Level 1:colcon.colcon_core.environment:create_file_with_runtime_dependencies(/home/imml/git/research_2025/apple-harvest-refactor/install/harvest/share/colcon-core/packages/harvest)
[1.485s] DEBUG:colcon.colcon_core.event_handler.log_command:Invoking command in '/home/imml/git/research_2025/apple-harvest-refactor/build/harvest_vision': CMAKE_PREFIX_PATH=/home/imml/git/research_2025/apple-harvest-refactor/install/harvest_interfaces:/home/imml/git/research_2025/apple-harvest-refactor/install/ur_moveit_config:/home/imml/git/research_2025/apple-harvest-refactor/install/ur_description:/home/imml/git/research_2025/apple-harvest-refactor/install/ur_dashboard_msgs:/home/imml/git/research_2025/apple-harvest-refactor/install/realsense2_description:/home/imml/git/research_2025/apple-harvest-refactor/install/realsense2_camera:/home/imml/git/research_2025/apple-harvest-refactor/install/realsense2_camera_msgs:/home/imml/git/research_2025/apple-harvest-refactor/install/harvest_control:/home/imml/git/research_2025/apple-harvest-refactor/install/harvest LD_LIBRARY_PATH=/home/imml/git/research_2025/apple-harvest-refactor/install/harvest_interfaces/lib:/home/imml/git/research_2025/apple-harvest-refactor/install/ur_dashboard_msgs/lib:/home/imml/git/research_2025/apple-harvest-refactor/install/realsense2_camera/lib:/home/imml/git/research_2025/apple-harvest-refactor/install/realsense2_camera_msgs/lib:/usr/local/cuda-12.9/lib64:/opt/ros/humble/opt/rviz_ogre_vendor/lib:/opt/ros/humble/lib/x86_64-linux-gnu:/opt/ros/humble/lib PYTHONPATH=/home/imml/git/research_2025/apple-harvest-refactor/build/harvest_vision/prefix_override:/usr/lib/python3/dist-packages/colcon_core/task/python/colcon_distutils_commands:/home/imml/git/research_2025/apple-harvest-refactor/install/harvest_vision/lib/python3.10/site-packages:${PYTHONPATH} /usr/bin/python3 -W ignore:setup.py install is deprecated -W ignore:easy_install command is deprecated setup.py develop --editable --build-directory /home/imml/git/research_2025/apple-harvest-refactor/build/harvest_vision/build --no-deps symlink_data
[1.547s] DEBUG:colcon.colcon_core.event_handler.log_command:Invoked command in '/home/imml/git/research_2025/apple-harvest-refactor/build/ur_robot_driver' returned '0': AMENT_PREFIX_PATH=/home/imml/git/research_2025/apple-harvest-refactor/install/ur_controllers:${AMENT_PREFIX_PATH} CMAKE_PREFIX_PATH=/home/imml/git/research_2025/apple-harvest-refactor/install/ur_controllers:/home/imml/git/research_2025/apple-harvest-refactor/install/ur_description:/home/imml/git/research_2025/apple-harvest-refactor/install/ur_dashboard_msgs:/home/imml/git/research_2025/apple-harvest-refactor/install/ur_moveit_config:/home/imml/git/research_2025/apple-harvest-refactor/install/realsense2_description:/home/imml/git/research_2025/apple-harvest-refactor/install/realsense2_camera:/home/imml/git/research_2025/apple-harvest-refactor/install/realsense2_camera_msgs:/home/imml/git/research_2025/apple-harvest-refactor/install/harvest_control:/home/imml/git/research_2025/apple-harvest-refactor/install/harvest:/home/imml/git/research_2025/apple-harvest-refactor/install/harvest_interfaces:/home/imml/git/research_2025/apple-harvest-refactor/install/ur5e_custom_hardware:/home/imml/git/research_2025/apple-harvest-refactor/install/harvest_vision:/opt/ros/humble LD_LIBRARY_PATH=/home/imml/git/research_2025/apple-harvest-refactor/install/ur_controllers/lib:${LD_LIBRARY_PATH} /usr/bin/cmake --build /home/imml/git/research_2025/apple-harvest-refactor/build/ur_robot_driver -- -j16 -l16
[1.549s] DEBUG:colcon.colcon_core.event_handler.log_command:Invoking command in '/home/imml/git/research_2025/apple-harvest-refactor/build/ur_robot_driver': AMENT_PREFIX_PATH=/home/imml/git/research_2025/apple-harvest-refactor/install/ur_controllers:${AMENT_PREFIX_PATH} CMAKE_PREFIX_PATH=/home/imml/git/research_2025/apple-harvest-refactor/install/ur_controllers:/home/imml/git/research_2025/apple-harvest-refactor/install/ur_description:/home/imml/git/research_2025/apple-harvest-refactor/install/ur_dashboard_msgs:/home/imml/git/research_2025/apple-harvest-refactor/install/ur_moveit_config:/home/imml/git/research_2025/apple-harvest-refactor/install/realsense2_description:/home/imml/git/research_2025/apple-harvest-refactor/install/realsense2_camera:/home/imml/git/research_2025/apple-harvest-refactor/install/realsense2_camera_msgs:/home/imml/git/research_2025/apple-harvest-refactor/install/harvest_control:/home/imml/git/research_2025/apple-harvest-refactor/install/harvest:/home/imml/git/research_2025/apple-harvest-refactor/install/harvest_interfaces:/home/imml/git/research_2025/apple-harvest-refactor/install/ur5e_custom_hardware:/home/imml/git/research_2025/apple-harvest-refactor/install/harvest_vision:/opt/ros/humble LD_LIBRARY_PATH=/home/imml/git/research_2025/apple-harvest-refactor/install/ur_controllers/lib:${LD_LIBRARY_PATH} /usr/bin/cmake --install /home/imml/git/research_2025/apple-harvest-refactor/build/ur_robot_driver
[1.590s] Level 1:colcon.colcon_core.shell:create_environment_hook('ur5e_custom_hardware', 'pythonpath_develop')
[1.590s] DEBUG:colcon.colcon_core.event_handler.log_command:Invoked command in '/home/imml/git/research_2025/apple-harvest-refactor/build/ur5e_custom_hardware' returned '0': PYTHONPATH=/home/imml/git/research_2025/apple-harvest-refactor/build/ur5e_custom_hardware/prefix_override:/usr/lib/python3/dist-packages/colcon_core/task/python/colcon_distutils_commands:/home/imml/git/research_2025/apple-harvest-refactor/install/ur5e_custom_hardware/lib/python3.10/site-packages:${PYTHONPATH} /usr/bin/python3 -W ignore:setup.py install is deprecated -W ignore:easy_install command is deprecated setup.py develop --editable --build-directory /home/imml/git/research_2025/apple-harvest-refactor/build/ur5e_custom_hardware/build --no-deps symlink_data
[1.590s] INFO:colcon.colcon_core.shell:Creating environment hook '/home/imml/git/research_2025/apple-harvest-refactor/build/ur5e_custom_hardware/share/ur5e_custom_hardware/hook/pythonpath_develop.ps1'
[1.591s] INFO:colcon.colcon_core.shell:Creating environment descriptor '/home/imml/git/research_2025/apple-harvest-refactor/build/ur5e_custom_hardware/share/ur5e_custom_hardware/hook/pythonpath_develop.dsv'
[1.591s] INFO:colcon.colcon_core.shell:Creating environment hook '/home/imml/git/research_2025/apple-harvest-refactor/build/ur5e_custom_hardware/share/ur5e_custom_hardware/hook/pythonpath_develop.sh'
[1.591s] Level 1:colcon.colcon_core.environment:checking '/home/imml/git/research_2025/apple-harvest-refactor/install/ur5e_custom_hardware' for CMake module files
[1.592s] Level 1:colcon.colcon_core.environment:checking '/home/imml/git/research_2025/apple-harvest-refactor/install/ur5e_custom_hardware' for CMake config files
[1.592s] Level 1:colcon.colcon_core.environment:checking '/home/imml/git/research_2025/apple-harvest-refactor/install/ur5e_custom_hardware/lib'
[1.592s] Level 1:colcon.colcon_core.environment:checking '/home/imml/git/research_2025/apple-harvest-refactor/install/ur5e_custom_hardware/bin'
[1.592s] Level 1:colcon.colcon_core.environment:checking '/home/imml/git/research_2025/apple-harvest-refactor/install/ur5e_custom_hardware/lib/pkgconfig/ur5e_custom_hardware.pc'
[1.592s] Level 1:colcon.colcon_core.environment:checking '/home/imml/git/research_2025/apple-harvest-refactor/install/ur5e_custom_hardware/lib/python3.10/site-packages'
[1.592s] Level 1:colcon.colcon_core.shell:create_environment_hook('ur5e_custom_hardware', 'pythonpath')
[1.593s] INFO:colcon.colcon_core.shell:Creating environment hook '/home/imml/git/research_2025/apple-harvest-refactor/install/ur5e_custom_hardware/share/ur5e_custom_hardware/hook/pythonpath.ps1'
[1.593s] INFO:colcon.colcon_core.shell:Creating environment descriptor '/home/imml/git/research_2025/apple-harvest-refactor/install/ur5e_custom_hardware/share/ur5e_custom_hardware/hook/pythonpath.dsv'
[1.593s] INFO:colcon.colcon_core.shell:Creating environment hook '/home/imml/git/research_2025/apple-harvest-refactor/install/ur5e_custom_hardware/share/ur5e_custom_hardware/hook/pythonpath.sh'
[1.594s] Level 1:colcon.colcon_core.environment:checking '/home/imml/git/research_2025/apple-harvest-refactor/install/ur5e_custom_hardware/bin'
[1.594s] Level 1:colcon.colcon_core.environment:create_environment_scripts_only(ur5e_custom_hardware)
[1.594s] INFO:colcon.colcon_core.shell:Creating package script '/home/imml/git/research_2025/apple-harvest-refactor/install/ur5e_custom_hardware/share/ur5e_custom_hardware/package.ps1'
[1.594s] INFO:colcon.colcon_core.shell:Creating package descriptor '/home/imml/git/research_2025/apple-harvest-refactor/install/ur5e_custom_hardware/share/ur5e_custom_hardware/package.dsv'
[1.595s] INFO:colcon.colcon_core.shell:Creating package script '/home/imml/git/research_2025/apple-harvest-refactor/install/ur5e_custom_hardware/share/ur5e_custom_hardware/package.sh'
[1.595s] INFO:colcon.colcon_core.shell:Creating package script '/home/imml/git/research_2025/apple-harvest-refactor/install/ur5e_custom_hardware/share/ur5e_custom_hardware/package.bash'
[1.595s] INFO:colcon.colcon_core.shell:Creating package script '/home/imml/git/research_2025/apple-harvest-refactor/install/ur5e_custom_hardware/share/ur5e_custom_hardware/package.zsh'
[1.596s] Level 1:colcon.colcon_core.environment:create_file_with_runtime_dependencies(/home/imml/git/research_2025/apple-harvest-refactor/install/ur5e_custom_hardware/share/colcon-core/packages/ur5e_custom_hardware)
[1.607s] Level 1:colcon.colcon_core.environment:create_environment_scripts_only(ur_robot_driver)
[1.607s] Level 1:colcon.colcon_core.environment:checking '/home/imml/git/research_2025/apple-harvest-refactor/install/ur_robot_driver' for CMake module files
[1.607s] DEBUG:colcon.colcon_core.event_handler.log_command:Invoked command in '/home/imml/git/research_2025/apple-harvest-refactor/build/ur_robot_driver' returned '0': AMENT_PREFIX_PATH=/home/imml/git/research_2025/apple-harvest-refactor/install/ur_controllers:${AMENT_PREFIX_PATH} CMAKE_PREFIX_PATH=/home/imml/git/research_2025/apple-harvest-refactor/install/ur_controllers:/home/imml/git/research_2025/apple-harvest-refactor/install/ur_description:/home/imml/git/research_2025/apple-harvest-refactor/install/ur_dashboard_msgs:/home/imml/git/research_2025/apple-harvest-refactor/install/ur_moveit_config:/home/imml/git/research_2025/apple-harvest-refactor/install/realsense2_description:/home/imml/git/research_2025/apple-harvest-refactor/install/realsense2_camera:/home/imml/git/research_2025/apple-harvest-refactor/install/realsense2_camera_msgs:/home/imml/git/research_2025/apple-harvest-refactor/install/harvest_control:/home/imml/git/research_2025/apple-harvest-refactor/install/harvest:/home/imml/git/research_2025/apple-harvest-refactor/install/harvest_interfaces:/home/imml/git/research_2025/apple-harvest-refactor/install/ur5e_custom_hardware:/home/imml/git/research_2025/apple-harvest-refactor/install/harvest_vision:/opt/ros/humble LD_LIBRARY_PATH=/home/imml/git/research_2025/apple-harvest-refactor/install/ur_controllers/lib:${LD_LIBRARY_PATH} /usr/bin/cmake --install /home/imml/git/research_2025/apple-harvest-refactor/build/ur_robot_driver
[1.608s] Level 1:colcon.colcon_core.environment:checking '/home/imml/git/research_2025/apple-harvest-refactor/install/ur_robot_driver' for CMake config files
[1.608s] Level 1:colcon.colcon_core.shell:create_environment_hook('ur_robot_driver', 'cmake_prefix_path')
[1.608s] INFO:colcon.colcon_core.shell:Creating environment hook '/home/imml/git/research_2025/apple-harvest-refactor/install/ur_robot_driver/share/ur_robot_driver/hook/cmake_prefix_path.ps1'
[1.609s] INFO:colcon.colcon_core.shell:Creating environment descriptor '/home/imml/git/research_2025/apple-harvest-refactor/install/ur_robot_driver/share/ur_robot_driver/hook/cmake_prefix_path.dsv'
[1.609s] INFO:colcon.colcon_core.shell:Creating environment hook '/home/imml/git/research_2025/apple-harvest-refactor/install/ur_robot_driver/share/ur_robot_driver/hook/cmake_prefix_path.sh'
[1.610s] Level 1:colcon.colcon_core.environment:checking '/home/imml/git/research_2025/apple-harvest-refactor/install/ur_robot_driver/lib'
[1.610s] Level 1:colcon.colcon_core.shell:create_environment_hook('ur_robot_driver', 'ld_library_path_lib')
[1.610s] INFO:colcon.colcon_core.shell:Creating environment hook '/home/imml/git/research_2025/apple-harvest-refactor/install/ur_robot_driver/share/ur_robot_driver/hook/ld_library_path_lib.ps1'
[1.610s] INFO:colcon.colcon_core.shell:Creating environment descriptor '/home/imml/git/research_2025/apple-harvest-refactor/install/ur_robot_driver/share/ur_robot_driver/hook/ld_library_path_lib.dsv'
[1.610s] INFO:colcon.colcon_core.shell:Creating environment hook '/home/imml/git/research_2025/apple-harvest-refactor/install/ur_robot_driver/share/ur_robot_driver/hook/ld_library_path_lib.sh'
[1.611s] Level 1:colcon.colcon_core.environment:checking '/home/imml/git/research_2025/apple-harvest-refactor/install/ur_robot_driver/bin'
[1.611s] Level 1:colcon.colcon_core.shell:create_environment_hook('ur_robot_driver', 'path')
[1.611s] INFO:colcon.colcon_core.shell:Creating environment hook '/home/imml/git/research_2025/apple-harvest-refactor/install/ur_robot_driver/share/ur_robot_driver/hook/path.ps1'
[1.611s] INFO:colcon.colcon_core.shell:Creating environment descriptor '/home/imml/git/research_2025/apple-harvest-refactor/install/ur_robot_driver/share/ur_robot_driver/hook/path.dsv'
[1.611s] INFO:colcon.colcon_core.shell:Creating environment hook '/home/imml/git/research_2025/apple-harvest-refactor/install/ur_robot_driver/share/ur_robot_driver/hook/path.sh'
[1.611s] Level 1:colcon.colcon_core.environment:checking '/home/imml/git/research_2025/apple-harvest-refactor/install/ur_robot_driver/lib/pkgconfig/ur_robot_driver.pc'
[1.612s] Level 1:colcon.colcon_core.environment:checking '/home/imml/git/research_2025/apple-harvest-refactor/install/ur_robot_driver/lib/python3.10/site-packages'
[1.612s] Level 1:colcon.colcon_core.environment:checking '/home/imml/git/research_2025/apple-harvest-refactor/install/ur_robot_driver/bin'
[1.612s] Level 1:colcon.colcon_core.shell:create_environment_hook('ur_robot_driver', 'pythonscriptspath')
[1.612s] INFO:colcon.colcon_core.shell:Creating environment hook '/home/imml/git/research_2025/apple-harvest-refactor/install/ur_robot_driver/share/ur_robot_driver/hook/pythonscriptspath.ps1'
[1.612s] INFO:colcon.colcon_core.shell:Creating environment descriptor '/home/imml/git/research_2025/apple-harvest-refactor/install/ur_robot_driver/share/ur_robot_driver/hook/pythonscriptspath.dsv'
[1.612s] INFO:colcon.colcon_core.shell:Creating environment hook '/home/imml/git/research_2025/apple-harvest-refactor/install/ur_robot_driver/share/ur_robot_driver/hook/pythonscriptspath.sh'
[1.613s] INFO:colcon.colcon_core.shell:Creating package script '/home/imml/git/research_2025/apple-harvest-refactor/install/ur_robot_driver/share/ur_robot_driver/package.ps1'
[1.613s] INFO:colcon.colcon_core.shell:Creating package descriptor '/home/imml/git/research_2025/apple-harvest-refactor/install/ur_robot_driver/share/ur_robot_driver/package.dsv'
[1.614s] INFO:colcon.colcon_core.shell:Creating package script '/home/imml/git/research_2025/apple-harvest-refactor/install/ur_robot_driver/share/ur_robot_driver/package.sh'
[1.614s] INFO:colcon.colcon_core.shell:Creating package script '/home/imml/git/research_2025/apple-harvest-refactor/install/ur_robot_driver/share/ur_robot_driver/package.bash'
[1.614s] INFO:colcon.colcon_core.shell:Creating package script '/home/imml/git/research_2025/apple-harvest-refactor/install/ur_robot_driver/share/ur_robot_driver/package.zsh'
[1.615s] Level 1:colcon.colcon_core.environment:create_file_with_runtime_dependencies(/home/imml/git/research_2025/apple-harvest-refactor/install/ur_robot_driver/share/colcon-core/packages/ur_robot_driver)
[1.615s] Level 1:colcon.colcon_core.environment:create_environment_scripts_only(ur_robot_driver)
[1.615s] Level 1:colcon.colcon_core.environment:checking '/home/imml/git/research_2025/apple-harvest-refactor/install/ur_robot_driver' for CMake module files
[1.616s] Level 1:colcon.colcon_core.environment:checking '/home/imml/git/research_2025/apple-harvest-refactor/install/ur_robot_driver' for CMake config files
[1.616s] Level 1:colcon.colcon_core.shell:create_environment_hook('ur_robot_driver', 'cmake_prefix_path')
[1.616s] INFO:colcon.colcon_core.shell:Creating environment hook '/home/imml/git/research_2025/apple-harvest-refactor/install/ur_robot_driver/share/ur_robot_driver/hook/cmake_prefix_path.ps1'
[1.616s] INFO:colcon.colcon_core.shell:Creating environment descriptor '/home/imml/git/research_2025/apple-harvest-refactor/install/ur_robot_driver/share/ur_robot_driver/hook/cmake_prefix_path.dsv'
[1.617s] INFO:colcon.colcon_core.shell:Creating environment hook '/home/imml/git/research_2025/apple-harvest-refactor/install/ur_robot_driver/share/ur_robot_driver/hook/cmake_prefix_path.sh'
[1.617s] Level 1:colcon.colcon_core.environment:checking '/home/imml/git/research_2025/apple-harvest-refactor/install/ur_robot_driver/lib'
[1.617s] Level 1:colcon.colcon_core.shell:create_environment_hook('ur_robot_driver', 'ld_library_path_lib')
[1.618s] INFO:colcon.colcon_core.shell:Creating environment hook '/home/imml/git/research_2025/apple-harvest-refactor/install/ur_robot_driver/share/ur_robot_driver/hook/ld_library_path_lib.ps1'
[1.618s] INFO:colcon.colcon_core.shell:Creating environment descriptor '/home/imml/git/research_2025/apple-harvest-refactor/install/ur_robot_driver/share/ur_robot_driver/hook/ld_library_path_lib.dsv'
[1.618s] INFO:colcon.colcon_core.shell:Creating environment hook '/home/imml/git/research_2025/apple-harvest-refactor/install/ur_robot_driver/share/ur_robot_driver/hook/ld_library_path_lib.sh'
[1.619s] Level 1:colcon.colcon_core.environment:checking '/home/imml/git/research_2025/apple-harvest-refactor/install/ur_robot_driver/bin'
[1.619s] Level 1:colcon.colcon_core.shell:create_environment_hook('ur_robot_driver', 'path')
[1.619s] INFO:colcon.colcon_core.shell:Creating environment hook '/home/imml/git/research_2025/apple-harvest-refactor/install/ur_robot_driver/share/ur_robot_driver/hook/path.ps1'
[1.619s] INFO:colcon.colcon_core.shell:Creating environment descriptor '/home/imml/git/research_2025/apple-harvest-refactor/install/ur_robot_driver/share/ur_robot_driver/hook/path.dsv'
[1.619s] INFO:colcon.colcon_core.shell:Creating environment hook '/home/imml/git/research_2025/apple-harvest-refactor/install/ur_robot_driver/share/ur_robot_driver/hook/path.sh'
[1.620s] Level 1:colcon.colcon_core.environment:checking '/home/imml/git/research_2025/apple-harvest-refactor/install/ur_robot_driver/lib/pkgconfig/ur_robot_driver.pc'
[1.620s] Level 1:colcon.colcon_core.environment:checking '/home/imml/git/research_2025/apple-harvest-refactor/install/ur_robot_driver/lib/python3.10/site-packages'
[1.620s] Level 1:colcon.colcon_core.environment:checking '/home/imml/git/research_2025/apple-harvest-refactor/install/ur_robot_driver/bin'
[1.620s] Level 1:colcon.colcon_core.shell:create_environment_hook('ur_robot_driver', 'pythonscriptspath')
[1.620s] INFO:colcon.colcon_core.shell:Creating environment hook '/home/imml/git/research_2025/apple-harvest-refactor/install/ur_robot_driver/share/ur_robot_driver/hook/pythonscriptspath.ps1'
[1.620s] INFO:colcon.colcon_core.shell:Creating environment descriptor '/home/imml/git/research_2025/apple-harvest-refactor/install/ur_robot_driver/share/ur_robot_driver/hook/pythonscriptspath.dsv'
[1.621s] INFO:colcon.colcon_core.shell:Creating environment hook '/home/imml/git/research_2025/apple-harvest-refactor/install/ur_robot_driver/share/ur_robot_driver/hook/pythonscriptspath.sh'
[1.621s] INFO:colcon.colcon_core.shell:Creating package script '/home/imml/git/research_2025/apple-harvest-refactor/install/ur_robot_driver/share/ur_robot_driver/package.ps1'
[1.621s] INFO:colcon.colcon_core.shell:Creating package descriptor '/home/imml/git/research_2025/apple-harvest-refactor/install/ur_robot_driver/share/ur_robot_driver/package.dsv'
[1.622s] INFO:colcon.colcon_core.shell:Creating package script '/home/imml/git/research_2025/apple-harvest-refactor/install/ur_robot_driver/share/ur_robot_driver/package.sh'
[1.622s] INFO:colcon.colcon_core.shell:Creating package script '/home/imml/git/research_2025/apple-harvest-refactor/install/ur_robot_driver/share/ur_robot_driver/package.bash'
[1.622s] INFO:colcon.colcon_core.shell:Creating package script '/home/imml/git/research_2025/apple-harvest-refactor/install/ur_robot_driver/share/ur_robot_driver/package.zsh'
[1.623s] Level 1:colcon.colcon_core.environment:create_file_with_runtime_dependencies(/home/imml/git/research_2025/apple-harvest-refactor/install/ur_robot_driver/share/colcon-core/packages/ur_robot_driver)
[1.623s] INFO:colcon.colcon_ros.task.ament_cmake.build:Building ROS package in '/home/imml/git/research_2025/apple-harvest-refactor/harvest_hardware/Universal_Robots_ROS2_Driver/ur_calibration' with build type 'ament_cmake'
[1.623s] INFO:colcon.colcon_cmake.task.cmake.build:Building CMake package in '/home/imml/git/research_2025/apple-harvest-refactor/harvest_hardware/Universal_Robots_ROS2_Driver/ur_calibration'
[1.623s] INFO:colcon.colcon_core.shell:Skip shell extension 'powershell' for command environment: Not usable outside of PowerShell
[1.623s] DEBUG:colcon.colcon_core.shell:Skip shell extension 'dsv' for command environment
[1.638s] DEBUG:colcon.colcon_core.event_handler.log_command:Invoking command in '/home/imml/git/research_2025/apple-harvest-refactor/build/ur_calibration': AMENT_PREFIX_PATH=/home/imml/git/research_2025/apple-harvest-refactor/install/ur_robot_driver:/home/imml/git/research_2025/apple-harvest-refactor/install/ur_controllers:${AMENT_PREFIX_PATH} CMAKE_PREFIX_PATH=/home/imml/git/research_2025/apple-harvest-refactor/install/ur_robot_driver:/home/imml/git/research_2025/apple-harvest-refactor/install/ur_controllers:/home/imml/git/research_2025/apple-harvest-refactor/install/ur_description:/home/imml/git/research_2025/apple-harvest-refactor/install/ur_dashboard_msgs:/home/imml/git/research_2025/apple-harvest-refactor/install/ur_moveit_config:/home/imml/git/research_2025/apple-harvest-refactor/install/realsense2_description:/home/imml/git/research_2025/apple-harvest-refactor/install/realsense2_camera:/home/imml/git/research_2025/apple-harvest-refactor/install/realsense2_camera_msgs:/home/imml/git/research_2025/apple-harvest-refactor/install/harvest_control:/home/imml/git/research_2025/apple-harvest-refactor/install/harvest:/home/imml/git/research_2025/apple-harvest-refactor/install/harvest_interfaces:/home/imml/git/research_2025/apple-harvest-refactor/install/ur5e_custom_hardware:/home/imml/git/research_2025/apple-harvest-refactor/install/harvest_vision:/opt/ros/humble LD_LIBRARY_PATH=/home/imml/git/research_2025/apple-harvest-refactor/install/ur_robot_driver/lib:/home/imml/git/research_2025/apple-harvest-refactor/install/ur_controllers/lib:${LD_LIBRARY_PATH} PATH=/home/imml/git/research_2025/apple-harvest-refactor/install/ur_robot_driver/bin:${PATH} PYTHONPATH=/home/imml/git/research_2025/apple-harvest-refactor/install/ur_robot_driver/local/lib/python3.10/dist-packages:${PYTHONPATH} /usr/bin/cmake --build /home/imml/git/research_2025/apple-harvest-refactor/build/ur_calibration -- -j16 -l16
[1.727s] DEBUG:colcon.colcon_core.event_handler.log_command:Invoked command in '/home/imml/git/research_2025/apple-harvest-refactor/build/ur_calibration' returned '0': AMENT_PREFIX_PATH=/home/imml/git/research_2025/apple-harvest-refactor/install/ur_robot_driver:/home/imml/git/research_2025/apple-harvest-refactor/install/ur_controllers:${AMENT_PREFIX_PATH} CMAKE_PREFIX_PATH=/home/imml/git/research_2025/apple-harvest-refactor/install/ur_robot_driver:/home/imml/git/research_2025/apple-harvest-refactor/install/ur_controllers:/home/imml/git/research_2025/apple-harvest-refactor/install/ur_description:/home/imml/git/research_2025/apple-harvest-refactor/install/ur_dashboard_msgs:/home/imml/git/research_2025/apple-harvest-refactor/install/ur_moveit_config:/home/imml/git/research_2025/apple-harvest-refactor/install/realsense2_description:/home/imml/git/research_2025/apple-harvest-refactor/install/realsense2_camera:/home/imml/git/research_2025/apple-harvest-refactor/install/realsense2_camera_msgs:/home/imml/git/research_2025/apple-harvest-refactor/install/harvest_control:/home/imml/git/research_2025/apple-harvest-refactor/install/harvest:/home/imml/git/research_2025/apple-harvest-refactor/install/harvest_interfaces:/home/imml/git/research_2025/apple-harvest-refactor/install/ur5e_custom_hardware:/home/imml/git/research_2025/apple-harvest-refactor/install/harvest_vision:/opt/ros/humble LD_LIBRARY_PATH=/home/imml/git/research_2025/apple-harvest-refactor/install/ur_robot_driver/lib:/home/imml/git/research_2025/apple-harvest-refactor/install/ur_controllers/lib:${LD_LIBRARY_PATH} PATH=/home/imml/git/research_2025/apple-harvest-refactor/install/ur_robot_driver/bin:${PATH} PYTHONPATH=/home/imml/git/research_2025/apple-harvest-refactor/install/ur_robot_driver/local/lib/python3.10/dist-packages:${PYTHONPATH} /usr/bin/cmake --build /home/imml/git/research_2025/apple-harvest-refactor/build/ur_calibration -- -j16 -l16
[1.729s] DEBUG:colcon.colcon_core.event_handler.log_command:Invoking command in '/home/imml/git/research_2025/apple-harvest-refactor/build/ur_calibration': AMENT_PREFIX_PATH=/home/imml/git/research_2025/apple-harvest-refactor/install/ur_robot_driver:/home/imml/git/research_2025/apple-harvest-refactor/install/ur_controllers:${AMENT_PREFIX_PATH} CMAKE_PREFIX_PATH=/home/imml/git/research_2025/apple-harvest-refactor/install/ur_robot_driver:/home/imml/git/research_2025/apple-harvest-refactor/install/ur_controllers:/home/imml/git/research_2025/apple-harvest-refactor/install/ur_description:/home/imml/git/research_2025/apple-harvest-refactor/install/ur_dashboard_msgs:/home/imml/git/research_2025/apple-harvest-refactor/install/ur_moveit_config:/home/imml/git/research_2025/apple-harvest-refactor/install/realsense2_description:/home/imml/git/research_2025/apple-harvest-refactor/install/realsense2_camera:/home/imml/git/research_2025/apple-harvest-refactor/install/realsense2_camera_msgs:/home/imml/git/research_2025/apple-harvest-refactor/install/harvest_control:/home/imml/git/research_2025/apple-harvest-refactor/install/harvest:/home/imml/git/research_2025/apple-harvest-refactor/install/harvest_interfaces:/home/imml/git/research_2025/apple-harvest-refactor/install/ur5e_custom_hardware:/home/imml/git/research_2025/apple-harvest-refactor/install/harvest_vision:/opt/ros/humble LD_LIBRARY_PATH=/home/imml/git/research_2025/apple-harvest-refactor/install/ur_robot_driver/lib:/home/imml/git/research_2025/apple-harvest-refactor/install/ur_controllers/lib:${LD_LIBRARY_PATH} PATH=/home/imml/git/research_2025/apple-harvest-refactor/install/ur_robot_driver/bin:${PATH} PYTHONPATH=/home/imml/git/research_2025/apple-harvest-refactor/install/ur_robot_driver/local/lib/python3.10/dist-packages:${PYTHONPATH} /usr/bin/cmake --install /home/imml/git/research_2025/apple-harvest-refactor/build/ur_calibration
[1.747s] Level 1:colcon.colcon_core.environment:create_environment_scripts_only(ur_calibration)
[1.748s] Level 1:colcon.colcon_core.environment:checking '/home/imml/git/research_2025/apple-harvest-refactor/install/ur_calibration' for CMake module files
[1.748s] DEBUG:colcon.colcon_core.event_handler.log_command:Invoked command in '/home/imml/git/research_2025/apple-harvest-refactor/build/ur_calibration' returned '0': AMENT_PREFIX_PATH=/home/imml/git/research_2025/apple-harvest-refactor/install/ur_robot_driver:/home/imml/git/research_2025/apple-harvest-refactor/install/ur_controllers:${AMENT_PREFIX_PATH} CMAKE_PREFIX_PATH=/home/imml/git/research_2025/apple-harvest-refactor/install/ur_robot_driver:/home/imml/git/research_2025/apple-harvest-refactor/install/ur_controllers:/home/imml/git/research_2025/apple-harvest-refactor/install/ur_description:/home/imml/git/research_2025/apple-harvest-refactor/install/ur_dashboard_msgs:/home/imml/git/research_2025/apple-harvest-refactor/install/ur_moveit_config:/home/imml/git/research_2025/apple-harvest-refactor/install/realsense2_description:/home/imml/git/research_2025/apple-harvest-refactor/install/realsense2_camera:/home/imml/git/research_2025/apple-harvest-refactor/install/realsense2_camera_msgs:/home/imml/git/research_2025/apple-harvest-refactor/install/harvest_control:/home/imml/git/research_2025/apple-harvest-refactor/install/harvest:/home/imml/git/research_2025/apple-harvest-refactor/install/harvest_interfaces:/home/imml/git/research_2025/apple-harvest-refactor/install/ur5e_custom_hardware:/home/imml/git/research_2025/apple-harvest-refactor/install/harvest_vision:/opt/ros/humble LD_LIBRARY_PATH=/home/imml/git/research_2025/apple-harvest-refactor/install/ur_robot_driver/lib:/home/imml/git/research_2025/apple-harvest-refactor/install/ur_controllers/lib:${LD_LIBRARY_PATH} PATH=/home/imml/git/research_2025/apple-harvest-refactor/install/ur_robot_driver/bin:${PATH} PYTHONPATH=/home/imml/git/research_2025/apple-harvest-refactor/install/ur_robot_driver/local/lib/python3.10/dist-packages:${PYTHONPATH} /usr/bin/cmake --install /home/imml/git/research_2025/apple-harvest-refactor/build/ur_calibration
[1.748s] Level 1:colcon.colcon_core.environment:checking '/home/imml/git/research_2025/apple-harvest-refactor/install/ur_calibration' for CMake config files
[1.749s] Level 1:colcon.colcon_core.shell:create_environment_hook('ur_calibration', 'cmake_prefix_path')
[1.749s] INFO:colcon.colcon_core.shell:Creating environment hook '/home/imml/git/research_2025/apple-harvest-refactor/install/ur_calibration/share/ur_calibration/hook/cmake_prefix_path.ps1'
[1.749s] INFO:colcon.colcon_core.shell:Creating environment descriptor '/home/imml/git/research_2025/apple-harvest-refactor/install/ur_calibration/share/ur_calibration/hook/cmake_prefix_path.dsv'
[1.750s] INFO:colcon.colcon_core.shell:Creating environment hook '/home/imml/git/research_2025/apple-harvest-refactor/install/ur_calibration/share/ur_calibration/hook/cmake_prefix_path.sh'
[1.750s] Level 1:colcon.colcon_core.environment:checking '/home/imml/git/research_2025/apple-harvest-refactor/install/ur_calibration/lib'
[1.750s] Level 1:colcon.colcon_core.environment:checking '/home/imml/git/research_2025/apple-harvest-refactor/install/ur_calibration/bin'
[1.750s] Level 1:colcon.colcon_core.environment:checking '/home/imml/git/research_2025/apple-harvest-refactor/install/ur_calibration/lib/pkgconfig/ur_calibration.pc'
[1.750s] Level 1:colcon.colcon_core.environment:checking '/home/imml/git/research_2025/apple-harvest-refactor/install/ur_calibration/lib/python3.10/site-packages'
[1.751s] Level 1:colcon.colcon_core.environment:checking '/home/imml/git/research_2025/apple-harvest-refactor/install/ur_calibration/bin'
[1.751s] INFO:colcon.colcon_core.shell:Creating package script '/home/imml/git/research_2025/apple-harvest-refactor/install/ur_calibration/share/ur_calibration/package.ps1'
[1.751s] INFO:colcon.colcon_core.shell:Creating package descriptor '/home/imml/git/research_2025/apple-harvest-refactor/install/ur_calibration/share/ur_calibration/package.dsv'
[1.751s] INFO:colcon.colcon_core.shell:Creating package script '/home/imml/git/research_2025/apple-harvest-refactor/install/ur_calibration/share/ur_calibration/package.sh'
[1.752s] INFO:colcon.colcon_core.shell:Creating package script '/home/imml/git/research_2025/apple-harvest-refactor/install/ur_calibration/share/ur_calibration/package.bash'
[1.752s] INFO:colcon.colcon_core.shell:Creating package script '/home/imml/git/research_2025/apple-harvest-refactor/install/ur_calibration/share/ur_calibration/package.zsh'
[1.752s] Level 1:colcon.colcon_core.environment:create_file_with_runtime_dependencies(/home/imml/git/research_2025/apple-harvest-refactor/install/ur_calibration/share/colcon-core/packages/ur_calibration)
[1.753s] Level 1:colcon.colcon_core.environment:create_environment_scripts_only(ur_calibration)
[1.753s] Level 1:colcon.colcon_core.environment:checking '/home/imml/git/research_2025/apple-harvest-refactor/install/ur_calibration' for CMake module files
[1.753s] Level 1:colcon.colcon_core.environment:checking '/home/imml/git/research_2025/apple-harvest-refactor/install/ur_calibration' for CMake config files
[1.753s] Level 1:colcon.colcon_core.shell:create_environment_hook('ur_calibration', 'cmake_prefix_path')
[1.753s] INFO:colcon.colcon_core.shell:Creating environment hook '/home/imml/git/research_2025/apple-harvest-refactor/install/ur_calibration/share/ur_calibration/hook/cmake_prefix_path.ps1'
[1.754s] INFO:colcon.colcon_core.shell:Creating environment descriptor '/home/imml/git/research_2025/apple-harvest-refactor/install/ur_calibration/share/ur_calibration/hook/cmake_prefix_path.dsv'
[1.754s] INFO:colcon.colcon_core.shell:Creating environment hook '/home/imml/git/research_2025/apple-harvest-refactor/install/ur_calibration/share/ur_calibration/hook/cmake_prefix_path.sh'
[1.754s] Level 1:colcon.colcon_core.environment:checking '/home/imml/git/research_2025/apple-harvest-refactor/install/ur_calibration/lib'
[1.754s] Level 1:colcon.colcon_core.environment:checking '/home/imml/git/research_2025/apple-harvest-refactor/install/ur_calibration/bin'
[1.754s] Level 1:colcon.colcon_core.environment:checking '/home/imml/git/research_2025/apple-harvest-refactor/install/ur_calibration/lib/pkgconfig/ur_calibration.pc'
[1.755s] Level 1:colcon.colcon_core.environment:checking '/home/imml/git/research_2025/apple-harvest-refactor/install/ur_calibration/lib/python3.10/site-packages'
[1.755s] Level 1:colcon.colcon_core.environment:checking '/home/imml/git/research_2025/apple-harvest-refactor/install/ur_calibration/bin'
[1.755s] INFO:colcon.colcon_core.shell:Creating package script '/home/imml/git/research_2025/apple-harvest-refactor/install/ur_calibration/share/ur_calibration/package.ps1'
[1.755s] INFO:colcon.colcon_core.shell:Creating package descriptor '/home/imml/git/research_2025/apple-harvest-refactor/install/ur_calibration/share/ur_calibration/package.dsv'
[1.755s] INFO:colcon.colcon_core.shell:Creating package script '/home/imml/git/research_2025/apple-harvest-refactor/install/ur_calibration/share/ur_calibration/package.sh'
[1.756s] INFO:colcon.colcon_core.shell:Creating package script '/home/imml/git/research_2025/apple-harvest-refactor/install/ur_calibration/share/ur_calibration/package.bash'
[1.756s] INFO:colcon.colcon_core.shell:Creating package script '/home/imml/git/research_2025/apple-harvest-refactor/install/ur_calibration/share/ur_calibration/package.zsh'
[1.756s] Level 1:colcon.colcon_core.environment:create_file_with_runtime_dependencies(/home/imml/git/research_2025/apple-harvest-refactor/install/ur_calibration/share/colcon-core/packages/ur_calibration)
[1.757s] INFO:colcon.colcon_ros.task.ament_cmake.build:Building ROS package in '/home/imml/git/research_2025/apple-harvest-refactor/harvest_hardware/Universal_Robots_ROS2_Driver/ur' with build type 'ament_cmake'
[1.757s] INFO:colcon.colcon_cmake.task.cmake.build:Building CMake package in '/home/imml/git/research_2025/apple-harvest-refactor/harvest_hardware/Universal_Robots_ROS2_Driver/ur'
[1.757s] INFO:colcon.colcon_core.shell:Skip shell extension 'powershell' for command environment: Not usable outside of PowerShell
[1.757s] DEBUG:colcon.colcon_core.shell:Skip shell extension 'dsv' for command environment
[1.774s] DEBUG:colcon.colcon_core.event_handler.log_command:Invoking command in '/home/imml/git/research_2025/apple-harvest-refactor/build/ur': AMENT_PREFIX_PATH=/home/imml/git/research_2025/apple-harvest-refactor/install/ur_calibration:/home/imml/git/research_2025/apple-harvest-refactor/install/ur_robot_driver:/home/imml/git/research_2025/apple-harvest-refactor/install/ur_controllers:${AMENT_PREFIX_PATH} CMAKE_PREFIX_PATH=/home/imml/git/research_2025/apple-harvest-refactor/install/ur_calibration:/home/imml/git/research_2025/apple-harvest-refactor/install/ur_robot_driver:/home/imml/git/research_2025/apple-harvest-refactor/install/ur_moveit_config:/home/imml/git/research_2025/apple-harvest-refactor/install/ur_controllers:/home/imml/git/research_2025/apple-harvest-refactor/install/ur_description:/home/imml/git/research_2025/apple-harvest-refactor/install/ur_dashboard_msgs:/home/imml/git/research_2025/apple-harvest-refactor/install/realsense2_description:/home/imml/git/research_2025/apple-harvest-refactor/install/realsense2_camera:/home/imml/git/research_2025/apple-harvest-refactor/install/realsense2_camera_msgs:/home/imml/git/research_2025/apple-harvest-refactor/install/harvest_control:/home/imml/git/research_2025/apple-harvest-refactor/install/harvest:/home/imml/git/research_2025/apple-harvest-refactor/install/harvest_interfaces:/home/imml/git/research_2025/apple-harvest-refactor/install/ur5e_custom_hardware:/home/imml/git/research_2025/apple-harvest-refactor/install/harvest_vision:/opt/ros/humble LD_LIBRARY_PATH=/home/imml/git/research_2025/apple-harvest-refactor/install/ur_robot_driver/lib:/home/imml/git/research_2025/apple-harvest-refactor/install/ur_controllers/lib:${LD_LIBRARY_PATH} PATH=/home/imml/git/research_2025/apple-harvest-refactor/install/ur_robot_driver/bin:${PATH} PYTHONPATH=/home/imml/git/research_2025/apple-harvest-refactor/install/ur_robot_driver/local/lib/python3.10/dist-packages:${PYTHONPATH} /usr/bin/cmake --build /home/imml/git/research_2025/apple-harvest-refactor/build/ur -- -j16 -l16
[1.807s] DEBUG:colcon.colcon_core.event_handler.log_command:Invoked command in '/home/imml/git/research_2025/apple-harvest-refactor/build/ur' returned '0': AMENT_PREFIX_PATH=/home/imml/git/research_2025/apple-harvest-refactor/install/ur_calibration:/home/imml/git/research_2025/apple-harvest-refactor/install/ur_robot_driver:/home/imml/git/research_2025/apple-harvest-refactor/install/ur_controllers:${AMENT_PREFIX_PATH} CMAKE_PREFIX_PATH=/home/imml/git/research_2025/apple-harvest-refactor/install/ur_calibration:/home/imml/git/research_2025/apple-harvest-refactor/install/ur_robot_driver:/home/imml/git/research_2025/apple-harvest-refactor/install/ur_moveit_config:/home/imml/git/research_2025/apple-harvest-refactor/install/ur_controllers:/home/imml/git/research_2025/apple-harvest-refactor/install/ur_description:/home/imml/git/research_2025/apple-harvest-refactor/install/ur_dashboard_msgs:/home/imml/git/research_2025/apple-harvest-refactor/install/realsense2_description:/home/imml/git/research_2025/apple-harvest-refactor/install/realsense2_camera:/home/imml/git/research_2025/apple-harvest-refactor/install/realsense2_camera_msgs:/home/imml/git/research_2025/apple-harvest-refactor/install/harvest_control:/home/imml/git/research_2025/apple-harvest-refactor/install/harvest:/home/imml/git/research_2025/apple-harvest-refactor/install/harvest_interfaces:/home/imml/git/research_2025/apple-harvest-refactor/install/ur5e_custom_hardware:/home/imml/git/research_2025/apple-harvest-refactor/install/harvest_vision:/opt/ros/humble LD_LIBRARY_PATH=/home/imml/git/research_2025/apple-harvest-refactor/install/ur_robot_driver/lib:/home/imml/git/research_2025/apple-harvest-refactor/install/ur_controllers/lib:${LD_LIBRARY_PATH} PATH=/home/imml/git/research_2025/apple-harvest-refactor/install/ur_robot_driver/bin:${PATH} PYTHONPATH=/home/imml/git/research_2025/apple-harvest-refactor/install/ur_robot_driver/local/lib/python3.10/dist-packages:${PYTHONPATH} /usr/bin/cmake --build /home/imml/git/research_2025/apple-harvest-refactor/build/ur -- -j16 -l16
[1.809s] DEBUG:colcon.colcon_core.event_handler.log_command:Invoking command in '/home/imml/git/research_2025/apple-harvest-refactor/build/ur': AMENT_PREFIX_PATH=/home/imml/git/research_2025/apple-harvest-refactor/install/ur_calibration:/home/imml/git/research_2025/apple-harvest-refactor/install/ur_robot_driver:/home/imml/git/research_2025/apple-harvest-refactor/install/ur_controllers:${AMENT_PREFIX_PATH} CMAKE_PREFIX_PATH=/home/imml/git/research_2025/apple-harvest-refactor/install/ur_calibration:/home/imml/git/research_2025/apple-harvest-refactor/install/ur_robot_driver:/home/imml/git/research_2025/apple-harvest-refactor/install/ur_moveit_config:/home/imml/git/research_2025/apple-harvest-refactor/install/ur_controllers:/home/imml/git/research_2025/apple-harvest-refactor/install/ur_description:/home/imml/git/research_2025/apple-harvest-refactor/install/ur_dashboard_msgs:/home/imml/git/research_2025/apple-harvest-refactor/install/realsense2_description:/home/imml/git/research_2025/apple-harvest-refactor/install/realsense2_camera:/home/imml/git/research_2025/apple-harvest-refactor/install/realsense2_camera_msgs:/home/imml/git/research_2025/apple-harvest-refactor/install/harvest_control:/home/imml/git/research_2025/apple-harvest-refactor/install/harvest:/home/imml/git/research_2025/apple-harvest-refactor/install/harvest_interfaces:/home/imml/git/research_2025/apple-harvest-refactor/install/ur5e_custom_hardware:/home/imml/git/research_2025/apple-harvest-refactor/install/harvest_vision:/opt/ros/humble LD_LIBRARY_PATH=/home/imml/git/research_2025/apple-harvest-refactor/install/ur_robot_driver/lib:/home/imml/git/research_2025/apple-harvest-refactor/install/ur_controllers/lib:${LD_LIBRARY_PATH} PATH=/home/imml/git/research_2025/apple-harvest-refactor/install/ur_robot_driver/bin:${PATH} PYTHONPATH=/home/imml/git/research_2025/apple-harvest-refactor/install/ur_robot_driver/local/lib/python3.10/dist-packages:${PYTHONPATH} /usr/bin/cmake --install /home/imml/git/research_2025/apple-harvest-refactor/build/ur
[1.827s] Level 1:colcon.colcon_core.environment:create_environment_scripts_only(ur)
[1.827s] Level 1:colcon.colcon_core.environment:checking '/home/imml/git/research_2025/apple-harvest-refactor/install/ur' for CMake module files
[1.827s] DEBUG:colcon.colcon_core.event_handler.log_command:Invoked command in '/home/imml/git/research_2025/apple-harvest-refactor/build/ur' returned '0': AMENT_PREFIX_PATH=/home/imml/git/research_2025/apple-harvest-refactor/install/ur_calibration:/home/imml/git/research_2025/apple-harvest-refactor/install/ur_robot_driver:/home/imml/git/research_2025/apple-harvest-refactor/install/ur_controllers:${AMENT_PREFIX_PATH} CMAKE_PREFIX_PATH=/home/imml/git/research_2025/apple-harvest-refactor/install/ur_calibration:/home/imml/git/research_2025/apple-harvest-refactor/install/ur_robot_driver:/home/imml/git/research_2025/apple-harvest-refactor/install/ur_moveit_config:/home/imml/git/research_2025/apple-harvest-refactor/install/ur_controllers:/home/imml/git/research_2025/apple-harvest-refactor/install/ur_description:/home/imml/git/research_2025/apple-harvest-refactor/install/ur_dashboard_msgs:/home/imml/git/research_2025/apple-harvest-refactor/install/realsense2_description:/home/imml/git/research_2025/apple-harvest-refactor/install/realsense2_camera:/home/imml/git/research_2025/apple-harvest-refactor/install/realsense2_camera_msgs:/home/imml/git/research_2025/apple-harvest-refactor/install/harvest_control:/home/imml/git/research_2025/apple-harvest-refactor/install/harvest:/home/imml/git/research_2025/apple-harvest-refactor/install/harvest_interfaces:/home/imml/git/research_2025/apple-harvest-refactor/install/ur5e_custom_hardware:/home/imml/git/research_2025/apple-harvest-refactor/install/harvest_vision:/opt/ros/humble LD_LIBRARY_PATH=/home/imml/git/research_2025/apple-harvest-refactor/install/ur_robot_driver/lib:/home/imml/git/research_2025/apple-harvest-refactor/install/ur_controllers/lib:${LD_LIBRARY_PATH} PATH=/home/imml/git/research_2025/apple-harvest-refactor/install/ur_robot_driver/bin:${PATH} PYTHONPATH=/home/imml/git/research_2025/apple-harvest-refactor/install/ur_robot_driver/local/lib/python3.10/dist-packages:${PYTHONPATH} /usr/bin/cmake --install /home/imml/git/research_2025/apple-harvest-refactor/build/ur
[1.828s] Level 1:colcon.colcon_core.environment:checking '/home/imml/git/research_2025/apple-harvest-refactor/install/ur' for CMake config files
[1.828s] Level 1:colcon.colcon_core.shell:create_environment_hook('ur', 'cmake_prefix_path')
[1.828s] INFO:colcon.colcon_core.shell:Creating environment hook '/home/imml/git/research_2025/apple-harvest-refactor/install/ur/share/ur/hook/cmake_prefix_path.ps1'
[1.828s] INFO:colcon.colcon_core.shell:Creating environment descriptor '/home/imml/git/research_2025/apple-harvest-refactor/install/ur/share/ur/hook/cmake_prefix_path.dsv'
[1.829s] INFO:colcon.colcon_core.shell:Creating environment hook '/home/imml/git/research_2025/apple-harvest-refactor/install/ur/share/ur/hook/cmake_prefix_path.sh'
[1.829s] Level 1:colcon.colcon_core.environment:checking '/home/imml/git/research_2025/apple-harvest-refactor/install/ur/bin'
[1.829s] Level 1:colcon.colcon_core.environment:checking '/home/imml/git/research_2025/apple-harvest-refactor/install/ur/lib/pkgconfig/ur.pc'
[1.829s] Level 1:colcon.colcon_core.environment:checking '/home/imml/git/research_2025/apple-harvest-refactor/install/ur/lib/python3.10/site-packages'
[1.829s] Level 1:colcon.colcon_core.environment:checking '/home/imml/git/research_2025/apple-harvest-refactor/install/ur/bin'
[1.830s] INFO:colcon.colcon_core.shell:Creating package script '/home/imml/git/research_2025/apple-harvest-refactor/install/ur/share/ur/package.ps1'
[1.830s] INFO:colcon.colcon_core.shell:Creating package descriptor '/home/imml/git/research_2025/apple-harvest-refactor/install/ur/share/ur/package.dsv'
[1.830s] INFO:colcon.colcon_core.shell:Creating package script '/home/imml/git/research_2025/apple-harvest-refactor/install/ur/share/ur/package.sh'
[1.831s] INFO:colcon.colcon_core.shell:Creating package script '/home/imml/git/research_2025/apple-harvest-refactor/install/ur/share/ur/package.bash'
[1.831s] INFO:colcon.colcon_core.shell:Creating package script '/home/imml/git/research_2025/apple-harvest-refactor/install/ur/share/ur/package.zsh'
[1.831s] Level 1:colcon.colcon_core.environment:create_file_with_runtime_dependencies(/home/imml/git/research_2025/apple-harvest-refactor/install/ur/share/colcon-core/packages/ur)
[1.832s] Level 1:colcon.colcon_core.environment:create_environment_scripts_only(ur)
[1.832s] Level 1:colcon.colcon_core.environment:checking '/home/imml/git/research_2025/apple-harvest-refactor/install/ur' for CMake module files
[1.832s] Level 1:colcon.colcon_core.environment:checking '/home/imml/git/research_2025/apple-harvest-refactor/install/ur' for CMake config files
[1.833s] Level 1:colcon.colcon_core.shell:create_environment_hook('ur', 'cmake_prefix_path')
[1.833s] INFO:colcon.colcon_core.shell:Creating environment hook '/home/imml/git/research_2025/apple-harvest-refactor/install/ur/share/ur/hook/cmake_prefix_path.ps1'
[1.833s] INFO:colcon.colcon_core.shell:Creating environment descriptor '/home/imml/git/research_2025/apple-harvest-refactor/install/ur/share/ur/hook/cmake_prefix_path.dsv'
[1.833s] INFO:colcon.colcon_core.shell:Creating environment hook '/home/imml/git/research_2025/apple-harvest-refactor/install/ur/share/ur/hook/cmake_prefix_path.sh'
[1.834s] Level 1:colcon.colcon_core.environment:checking '/home/imml/git/research_2025/apple-harvest-refactor/install/ur/bin'
[1.834s] Level 1:colcon.colcon_core.environment:checking '/home/imml/git/research_2025/apple-harvest-refactor/install/ur/lib/pkgconfig/ur.pc'
[1.834s] Level 1:colcon.colcon_core.environment:checking '/home/imml/git/research_2025/apple-harvest-refactor/install/ur/lib/python3.10/site-packages'
[1.834s] Level 1:colcon.colcon_core.environment:checking '/home/imml/git/research_2025/apple-harvest-refactor/install/ur/bin'
[1.834s] INFO:colcon.colcon_core.shell:Creating package script '/home/imml/git/research_2025/apple-harvest-refactor/install/ur/share/ur/package.ps1'
[1.835s] INFO:colcon.colcon_core.shell:Creating package descriptor '/home/imml/git/research_2025/apple-harvest-refactor/install/ur/share/ur/package.dsv'
[1.835s] INFO:colcon.colcon_core.shell:Creating package script '/home/imml/git/research_2025/apple-harvest-refactor/install/ur/share/ur/package.sh'
[1.835s] INFO:colcon.colcon_core.shell:Creating package script '/home/imml/git/research_2025/apple-harvest-refactor/install/ur/share/ur/package.bash'
[1.835s] INFO:colcon.colcon_core.shell:Creating package script '/home/imml/git/research_2025/apple-harvest-refactor/install/ur/share/ur/package.zsh'
[1.836s] Level 1:colcon.colcon_core.environment:create_file_with_runtime_dependencies(/home/imml/git/research_2025/apple-harvest-refactor/install/ur/share/colcon-core/packages/ur)
[1.908s] Level 1:colcon.colcon_core.shell:create_environment_hook('harvest_vision', 'pythonpath_develop')
[1.908s] INFO:colcon.colcon_core.shell:Creating environment hook '/home/imml/git/research_2025/apple-harvest-refactor/build/harvest_vision/share/harvest_vision/hook/pythonpath_develop.ps1'
[1.909s] DEBUG:colcon.colcon_core.event_handler.log_command:Invoked command in '/home/imml/git/research_2025/apple-harvest-refactor/build/harvest_vision' returned '0': CMAKE_PREFIX_PATH=/home/imml/git/research_2025/apple-harvest-refactor/install/harvest_interfaces:/home/imml/git/research_2025/apple-harvest-refactor/install/ur_moveit_config:/home/imml/git/research_2025/apple-harvest-refactor/install/ur_description:/home/imml/git/research_2025/apple-harvest-refactor/install/ur_dashboard_msgs:/home/imml/git/research_2025/apple-harvest-refactor/install/realsense2_description:/home/imml/git/research_2025/apple-harvest-refactor/install/realsense2_camera:/home/imml/git/research_2025/apple-harvest-refactor/install/realsense2_camera_msgs:/home/imml/git/research_2025/apple-harvest-refactor/install/harvest_control:/home/imml/git/research_2025/apple-harvest-refactor/install/harvest LD_LIBRARY_PATH=/home/imml/git/research_2025/apple-harvest-refactor/install/harvest_interfaces/lib:/home/imml/git/research_2025/apple-harvest-refactor/install/ur_dashboard_msgs/lib:/home/imml/git/research_2025/apple-harvest-refactor/install/realsense2_camera/lib:/home/imml/git/research_2025/apple-harvest-refactor/install/realsense2_camera_msgs/lib:/usr/local/cuda-12.9/lib64:/opt/ros/humble/opt/rviz_ogre_vendor/lib:/opt/ros/humble/lib/x86_64-linux-gnu:/opt/ros/humble/lib PYTHONPATH=/home/imml/git/research_2025/apple-harvest-refactor/build/harvest_vision/prefix_override:/usr/lib/python3/dist-packages/colcon_core/task/python/colcon_distutils_commands:/home/imml/git/research_2025/apple-harvest-refactor/install/harvest_vision/lib/python3.10/site-packages:${PYTHONPATH} /usr/bin/python3 -W ignore:setup.py install is deprecated -W ignore:easy_install command is deprecated setup.py develop --editable --build-directory /home/imml/git/research_2025/apple-harvest-refactor/build/harvest_vision/build --no-deps symlink_data
[1.909s] INFO:colcon.colcon_core.shell:Creating environment descriptor '/home/imml/git/research_2025/apple-harvest-refactor/build/harvest_vision/share/harvest_vision/hook/pythonpath_develop.dsv'
[1.909s] INFO:colcon.colcon_core.shell:Creating environment hook '/home/imml/git/research_2025/apple-harvest-refactor/build/harvest_vision/share/harvest_vision/hook/pythonpath_develop.sh'
[1.910s] Level 1:colcon.colcon_core.environment:checking '/home/imml/git/research_2025/apple-harvest-refactor/install/harvest_vision' for CMake module files
[1.910s] Level 1:colcon.colcon_core.environment:checking '/home/imml/git/research_2025/apple-harvest-refactor/install/harvest_vision' for CMake config files
[1.911s] Level 1:colcon.colcon_core.environment:checking '/home/imml/git/research_2025/apple-harvest-refactor/install/harvest_vision/lib'
[1.911s] Level 1:colcon.colcon_core.environment:checking '/home/imml/git/research_2025/apple-harvest-refactor/install/harvest_vision/bin'
[1.911s] Level 1:colcon.colcon_core.environment:checking '/home/imml/git/research_2025/apple-harvest-refactor/install/harvest_vision/lib/pkgconfig/harvest_vision.pc'
[1.911s] Level 1:colcon.colcon_core.environment:checking '/home/imml/git/research_2025/apple-harvest-refactor/install/harvest_vision/lib/python3.10/site-packages'
[1.911s] Level 1:colcon.colcon_core.shell:create_environment_hook('harvest_vision', 'pythonpath')
[1.911s] INFO:colcon.colcon_core.shell:Creating environment hook '/home/imml/git/research_2025/apple-harvest-refactor/install/harvest_vision/share/harvest_vision/hook/pythonpath.ps1'
[1.912s] INFO:colcon.colcon_core.shell:Creating environment descriptor '/home/imml/git/research_2025/apple-harvest-refactor/install/harvest_vision/share/harvest_vision/hook/pythonpath.dsv'
[1.912s] INFO:colcon.colcon_core.shell:Creating environment hook '/home/imml/git/research_2025/apple-harvest-refactor/install/harvest_vision/share/harvest_vision/hook/pythonpath.sh'
[1.912s] Level 1:colcon.colcon_core.environment:checking '/home/imml/git/research_2025/apple-harvest-refactor/install/harvest_vision/bin'
[1.912s] Level 1:colcon.colcon_core.environment:create_environment_scripts_only(harvest_vision)
[1.913s] INFO:colcon.colcon_core.shell:Creating package script '/home/imml/git/research_2025/apple-harvest-refactor/install/harvest_vision/share/harvest_vision/package.ps1'
[1.913s] INFO:colcon.colcon_core.shell:Creating package descriptor '/home/imml/git/research_2025/apple-harvest-refactor/install/harvest_vision/share/harvest_vision/package.dsv'
[1.913s] INFO:colcon.colcon_core.shell:Creating package script '/home/imml/git/research_2025/apple-harvest-refactor/install/harvest_vision/share/harvest_vision/package.sh'
[1.914s] INFO:colcon.colcon_core.shell:Creating package script '/home/imml/git/research_2025/apple-harvest-refactor/install/harvest_vision/share/harvest_vision/package.bash'
[1.914s] INFO:colcon.colcon_core.shell:Creating package script '/home/imml/git/research_2025/apple-harvest-refactor/install/harvest_vision/share/harvest_vision/package.zsh'
[1.914s] Level 1:colcon.colcon_core.environment:create_file_with_runtime_dependencies(/home/imml/git/research_2025/apple-harvest-refactor/install/harvest_vision/share/colcon-core/packages/harvest_vision)
[1.915s] DEBUG:colcon.colcon_parallel_executor.executor.parallel:closing loop
[1.915s] DEBUG:colcon.colcon_parallel_executor.executor.parallel:loop closed
[1.915s] DEBUG:colcon.colcon_parallel_executor.executor.parallel:run_until_complete finished with '0'
[1.915s] DEBUG:colcon.colcon_core.event_reactor:joining thread
[1.919s] INFO:colcon.colcon_core.plugin_system:Skipping extension 'colcon_notification.desktop_notification.terminal_notifier': Not used on non-Darwin systems
[1.919s] INFO:colcon.colcon_core.plugin_system:Skipping extension 'colcon_notification.desktop_notification.win32': Not used on non-Windows systems
[1.919s] INFO:colcon.colcon_notification.desktop_notification:Sending desktop notification using 'notify2'
[1.930s] DEBUG:colcon.colcon_core.event_reactor:joined thread
[1.930s] INFO:colcon.colcon_core.shell:Creating prefix script '/home/imml/git/research_2025/apple-harvest-refactor/install/local_setup.ps1'
[1.931s] INFO:colcon.colcon_core.shell:Creating prefix util module '/home/imml/git/research_2025/apple-harvest-refactor/install/_local_setup_util_ps1.py'
[1.932s] INFO:colcon.colcon_core.shell:Creating prefix chain script '/home/imml/git/research_2025/apple-harvest-refactor/install/setup.ps1'
[1.933s] INFO:colcon.colcon_core.shell:Creating prefix script '/home/imml/git/research_2025/apple-harvest-refactor/install/local_setup.sh'
[1.934s] INFO:colcon.colcon_core.shell:Creating prefix util module '/home/imml/git/research_2025/apple-harvest-refactor/install/_local_setup_util_sh.py'
[1.934s] INFO:colcon.colcon_core.shell:Creating prefix chain script '/home/imml/git/research_2025/apple-harvest-refactor/install/setup.sh'
[1.935s] INFO:colcon.colcon_core.shell:Creating prefix script '/home/imml/git/research_2025/apple-harvest-refactor/install/local_setup.bash'
[1.935s] INFO:colcon.colcon_core.shell:Creating prefix chain script '/home/imml/git/research_2025/apple-harvest-refactor/install/setup.bash'
[1.936s] INFO:colcon.colcon_core.shell:Creating prefix script '/home/imml/git/research_2025/apple-harvest-refactor/install/local_setup.zsh'
[1.937s] INFO:colcon.colcon_core.shell:Creating prefix chain script '/home/imml/git/research_2025/apple-harvest-refactor/install/setup.zsh'
