[0.078s] DEBUG:colcon:Command line arguments: ['/usr/bin/colcon', 'build', '--symlink-install']
[0.079s] DEBUG:colcon:Parsed command line arguments: Namespace(log_base=None, log_level=None, verb_name='build', build_base='build', install_base='install', merge_install=False, symlink_install=True, test_result_base=None, continue_on_error=False, executor='parallel', parallel_workers=16, event_handlers=None, ignore_user_meta=False, metas=['./colcon.meta'], base_paths=['.'], packages_ignore=None, packages_ignore_regex=None, paths=None, packages_up_to=None, packages_up_to_regex=None, packages_above=None, packages_above_and_dependencies=None, packages_above_depth=None, packages_select_by_dep=None, packages_skip_by_dep=None, packages_skip_up_to=None, packages_select_build_failed=False, packages_skip_build_finished=False, packages_select_test_failures=False, packages_skip_test_passed=False, packages_select=None, packages_skip=None, packages_select_regex=None, packages_skip_regex=None, packages_start=None, packages_end=None, allow_overriding=[], cmake_args=None, cmake_target=None, cmake_target_skip_unavailable=False, cmake_clean_cache=False, cmake_clean_first=False, cmake_force_configure=False, ament_cmake_args=None, catkin_cmake_args=None, catkin_skip_building_tests=False, mixin_files=None, mixin=None, verb_parser=<colcon_mixin.mixin.mixin_argument.MixinArgumentDecorator object at 0x70fbc1f6f490>, verb_extension=<colcon_core.verb.build.BuildVerb object at 0x70fbc1f6ee30>, main=<bound method BuildVerb.main of <colcon_core.verb.build.BuildVerb object at 0x70fbc1f6ee30>>, mixin_verb=('build',))
[0.221s] Level 1:colcon.colcon_core.package_discovery:discover_packages(colcon_meta) check parameters
[0.221s] Level 1:colcon.colcon_core.package_discovery:discover_packages(recursive) check parameters
[0.221s] Level 1:colcon.colcon_core.package_discovery:discover_packages(ignore) check parameters
[0.221s] Level 1:colcon.colcon_core.package_discovery:discover_packages(path) check parameters
[0.221s] Level 1:colcon.colcon_core.package_discovery:discover_packages(colcon_meta) discover
[0.221s] Level 1:colcon.colcon_core.package_discovery:discover_packages(recursive) discover
[0.222s] INFO:colcon.colcon_core.package_discovery:Crawling recursively for packages in '/home/imml/git/research_2025/apple-harvest-eva'
[0.222s] Level 1:colcon.colcon_core.package_identification:_identify(.) by extensions ['ignore', 'ignore_ament_install']
[0.222s] Level 1:colcon.colcon_core.package_identification:_identify(.) by extension 'ignore'
[0.222s] Level 1:colcon.colcon_core.package_identification:_identify(.) by extension 'ignore_ament_install'
[0.222s] Level 1:colcon.colcon_core.package_identification:_identify(.) by extensions ['colcon_pkg']
[0.222s] Level 1:colcon.colcon_core.package_identification:_identify(.) by extension 'colcon_pkg'
[0.222s] Level 1:colcon.colcon_core.package_identification:_identify(.) by extensions ['colcon_meta']
[0.222s] Level 1:colcon.colcon_core.package_identification:_identify(.) by extension 'colcon_meta'
[0.222s] Level 1:colcon.colcon_core.package_identification:_identify(.) by extensions ['ros']
[0.222s] Level 1:colcon.colcon_core.package_identification:_identify(.) by extension 'ros'
[0.245s] Level 1:colcon.colcon_core.package_identification:_identify(.) by extensions ['cmake', 'python']
[0.246s] Level 1:colcon.colcon_core.package_identification:_identify(.) by extension 'cmake'
[0.246s] Level 1:colcon.colcon_core.package_identification:_identify(.) by extension 'python'
[0.246s] Level 1:colcon.colcon_core.package_identification:_identify(.) by extensions ['python_setup_py']
[0.246s] Level 1:colcon.colcon_core.package_identification:_identify(.) by extension 'python_setup_py'
[0.246s] Level 1:colcon.colcon_core.package_identification:_identify(build) by extensions ['ignore', 'ignore_ament_install']
[0.246s] Level 1:colcon.colcon_core.package_identification:_identify(build) by extension 'ignore'
[0.246s] Level 1:colcon.colcon_core.package_identification:_identify(build) ignored
[0.246s] Level 1:colcon.colcon_core.package_identification:_identify(harvest) by extensions ['ignore', 'ignore_ament_install']
[0.246s] Level 1:colcon.colcon_core.package_identification:_identify(harvest) by extension 'ignore'
[0.246s] Level 1:colcon.colcon_core.package_identification:_identify(harvest) by extension 'ignore_ament_install'
[0.246s] Level 1:colcon.colcon_core.package_identification:_identify(harvest) by extensions ['colcon_pkg']
[0.246s] Level 1:colcon.colcon_core.package_identification:_identify(harvest) by extension 'colcon_pkg'
[0.246s] Level 1:colcon.colcon_core.package_identification:_identify(harvest) by extensions ['colcon_meta']
[0.246s] Level 1:colcon.colcon_core.package_identification:_identify(harvest) by extension 'colcon_meta'
[0.246s] Level 1:colcon.colcon_core.package_identification:_identify(harvest) by extensions ['ros']
[0.246s] Level 1:colcon.colcon_core.package_identification:_identify(harvest) by extension 'ros'
[0.248s] DEBUG:colcon.colcon_core.package_identification:Package 'harvest' with type 'ros.ament_cmake' and name 'harvest'
[0.248s] Level 1:colcon.colcon_core.package_identification:_identify(harvest_control) by extensions ['ignore', 'ignore_ament_install']
[0.248s] Level 1:colcon.colcon_core.package_identification:_identify(harvest_control) by extension 'ignore'
[0.248s] Level 1:colcon.colcon_core.package_identification:_identify(harvest_control) by extension 'ignore_ament_install'
[0.249s] Level 1:colcon.colcon_core.package_identification:_identify(harvest_control) by extensions ['colcon_pkg']
[0.249s] Level 1:colcon.colcon_core.package_identification:_identify(harvest_control) by extension 'colcon_pkg'
[0.249s] Level 1:colcon.colcon_core.package_identification:_identify(harvest_control) by extensions ['colcon_meta']
[0.249s] Level 1:colcon.colcon_core.package_identification:_identify(harvest_control) by extension 'colcon_meta'
[0.249s] Level 1:colcon.colcon_core.package_identification:_identify(harvest_control) by extensions ['ros']
[0.249s] Level 1:colcon.colcon_core.package_identification:_identify(harvest_control) by extension 'ros'
[0.249s] DEBUG:colcon.colcon_core.package_identification:Package 'harvest_control' with type 'ros.ament_cmake' and name 'harvest_control'
[0.250s] Level 1:colcon.colcon_core.package_identification:_identify(harvest_hardware) by extensions ['ignore', 'ignore_ament_install']
[0.250s] Level 1:colcon.colcon_core.package_identification:_identify(harvest_hardware) by extension 'ignore'
[0.250s] Level 1:colcon.colcon_core.package_identification:_identify(harvest_hardware) by extension 'ignore_ament_install'
[0.250s] Level 1:colcon.colcon_core.package_identification:_identify(harvest_hardware) by extensions ['colcon_pkg']
[0.250s] Level 1:colcon.colcon_core.package_identification:_identify(harvest_hardware) by extension 'colcon_pkg'
[0.250s] Level 1:colcon.colcon_core.package_identification:_identify(harvest_hardware) by extensions ['colcon_meta']
[0.250s] Level 1:colcon.colcon_core.package_identification:_identify(harvest_hardware) by extension 'colcon_meta'
[0.250s] Level 1:colcon.colcon_core.package_identification:_identify(harvest_hardware) by extensions ['ros']
[0.250s] Level 1:colcon.colcon_core.package_identification:_identify(harvest_hardware) by extension 'ros'
[0.250s] Level 1:colcon.colcon_core.package_identification:_identify(harvest_hardware) by extensions ['cmake', 'python']
[0.250s] Level 1:colcon.colcon_core.package_identification:_identify(harvest_hardware) by extension 'cmake'
[0.250s] Level 1:colcon.colcon_core.package_identification:_identify(harvest_hardware) by extension 'python'
[0.250s] Level 1:colcon.colcon_core.package_identification:_identify(harvest_hardware) by extensions ['python_setup_py']
[0.250s] Level 1:colcon.colcon_core.package_identification:_identify(harvest_hardware) by extension 'python_setup_py'
[0.250s] Level 1:colcon.colcon_core.package_identification:_identify(harvest_hardware/Universal_Robots_ROS2_Description) by extensions ['ignore', 'ignore_ament_install']
[0.250s] Level 1:colcon.colcon_core.package_identification:_identify(harvest_hardware/Universal_Robots_ROS2_Description) by extension 'ignore'
[0.250s] Level 1:colcon.colcon_core.package_identification:_identify(harvest_hardware/Universal_Robots_ROS2_Description) by extension 'ignore_ament_install'
[0.250s] Level 1:colcon.colcon_core.package_identification:_identify(harvest_hardware/Universal_Robots_ROS2_Description) by extensions ['colcon_pkg']
[0.250s] Level 1:colcon.colcon_core.package_identification:_identify(harvest_hardware/Universal_Robots_ROS2_Description) by extension 'colcon_pkg'
[0.250s] Level 1:colcon.colcon_core.package_identification:_identify(harvest_hardware/Universal_Robots_ROS2_Description) by extensions ['colcon_meta']
[0.250s] Level 1:colcon.colcon_core.package_identification:_identify(harvest_hardware/Universal_Robots_ROS2_Description) by extension 'colcon_meta'
[0.250s] Level 1:colcon.colcon_core.package_identification:_identify(harvest_hardware/Universal_Robots_ROS2_Description) by extensions ['ros']
[0.250s] Level 1:colcon.colcon_core.package_identification:_identify(harvest_hardware/Universal_Robots_ROS2_Description) by extension 'ros'
[0.251s] DEBUG:colcon.colcon_core.package_identification:Package 'harvest_hardware/Universal_Robots_ROS2_Description' with type 'ros.ament_cmake' and name 'ur_description'
[0.252s] Level 1:colcon.colcon_core.package_identification:_identify(harvest_hardware/Universal_Robots_ROS2_Driver) by extensions ['ignore', 'ignore_ament_install']
[0.252s] Level 1:colcon.colcon_core.package_identification:_identify(harvest_hardware/Universal_Robots_ROS2_Driver) by extension 'ignore'
[0.252s] Level 1:colcon.colcon_core.package_identification:_identify(harvest_hardware/Universal_Robots_ROS2_Driver) by extension 'ignore_ament_install'
[0.252s] Level 1:colcon.colcon_core.package_identification:_identify(harvest_hardware/Universal_Robots_ROS2_Driver) by extensions ['colcon_pkg']
[0.252s] Level 1:colcon.colcon_core.package_identification:_identify(harvest_hardware/Universal_Robots_ROS2_Driver) by extension 'colcon_pkg'
[0.252s] Level 1:colcon.colcon_core.package_identification:_identify(harvest_hardware/Universal_Robots_ROS2_Driver) by extensions ['colcon_meta']
[0.252s] Level 1:colcon.colcon_core.package_identification:_identify(harvest_hardware/Universal_Robots_ROS2_Driver) by extension 'colcon_meta'
[0.252s] Level 1:colcon.colcon_core.package_identification:_identify(harvest_hardware/Universal_Robots_ROS2_Driver) by extensions ['ros']
[0.252s] Level 1:colcon.colcon_core.package_identification:_identify(harvest_hardware/Universal_Robots_ROS2_Driver) by extension 'ros'
[0.252s] Level 1:colcon.colcon_core.package_identification:_identify(harvest_hardware/Universal_Robots_ROS2_Driver) by extensions ['cmake', 'python']
[0.252s] Level 1:colcon.colcon_core.package_identification:_identify(harvest_hardware/Universal_Robots_ROS2_Driver) by extension 'cmake'
[0.252s] Level 1:colcon.colcon_core.package_identification:_identify(harvest_hardware/Universal_Robots_ROS2_Driver) by extension 'python'
[0.252s] Level 1:colcon.colcon_core.package_identification:_identify(harvest_hardware/Universal_Robots_ROS2_Driver) by extensions ['python_setup_py']
[0.252s] Level 1:colcon.colcon_core.package_identification:_identify(harvest_hardware/Universal_Robots_ROS2_Driver) by extension 'python_setup_py'
[0.252s] Level 1:colcon.colcon_core.package_identification:_identify(harvest_hardware/Universal_Robots_ROS2_Driver/ur) by extensions ['ignore', 'ignore_ament_install']
[0.252s] Level 1:colcon.colcon_core.package_identification:_identify(harvest_hardware/Universal_Robots_ROS2_Driver/ur) by extension 'ignore'
[0.252s] Level 1:colcon.colcon_core.package_identification:_identify(harvest_hardware/Universal_Robots_ROS2_Driver/ur) by extension 'ignore_ament_install'
[0.252s] Level 1:colcon.colcon_core.package_identification:_identify(harvest_hardware/Universal_Robots_ROS2_Driver/ur) by extensions ['colcon_pkg']
[0.252s] Level 1:colcon.colcon_core.package_identification:_identify(harvest_hardware/Universal_Robots_ROS2_Driver/ur) by extension 'colcon_pkg'
[0.252s] Level 1:colcon.colcon_core.package_identification:_identify(harvest_hardware/Universal_Robots_ROS2_Driver/ur) by extensions ['colcon_meta']
[0.252s] Level 1:colcon.colcon_core.package_identification:_identify(harvest_hardware/Universal_Robots_ROS2_Driver/ur) by extension 'colcon_meta'
[0.252s] Level 1:colcon.colcon_core.package_identification:_identify(harvest_hardware/Universal_Robots_ROS2_Driver/ur) by extensions ['ros']
[0.252s] Level 1:colcon.colcon_core.package_identification:_identify(harvest_hardware/Universal_Robots_ROS2_Driver/ur) by extension 'ros'
[0.253s] DEBUG:colcon.colcon_core.package_identification:Package 'harvest_hardware/Universal_Robots_ROS2_Driver/ur' with type 'ros.ament_cmake' and name 'ur'
[0.253s] Level 1:colcon.colcon_core.package_identification:_identify(harvest_hardware/Universal_Robots_ROS2_Driver/ur_bringup) by extensions ['ignore', 'ignore_ament_install']
[0.253s] Level 1:colcon.colcon_core.package_identification:_identify(harvest_hardware/Universal_Robots_ROS2_Driver/ur_bringup) by extension 'ignore'
[0.253s] Level 1:colcon.colcon_core.package_identification:_identify(harvest_hardware/Universal_Robots_ROS2_Driver/ur_bringup) by extension 'ignore_ament_install'
[0.253s] Level 1:colcon.colcon_core.package_identification:_identify(harvest_hardware/Universal_Robots_ROS2_Driver/ur_bringup) by extensions ['colcon_pkg']
[0.253s] Level 1:colcon.colcon_core.package_identification:_identify(harvest_hardware/Universal_Robots_ROS2_Driver/ur_bringup) by extension 'colcon_pkg'
[0.253s] Level 1:colcon.colcon_core.package_identification:_identify(harvest_hardware/Universal_Robots_ROS2_Driver/ur_bringup) by extensions ['colcon_meta']
[0.253s] Level 1:colcon.colcon_core.package_identification:_identify(harvest_hardware/Universal_Robots_ROS2_Driver/ur_bringup) by extension 'colcon_meta'
[0.253s] Level 1:colcon.colcon_core.package_identification:_identify(harvest_hardware/Universal_Robots_ROS2_Driver/ur_bringup) by extensions ['ros']
[0.253s] Level 1:colcon.colcon_core.package_identification:_identify(harvest_hardware/Universal_Robots_ROS2_Driver/ur_bringup) by extension 'ros'
[0.254s] DEBUG:colcon.colcon_core.package_identification:Package 'harvest_hardware/Universal_Robots_ROS2_Driver/ur_bringup' with type 'ros.ament_cmake' and name 'ur_bringup'
[0.254s] Level 1:colcon.colcon_core.package_identification:_identify(harvest_hardware/Universal_Robots_ROS2_Driver/ur_calibration) by extensions ['ignore', 'ignore_ament_install']
[0.254s] Level 1:colcon.colcon_core.package_identification:_identify(harvest_hardware/Universal_Robots_ROS2_Driver/ur_calibration) by extension 'ignore'
[0.254s] Level 1:colcon.colcon_core.package_identification:_identify(harvest_hardware/Universal_Robots_ROS2_Driver/ur_calibration) by extension 'ignore_ament_install'
[0.254s] Level 1:colcon.colcon_core.package_identification:_identify(harvest_hardware/Universal_Robots_ROS2_Driver/ur_calibration) by extensions ['colcon_pkg']
[0.254s] Level 1:colcon.colcon_core.package_identification:_identify(harvest_hardware/Universal_Robots_ROS2_Driver/ur_calibration) by extension 'colcon_pkg'
[0.254s] Level 1:colcon.colcon_core.package_identification:_identify(harvest_hardware/Universal_Robots_ROS2_Driver/ur_calibration) by extensions ['colcon_meta']
[0.254s] Level 1:colcon.colcon_core.package_identification:_identify(harvest_hardware/Universal_Robots_ROS2_Driver/ur_calibration) by extension 'colcon_meta'
[0.254s] Level 1:colcon.colcon_core.package_identification:_identify(harvest_hardware/Universal_Robots_ROS2_Driver/ur_calibration) by extensions ['ros']
[0.254s] Level 1:colcon.colcon_core.package_identification:_identify(harvest_hardware/Universal_Robots_ROS2_Driver/ur_calibration) by extension 'ros'
[0.255s] DEBUG:colcon.colcon_core.package_identification:Package 'harvest_hardware/Universal_Robots_ROS2_Driver/ur_calibration' with type 'ros.ament_cmake' and name 'ur_calibration'
[0.255s] Level 1:colcon.colcon_core.package_identification:_identify(harvest_hardware/Universal_Robots_ROS2_Driver/ur_controllers) by extensions ['ignore', 'ignore_ament_install']
[0.255s] Level 1:colcon.colcon_core.package_identification:_identify(harvest_hardware/Universal_Robots_ROS2_Driver/ur_controllers) by extension 'ignore'
[0.255s] Level 1:colcon.colcon_core.package_identification:_identify(harvest_hardware/Universal_Robots_ROS2_Driver/ur_controllers) by extension 'ignore_ament_install'
[0.255s] Level 1:colcon.colcon_core.package_identification:_identify(harvest_hardware/Universal_Robots_ROS2_Driver/ur_controllers) by extensions ['colcon_pkg']
[0.255s] Level 1:colcon.colcon_core.package_identification:_identify(harvest_hardware/Universal_Robots_ROS2_Driver/ur_controllers) by extension 'colcon_pkg'
[0.255s] Level 1:colcon.colcon_core.package_identification:_identify(harvest_hardware/Universal_Robots_ROS2_Driver/ur_controllers) by extensions ['colcon_meta']
[0.255s] Level 1:colcon.colcon_core.package_identification:_identify(harvest_hardware/Universal_Robots_ROS2_Driver/ur_controllers) by extension 'colcon_meta'
[0.255s] Level 1:colcon.colcon_core.package_identification:_identify(harvest_hardware/Universal_Robots_ROS2_Driver/ur_controllers) by extensions ['ros']
[0.255s] Level 1:colcon.colcon_core.package_identification:_identify(harvest_hardware/Universal_Robots_ROS2_Driver/ur_controllers) by extension 'ros'
[0.256s] DEBUG:colcon.colcon_core.package_identification:Package 'harvest_hardware/Universal_Robots_ROS2_Driver/ur_controllers' with type 'ros.ament_cmake' and name 'ur_controllers'
[0.256s] Level 1:colcon.colcon_core.package_identification:_identify(harvest_hardware/Universal_Robots_ROS2_Driver/ur_dashboard_msgs) by extensions ['ignore', 'ignore_ament_install']
[0.256s] Level 1:colcon.colcon_core.package_identification:_identify(harvest_hardware/Universal_Robots_ROS2_Driver/ur_dashboard_msgs) by extension 'ignore'
[0.256s] Level 1:colcon.colcon_core.package_identification:_identify(harvest_hardware/Universal_Robots_ROS2_Driver/ur_dashboard_msgs) by extension 'ignore_ament_install'
[0.256s] Level 1:colcon.colcon_core.package_identification:_identify(harvest_hardware/Universal_Robots_ROS2_Driver/ur_dashboard_msgs) by extensions ['colcon_pkg']
[0.256s] Level 1:colcon.colcon_core.package_identification:_identify(harvest_hardware/Universal_Robots_ROS2_Driver/ur_dashboard_msgs) by extension 'colcon_pkg'
[0.256s] Level 1:colcon.colcon_core.package_identification:_identify(harvest_hardware/Universal_Robots_ROS2_Driver/ur_dashboard_msgs) by extensions ['colcon_meta']
[0.256s] Level 1:colcon.colcon_core.package_identification:_identify(harvest_hardware/Universal_Robots_ROS2_Driver/ur_dashboard_msgs) by extension 'colcon_meta'
[0.256s] Level 1:colcon.colcon_core.package_identification:_identify(harvest_hardware/Universal_Robots_ROS2_Driver/ur_dashboard_msgs) by extensions ['ros']
[0.256s] Level 1:colcon.colcon_core.package_identification:_identify(harvest_hardware/Universal_Robots_ROS2_Driver/ur_dashboard_msgs) by extension 'ros'
[0.257s] DEBUG:colcon.colcon_core.package_identification:Package 'harvest_hardware/Universal_Robots_ROS2_Driver/ur_dashboard_msgs' with type 'ros.ament_cmake' and name 'ur_dashboard_msgs'
[0.257s] Level 1:colcon.colcon_core.package_identification:_identify(harvest_hardware/Universal_Robots_ROS2_Driver/ur_moveit_config) by extensions ['ignore', 'ignore_ament_install']
[0.257s] Level 1:colcon.colcon_core.package_identification:_identify(harvest_hardware/Universal_Robots_ROS2_Driver/ur_moveit_config) by extension 'ignore'
[0.257s] Level 1:colcon.colcon_core.package_identification:_identify(harvest_hardware/Universal_Robots_ROS2_Driver/ur_moveit_config) by extension 'ignore_ament_install'
[0.257s] Level 1:colcon.colcon_core.package_identification:_identify(harvest_hardware/Universal_Robots_ROS2_Driver/ur_moveit_config) by extensions ['colcon_pkg']
[0.257s] Level 1:colcon.colcon_core.package_identification:_identify(harvest_hardware/Universal_Robots_ROS2_Driver/ur_moveit_config) by extension 'colcon_pkg'
[0.257s] Level 1:colcon.colcon_core.package_identification:_identify(harvest_hardware/Universal_Robots_ROS2_Driver/ur_moveit_config) by extensions ['colcon_meta']
[0.257s] Level 1:colcon.colcon_core.package_identification:_identify(harvest_hardware/Universal_Robots_ROS2_Driver/ur_moveit_config) by extension 'colcon_meta'
[0.257s] Level 1:colcon.colcon_core.package_identification:_identify(harvest_hardware/Universal_Robots_ROS2_Driver/ur_moveit_config) by extensions ['ros']
[0.257s] Level 1:colcon.colcon_core.package_identification:_identify(harvest_hardware/Universal_Robots_ROS2_Driver/ur_moveit_config) by extension 'ros'
[0.258s] DEBUG:colcon.colcon_core.package_identification:Package 'harvest_hardware/Universal_Robots_ROS2_Driver/ur_moveit_config' with type 'ros.ament_cmake' and name 'ur_moveit_config'
[0.258s] Level 1:colcon.colcon_core.package_identification:_identify(harvest_hardware/Universal_Robots_ROS2_Driver/ur_robot_driver) by extensions ['ignore', 'ignore_ament_install']
[0.258s] Level 1:colcon.colcon_core.package_identification:_identify(harvest_hardware/Universal_Robots_ROS2_Driver/ur_robot_driver) by extension 'ignore'
[0.258s] Level 1:colcon.colcon_core.package_identification:_identify(harvest_hardware/Universal_Robots_ROS2_Driver/ur_robot_driver) by extension 'ignore_ament_install'
[0.258s] Level 1:colcon.colcon_core.package_identification:_identify(harvest_hardware/Universal_Robots_ROS2_Driver/ur_robot_driver) by extensions ['colcon_pkg']
[0.258s] Level 1:colcon.colcon_core.package_identification:_identify(harvest_hardware/Universal_Robots_ROS2_Driver/ur_robot_driver) by extension 'colcon_pkg'
[0.258s] Level 1:colcon.colcon_core.package_identification:_identify(harvest_hardware/Universal_Robots_ROS2_Driver/ur_robot_driver) by extensions ['colcon_meta']
[0.258s] Level 1:colcon.colcon_core.package_identification:_identify(harvest_hardware/Universal_Robots_ROS2_Driver/ur_robot_driver) by extension 'colcon_meta'
[0.258s] Level 1:colcon.colcon_core.package_identification:_identify(harvest_hardware/Universal_Robots_ROS2_Driver/ur_robot_driver) by extensions ['ros']
[0.258s] Level 1:colcon.colcon_core.package_identification:_identify(harvest_hardware/Universal_Robots_ROS2_Driver/ur_robot_driver) by extension 'ros'
[0.260s] DEBUG:colcon.colcon_core.package_identification:Package 'harvest_hardware/Universal_Robots_ROS2_Driver/ur_robot_driver' with type 'ros.ament_cmake' and name 'ur_robot_driver'
[0.260s] Level 1:colcon.colcon_core.package_identification:_identify(harvest_hardware/realsense-ros) by extensions ['ignore', 'ignore_ament_install']
[0.260s] Level 1:colcon.colcon_core.package_identification:_identify(harvest_hardware/realsense-ros) by extension 'ignore'
[0.260s] Level 1:colcon.colcon_core.package_identification:_identify(harvest_hardware/realsense-ros) by extension 'ignore_ament_install'
[0.260s] Level 1:colcon.colcon_core.package_identification:_identify(harvest_hardware/realsense-ros) by extensions ['colcon_pkg']
[0.260s] Level 1:colcon.colcon_core.package_identification:_identify(harvest_hardware/realsense-ros) by extension 'colcon_pkg'
[0.260s] Level 1:colcon.colcon_core.package_identification:_identify(harvest_hardware/realsense-ros) by extensions ['colcon_meta']
[0.260s] Level 1:colcon.colcon_core.package_identification:_identify(harvest_hardware/realsense-ros) by extension 'colcon_meta'
[0.260s] Level 1:colcon.colcon_core.package_identification:_identify(harvest_hardware/realsense-ros) by extensions ['ros']
[0.260s] Level 1:colcon.colcon_core.package_identification:_identify(harvest_hardware/realsense-ros) by extension 'ros'
[0.260s] Level 1:colcon.colcon_core.package_identification:_identify(harvest_hardware/realsense-ros) by extensions ['cmake', 'python']
[0.260s] Level 1:colcon.colcon_core.package_identification:_identify(harvest_hardware/realsense-ros) by extension 'cmake'
[0.260s] Level 1:colcon.colcon_core.package_identification:_identify(harvest_hardware/realsense-ros) by extension 'python'
[0.260s] Level 1:colcon.colcon_core.package_identification:_identify(harvest_hardware/realsense-ros) by extensions ['python_setup_py']
[0.260s] Level 1:colcon.colcon_core.package_identification:_identify(harvest_hardware/realsense-ros) by extension 'python_setup_py'
[0.260s] Level 1:colcon.colcon_core.package_identification:_identify(harvest_hardware/realsense-ros/realsense2_camera) by extensions ['ignore', 'ignore_ament_install']
[0.260s] Level 1:colcon.colcon_core.package_identification:_identify(harvest_hardware/realsense-ros/realsense2_camera) by extension 'ignore'
[0.260s] Level 1:colcon.colcon_core.package_identification:_identify(harvest_hardware/realsense-ros/realsense2_camera) by extension 'ignore_ament_install'
[0.260s] Level 1:colcon.colcon_core.package_identification:_identify(harvest_hardware/realsense-ros/realsense2_camera) by extensions ['colcon_pkg']
[0.260s] Level 1:colcon.colcon_core.package_identification:_identify(harvest_hardware/realsense-ros/realsense2_camera) by extension 'colcon_pkg'
[0.260s] Level 1:colcon.colcon_core.package_identification:_identify(harvest_hardware/realsense-ros/realsense2_camera) by extensions ['colcon_meta']
[0.260s] Level 1:colcon.colcon_core.package_identification:_identify(harvest_hardware/realsense-ros/realsense2_camera) by extension 'colcon_meta'
[0.261s] Level 1:colcon.colcon_core.package_identification:_identify(harvest_hardware/realsense-ros/realsense2_camera) by extensions ['ros']
[0.261s] Level 1:colcon.colcon_core.package_identification:_identify(harvest_hardware/realsense-ros/realsense2_camera) by extension 'ros'
[0.265s] DEBUG:colcon.colcon_core.package_identification:Package 'harvest_hardware/realsense-ros/realsense2_camera' with type 'ros.ament_cmake' and name 'realsense2_camera'
[0.265s] Level 1:colcon.colcon_core.package_identification:_identify(harvest_hardware/realsense-ros/realsense2_camera_msgs) by extensions ['ignore', 'ignore_ament_install']
[0.265s] Level 1:colcon.colcon_core.package_identification:_identify(harvest_hardware/realsense-ros/realsense2_camera_msgs) by extension 'ignore'
[0.265s] Level 1:colcon.colcon_core.package_identification:_identify(harvest_hardware/realsense-ros/realsense2_camera_msgs) by extension 'ignore_ament_install'
[0.265s] Level 1:colcon.colcon_core.package_identification:_identify(harvest_hardware/realsense-ros/realsense2_camera_msgs) by extensions ['colcon_pkg']
[0.265s] Level 1:colcon.colcon_core.package_identification:_identify(harvest_hardware/realsense-ros/realsense2_camera_msgs) by extension 'colcon_pkg'
[0.265s] Level 1:colcon.colcon_core.package_identification:_identify(harvest_hardware/realsense-ros/realsense2_camera_msgs) by extensions ['colcon_meta']
[0.265s] Level 1:colcon.colcon_core.package_identification:_identify(harvest_hardware/realsense-ros/realsense2_camera_msgs) by extension 'colcon_meta'
[0.265s] Level 1:colcon.colcon_core.package_identification:_identify(harvest_hardware/realsense-ros/realsense2_camera_msgs) by extensions ['ros']
[0.265s] Level 1:colcon.colcon_core.package_identification:_identify(harvest_hardware/realsense-ros/realsense2_camera_msgs) by extension 'ros'
[0.266s] DEBUG:colcon.colcon_core.package_identification:Package 'harvest_hardware/realsense-ros/realsense2_camera_msgs' with type 'ros.ament_cmake' and name 'realsense2_camera_msgs'
[0.266s] Level 1:colcon.colcon_core.package_identification:_identify(harvest_hardware/realsense-ros/realsense2_description) by extensions ['ignore', 'ignore_ament_install']
[0.266s] Level 1:colcon.colcon_core.package_identification:_identify(harvest_hardware/realsense-ros/realsense2_description) by extension 'ignore'
[0.266s] Level 1:colcon.colcon_core.package_identification:_identify(harvest_hardware/realsense-ros/realsense2_description) by extension 'ignore_ament_install'
[0.266s] Level 1:colcon.colcon_core.package_identification:_identify(harvest_hardware/realsense-ros/realsense2_description) by extensions ['colcon_pkg']
[0.266s] Level 1:colcon.colcon_core.package_identification:_identify(harvest_hardware/realsense-ros/realsense2_description) by extension 'colcon_pkg'
[0.266s] Level 1:colcon.colcon_core.package_identification:_identify(harvest_hardware/realsense-ros/realsense2_description) by extensions ['colcon_meta']
[0.266s] Level 1:colcon.colcon_core.package_identification:_identify(harvest_hardware/realsense-ros/realsense2_description) by extension 'colcon_meta'
[0.266s] Level 1:colcon.colcon_core.package_identification:_identify(harvest_hardware/realsense-ros/realsense2_description) by extensions ['ros']
[0.266s] Level 1:colcon.colcon_core.package_identification:_identify(harvest_hardware/realsense-ros/realsense2_description) by extension 'ros'
[0.267s] DEBUG:colcon.colcon_core.package_identification:Package 'harvest_hardware/realsense-ros/realsense2_description' with type 'ros.ament_cmake' and name 'realsense2_description'
[0.267s] Level 1:colcon.colcon_core.package_identification:_identify(harvest_hardware/realsense-ros/scripts) by extensions ['ignore', 'ignore_ament_install']
[0.267s] Level 1:colcon.colcon_core.package_identification:_identify(harvest_hardware/realsense-ros/scripts) by extension 'ignore'
[0.267s] Level 1:colcon.colcon_core.package_identification:_identify(harvest_hardware/realsense-ros/scripts) by extension 'ignore_ament_install'
[0.267s] Level 1:colcon.colcon_core.package_identification:_identify(harvest_hardware/realsense-ros/scripts) by extensions ['colcon_pkg']
[0.267s] Level 1:colcon.colcon_core.package_identification:_identify(harvest_hardware/realsense-ros/scripts) by extension 'colcon_pkg'
[0.267s] Level 1:colcon.colcon_core.package_identification:_identify(harvest_hardware/realsense-ros/scripts) by extensions ['colcon_meta']
[0.267s] Level 1:colcon.colcon_core.package_identification:_identify(harvest_hardware/realsense-ros/scripts) by extension 'colcon_meta'
[0.267s] Level 1:colcon.colcon_core.package_identification:_identify(harvest_hardware/realsense-ros/scripts) by extensions ['ros']
[0.267s] Level 1:colcon.colcon_core.package_identification:_identify(harvest_hardware/realsense-ros/scripts) by extension 'ros'
[0.267s] Level 1:colcon.colcon_core.package_identification:_identify(harvest_hardware/realsense-ros/scripts) by extensions ['cmake', 'python']
[0.267s] Level 1:colcon.colcon_core.package_identification:_identify(harvest_hardware/realsense-ros/scripts) by extension 'cmake'
[0.267s] Level 1:colcon.colcon_core.package_identification:_identify(harvest_hardware/realsense-ros/scripts) by extension 'python'
[0.267s] Level 1:colcon.colcon_core.package_identification:_identify(harvest_hardware/realsense-ros/scripts) by extensions ['python_setup_py']
[0.267s] Level 1:colcon.colcon_core.package_identification:_identify(harvest_hardware/realsense-ros/scripts) by extension 'python_setup_py'
[0.267s] Level 1:colcon.colcon_core.package_identification:_identify(harvest_hardware/ur5e_custom_hardware) by extensions ['ignore', 'ignore_ament_install']
[0.267s] Level 1:colcon.colcon_core.package_identification:_identify(harvest_hardware/ur5e_custom_hardware) by extension 'ignore'
[0.268s] Level 1:colcon.colcon_core.package_identification:_identify(harvest_hardware/ur5e_custom_hardware) by extension 'ignore_ament_install'
[0.268s] Level 1:colcon.colcon_core.package_identification:_identify(harvest_hardware/ur5e_custom_hardware) by extensions ['colcon_pkg']
[0.268s] Level 1:colcon.colcon_core.package_identification:_identify(harvest_hardware/ur5e_custom_hardware) by extension 'colcon_pkg'
[0.268s] Level 1:colcon.colcon_core.package_identification:_identify(harvest_hardware/ur5e_custom_hardware) by extensions ['colcon_meta']
[0.268s] Level 1:colcon.colcon_core.package_identification:_identify(harvest_hardware/ur5e_custom_hardware) by extension 'colcon_meta'
[0.268s] Level 1:colcon.colcon_core.package_identification:_identify(harvest_hardware/ur5e_custom_hardware) by extensions ['ros']
[0.268s] Level 1:colcon.colcon_core.package_identification:_identify(harvest_hardware/ur5e_custom_hardware) by extension 'ros'
[0.268s] DEBUG:colcon.colcon_core.package_identification:Package 'harvest_hardware/ur5e_custom_hardware' with type 'ros.ament_python' and name 'ur5e_custom_hardware'
[0.268s] Level 1:colcon.colcon_core.package_identification:_identify(harvest_interfaces) by extensions ['ignore', 'ignore_ament_install']
[0.268s] Level 1:colcon.colcon_core.package_identification:_identify(harvest_interfaces) by extension 'ignore'
[0.268s] Level 1:colcon.colcon_core.package_identification:_identify(harvest_interfaces) by extension 'ignore_ament_install'
[0.268s] Level 1:colcon.colcon_core.package_identification:_identify(harvest_interfaces) by extensions ['colcon_pkg']
[0.268s] Level 1:colcon.colcon_core.package_identification:_identify(harvest_interfaces) by extension 'colcon_pkg'
[0.268s] Level 1:colcon.colcon_core.package_identification:_identify(harvest_interfaces) by extensions ['colcon_meta']
[0.269s] Level 1:colcon.colcon_core.package_identification:_identify(harvest_interfaces) by extension 'colcon_meta'
[0.269s] Level 1:colcon.colcon_core.package_identification:_identify(harvest_interfaces) by extensions ['ros']
[0.269s] Level 1:colcon.colcon_core.package_identification:_identify(harvest_interfaces) by extension 'ros'
[0.269s] DEBUG:colcon.colcon_core.package_identification:Package 'harvest_interfaces' with type 'ros.ament_cmake' and name 'harvest_interfaces'
[0.269s] Level 1:colcon.colcon_core.package_identification:_identify(harvest_vision) by extensions ['ignore', 'ignore_ament_install']
[0.269s] Level 1:colcon.colcon_core.package_identification:_identify(harvest_vision) by extension 'ignore'
[0.269s] Level 1:colcon.colcon_core.package_identification:_identify(harvest_vision) by extension 'ignore_ament_install'
[0.269s] Level 1:colcon.colcon_core.package_identification:_identify(harvest_vision) by extensions ['colcon_pkg']
[0.269s] Level 1:colcon.colcon_core.package_identification:_identify(harvest_vision) by extension 'colcon_pkg'
[0.269s] Level 1:colcon.colcon_core.package_identification:_identify(harvest_vision) by extensions ['colcon_meta']
[0.269s] Level 1:colcon.colcon_core.package_identification:_identify(harvest_vision) by extension 'colcon_meta'
[0.270s] Level 1:colcon.colcon_core.package_identification:_identify(harvest_vision) by extensions ['ros']
[0.270s] Level 1:colcon.colcon_core.package_identification:_identify(harvest_vision) by extension 'ros'
[0.270s] DEBUG:colcon.colcon_core.package_identification:Package 'harvest_vision' with type 'ros.ament_python' and name 'harvest_vision'
[0.270s] Level 1:colcon.colcon_core.package_identification:_identify(install) by extensions ['ignore', 'ignore_ament_install']
[0.270s] Level 1:colcon.colcon_core.package_identification:_identify(install) by extension 'ignore'
[0.270s] Level 1:colcon.colcon_core.package_identification:_identify(install) ignored
[0.270s] Level 1:colcon.colcon_core.package_identification:_identify(log) by extensions ['ignore', 'ignore_ament_install']
[0.270s] Level 1:colcon.colcon_core.package_identification:_identify(log) by extension 'ignore'
[0.271s] Level 1:colcon.colcon_core.package_identification:_identify(log) ignored
[0.271s] Level 1:colcon.colcon_core.package_discovery:discover_packages(recursive) using defaults
[0.271s] Level 1:colcon.colcon_core.package_discovery:discover_packages(ignore) discover
[0.271s] Level 1:colcon.colcon_core.package_discovery:discover_packages(ignore) using defaults
[0.271s] Level 1:colcon.colcon_core.package_discovery:discover_packages(path) discover
[0.271s] Level 1:colcon.colcon_core.package_discovery:discover_packages(path) using defaults
[0.287s] Level 1:colcon.colcon_core.package_discovery:discover_packages(prefix_path) check parameters
[0.288s] Level 1:colcon.colcon_core.package_discovery:discover_packages(prefix_path) discover
[0.290s] DEBUG:colcon.colcon_installed_package_information.package_discovery:Found 399 installed packages in /opt/ros/humble
[0.291s] Level 1:colcon.colcon_core.package_discovery:discover_packages(prefix_path) using defaults
[0.323s] Level 5:colcon.colcon_core.verb:set package 'harvest_interfaces' build argument 'cmake_args' from command line to 'None'
[0.323s] Level 5:colcon.colcon_core.verb:set package 'harvest_interfaces' build argument 'cmake_target' from command line to 'None'
[0.323s] Level 5:colcon.colcon_core.verb:set package 'harvest_interfaces' build argument 'cmake_target_skip_unavailable' from command line to 'False'
[0.323s] Level 5:colcon.colcon_core.verb:set package 'harvest_interfaces' build argument 'cmake_clean_cache' from command line to 'False'
[0.323s] Level 5:colcon.colcon_core.verb:set package 'harvest_interfaces' build argument 'cmake_clean_first' from command line to 'False'
[0.323s] Level 5:colcon.colcon_core.verb:set package 'harvest_interfaces' build argument 'cmake_force_configure' from command line to 'False'
[0.323s] Level 5:colcon.colcon_core.verb:set package 'harvest_interfaces' build argument 'ament_cmake_args' from command line to 'None'
[0.324s] Level 5:colcon.colcon_core.verb:set package 'harvest_interfaces' build argument 'catkin_cmake_args' from command line to 'None'
[0.324s] Level 5:colcon.colcon_core.verb:set package 'harvest_interfaces' build argument 'catkin_skip_building_tests' from command line to 'False'
[0.324s] DEBUG:colcon.colcon_core.verb:Building package 'harvest_interfaces' with the following arguments: {'ament_cmake_args': None, 'build_base': '/home/imml/git/research_2025/apple-harvest-eva/build/harvest_interfaces', 'catkin_cmake_args': None, 'catkin_skip_building_tests': False, 'cmake_args': None, 'cmake_clean_cache': False, 'cmake_clean_first': False, 'cmake_force_configure': False, 'cmake_target': None, 'cmake_target_skip_unavailable': False, 'install_base': '/home/imml/git/research_2025/apple-harvest-eva/install/harvest_interfaces', 'merge_install': False, 'path': '/home/imml/git/research_2025/apple-harvest-eva/harvest_interfaces', 'symlink_install': True, 'test_result_base': None}
[0.324s] Level 5:colcon.colcon_core.verb:set package 'realsense2_camera_msgs' build argument 'cmake_args' from command line to 'None'
[0.324s] Level 5:colcon.colcon_core.verb:set package 'realsense2_camera_msgs' build argument 'cmake_target' from command line to 'None'
[0.324s] Level 5:colcon.colcon_core.verb:set package 'realsense2_camera_msgs' build argument 'cmake_target_skip_unavailable' from command line to 'False'
[0.324s] Level 5:colcon.colcon_core.verb:set package 'realsense2_camera_msgs' build argument 'cmake_clean_cache' from command line to 'False'
[0.324s] Level 5:colcon.colcon_core.verb:set package 'realsense2_camera_msgs' build argument 'cmake_clean_first' from command line to 'False'
[0.324s] Level 5:colcon.colcon_core.verb:set package 'realsense2_camera_msgs' build argument 'cmake_force_configure' from command line to 'False'
[0.324s] Level 5:colcon.colcon_core.verb:set package 'realsense2_camera_msgs' build argument 'ament_cmake_args' from command line to 'None'
[0.324s] Level 5:colcon.colcon_core.verb:set package 'realsense2_camera_msgs' build argument 'catkin_cmake_args' from command line to 'None'
[0.324s] Level 5:colcon.colcon_core.verb:set package 'realsense2_camera_msgs' build argument 'catkin_skip_building_tests' from command line to 'False'
[0.324s] DEBUG:colcon.colcon_core.verb:Building package 'realsense2_camera_msgs' with the following arguments: {'ament_cmake_args': None, 'build_base': '/home/imml/git/research_2025/apple-harvest-eva/build/realsense2_camera_msgs', 'catkin_cmake_args': None, 'catkin_skip_building_tests': False, 'cmake_args': None, 'cmake_clean_cache': False, 'cmake_clean_first': False, 'cmake_force_configure': False, 'cmake_target': None, 'cmake_target_skip_unavailable': False, 'install_base': '/home/imml/git/research_2025/apple-harvest-eva/install/realsense2_camera_msgs', 'merge_install': False, 'path': '/home/imml/git/research_2025/apple-harvest-eva/harvest_hardware/realsense-ros/realsense2_camera_msgs', 'symlink_install': True, 'test_result_base': None}
[0.324s] Level 5:colcon.colcon_core.verb:set package 'ur5e_custom_hardware' build argument 'cmake_args' from command line to 'None'
[0.324s] Level 5:colcon.colcon_core.verb:set package 'ur5e_custom_hardware' build argument 'cmake_target' from command line to 'None'
[0.324s] Level 5:colcon.colcon_core.verb:set package 'ur5e_custom_hardware' build argument 'cmake_target_skip_unavailable' from command line to 'False'
[0.324s] Level 5:colcon.colcon_core.verb:set package 'ur5e_custom_hardware' build argument 'cmake_clean_cache' from command line to 'False'
[0.324s] Level 5:colcon.colcon_core.verb:set package 'ur5e_custom_hardware' build argument 'cmake_clean_first' from command line to 'False'
[0.324s] Level 5:colcon.colcon_core.verb:set package 'ur5e_custom_hardware' build argument 'cmake_force_configure' from command line to 'False'
[0.324s] Level 5:colcon.colcon_core.verb:set package 'ur5e_custom_hardware' build argument 'ament_cmake_args' from command line to 'None'
[0.324s] Level 5:colcon.colcon_core.verb:set package 'ur5e_custom_hardware' build argument 'catkin_cmake_args' from command line to 'None'
[0.324s] Level 5:colcon.colcon_core.verb:set package 'ur5e_custom_hardware' build argument 'catkin_skip_building_tests' from command line to 'False'
[0.324s] DEBUG:colcon.colcon_core.verb:Building package 'ur5e_custom_hardware' with the following arguments: {'ament_cmake_args': None, 'build_base': '/home/imml/git/research_2025/apple-harvest-eva/build/ur5e_custom_hardware', 'catkin_cmake_args': None, 'catkin_skip_building_tests': False, 'cmake_args': None, 'cmake_clean_cache': False, 'cmake_clean_first': False, 'cmake_force_configure': False, 'cmake_target': None, 'cmake_target_skip_unavailable': False, 'install_base': '/home/imml/git/research_2025/apple-harvest-eva/install/ur5e_custom_hardware', 'merge_install': False, 'path': '/home/imml/git/research_2025/apple-harvest-eva/harvest_hardware/ur5e_custom_hardware', 'symlink_install': True, 'test_result_base': None}
[0.325s] Level 5:colcon.colcon_core.verb:set package 'ur_dashboard_msgs' build argument 'cmake_args' from command line to 'None'
[0.325s] Level 5:colcon.colcon_core.verb:set package 'ur_dashboard_msgs' build argument 'cmake_target' from command line to 'None'
[0.325s] Level 5:colcon.colcon_core.verb:set package 'ur_dashboard_msgs' build argument 'cmake_target_skip_unavailable' from command line to 'False'
[0.325s] Level 5:colcon.colcon_core.verb:set package 'ur_dashboard_msgs' build argument 'cmake_clean_cache' from command line to 'False'
[0.325s] Level 5:colcon.colcon_core.verb:set package 'ur_dashboard_msgs' build argument 'cmake_clean_first' from command line to 'False'
[0.325s] Level 5:colcon.colcon_core.verb:set package 'ur_dashboard_msgs' build argument 'cmake_force_configure' from command line to 'False'
[0.325s] Level 5:colcon.colcon_core.verb:set package 'ur_dashboard_msgs' build argument 'ament_cmake_args' from command line to 'None'
[0.325s] Level 5:colcon.colcon_core.verb:set package 'ur_dashboard_msgs' build argument 'catkin_cmake_args' from command line to 'None'
[0.325s] Level 5:colcon.colcon_core.verb:set package 'ur_dashboard_msgs' build argument 'catkin_skip_building_tests' from command line to 'False'
[0.325s] DEBUG:colcon.colcon_core.verb:Building package 'ur_dashboard_msgs' with the following arguments: {'ament_cmake_args': None, 'build_base': '/home/imml/git/research_2025/apple-harvest-eva/build/ur_dashboard_msgs', 'catkin_cmake_args': None, 'catkin_skip_building_tests': False, 'cmake_args': None, 'cmake_clean_cache': False, 'cmake_clean_first': False, 'cmake_force_configure': False, 'cmake_target': None, 'cmake_target_skip_unavailable': False, 'install_base': '/home/imml/git/research_2025/apple-harvest-eva/install/ur_dashboard_msgs', 'merge_install': False, 'path': '/home/imml/git/research_2025/apple-harvest-eva/harvest_hardware/Universal_Robots_ROS2_Driver/ur_dashboard_msgs', 'symlink_install': True, 'test_result_base': None}
[0.325s] Level 5:colcon.colcon_core.verb:set package 'ur_description' build argument 'cmake_args' from command line to 'None'
[0.325s] Level 5:colcon.colcon_core.verb:set package 'ur_description' build argument 'cmake_target' from command line to 'None'
[0.325s] Level 5:colcon.colcon_core.verb:set package 'ur_description' build argument 'cmake_target_skip_unavailable' from command line to 'False'
[0.325s] Level 5:colcon.colcon_core.verb:set package 'ur_description' build argument 'cmake_clean_cache' from command line to 'False'
[0.325s] Level 5:colcon.colcon_core.verb:set package 'ur_description' build argument 'cmake_clean_first' from command line to 'False'
[0.325s] Level 5:colcon.colcon_core.verb:set package 'ur_description' build argument 'cmake_force_configure' from command line to 'False'
[0.325s] Level 5:colcon.colcon_core.verb:set package 'ur_description' build argument 'ament_cmake_args' from command line to 'None'
[0.325s] Level 5:colcon.colcon_core.verb:set package 'ur_description' build argument 'catkin_cmake_args' from command line to 'None'
[0.325s] Level 5:colcon.colcon_core.verb:set package 'ur_description' build argument 'catkin_skip_building_tests' from command line to 'False'
[0.325s] DEBUG:colcon.colcon_core.verb:Building package 'ur_description' with the following arguments: {'ament_cmake_args': None, 'build_base': '/home/imml/git/research_2025/apple-harvest-eva/build/ur_description', 'catkin_cmake_args': None, 'catkin_skip_building_tests': False, 'cmake_args': None, 'cmake_clean_cache': False, 'cmake_clean_first': False, 'cmake_force_configure': False, 'cmake_target': None, 'cmake_target_skip_unavailable': False, 'install_base': '/home/imml/git/research_2025/apple-harvest-eva/install/ur_description', 'merge_install': False, 'path': '/home/imml/git/research_2025/apple-harvest-eva/harvest_hardware/Universal_Robots_ROS2_Description', 'symlink_install': True, 'test_result_base': None}
[0.326s] Level 5:colcon.colcon_core.verb:set package 'harvest' build argument 'cmake_args' from command line to 'None'
[0.326s] Level 5:colcon.colcon_core.verb:set package 'harvest' build argument 'cmake_target' from command line to 'None'
[0.326s] Level 5:colcon.colcon_core.verb:set package 'harvest' build argument 'cmake_target_skip_unavailable' from command line to 'False'
[0.326s] Level 5:colcon.colcon_core.verb:set package 'harvest' build argument 'cmake_clean_cache' from command line to 'False'
[0.326s] Level 5:colcon.colcon_core.verb:set package 'harvest' build argument 'cmake_clean_first' from command line to 'False'
[0.326s] Level 5:colcon.colcon_core.verb:set package 'harvest' build argument 'cmake_force_configure' from command line to 'False'
[0.326s] Level 5:colcon.colcon_core.verb:set package 'harvest' build argument 'ament_cmake_args' from command line to 'None'
[0.326s] Level 5:colcon.colcon_core.verb:set package 'harvest' build argument 'catkin_cmake_args' from command line to 'None'
[0.326s] Level 5:colcon.colcon_core.verb:set package 'harvest' build argument 'catkin_skip_building_tests' from command line to 'False'
[0.326s] DEBUG:colcon.colcon_core.verb:Building package 'harvest' with the following arguments: {'ament_cmake_args': None, 'build_base': '/home/imml/git/research_2025/apple-harvest-eva/build/harvest', 'catkin_cmake_args': None, 'catkin_skip_building_tests': False, 'cmake_args': None, 'cmake_clean_cache': False, 'cmake_clean_first': False, 'cmake_force_configure': False, 'cmake_target': None, 'cmake_target_skip_unavailable': False, 'install_base': '/home/imml/git/research_2025/apple-harvest-eva/install/harvest', 'merge_install': False, 'path': '/home/imml/git/research_2025/apple-harvest-eva/harvest', 'symlink_install': True, 'test_result_base': None}
[0.326s] Level 5:colcon.colcon_core.verb:set package 'harvest_control' build argument 'cmake_args' from command line to 'None'
[0.326s] Level 5:colcon.colcon_core.verb:set package 'harvest_control' build argument 'cmake_target' from command line to 'None'
[0.326s] Level 5:colcon.colcon_core.verb:set package 'harvest_control' build argument 'cmake_target_skip_unavailable' from command line to 'False'
[0.326s] Level 5:colcon.colcon_core.verb:set package 'harvest_control' build argument 'cmake_clean_cache' from command line to 'False'
[0.326s] Level 5:colcon.colcon_core.verb:set package 'harvest_control' build argument 'cmake_clean_first' from command line to 'False'
[0.326s] Level 5:colcon.colcon_core.verb:set package 'harvest_control' build argument 'cmake_force_configure' from command line to 'False'
[0.326s] Level 5:colcon.colcon_core.verb:set package 'harvest_control' build argument 'ament_cmake_args' from command line to 'None'
[0.326s] Level 5:colcon.colcon_core.verb:set package 'harvest_control' build argument 'catkin_cmake_args' from command line to 'None'
[0.326s] Level 5:colcon.colcon_core.verb:set package 'harvest_control' build argument 'catkin_skip_building_tests' from command line to 'False'
[0.326s] DEBUG:colcon.colcon_core.verb:Building package 'harvest_control' with the following arguments: {'ament_cmake_args': None, 'build_base': '/home/imml/git/research_2025/apple-harvest-eva/build/harvest_control', 'catkin_cmake_args': None, 'catkin_skip_building_tests': False, 'cmake_args': None, 'cmake_clean_cache': False, 'cmake_clean_first': False, 'cmake_force_configure': False, 'cmake_target': None, 'cmake_target_skip_unavailable': False, 'install_base': '/home/imml/git/research_2025/apple-harvest-eva/install/harvest_control', 'merge_install': False, 'path': '/home/imml/git/research_2025/apple-harvest-eva/harvest_control', 'symlink_install': True, 'test_result_base': None}
[0.326s] Level 5:colcon.colcon_core.verb:set package 'harvest_vision' build argument 'cmake_args' from command line to 'None'
[0.326s] Level 5:colcon.colcon_core.verb:set package 'harvest_vision' build argument 'cmake_target' from command line to 'None'
[0.326s] Level 5:colcon.colcon_core.verb:set package 'harvest_vision' build argument 'cmake_target_skip_unavailable' from command line to 'False'
[0.326s] Level 5:colcon.colcon_core.verb:set package 'harvest_vision' build argument 'cmake_clean_cache' from command line to 'False'
[0.326s] Level 5:colcon.colcon_core.verb:set package 'harvest_vision' build argument 'cmake_clean_first' from command line to 'False'
[0.326s] Level 5:colcon.colcon_core.verb:set package 'harvest_vision' build argument 'cmake_force_configure' from command line to 'False'
[0.326s] Level 5:colcon.colcon_core.verb:set package 'harvest_vision' build argument 'ament_cmake_args' from command line to 'None'
[0.326s] Level 5:colcon.colcon_core.verb:set package 'harvest_vision' build argument 'catkin_cmake_args' from command line to 'None'
[0.326s] Level 5:colcon.colcon_core.verb:set package 'harvest_vision' build argument 'catkin_skip_building_tests' from command line to 'False'
[0.326s] DEBUG:colcon.colcon_core.verb:Building package 'harvest_vision' with the following arguments: {'ament_cmake_args': None, 'build_base': '/home/imml/git/research_2025/apple-harvest-eva/build/harvest_vision', 'catkin_cmake_args': None, 'catkin_skip_building_tests': False, 'cmake_args': None, 'cmake_clean_cache': False, 'cmake_clean_first': False, 'cmake_force_configure': False, 'cmake_target': None, 'cmake_target_skip_unavailable': False, 'install_base': '/home/imml/git/research_2025/apple-harvest-eva/install/harvest_vision', 'merge_install': False, 'path': '/home/imml/git/research_2025/apple-harvest-eva/harvest_vision', 'symlink_install': True, 'test_result_base': None}
[0.327s] Level 5:colcon.colcon_core.verb:set package 'realsense2_camera' build argument 'cmake_args' from command line to 'None'
[0.327s] Level 5:colcon.colcon_core.verb:set package 'realsense2_camera' build argument 'cmake_target' from command line to 'None'
[0.327s] Level 5:colcon.colcon_core.verb:set package 'realsense2_camera' build argument 'cmake_target_skip_unavailable' from command line to 'False'
[0.327s] Level 5:colcon.colcon_core.verb:set package 'realsense2_camera' build argument 'cmake_clean_cache' from command line to 'False'
[0.327s] Level 5:colcon.colcon_core.verb:set package 'realsense2_camera' build argument 'cmake_clean_first' from command line to 'False'
[0.327s] Level 5:colcon.colcon_core.verb:set package 'realsense2_camera' build argument 'cmake_force_configure' from command line to 'False'
[0.327s] Level 5:colcon.colcon_core.verb:set package 'realsense2_camera' build argument 'ament_cmake_args' from command line to 'None'
[0.327s] Level 5:colcon.colcon_core.verb:set package 'realsense2_camera' build argument 'catkin_cmake_args' from command line to 'None'
[0.327s] Level 5:colcon.colcon_core.verb:set package 'realsense2_camera' build argument 'catkin_skip_building_tests' from command line to 'False'
[0.327s] DEBUG:colcon.colcon_core.verb:Building package 'realsense2_camera' with the following arguments: {'ament_cmake_args': None, 'build_base': '/home/imml/git/research_2025/apple-harvest-eva/build/realsense2_camera', 'catkin_cmake_args': None, 'catkin_skip_building_tests': False, 'cmake_args': None, 'cmake_clean_cache': False, 'cmake_clean_first': False, 'cmake_force_configure': False, 'cmake_target': None, 'cmake_target_skip_unavailable': False, 'install_base': '/home/imml/git/research_2025/apple-harvest-eva/install/realsense2_camera', 'merge_install': False, 'path': '/home/imml/git/research_2025/apple-harvest-eva/harvest_hardware/realsense-ros/realsense2_camera', 'symlink_install': True, 'test_result_base': None}
[0.327s] Level 5:colcon.colcon_core.verb:set package 'realsense2_description' build argument 'cmake_args' from command line to 'None'
[0.327s] Level 5:colcon.colcon_core.verb:set package 'realsense2_description' build argument 'cmake_target' from command line to 'None'
[0.327s] Level 5:colcon.colcon_core.verb:set package 'realsense2_description' build argument 'cmake_target_skip_unavailable' from command line to 'False'
[0.327s] Level 5:colcon.colcon_core.verb:set package 'realsense2_description' build argument 'cmake_clean_cache' from command line to 'False'
[0.327s] Level 5:colcon.colcon_core.verb:set package 'realsense2_description' build argument 'cmake_clean_first' from command line to 'False'
[0.327s] Level 5:colcon.colcon_core.verb:set package 'realsense2_description' build argument 'cmake_force_configure' from command line to 'False'
[0.327s] Level 5:colcon.colcon_core.verb:set package 'realsense2_description' build argument 'ament_cmake_args' from command line to 'None'
[0.327s] Level 5:colcon.colcon_core.verb:set package 'realsense2_description' build argument 'catkin_cmake_args' from command line to 'None'
[0.327s] Level 5:colcon.colcon_core.verb:set package 'realsense2_description' build argument 'catkin_skip_building_tests' from command line to 'False'
[0.327s] DEBUG:colcon.colcon_core.verb:Building package 'realsense2_description' with the following arguments: {'ament_cmake_args': None, 'build_base': '/home/imml/git/research_2025/apple-harvest-eva/build/realsense2_description', 'catkin_cmake_args': None, 'catkin_skip_building_tests': False, 'cmake_args': None, 'cmake_clean_cache': False, 'cmake_clean_first': False, 'cmake_force_configure': False, 'cmake_target': None, 'cmake_target_skip_unavailable': False, 'install_base': '/home/imml/git/research_2025/apple-harvest-eva/install/realsense2_description', 'merge_install': False, 'path': '/home/imml/git/research_2025/apple-harvest-eva/harvest_hardware/realsense-ros/realsense2_description', 'symlink_install': True, 'test_result_base': None}
[0.328s] Level 5:colcon.colcon_core.verb:set package 'ur_controllers' build argument 'cmake_args' from command line to 'None'
[0.328s] Level 5:colcon.colcon_core.verb:set package 'ur_controllers' build argument 'cmake_target' from command line to 'None'
[0.328s] Level 5:colcon.colcon_core.verb:set package 'ur_controllers' build argument 'cmake_target_skip_unavailable' from command line to 'False'
[0.328s] Level 5:colcon.colcon_core.verb:set package 'ur_controllers' build argument 'cmake_clean_cache' from command line to 'False'
[0.328s] Level 5:colcon.colcon_core.verb:set package 'ur_controllers' build argument 'cmake_clean_first' from command line to 'False'
[0.328s] Level 5:colcon.colcon_core.verb:set package 'ur_controllers' build argument 'cmake_force_configure' from command line to 'False'
[0.328s] Level 5:colcon.colcon_core.verb:set package 'ur_controllers' build argument 'ament_cmake_args' from command line to 'None'
[0.328s] Level 5:colcon.colcon_core.verb:set package 'ur_controllers' build argument 'catkin_cmake_args' from command line to 'None'
[0.328s] Level 5:colcon.colcon_core.verb:set package 'ur_controllers' build argument 'catkin_skip_building_tests' from command line to 'False'
[0.328s] DEBUG:colcon.colcon_core.verb:Building package 'ur_controllers' with the following arguments: {'ament_cmake_args': None, 'build_base': '/home/imml/git/research_2025/apple-harvest-eva/build/ur_controllers', 'catkin_cmake_args': None, 'catkin_skip_building_tests': False, 'cmake_args': None, 'cmake_clean_cache': False, 'cmake_clean_first': False, 'cmake_force_configure': False, 'cmake_target': None, 'cmake_target_skip_unavailable': False, 'install_base': '/home/imml/git/research_2025/apple-harvest-eva/install/ur_controllers', 'merge_install': False, 'path': '/home/imml/git/research_2025/apple-harvest-eva/harvest_hardware/Universal_Robots_ROS2_Driver/ur_controllers', 'symlink_install': True, 'test_result_base': None}
[0.328s] Level 5:colcon.colcon_core.verb:set package 'ur_moveit_config' build argument 'cmake_args' from command line to 'None'
[0.328s] Level 5:colcon.colcon_core.verb:set package 'ur_moveit_config' build argument 'cmake_target' from command line to 'None'
[0.328s] Level 5:colcon.colcon_core.verb:set package 'ur_moveit_config' build argument 'cmake_target_skip_unavailable' from command line to 'False'
[0.328s] Level 5:colcon.colcon_core.verb:set package 'ur_moveit_config' build argument 'cmake_clean_cache' from command line to 'False'
[0.328s] Level 5:colcon.colcon_core.verb:set package 'ur_moveit_config' build argument 'cmake_clean_first' from command line to 'False'
[0.328s] Level 5:colcon.colcon_core.verb:set package 'ur_moveit_config' build argument 'cmake_force_configure' from command line to 'False'
[0.328s] Level 5:colcon.colcon_core.verb:set package 'ur_moveit_config' build argument 'ament_cmake_args' from command line to 'None'
[0.328s] Level 5:colcon.colcon_core.verb:set package 'ur_moveit_config' build argument 'catkin_cmake_args' from command line to 'None'
[0.328s] Level 5:colcon.colcon_core.verb:set package 'ur_moveit_config' build argument 'catkin_skip_building_tests' from command line to 'False'
[0.328s] DEBUG:colcon.colcon_core.verb:Building package 'ur_moveit_config' with the following arguments: {'ament_cmake_args': None, 'build_base': '/home/imml/git/research_2025/apple-harvest-eva/build/ur_moveit_config', 'catkin_cmake_args': None, 'catkin_skip_building_tests': False, 'cmake_args': None, 'cmake_clean_cache': False, 'cmake_clean_first': False, 'cmake_force_configure': False, 'cmake_target': None, 'cmake_target_skip_unavailable': False, 'install_base': '/home/imml/git/research_2025/apple-harvest-eva/install/ur_moveit_config', 'merge_install': False, 'path': '/home/imml/git/research_2025/apple-harvest-eva/harvest_hardware/Universal_Robots_ROS2_Driver/ur_moveit_config', 'symlink_install': True, 'test_result_base': None}
[0.328s] Level 5:colcon.colcon_core.verb:set package 'ur_bringup' build argument 'cmake_args' from command line to 'None'
[0.328s] Level 5:colcon.colcon_core.verb:set package 'ur_bringup' build argument 'cmake_target' from command line to 'None'
[0.328s] Level 5:colcon.colcon_core.verb:set package 'ur_bringup' build argument 'cmake_target_skip_unavailable' from command line to 'False'
[0.328s] Level 5:colcon.colcon_core.verb:set package 'ur_bringup' build argument 'cmake_clean_cache' from command line to 'False'
[0.328s] Level 5:colcon.colcon_core.verb:set package 'ur_bringup' build argument 'cmake_clean_first' from command line to 'False'
[0.328s] Level 5:colcon.colcon_core.verb:set package 'ur_bringup' build argument 'cmake_force_configure' from command line to 'False'
[0.328s] Level 5:colcon.colcon_core.verb:set package 'ur_bringup' build argument 'ament_cmake_args' from command line to 'None'
[0.328s] Level 5:colcon.colcon_core.verb:set package 'ur_bringup' build argument 'catkin_cmake_args' from command line to 'None'
[0.328s] Level 5:colcon.colcon_core.verb:set package 'ur_bringup' build argument 'catkin_skip_building_tests' from command line to 'False'
[0.328s] DEBUG:colcon.colcon_core.verb:Building package 'ur_bringup' with the following arguments: {'ament_cmake_args': None, 'build_base': '/home/imml/git/research_2025/apple-harvest-eva/build/ur_bringup', 'catkin_cmake_args': None, 'catkin_skip_building_tests': False, 'cmake_args': None, 'cmake_clean_cache': False, 'cmake_clean_first': False, 'cmake_force_configure': False, 'cmake_target': None, 'cmake_target_skip_unavailable': False, 'install_base': '/home/imml/git/research_2025/apple-harvest-eva/install/ur_bringup', 'merge_install': False, 'path': '/home/imml/git/research_2025/apple-harvest-eva/harvest_hardware/Universal_Robots_ROS2_Driver/ur_bringup', 'symlink_install': True, 'test_result_base': None}
[0.329s] Level 5:colcon.colcon_core.verb:set package 'ur_robot_driver' build argument 'cmake_args' from command line to 'None'
[0.329s] Level 5:colcon.colcon_core.verb:set package 'ur_robot_driver' build argument 'cmake_target' from command line to 'None'
[0.329s] Level 5:colcon.colcon_core.verb:set package 'ur_robot_driver' build argument 'cmake_target_skip_unavailable' from command line to 'False'
[0.329s] Level 5:colcon.colcon_core.verb:set package 'ur_robot_driver' build argument 'cmake_clean_cache' from command line to 'False'
[0.329s] Level 5:colcon.colcon_core.verb:set package 'ur_robot_driver' build argument 'cmake_clean_first' from command line to 'False'
[0.329s] Level 5:colcon.colcon_core.verb:set package 'ur_robot_driver' build argument 'cmake_force_configure' from command line to 'False'
[0.329s] Level 5:colcon.colcon_core.verb:set package 'ur_robot_driver' build argument 'ament_cmake_args' from command line to 'None'
[0.329s] Level 5:colcon.colcon_core.verb:set package 'ur_robot_driver' build argument 'catkin_cmake_args' from command line to 'None'
[0.329s] Level 5:colcon.colcon_core.verb:set package 'ur_robot_driver' build argument 'catkin_skip_building_tests' from command line to 'False'
[0.329s] DEBUG:colcon.colcon_core.verb:Building package 'ur_robot_driver' with the following arguments: {'ament_cmake_args': None, 'build_base': '/home/imml/git/research_2025/apple-harvest-eva/build/ur_robot_driver', 'catkin_cmake_args': None, 'catkin_skip_building_tests': False, 'cmake_args': None, 'cmake_clean_cache': False, 'cmake_clean_first': False, 'cmake_force_configure': False, 'cmake_target': None, 'cmake_target_skip_unavailable': False, 'install_base': '/home/imml/git/research_2025/apple-harvest-eva/install/ur_robot_driver', 'merge_install': False, 'path': '/home/imml/git/research_2025/apple-harvest-eva/harvest_hardware/Universal_Robots_ROS2_Driver/ur_robot_driver', 'symlink_install': True, 'test_result_base': None}
[0.329s] Level 5:colcon.colcon_core.verb:set package 'ur_calibration' build argument 'cmake_args' from command line to 'None'
[0.329s] Level 5:colcon.colcon_core.verb:set package 'ur_calibration' build argument 'cmake_target' from command line to 'None'
[0.329s] Level 5:colcon.colcon_core.verb:set package 'ur_calibration' build argument 'cmake_target_skip_unavailable' from command line to 'False'
[0.329s] Level 5:colcon.colcon_core.verb:set package 'ur_calibration' build argument 'cmake_clean_cache' from command line to 'False'
[0.329s] Level 5:colcon.colcon_core.verb:set package 'ur_calibration' build argument 'cmake_clean_first' from command line to 'False'
[0.329s] Level 5:colcon.colcon_core.verb:set package 'ur_calibration' build argument 'cmake_force_configure' from command line to 'False'
[0.329s] Level 5:colcon.colcon_core.verb:set package 'ur_calibration' build argument 'ament_cmake_args' from command line to 'None'
[0.329s] Level 5:colcon.colcon_core.verb:set package 'ur_calibration' build argument 'catkin_cmake_args' from command line to 'None'
[0.329s] Level 5:colcon.colcon_core.verb:set package 'ur_calibration' build argument 'catkin_skip_building_tests' from command line to 'False'
[0.329s] DEBUG:colcon.colcon_core.verb:Building package 'ur_calibration' with the following arguments: {'ament_cmake_args': None, 'build_base': '/home/imml/git/research_2025/apple-harvest-eva/build/ur_calibration', 'catkin_cmake_args': None, 'catkin_skip_building_tests': False, 'cmake_args': None, 'cmake_clean_cache': False, 'cmake_clean_first': False, 'cmake_force_configure': False, 'cmake_target': None, 'cmake_target_skip_unavailable': False, 'install_base': '/home/imml/git/research_2025/apple-harvest-eva/install/ur_calibration', 'merge_install': False, 'path': '/home/imml/git/research_2025/apple-harvest-eva/harvest_hardware/Universal_Robots_ROS2_Driver/ur_calibration', 'symlink_install': True, 'test_result_base': None}
[0.330s] Level 5:colcon.colcon_core.verb:set package 'ur' build argument 'cmake_args' from command line to 'None'
[0.330s] Level 5:colcon.colcon_core.verb:set package 'ur' build argument 'cmake_target' from command line to 'None'
[0.330s] Level 5:colcon.colcon_core.verb:set package 'ur' build argument 'cmake_target_skip_unavailable' from command line to 'False'
[0.330s] Level 5:colcon.colcon_core.verb:set package 'ur' build argument 'cmake_clean_cache' from command line to 'False'
[0.330s] Level 5:colcon.colcon_core.verb:set package 'ur' build argument 'cmake_clean_first' from command line to 'False'
[0.330s] Level 5:colcon.colcon_core.verb:set package 'ur' build argument 'cmake_force_configure' from command line to 'False'
[0.330s] Level 5:colcon.colcon_core.verb:set package 'ur' build argument 'ament_cmake_args' from command line to 'None'
[0.330s] Level 5:colcon.colcon_core.verb:set package 'ur' build argument 'catkin_cmake_args' from command line to 'None'
[0.330s] Level 5:colcon.colcon_core.verb:set package 'ur' build argument 'catkin_skip_building_tests' from command line to 'False'
[0.330s] DEBUG:colcon.colcon_core.verb:Building package 'ur' with the following arguments: {'ament_cmake_args': None, 'build_base': '/home/imml/git/research_2025/apple-harvest-eva/build/ur', 'catkin_cmake_args': None, 'catkin_skip_building_tests': False, 'cmake_args': None, 'cmake_clean_cache': False, 'cmake_clean_first': False, 'cmake_force_configure': False, 'cmake_target': None, 'cmake_target_skip_unavailable': False, 'install_base': '/home/imml/git/research_2025/apple-harvest-eva/install/ur', 'merge_install': False, 'path': '/home/imml/git/research_2025/apple-harvest-eva/harvest_hardware/Universal_Robots_ROS2_Driver/ur', 'symlink_install': True, 'test_result_base': None}
[0.330s] INFO:colcon.colcon_core.executor:Executing jobs using 'parallel' executor
[0.330s] DEBUG:colcon.colcon_parallel_executor.executor.parallel:run_until_complete
[0.331s] INFO:colcon.colcon_ros.task.ament_cmake.build:Building ROS package in '/home/imml/git/research_2025/apple-harvest-eva/harvest_hardware/Universal_Robots_ROS2_Driver/ur_dashboard_msgs' with build type 'ament_cmake'
[0.331s] INFO:colcon.colcon_cmake.task.cmake.build:Building CMake package in '/home/imml/git/research_2025/apple-harvest-eva/harvest_hardware/Universal_Robots_ROS2_Driver/ur_dashboard_msgs'
[0.333s] INFO:colcon.colcon_core.plugin_system:Skipping extension 'colcon_core.shell.bat': Not used on non-Windows systems
[0.333s] INFO:colcon.colcon_core.shell:Skip shell extension 'powershell' for command environment: Not usable outside of PowerShell
[0.333s] DEBUG:colcon.colcon_core.shell:Skip shell extension 'dsv' for command environment
[0.335s] INFO:colcon.colcon_ros.task.ament_cmake.build:Building ROS package in '/home/imml/git/research_2025/apple-harvest-eva/harvest_hardware/Universal_Robots_ROS2_Description' with build type 'ament_cmake'
[0.335s] INFO:colcon.colcon_cmake.task.cmake.build:Building CMake package in '/home/imml/git/research_2025/apple-harvest-eva/harvest_hardware/Universal_Robots_ROS2_Description'
[0.335s] INFO:colcon.colcon_core.shell:Skip shell extension 'powershell' for command environment: Not usable outside of PowerShell
[0.335s] DEBUG:colcon.colcon_core.shell:Skip shell extension 'dsv' for command environment
[0.338s] INFO:colcon.colcon_ros.task.ament_cmake.build:Building ROS package in '/home/imml/git/research_2025/apple-harvest-eva/harvest_interfaces' with build type 'ament_cmake'
[0.338s] INFO:colcon.colcon_cmake.task.cmake.build:Building CMake package in '/home/imml/git/research_2025/apple-harvest-eva/harvest_interfaces'
[0.338s] INFO:colcon.colcon_core.shell:Skip shell extension 'powershell' for command environment: Not usable outside of PowerShell
[0.338s] DEBUG:colcon.colcon_core.shell:Skip shell extension 'dsv' for command environment
[0.340s] INFO:colcon.colcon_ros.task.ament_cmake.build:Building ROS package in '/home/imml/git/research_2025/apple-harvest-eva/harvest_hardware/realsense-ros/realsense2_camera_msgs' with build type 'ament_cmake'
[0.340s] INFO:colcon.colcon_cmake.task.cmake.build:Building CMake package in '/home/imml/git/research_2025/apple-harvest-eva/harvest_hardware/realsense-ros/realsense2_camera_msgs'
[0.341s] INFO:colcon.colcon_core.shell:Skip shell extension 'powershell' for command environment: Not usable outside of PowerShell
[0.341s] DEBUG:colcon.colcon_core.shell:Skip shell extension 'dsv' for command environment
[0.343s] INFO:colcon.colcon_ros.task.ament_python.build:Building ROS package in '/home/imml/git/research_2025/apple-harvest-eva/harvest_hardware/ur5e_custom_hardware' with build type 'ament_python'
[0.343s] Level 1:colcon.colcon_core.shell:create_environment_hook('ur5e_custom_hardware', 'ament_prefix_path')
[0.343s] INFO:colcon.colcon_core.shell:Creating environment hook '/home/imml/git/research_2025/apple-harvest-eva/install/ur5e_custom_hardware/share/ur5e_custom_hardware/hook/ament_prefix_path.ps1'
[0.344s] INFO:colcon.colcon_core.shell:Creating environment descriptor '/home/imml/git/research_2025/apple-harvest-eva/install/ur5e_custom_hardware/share/ur5e_custom_hardware/hook/ament_prefix_path.dsv'
[0.344s] INFO:colcon.colcon_core.shell:Creating environment hook '/home/imml/git/research_2025/apple-harvest-eva/install/ur5e_custom_hardware/share/ur5e_custom_hardware/hook/ament_prefix_path.sh'
[0.344s] INFO:colcon.colcon_core.shell:Skip shell extension 'powershell' for command environment: Not usable outside of PowerShell
[0.344s] DEBUG:colcon.colcon_core.shell:Skip shell extension 'dsv' for command environment
[0.350s] DEBUG:colcon.colcon_core.event_handler.log_command:Invoking command in '/home/imml/git/research_2025/apple-harvest-eva/build/ur_dashboard_msgs': CMAKE_PREFIX_PATH=/opt/ros/humble /usr/bin/cmake --build /home/imml/git/research_2025/apple-harvest-eva/build/ur_dashboard_msgs -- -j16 -l16
[0.352s] DEBUG:colcon.colcon_core.event_handler.log_command:Invoking command in '/home/imml/git/research_2025/apple-harvest-eva/build/ur_description': CMAKE_PREFIX_PATH=/opt/ros/humble /usr/bin/cmake --build /home/imml/git/research_2025/apple-harvest-eva/build/ur_description -- -j16 -l16
[0.354s] DEBUG:colcon.colcon_core.event_handler.log_command:Invoking command in '/home/imml/git/research_2025/apple-harvest-eva/build/harvest_interfaces': CMAKE_PREFIX_PATH=/opt/ros/humble /usr/bin/cmake --build /home/imml/git/research_2025/apple-harvest-eva/build/harvest_interfaces -- -j16 -l16
[0.357s] DEBUG:colcon.colcon_core.event_handler.log_command:Invoking command in '/home/imml/git/research_2025/apple-harvest-eva/build/realsense2_camera_msgs': CMAKE_PREFIX_PATH=/opt/ros/humble /usr/bin/cmake --build /home/imml/git/research_2025/apple-harvest-eva/build/realsense2_camera_msgs -- -j16 -l16
[0.612s] INFO:colcon.colcon_core.task.python.build:Building Python package in '/home/imml/git/research_2025/apple-harvest-eva/harvest_hardware/ur5e_custom_hardware'
[0.612s] INFO:colcon.colcon_core.shell:Skip shell extension 'powershell' for command environment: Not usable outside of PowerShell
[0.612s] DEBUG:colcon.colcon_core.shell:Skip shell extension 'dsv' for command environment
[0.618s] DEBUG:colcon.colcon_core.event_handler.log_command:Invoked command in '/home/imml/git/research_2025/apple-harvest-eva/build/ur_description' returned '0': CMAKE_PREFIX_PATH=/opt/ros/humble /usr/bin/cmake --build /home/imml/git/research_2025/apple-harvest-eva/build/ur_description -- -j16 -l16
[0.627s] DEBUG:colcon.colcon_core.event_handler.log_command:Invoking command in '/home/imml/git/research_2025/apple-harvest-eva/build/ur_description': CMAKE_PREFIX_PATH=/opt/ros/humble /usr/bin/cmake --install /home/imml/git/research_2025/apple-harvest-eva/build/ur_description
[0.666s] Level 1:colcon.colcon_core.environment:create_environment_scripts_only(ur_description)
[0.667s] DEBUG:colcon.colcon_core.event_handler.log_command:Invoked command in '/home/imml/git/research_2025/apple-harvest-eva/build/ur_description' returned '0': CMAKE_PREFIX_PATH=/opt/ros/humble /usr/bin/cmake --install /home/imml/git/research_2025/apple-harvest-eva/build/ur_description
[0.669s] Level 1:colcon.colcon_core.environment:checking '/home/imml/git/research_2025/apple-harvest-eva/install/ur_description' for CMake module files
[0.669s] Level 1:colcon.colcon_core.environment:checking '/home/imml/git/research_2025/apple-harvest-eva/install/ur_description' for CMake config files
[0.671s] Level 1:colcon.colcon_core.shell:create_environment_hook('ur_description', 'cmake_prefix_path')
[0.672s] INFO:colcon.colcon_core.shell:Creating environment hook '/home/imml/git/research_2025/apple-harvest-eva/install/ur_description/share/ur_description/hook/cmake_prefix_path.ps1'
[0.672s] INFO:colcon.colcon_core.shell:Creating environment descriptor '/home/imml/git/research_2025/apple-harvest-eva/install/ur_description/share/ur_description/hook/cmake_prefix_path.dsv'
[0.672s] INFO:colcon.colcon_core.shell:Creating environment hook '/home/imml/git/research_2025/apple-harvest-eva/install/ur_description/share/ur_description/hook/cmake_prefix_path.sh'
[0.673s] Level 1:colcon.colcon_core.environment:checking '/home/imml/git/research_2025/apple-harvest-eva/install/ur_description/bin'
[0.673s] Level 1:colcon.colcon_core.environment:checking '/home/imml/git/research_2025/apple-harvest-eva/install/ur_description/lib/pkgconfig/ur_description.pc'
[0.673s] Level 1:colcon.colcon_core.environment:checking '/home/imml/git/research_2025/apple-harvest-eva/install/ur_description/lib/python3.10/site-packages'
[0.673s] Level 1:colcon.colcon_core.environment:checking '/home/imml/git/research_2025/apple-harvest-eva/install/ur_description/bin'
[0.674s] INFO:colcon.colcon_core.shell:Creating package script '/home/imml/git/research_2025/apple-harvest-eva/install/ur_description/share/ur_description/package.ps1'
[0.674s] INFO:colcon.colcon_core.shell:Creating package descriptor '/home/imml/git/research_2025/apple-harvest-eva/install/ur_description/share/ur_description/package.dsv'
[0.675s] INFO:colcon.colcon_core.shell:Creating package script '/home/imml/git/research_2025/apple-harvest-eva/install/ur_description/share/ur_description/package.sh'
[0.675s] INFO:colcon.colcon_core.shell:Creating package script '/home/imml/git/research_2025/apple-harvest-eva/install/ur_description/share/ur_description/package.bash'
[0.676s] INFO:colcon.colcon_core.shell:Creating package script '/home/imml/git/research_2025/apple-harvest-eva/install/ur_description/share/ur_description/package.zsh'
[0.677s] Level 1:colcon.colcon_core.environment:create_file_with_runtime_dependencies(/home/imml/git/research_2025/apple-harvest-eva/install/ur_description/share/colcon-core/packages/ur_description)
[0.677s] Level 1:colcon.colcon_core.environment:create_environment_scripts_only(ur_description)
[0.678s] Level 1:colcon.colcon_core.environment:checking '/home/imml/git/research_2025/apple-harvest-eva/install/ur_description' for CMake module files
[0.678s] Level 1:colcon.colcon_core.environment:checking '/home/imml/git/research_2025/apple-harvest-eva/install/ur_description' for CMake config files
[0.680s] Level 1:colcon.colcon_core.shell:create_environment_hook('ur_description', 'cmake_prefix_path')
[0.680s] INFO:colcon.colcon_core.shell:Creating environment hook '/home/imml/git/research_2025/apple-harvest-eva/install/ur_description/share/ur_description/hook/cmake_prefix_path.ps1'
[0.681s] INFO:colcon.colcon_core.shell:Creating environment descriptor '/home/imml/git/research_2025/apple-harvest-eva/install/ur_description/share/ur_description/hook/cmake_prefix_path.dsv'
[0.681s] INFO:colcon.colcon_core.shell:Creating environment hook '/home/imml/git/research_2025/apple-harvest-eva/install/ur_description/share/ur_description/hook/cmake_prefix_path.sh'
[0.681s] Level 1:colcon.colcon_core.environment:checking '/home/imml/git/research_2025/apple-harvest-eva/install/ur_description/bin'
[0.681s] Level 1:colcon.colcon_core.environment:checking '/home/imml/git/research_2025/apple-harvest-eva/install/ur_description/lib/pkgconfig/ur_description.pc'
[0.682s] Level 1:colcon.colcon_core.environment:checking '/home/imml/git/research_2025/apple-harvest-eva/install/ur_description/lib/python3.10/site-packages'
[0.682s] Level 1:colcon.colcon_core.environment:checking '/home/imml/git/research_2025/apple-harvest-eva/install/ur_description/bin'
[0.682s] INFO:colcon.colcon_core.shell:Creating package script '/home/imml/git/research_2025/apple-harvest-eva/install/ur_description/share/ur_description/package.ps1'
[0.682s] INFO:colcon.colcon_core.shell:Creating package descriptor '/home/imml/git/research_2025/apple-harvest-eva/install/ur_description/share/ur_description/package.dsv'
[0.683s] INFO:colcon.colcon_core.shell:Creating package script '/home/imml/git/research_2025/apple-harvest-eva/install/ur_description/share/ur_description/package.sh'
[0.683s] INFO:colcon.colcon_core.shell:Creating package script '/home/imml/git/research_2025/apple-harvest-eva/install/ur_description/share/ur_description/package.bash'
[0.683s] INFO:colcon.colcon_core.shell:Creating package script '/home/imml/git/research_2025/apple-harvest-eva/install/ur_description/share/ur_description/package.zsh'
[0.684s] Level 1:colcon.colcon_core.environment:create_file_with_runtime_dependencies(/home/imml/git/research_2025/apple-harvest-eva/install/ur_description/share/colcon-core/packages/ur_description)
[0.684s] INFO:colcon.colcon_ros.task.ament_cmake.build:Building ROS package in '/home/imml/git/research_2025/apple-harvest-eva/harvest_hardware/Universal_Robots_ROS2_Driver/ur_moveit_config' with build type 'ament_cmake'
[0.684s] INFO:colcon.colcon_cmake.task.cmake.build:Building CMake package in '/home/imml/git/research_2025/apple-harvest-eva/harvest_hardware/Universal_Robots_ROS2_Driver/ur_moveit_config'
[0.685s] INFO:colcon.colcon_core.shell:Skip shell extension 'powershell' for command environment: Not usable outside of PowerShell
[0.685s] DEBUG:colcon.colcon_core.shell:Skip shell extension 'dsv' for command environment
[0.695s] DEBUG:colcon.colcon_core.event_handler.log_command:Invoking command in '/home/imml/git/research_2025/apple-harvest-eva/build/ur_moveit_config': AMENT_PREFIX_PATH=/home/imml/git/research_2025/apple-harvest-eva/install/ur_description:${AMENT_PREFIX_PATH} CMAKE_PREFIX_PATH=/home/imml/git/research_2025/apple-harvest-eva/install/ur_description:/opt/ros/humble /usr/bin/cmake --build /home/imml/git/research_2025/apple-harvest-eva/build/ur_moveit_config -- -j16 -l16
[0.715s] DEBUG:colcon.colcon_core.event_handler.log_command:Invoked command in '/home/imml/git/research_2025/apple-harvest-eva/build/ur_dashboard_msgs' returned '0': CMAKE_PREFIX_PATH=/opt/ros/humble /usr/bin/cmake --build /home/imml/git/research_2025/apple-harvest-eva/build/ur_dashboard_msgs -- -j16 -l16
[0.718s] DEBUG:colcon.colcon_core.event_handler.log_command:Invoking command in '/home/imml/git/research_2025/apple-harvest-eva/build/ur_dashboard_msgs': CMAKE_PREFIX_PATH=/opt/ros/humble /usr/bin/cmake --install /home/imml/git/research_2025/apple-harvest-eva/build/ur_dashboard_msgs
[0.730s] DEBUG:colcon.colcon_core.event_handler.log_command:Invoked command in '/home/imml/git/research_2025/apple-harvest-eva/build/harvest_interfaces' returned '0': CMAKE_PREFIX_PATH=/opt/ros/humble /usr/bin/cmake --build /home/imml/git/research_2025/apple-harvest-eva/build/harvest_interfaces -- -j16 -l16
[0.733s] DEBUG:colcon.colcon_core.event_handler.log_command:Invoking command in '/home/imml/git/research_2025/apple-harvest-eva/build/harvest_interfaces': CMAKE_PREFIX_PATH=/opt/ros/humble /usr/bin/cmake --install /home/imml/git/research_2025/apple-harvest-eva/build/harvest_interfaces
[0.740s] DEBUG:colcon.colcon_core.event_handler.log_command:Invoked command in '/home/imml/git/research_2025/apple-harvest-eva/build/realsense2_camera_msgs' returned '0': CMAKE_PREFIX_PATH=/opt/ros/humble /usr/bin/cmake --build /home/imml/git/research_2025/apple-harvest-eva/build/realsense2_camera_msgs -- -j16 -l16
[0.750s] DEBUG:colcon.colcon_core.event_handler.log_command:Invoking command in '/home/imml/git/research_2025/apple-harvest-eva/build/realsense2_camera_msgs': CMAKE_PREFIX_PATH=/opt/ros/humble /usr/bin/cmake --install /home/imml/git/research_2025/apple-harvest-eva/build/realsense2_camera_msgs
[0.828s] Level 1:colcon.colcon_core.environment:create_environment_scripts_only(realsense2_camera_msgs)
[0.828s] DEBUG:colcon.colcon_core.event_handler.log_command:Invoked command in '/home/imml/git/research_2025/apple-harvest-eva/build/realsense2_camera_msgs' returned '0': CMAKE_PREFIX_PATH=/opt/ros/humble /usr/bin/cmake --install /home/imml/git/research_2025/apple-harvest-eva/build/realsense2_camera_msgs
[0.828s] Level 1:colcon.colcon_core.environment:checking '/home/imml/git/research_2025/apple-harvest-eva/install/realsense2_camera_msgs' for CMake module files
[0.829s] Level 1:colcon.colcon_core.environment:checking '/home/imml/git/research_2025/apple-harvest-eva/install/realsense2_camera_msgs' for CMake config files
[0.831s] Level 1:colcon.colcon_core.shell:create_environment_hook('realsense2_camera_msgs', 'cmake_prefix_path')
[0.831s] INFO:colcon.colcon_core.shell:Creating environment hook '/home/imml/git/research_2025/apple-harvest-eva/install/realsense2_camera_msgs/share/realsense2_camera_msgs/hook/cmake_prefix_path.ps1'
[0.832s] INFO:colcon.colcon_core.shell:Creating environment descriptor '/home/imml/git/research_2025/apple-harvest-eva/install/realsense2_camera_msgs/share/realsense2_camera_msgs/hook/cmake_prefix_path.dsv'
[0.832s] INFO:colcon.colcon_core.shell:Creating environment hook '/home/imml/git/research_2025/apple-harvest-eva/install/realsense2_camera_msgs/share/realsense2_camera_msgs/hook/cmake_prefix_path.sh'
[0.833s] Level 1:colcon.colcon_core.environment:checking '/home/imml/git/research_2025/apple-harvest-eva/install/realsense2_camera_msgs/lib'
[0.835s] Level 1:colcon.colcon_core.shell:create_environment_hook('realsense2_camera_msgs', 'ld_library_path_lib')
[0.835s] INFO:colcon.colcon_core.shell:Creating environment hook '/home/imml/git/research_2025/apple-harvest-eva/install/realsense2_camera_msgs/share/realsense2_camera_msgs/hook/ld_library_path_lib.ps1'
[0.837s] INFO:colcon.colcon_core.shell:Creating environment descriptor '/home/imml/git/research_2025/apple-harvest-eva/install/realsense2_camera_msgs/share/realsense2_camera_msgs/hook/ld_library_path_lib.dsv'
[0.838s] INFO:colcon.colcon_core.shell:Creating environment hook '/home/imml/git/research_2025/apple-harvest-eva/install/realsense2_camera_msgs/share/realsense2_camera_msgs/hook/ld_library_path_lib.sh'
[0.838s] Level 1:colcon.colcon_core.environment:checking '/home/imml/git/research_2025/apple-harvest-eva/install/realsense2_camera_msgs/bin'
[0.838s] Level 1:colcon.colcon_core.environment:checking '/home/imml/git/research_2025/apple-harvest-eva/install/realsense2_camera_msgs/lib/pkgconfig/realsense2_camera_msgs.pc'
[0.839s] Level 1:colcon.colcon_core.environment:checking '/home/imml/git/research_2025/apple-harvest-eva/install/realsense2_camera_msgs/lib/python3.10/site-packages'
[0.839s] Level 1:colcon.colcon_core.environment:checking '/home/imml/git/research_2025/apple-harvest-eva/install/realsense2_camera_msgs/bin'
[0.839s] INFO:colcon.colcon_core.shell:Creating package script '/home/imml/git/research_2025/apple-harvest-eva/install/realsense2_camera_msgs/share/realsense2_camera_msgs/package.ps1'
[0.840s] INFO:colcon.colcon_core.shell:Creating package descriptor '/home/imml/git/research_2025/apple-harvest-eva/install/realsense2_camera_msgs/share/realsense2_camera_msgs/package.dsv'
[0.840s] INFO:colcon.colcon_core.shell:Creating package script '/home/imml/git/research_2025/apple-harvest-eva/install/realsense2_camera_msgs/share/realsense2_camera_msgs/package.sh'
[0.840s] INFO:colcon.colcon_core.shell:Creating package script '/home/imml/git/research_2025/apple-harvest-eva/install/realsense2_camera_msgs/share/realsense2_camera_msgs/package.bash'
[0.840s] INFO:colcon.colcon_core.shell:Creating package script '/home/imml/git/research_2025/apple-harvest-eva/install/realsense2_camera_msgs/share/realsense2_camera_msgs/package.zsh'
[0.841s] Level 1:colcon.colcon_core.environment:create_file_with_runtime_dependencies(/home/imml/git/research_2025/apple-harvest-eva/install/realsense2_camera_msgs/share/colcon-core/packages/realsense2_camera_msgs)
[0.841s] Level 1:colcon.colcon_core.environment:create_environment_scripts_only(realsense2_camera_msgs)
[0.841s] Level 1:colcon.colcon_core.environment:checking '/home/imml/git/research_2025/apple-harvest-eva/install/realsense2_camera_msgs' for CMake module files
[0.842s] Level 1:colcon.colcon_core.environment:checking '/home/imml/git/research_2025/apple-harvest-eva/install/realsense2_camera_msgs' for CMake config files
[0.843s] Level 1:colcon.colcon_core.shell:create_environment_hook('realsense2_camera_msgs', 'cmake_prefix_path')
[0.843s] INFO:colcon.colcon_core.shell:Creating environment hook '/home/imml/git/research_2025/apple-harvest-eva/install/realsense2_camera_msgs/share/realsense2_camera_msgs/hook/cmake_prefix_path.ps1'
[0.843s] INFO:colcon.colcon_core.shell:Creating environment descriptor '/home/imml/git/research_2025/apple-harvest-eva/install/realsense2_camera_msgs/share/realsense2_camera_msgs/hook/cmake_prefix_path.dsv'
[0.844s] INFO:colcon.colcon_core.shell:Creating environment hook '/home/imml/git/research_2025/apple-harvest-eva/install/realsense2_camera_msgs/share/realsense2_camera_msgs/hook/cmake_prefix_path.sh'
[0.844s] Level 1:colcon.colcon_core.environment:checking '/home/imml/git/research_2025/apple-harvest-eva/install/realsense2_camera_msgs/lib'
[0.844s] Level 1:colcon.colcon_core.shell:create_environment_hook('realsense2_camera_msgs', 'ld_library_path_lib')
[0.844s] INFO:colcon.colcon_core.shell:Creating environment hook '/home/imml/git/research_2025/apple-harvest-eva/install/realsense2_camera_msgs/share/realsense2_camera_msgs/hook/ld_library_path_lib.ps1'
[0.845s] INFO:colcon.colcon_core.shell:Creating environment descriptor '/home/imml/git/research_2025/apple-harvest-eva/install/realsense2_camera_msgs/share/realsense2_camera_msgs/hook/ld_library_path_lib.dsv'
[0.845s] INFO:colcon.colcon_core.shell:Creating environment hook '/home/imml/git/research_2025/apple-harvest-eva/install/realsense2_camera_msgs/share/realsense2_camera_msgs/hook/ld_library_path_lib.sh'
[0.845s] Level 1:colcon.colcon_core.environment:checking '/home/imml/git/research_2025/apple-harvest-eva/install/realsense2_camera_msgs/bin'
[0.845s] Level 1:colcon.colcon_core.environment:checking '/home/imml/git/research_2025/apple-harvest-eva/install/realsense2_camera_msgs/lib/pkgconfig/realsense2_camera_msgs.pc'
[0.845s] Level 1:colcon.colcon_core.environment:checking '/home/imml/git/research_2025/apple-harvest-eva/install/realsense2_camera_msgs/lib/python3.10/site-packages'
[0.846s] Level 1:colcon.colcon_core.environment:checking '/home/imml/git/research_2025/apple-harvest-eva/install/realsense2_camera_msgs/bin'
[0.846s] INFO:colcon.colcon_core.shell:Creating package script '/home/imml/git/research_2025/apple-harvest-eva/install/realsense2_camera_msgs/share/realsense2_camera_msgs/package.ps1'
[0.846s] INFO:colcon.colcon_core.shell:Creating package descriptor '/home/imml/git/research_2025/apple-harvest-eva/install/realsense2_camera_msgs/share/realsense2_camera_msgs/package.dsv'
[0.847s] INFO:colcon.colcon_core.shell:Creating package script '/home/imml/git/research_2025/apple-harvest-eva/install/realsense2_camera_msgs/share/realsense2_camera_msgs/package.sh'
[0.847s] INFO:colcon.colcon_core.shell:Creating package script '/home/imml/git/research_2025/apple-harvest-eva/install/realsense2_camera_msgs/share/realsense2_camera_msgs/package.bash'
[0.847s] INFO:colcon.colcon_core.shell:Creating package script '/home/imml/git/research_2025/apple-harvest-eva/install/realsense2_camera_msgs/share/realsense2_camera_msgs/package.zsh'
[0.847s] Level 1:colcon.colcon_core.environment:create_file_with_runtime_dependencies(/home/imml/git/research_2025/apple-harvest-eva/install/realsense2_camera_msgs/share/colcon-core/packages/realsense2_camera_msgs)
[0.848s] INFO:colcon.colcon_ros.task.ament_cmake.build:Building ROS package in '/home/imml/git/research_2025/apple-harvest-eva/harvest_hardware/realsense-ros/realsense2_camera' with build type 'ament_cmake'
[0.848s] INFO:colcon.colcon_cmake.task.cmake.build:Building CMake package in '/home/imml/git/research_2025/apple-harvest-eva/harvest_hardware/realsense-ros/realsense2_camera'
[0.848s] INFO:colcon.colcon_core.shell:Skip shell extension 'powershell' for command environment: Not usable outside of PowerShell
[0.848s] DEBUG:colcon.colcon_core.shell:Skip shell extension 'dsv' for command environment
[0.851s] INFO:colcon.colcon_ros.task.ament_cmake.build:Building ROS package in '/home/imml/git/research_2025/apple-harvest-eva/harvest_hardware/realsense-ros/realsense2_description' with build type 'ament_cmake'
[0.851s] INFO:colcon.colcon_cmake.task.cmake.build:Building CMake package in '/home/imml/git/research_2025/apple-harvest-eva/harvest_hardware/realsense-ros/realsense2_description'
[0.851s] INFO:colcon.colcon_core.shell:Skip shell extension 'powershell' for command environment: Not usable outside of PowerShell
[0.851s] DEBUG:colcon.colcon_core.shell:Skip shell extension 'dsv' for command environment
[0.854s] Level 1:colcon.colcon_core.environment:create_environment_scripts_only(ur_dashboard_msgs)
[0.855s] Level 1:colcon.colcon_core.environment:checking '/home/imml/git/research_2025/apple-harvest-eva/install/ur_dashboard_msgs' for CMake module files
[0.855s] DEBUG:colcon.colcon_core.event_handler.log_command:Invoked command in '/home/imml/git/research_2025/apple-harvest-eva/build/ur_dashboard_msgs' returned '0': CMAKE_PREFIX_PATH=/opt/ros/humble /usr/bin/cmake --install /home/imml/git/research_2025/apple-harvest-eva/build/ur_dashboard_msgs
[0.856s] Level 1:colcon.colcon_core.environment:checking '/home/imml/git/research_2025/apple-harvest-eva/install/ur_dashboard_msgs' for CMake config files
[0.858s] Level 1:colcon.colcon_core.shell:create_environment_hook('ur_dashboard_msgs', 'cmake_prefix_path')
[0.858s] INFO:colcon.colcon_core.shell:Creating environment hook '/home/imml/git/research_2025/apple-harvest-eva/install/ur_dashboard_msgs/share/ur_dashboard_msgs/hook/cmake_prefix_path.ps1'
[0.858s] INFO:colcon.colcon_core.shell:Creating environment descriptor '/home/imml/git/research_2025/apple-harvest-eva/install/ur_dashboard_msgs/share/ur_dashboard_msgs/hook/cmake_prefix_path.dsv'
[0.859s] INFO:colcon.colcon_core.shell:Creating environment hook '/home/imml/git/research_2025/apple-harvest-eva/install/ur_dashboard_msgs/share/ur_dashboard_msgs/hook/cmake_prefix_path.sh'
[0.859s] Level 1:colcon.colcon_core.environment:checking '/home/imml/git/research_2025/apple-harvest-eva/install/ur_dashboard_msgs/lib'
[0.859s] Level 1:colcon.colcon_core.shell:create_environment_hook('ur_dashboard_msgs', 'ld_library_path_lib')
[0.859s] INFO:colcon.colcon_core.shell:Creating environment hook '/home/imml/git/research_2025/apple-harvest-eva/install/ur_dashboard_msgs/share/ur_dashboard_msgs/hook/ld_library_path_lib.ps1'
[0.860s] INFO:colcon.colcon_core.shell:Creating environment descriptor '/home/imml/git/research_2025/apple-harvest-eva/install/ur_dashboard_msgs/share/ur_dashboard_msgs/hook/ld_library_path_lib.dsv'
[0.860s] INFO:colcon.colcon_core.shell:Creating environment hook '/home/imml/git/research_2025/apple-harvest-eva/install/ur_dashboard_msgs/share/ur_dashboard_msgs/hook/ld_library_path_lib.sh'
[0.860s] Level 1:colcon.colcon_core.environment:checking '/home/imml/git/research_2025/apple-harvest-eva/install/ur_dashboard_msgs/bin'
[0.860s] Level 1:colcon.colcon_core.environment:checking '/home/imml/git/research_2025/apple-harvest-eva/install/ur_dashboard_msgs/lib/pkgconfig/ur_dashboard_msgs.pc'
[0.860s] Level 1:colcon.colcon_core.environment:checking '/home/imml/git/research_2025/apple-harvest-eva/install/ur_dashboard_msgs/lib/python3.10/site-packages'
[0.861s] Level 1:colcon.colcon_core.environment:checking '/home/imml/git/research_2025/apple-harvest-eva/install/ur_dashboard_msgs/bin'
[0.861s] INFO:colcon.colcon_core.shell:Creating package script '/home/imml/git/research_2025/apple-harvest-eva/install/ur_dashboard_msgs/share/ur_dashboard_msgs/package.ps1'
[0.861s] INFO:colcon.colcon_core.shell:Creating package descriptor '/home/imml/git/research_2025/apple-harvest-eva/install/ur_dashboard_msgs/share/ur_dashboard_msgs/package.dsv'
[0.862s] INFO:colcon.colcon_core.shell:Creating package script '/home/imml/git/research_2025/apple-harvest-eva/install/ur_dashboard_msgs/share/ur_dashboard_msgs/package.sh'
[0.862s] INFO:colcon.colcon_core.shell:Creating package script '/home/imml/git/research_2025/apple-harvest-eva/install/ur_dashboard_msgs/share/ur_dashboard_msgs/package.bash'
[0.862s] INFO:colcon.colcon_core.shell:Creating package script '/home/imml/git/research_2025/apple-harvest-eva/install/ur_dashboard_msgs/share/ur_dashboard_msgs/package.zsh'
[0.862s] Level 1:colcon.colcon_core.environment:create_file_with_runtime_dependencies(/home/imml/git/research_2025/apple-harvest-eva/install/ur_dashboard_msgs/share/colcon-core/packages/ur_dashboard_msgs)
[0.863s] Level 1:colcon.colcon_core.environment:create_environment_scripts_only(ur_dashboard_msgs)
[0.863s] Level 1:colcon.colcon_core.environment:checking '/home/imml/git/research_2025/apple-harvest-eva/install/ur_dashboard_msgs' for CMake module files
[0.863s] Level 1:colcon.colcon_core.environment:checking '/home/imml/git/research_2025/apple-harvest-eva/install/ur_dashboard_msgs' for CMake config files
[0.866s] Level 1:colcon.colcon_core.shell:create_environment_hook('ur_dashboard_msgs', 'cmake_prefix_path')
[0.866s] INFO:colcon.colcon_core.shell:Creating environment hook '/home/imml/git/research_2025/apple-harvest-eva/install/ur_dashboard_msgs/share/ur_dashboard_msgs/hook/cmake_prefix_path.ps1'
[0.866s] INFO:colcon.colcon_core.shell:Creating environment descriptor '/home/imml/git/research_2025/apple-harvest-eva/install/ur_dashboard_msgs/share/ur_dashboard_msgs/hook/cmake_prefix_path.dsv'
[0.867s] INFO:colcon.colcon_core.shell:Creating environment hook '/home/imml/git/research_2025/apple-harvest-eva/install/ur_dashboard_msgs/share/ur_dashboard_msgs/hook/cmake_prefix_path.sh'
[0.867s] Level 1:colcon.colcon_core.environment:checking '/home/imml/git/research_2025/apple-harvest-eva/install/ur_dashboard_msgs/lib'
[0.867s] Level 1:colcon.colcon_core.shell:create_environment_hook('ur_dashboard_msgs', 'ld_library_path_lib')
[0.867s] INFO:colcon.colcon_core.shell:Creating environment hook '/home/imml/git/research_2025/apple-harvest-eva/install/ur_dashboard_msgs/share/ur_dashboard_msgs/hook/ld_library_path_lib.ps1'
[0.868s] INFO:colcon.colcon_core.shell:Creating environment descriptor '/home/imml/git/research_2025/apple-harvest-eva/install/ur_dashboard_msgs/share/ur_dashboard_msgs/hook/ld_library_path_lib.dsv'
[0.868s] INFO:colcon.colcon_core.shell:Creating environment hook '/home/imml/git/research_2025/apple-harvest-eva/install/ur_dashboard_msgs/share/ur_dashboard_msgs/hook/ld_library_path_lib.sh'
[0.868s] Level 1:colcon.colcon_core.environment:checking '/home/imml/git/research_2025/apple-harvest-eva/install/ur_dashboard_msgs/bin'
[0.868s] Level 1:colcon.colcon_core.environment:checking '/home/imml/git/research_2025/apple-harvest-eva/install/ur_dashboard_msgs/lib/pkgconfig/ur_dashboard_msgs.pc'
[0.868s] Level 1:colcon.colcon_core.environment:checking '/home/imml/git/research_2025/apple-harvest-eva/install/ur_dashboard_msgs/lib/python3.10/site-packages'
[0.868s] Level 1:colcon.colcon_core.environment:checking '/home/imml/git/research_2025/apple-harvest-eva/install/ur_dashboard_msgs/bin'
[0.869s] INFO:colcon.colcon_core.shell:Creating package script '/home/imml/git/research_2025/apple-harvest-eva/install/ur_dashboard_msgs/share/ur_dashboard_msgs/package.ps1'
[0.869s] INFO:colcon.colcon_core.shell:Creating package descriptor '/home/imml/git/research_2025/apple-harvest-eva/install/ur_dashboard_msgs/share/ur_dashboard_msgs/package.dsv'
[0.870s] INFO:colcon.colcon_core.shell:Creating package script '/home/imml/git/research_2025/apple-harvest-eva/install/ur_dashboard_msgs/share/ur_dashboard_msgs/package.sh'
[0.870s] INFO:colcon.colcon_core.shell:Creating package script '/home/imml/git/research_2025/apple-harvest-eva/install/ur_dashboard_msgs/share/ur_dashboard_msgs/package.bash'
[0.870s] INFO:colcon.colcon_core.shell:Creating package script '/home/imml/git/research_2025/apple-harvest-eva/install/ur_dashboard_msgs/share/ur_dashboard_msgs/package.zsh'
[0.871s] Level 1:colcon.colcon_core.environment:create_file_with_runtime_dependencies(/home/imml/git/research_2025/apple-harvest-eva/install/ur_dashboard_msgs/share/colcon-core/packages/ur_dashboard_msgs)
[0.871s] INFO:colcon.colcon_ros.task.ament_cmake.build:Building ROS package in '/home/imml/git/research_2025/apple-harvest-eva/harvest_hardware/Universal_Robots_ROS2_Driver/ur_controllers' with build type 'ament_cmake'
[0.871s] INFO:colcon.colcon_cmake.task.cmake.build:Building CMake package in '/home/imml/git/research_2025/apple-harvest-eva/harvest_hardware/Universal_Robots_ROS2_Driver/ur_controllers'
[0.872s] INFO:colcon.colcon_core.shell:Skip shell extension 'powershell' for command environment: Not usable outside of PowerShell
[0.872s] DEBUG:colcon.colcon_core.shell:Skip shell extension 'dsv' for command environment
[0.874s] Level 1:colcon.colcon_core.environment:create_environment_scripts_only(harvest_interfaces)
[0.874s] DEBUG:colcon.colcon_core.event_handler.log_command:Invoked command in '/home/imml/git/research_2025/apple-harvest-eva/build/harvest_interfaces' returned '0': CMAKE_PREFIX_PATH=/opt/ros/humble /usr/bin/cmake --install /home/imml/git/research_2025/apple-harvest-eva/build/harvest_interfaces
[0.875s] Level 1:colcon.colcon_core.environment:checking '/home/imml/git/research_2025/apple-harvest-eva/install/harvest_interfaces' for CMake module files
[0.875s] Level 1:colcon.colcon_core.environment:checking '/home/imml/git/research_2025/apple-harvest-eva/install/harvest_interfaces' for CMake config files
[0.877s] Level 1:colcon.colcon_core.shell:create_environment_hook('harvest_interfaces', 'cmake_prefix_path')
[0.877s] INFO:colcon.colcon_core.shell:Creating environment hook '/home/imml/git/research_2025/apple-harvest-eva/install/harvest_interfaces/share/harvest_interfaces/hook/cmake_prefix_path.ps1'
[0.878s] INFO:colcon.colcon_core.shell:Creating environment descriptor '/home/imml/git/research_2025/apple-harvest-eva/install/harvest_interfaces/share/harvest_interfaces/hook/cmake_prefix_path.dsv'
[0.878s] INFO:colcon.colcon_core.shell:Creating environment hook '/home/imml/git/research_2025/apple-harvest-eva/install/harvest_interfaces/share/harvest_interfaces/hook/cmake_prefix_path.sh'
[0.878s] Level 1:colcon.colcon_core.environment:checking '/home/imml/git/research_2025/apple-harvest-eva/install/harvest_interfaces/lib'
[0.878s] Level 1:colcon.colcon_core.shell:create_environment_hook('harvest_interfaces', 'ld_library_path_lib')
[0.879s] INFO:colcon.colcon_core.shell:Creating environment hook '/home/imml/git/research_2025/apple-harvest-eva/install/harvest_interfaces/share/harvest_interfaces/hook/ld_library_path_lib.ps1'
[0.879s] INFO:colcon.colcon_core.shell:Creating environment descriptor '/home/imml/git/research_2025/apple-harvest-eva/install/harvest_interfaces/share/harvest_interfaces/hook/ld_library_path_lib.dsv'
[0.879s] INFO:colcon.colcon_core.shell:Creating environment hook '/home/imml/git/research_2025/apple-harvest-eva/install/harvest_interfaces/share/harvest_interfaces/hook/ld_library_path_lib.sh'
[0.879s] Level 1:colcon.colcon_core.environment:checking '/home/imml/git/research_2025/apple-harvest-eva/install/harvest_interfaces/bin'
[0.880s] Level 1:colcon.colcon_core.environment:checking '/home/imml/git/research_2025/apple-harvest-eva/install/harvest_interfaces/lib/pkgconfig/harvest_interfaces.pc'
[0.880s] Level 1:colcon.colcon_core.environment:checking '/home/imml/git/research_2025/apple-harvest-eva/install/harvest_interfaces/lib/python3.10/site-packages'
[0.880s] Level 1:colcon.colcon_core.environment:checking '/home/imml/git/research_2025/apple-harvest-eva/install/harvest_interfaces/bin'
[0.880s] INFO:colcon.colcon_core.shell:Creating package script '/home/imml/git/research_2025/apple-harvest-eva/install/harvest_interfaces/share/harvest_interfaces/package.ps1'
[0.880s] INFO:colcon.colcon_core.shell:Creating package descriptor '/home/imml/git/research_2025/apple-harvest-eva/install/harvest_interfaces/share/harvest_interfaces/package.dsv'
[0.881s] INFO:colcon.colcon_core.shell:Creating package script '/home/imml/git/research_2025/apple-harvest-eva/install/harvest_interfaces/share/harvest_interfaces/package.sh'
[0.881s] INFO:colcon.colcon_core.shell:Creating package script '/home/imml/git/research_2025/apple-harvest-eva/install/harvest_interfaces/share/harvest_interfaces/package.bash'
[0.881s] INFO:colcon.colcon_core.shell:Creating package script '/home/imml/git/research_2025/apple-harvest-eva/install/harvest_interfaces/share/harvest_interfaces/package.zsh'
[0.882s] Level 1:colcon.colcon_core.environment:create_file_with_runtime_dependencies(/home/imml/git/research_2025/apple-harvest-eva/install/harvest_interfaces/share/colcon-core/packages/harvest_interfaces)
[0.882s] Level 1:colcon.colcon_core.environment:create_environment_scripts_only(harvest_interfaces)
[0.882s] Level 1:colcon.colcon_core.environment:checking '/home/imml/git/research_2025/apple-harvest-eva/install/harvest_interfaces' for CMake module files
[0.883s] Level 1:colcon.colcon_core.environment:checking '/home/imml/git/research_2025/apple-harvest-eva/install/harvest_interfaces' for CMake config files
[0.885s] Level 1:colcon.colcon_core.shell:create_environment_hook('harvest_interfaces', 'cmake_prefix_path')
[0.885s] INFO:colcon.colcon_core.shell:Creating environment hook '/home/imml/git/research_2025/apple-harvest-eva/install/harvest_interfaces/share/harvest_interfaces/hook/cmake_prefix_path.ps1'
[0.885s] INFO:colcon.colcon_core.shell:Creating environment descriptor '/home/imml/git/research_2025/apple-harvest-eva/install/harvest_interfaces/share/harvest_interfaces/hook/cmake_prefix_path.dsv'
[0.885s] INFO:colcon.colcon_core.shell:Creating environment hook '/home/imml/git/research_2025/apple-harvest-eva/install/harvest_interfaces/share/harvest_interfaces/hook/cmake_prefix_path.sh'
[0.886s] Level 1:colcon.colcon_core.environment:checking '/home/imml/git/research_2025/apple-harvest-eva/install/harvest_interfaces/lib'
[0.886s] Level 1:colcon.colcon_core.shell:create_environment_hook('harvest_interfaces', 'ld_library_path_lib')
[0.886s] INFO:colcon.colcon_core.shell:Creating environment hook '/home/imml/git/research_2025/apple-harvest-eva/install/harvest_interfaces/share/harvest_interfaces/hook/ld_library_path_lib.ps1'
[0.886s] INFO:colcon.colcon_core.shell:Creating environment descriptor '/home/imml/git/research_2025/apple-harvest-eva/install/harvest_interfaces/share/harvest_interfaces/hook/ld_library_path_lib.dsv'
[0.886s] INFO:colcon.colcon_core.shell:Creating environment hook '/home/imml/git/research_2025/apple-harvest-eva/install/harvest_interfaces/share/harvest_interfaces/hook/ld_library_path_lib.sh'
[0.887s] Level 1:colcon.colcon_core.environment:checking '/home/imml/git/research_2025/apple-harvest-eva/install/harvest_interfaces/bin'
[0.887s] Level 1:colcon.colcon_core.environment:checking '/home/imml/git/research_2025/apple-harvest-eva/install/harvest_interfaces/lib/pkgconfig/harvest_interfaces.pc'
[0.887s] Level 1:colcon.colcon_core.environment:checking '/home/imml/git/research_2025/apple-harvest-eva/install/harvest_interfaces/lib/python3.10/site-packages'
[0.887s] Level 1:colcon.colcon_core.environment:checking '/home/imml/git/research_2025/apple-harvest-eva/install/harvest_interfaces/bin'
[0.887s] INFO:colcon.colcon_core.shell:Creating package script '/home/imml/git/research_2025/apple-harvest-eva/install/harvest_interfaces/share/harvest_interfaces/package.ps1'
[0.888s] INFO:colcon.colcon_core.shell:Creating package descriptor '/home/imml/git/research_2025/apple-harvest-eva/install/harvest_interfaces/share/harvest_interfaces/package.dsv'
[0.888s] INFO:colcon.colcon_core.shell:Creating package script '/home/imml/git/research_2025/apple-harvest-eva/install/harvest_interfaces/share/harvest_interfaces/package.sh'
[0.888s] INFO:colcon.colcon_core.shell:Creating package script '/home/imml/git/research_2025/apple-harvest-eva/install/harvest_interfaces/share/harvest_interfaces/package.bash'
[0.889s] INFO:colcon.colcon_core.shell:Creating package script '/home/imml/git/research_2025/apple-harvest-eva/install/harvest_interfaces/share/harvest_interfaces/package.zsh'
[0.889s] Level 1:colcon.colcon_core.environment:create_file_with_runtime_dependencies(/home/imml/git/research_2025/apple-harvest-eva/install/harvest_interfaces/share/colcon-core/packages/harvest_interfaces)
[0.889s] INFO:colcon.colcon_ros.task.ament_cmake.build:Building ROS package in '/home/imml/git/research_2025/apple-harvest-eva/harvest' with build type 'ament_cmake'
[0.889s] INFO:colcon.colcon_cmake.task.cmake.build:Building CMake package in '/home/imml/git/research_2025/apple-harvest-eva/harvest'
[0.890s] INFO:colcon.colcon_core.shell:Skip shell extension 'powershell' for command environment: Not usable outside of PowerShell
[0.890s] DEBUG:colcon.colcon_core.shell:Skip shell extension 'dsv' for command environment
[0.892s] INFO:colcon.colcon_ros.task.ament_cmake.build:Building ROS package in '/home/imml/git/research_2025/apple-harvest-eva/harvest_control' with build type 'ament_cmake'
[0.893s] INFO:colcon.colcon_cmake.task.cmake.build:Building CMake package in '/home/imml/git/research_2025/apple-harvest-eva/harvest_control'
[0.893s] INFO:colcon.colcon_core.shell:Skip shell extension 'powershell' for command environment: Not usable outside of PowerShell
[0.893s] DEBUG:colcon.colcon_core.shell:Skip shell extension 'dsv' for command environment
[0.896s] INFO:colcon.colcon_ros.task.ament_python.build:Building ROS package in '/home/imml/git/research_2025/apple-harvest-eva/harvest_vision' with build type 'ament_python'
[0.896s] Level 1:colcon.colcon_core.shell:create_environment_hook('harvest_vision', 'ament_prefix_path')
[0.896s] INFO:colcon.colcon_core.shell:Creating environment hook '/home/imml/git/research_2025/apple-harvest-eva/install/harvest_vision/share/harvest_vision/hook/ament_prefix_path.ps1'
[0.897s] INFO:colcon.colcon_core.shell:Creating environment descriptor '/home/imml/git/research_2025/apple-harvest-eva/install/harvest_vision/share/harvest_vision/hook/ament_prefix_path.dsv'
[0.897s] INFO:colcon.colcon_core.shell:Creating environment hook '/home/imml/git/research_2025/apple-harvest-eva/install/harvest_vision/share/harvest_vision/hook/ament_prefix_path.sh'
[0.898s] INFO:colcon.colcon_core.shell:Skip shell extension 'powershell' for command environment: Not usable outside of PowerShell
[0.898s] DEBUG:colcon.colcon_core.shell:Skip shell extension 'dsv' for command environment
[0.903s] DEBUG:colcon.colcon_core.event_handler.log_command:Invoking command in '/home/imml/git/research_2025/apple-harvest-eva/build/realsense2_camera': AMENT_PREFIX_PATH=/home/imml/git/research_2025/apple-harvest-eva/install/realsense2_camera_msgs:${AMENT_PREFIX_PATH} CMAKE_PREFIX_PATH=/home/imml/git/research_2025/apple-harvest-eva/install/realsense2_camera_msgs:/opt/ros/humble LD_LIBRARY_PATH=/home/imml/git/research_2025/apple-harvest-eva/install/realsense2_camera_msgs/lib:${LD_LIBRARY_PATH} PYTHONPATH=/home/imml/git/research_2025/apple-harvest-eva/install/realsense2_camera_msgs/local/lib/python3.10/dist-packages:${PYTHONPATH} /usr/bin/cmake --build /home/imml/git/research_2025/apple-harvest-eva/build/realsense2_camera -- -j16 -l16
[0.906s] DEBUG:colcon.colcon_core.event_handler.log_command:Invoking command in '/home/imml/git/research_2025/apple-harvest-eva/build/realsense2_description': AMENT_PREFIX_PATH=/home/imml/git/research_2025/apple-harvest-eva/install/realsense2_camera_msgs:${AMENT_PREFIX_PATH} CMAKE_PREFIX_PATH=/home/imml/git/research_2025/apple-harvest-eva/install/realsense2_camera_msgs:/opt/ros/humble LD_LIBRARY_PATH=/home/imml/git/research_2025/apple-harvest-eva/install/realsense2_camera_msgs/lib:${LD_LIBRARY_PATH} PYTHONPATH=/home/imml/git/research_2025/apple-harvest-eva/install/realsense2_camera_msgs/local/lib/python3.10/dist-packages:${PYTHONPATH} /usr/bin/cmake --build /home/imml/git/research_2025/apple-harvest-eva/build/realsense2_description -- -j16 -l16
[0.908s] DEBUG:colcon.colcon_core.event_handler.log_command:Invoking command in '/home/imml/git/research_2025/apple-harvest-eva/build/ur_controllers': AMENT_PREFIX_PATH=/home/imml/git/research_2025/apple-harvest-eva/install/ur_dashboard_msgs:${AMENT_PREFIX_PATH} CMAKE_PREFIX_PATH=/home/imml/git/research_2025/apple-harvest-eva/install/ur_dashboard_msgs:/opt/ros/humble LD_LIBRARY_PATH=/home/imml/git/research_2025/apple-harvest-eva/install/ur_dashboard_msgs/lib:${LD_LIBRARY_PATH} PYTHONPATH=/home/imml/git/research_2025/apple-harvest-eva/install/ur_dashboard_msgs/local/lib/python3.10/dist-packages:${PYTHONPATH} /usr/bin/cmake --build /home/imml/git/research_2025/apple-harvest-eva/build/ur_controllers -- -j16 -l16
[0.911s] DEBUG:colcon.colcon_core.event_handler.log_command:Invoking command in '/home/imml/git/research_2025/apple-harvest-eva/build/harvest': AMENT_PREFIX_PATH=/home/imml/git/research_2025/apple-harvest-eva/install/harvest_interfaces:${AMENT_PREFIX_PATH} CMAKE_PREFIX_PATH=/home/imml/git/research_2025/apple-harvest-eva/install/harvest_interfaces:/opt/ros/humble LD_LIBRARY_PATH=/home/imml/git/research_2025/apple-harvest-eva/install/harvest_interfaces/lib:${LD_LIBRARY_PATH} PYTHONPATH=/home/imml/git/research_2025/apple-harvest-eva/install/harvest_interfaces/local/lib/python3.10/dist-packages:${PYTHONPATH} /usr/bin/cmake --build /home/imml/git/research_2025/apple-harvest-eva/build/harvest -- -j16 -l16
[0.914s] DEBUG:colcon.colcon_core.event_handler.log_command:Invoking command in '/home/imml/git/research_2025/apple-harvest-eva/build/harvest_control': AMENT_PREFIX_PATH=/home/imml/git/research_2025/apple-harvest-eva/install/harvest_interfaces:${AMENT_PREFIX_PATH} CMAKE_PREFIX_PATH=/home/imml/git/research_2025/apple-harvest-eva/install/harvest_interfaces:/opt/ros/humble LD_LIBRARY_PATH=/home/imml/git/research_2025/apple-harvest-eva/install/harvest_interfaces/lib:${LD_LIBRARY_PATH} PYTHONPATH=/home/imml/git/research_2025/apple-harvest-eva/install/harvest_interfaces/local/lib/python3.10/dist-packages:${PYTHONPATH} /usr/bin/cmake --build /home/imml/git/research_2025/apple-harvest-eva/build/harvest_control -- -j16 -l16
[1.164s] INFO:colcon.colcon_core.task.python.build:Building Python package in '/home/imml/git/research_2025/apple-harvest-eva/harvest_vision'
[1.164s] INFO:colcon.colcon_core.shell:Skip shell extension 'powershell' for command environment: Not usable outside of PowerShell
[1.164s] DEBUG:colcon.colcon_core.shell:Skip shell extension 'dsv' for command environment
[1.171s] DEBUG:colcon.colcon_core.event_handler.log_command:Invoked command in '/home/imml/git/research_2025/apple-harvest-eva/build/realsense2_description' returned '0': AMENT_PREFIX_PATH=/home/imml/git/research_2025/apple-harvest-eva/install/realsense2_camera_msgs:${AMENT_PREFIX_PATH} CMAKE_PREFIX_PATH=/home/imml/git/research_2025/apple-harvest-eva/install/realsense2_camera_msgs:/opt/ros/humble LD_LIBRARY_PATH=/home/imml/git/research_2025/apple-harvest-eva/install/realsense2_camera_msgs/lib:${LD_LIBRARY_PATH} PYTHONPATH=/home/imml/git/research_2025/apple-harvest-eva/install/realsense2_camera_msgs/local/lib/python3.10/dist-packages:${PYTHONPATH} /usr/bin/cmake --build /home/imml/git/research_2025/apple-harvest-eva/build/realsense2_description -- -j16 -l16
[1.173s] DEBUG:colcon.colcon_core.event_handler.log_command:Invoking command in '/home/imml/git/research_2025/apple-harvest-eva/build/realsense2_description': AMENT_PREFIX_PATH=/home/imml/git/research_2025/apple-harvest-eva/install/realsense2_camera_msgs:${AMENT_PREFIX_PATH} CMAKE_PREFIX_PATH=/home/imml/git/research_2025/apple-harvest-eva/install/realsense2_camera_msgs:/opt/ros/humble LD_LIBRARY_PATH=/home/imml/git/research_2025/apple-harvest-eva/install/realsense2_camera_msgs/lib:${LD_LIBRARY_PATH} PYTHONPATH=/home/imml/git/research_2025/apple-harvest-eva/install/realsense2_camera_msgs/local/lib/python3.10/dist-packages:${PYTHONPATH} /usr/bin/cmake --install /home/imml/git/research_2025/apple-harvest-eva/build/realsense2_description
[1.174s] DEBUG:colcon.colcon_core.event_handler.log_command:Invoked command in '/home/imml/git/research_2025/apple-harvest-eva/build/ur_controllers' returned '0': AMENT_PREFIX_PATH=/home/imml/git/research_2025/apple-harvest-eva/install/ur_dashboard_msgs:${AMENT_PREFIX_PATH} CMAKE_PREFIX_PATH=/home/imml/git/research_2025/apple-harvest-eva/install/ur_dashboard_msgs:/opt/ros/humble LD_LIBRARY_PATH=/home/imml/git/research_2025/apple-harvest-eva/install/ur_dashboard_msgs/lib:${LD_LIBRARY_PATH} PYTHONPATH=/home/imml/git/research_2025/apple-harvest-eva/install/ur_dashboard_msgs/local/lib/python3.10/dist-packages:${PYTHONPATH} /usr/bin/cmake --build /home/imml/git/research_2025/apple-harvest-eva/build/ur_controllers -- -j16 -l16
[1.176s] DEBUG:colcon.colcon_core.event_handler.log_command:Invoking command in '/home/imml/git/research_2025/apple-harvest-eva/build/ur_controllers': AMENT_PREFIX_PATH=/home/imml/git/research_2025/apple-harvest-eva/install/ur_dashboard_msgs:${AMENT_PREFIX_PATH} CMAKE_PREFIX_PATH=/home/imml/git/research_2025/apple-harvest-eva/install/ur_dashboard_msgs:/opt/ros/humble LD_LIBRARY_PATH=/home/imml/git/research_2025/apple-harvest-eva/install/ur_dashboard_msgs/lib:${LD_LIBRARY_PATH} PYTHONPATH=/home/imml/git/research_2025/apple-harvest-eva/install/ur_dashboard_msgs/local/lib/python3.10/dist-packages:${PYTHONPATH} /usr/bin/cmake --install /home/imml/git/research_2025/apple-harvest-eva/build/ur_controllers
[1.176s] DEBUG:colcon.colcon_core.event_handler.log_command:Invoked command in '/home/imml/git/research_2025/apple-harvest-eva/build/realsense2_camera' returned '0': AMENT_PREFIX_PATH=/home/imml/git/research_2025/apple-harvest-eva/install/realsense2_camera_msgs:${AMENT_PREFIX_PATH} CMAKE_PREFIX_PATH=/home/imml/git/research_2025/apple-harvest-eva/install/realsense2_camera_msgs:/opt/ros/humble LD_LIBRARY_PATH=/home/imml/git/research_2025/apple-harvest-eva/install/realsense2_camera_msgs/lib:${LD_LIBRARY_PATH} PYTHONPATH=/home/imml/git/research_2025/apple-harvest-eva/install/realsense2_camera_msgs/local/lib/python3.10/dist-packages:${PYTHONPATH} /usr/bin/cmake --build /home/imml/git/research_2025/apple-harvest-eva/build/realsense2_camera -- -j16 -l16
[1.179s] DEBUG:colcon.colcon_core.event_handler.log_command:Invoking command in '/home/imml/git/research_2025/apple-harvest-eva/build/realsense2_camera': AMENT_PREFIX_PATH=/home/imml/git/research_2025/apple-harvest-eva/install/realsense2_camera_msgs:${AMENT_PREFIX_PATH} CMAKE_PREFIX_PATH=/home/imml/git/research_2025/apple-harvest-eva/install/realsense2_camera_msgs:/opt/ros/humble LD_LIBRARY_PATH=/home/imml/git/research_2025/apple-harvest-eva/install/realsense2_camera_msgs/lib:${LD_LIBRARY_PATH} PYTHONPATH=/home/imml/git/research_2025/apple-harvest-eva/install/realsense2_camera_msgs/local/lib/python3.10/dist-packages:${PYTHONPATH} /usr/bin/cmake --install /home/imml/git/research_2025/apple-harvest-eva/build/realsense2_camera
[1.183s] DEBUG:colcon.colcon_core.event_handler.log_command:Invoking command in '/home/imml/git/research_2025/apple-harvest-eva/build/ur5e_custom_hardware': PYTHONPATH=/home/imml/git/research_2025/apple-harvest-eva/build/ur5e_custom_hardware/prefix_override:/usr/lib/python3/dist-packages/colcon_core/task/python/colcon_distutils_commands:/home/imml/git/research_2025/apple-harvest-eva/install/ur5e_custom_hardware/lib/python3.10/site-packages:${PYTHONPATH} /usr/bin/python3 -W ignore:setup.py install is deprecated -W ignore:easy_install command is deprecated setup.py develop --editable --build-directory /home/imml/git/research_2025/apple-harvest-eva/build/ur5e_custom_hardware/build --no-deps symlink_data
[1.183s] DEBUG:colcon.colcon_core.event_handler.log_command:Invoked command in '/home/imml/git/research_2025/apple-harvest-eva/build/ur_moveit_config' returned '0': AMENT_PREFIX_PATH=/home/imml/git/research_2025/apple-harvest-eva/install/ur_description:${AMENT_PREFIX_PATH} CMAKE_PREFIX_PATH=/home/imml/git/research_2025/apple-harvest-eva/install/ur_description:/opt/ros/humble /usr/bin/cmake --build /home/imml/git/research_2025/apple-harvest-eva/build/ur_moveit_config -- -j16 -l16
[1.188s] DEBUG:colcon.colcon_core.event_handler.log_command:Invoking command in '/home/imml/git/research_2025/apple-harvest-eva/build/ur_moveit_config': AMENT_PREFIX_PATH=/home/imml/git/research_2025/apple-harvest-eva/install/ur_description:${AMENT_PREFIX_PATH} CMAKE_PREFIX_PATH=/home/imml/git/research_2025/apple-harvest-eva/install/ur_description:/opt/ros/humble /usr/bin/cmake --install /home/imml/git/research_2025/apple-harvest-eva/build/ur_moveit_config
[1.202s] Level 1:colcon.colcon_core.environment:create_environment_scripts_only(realsense2_description)
[1.203s] Level 1:colcon.colcon_core.environment:checking '/home/imml/git/research_2025/apple-harvest-eva/install/realsense2_description' for CMake module files
[1.207s] Level 1:colcon.colcon_core.environment:checking '/home/imml/git/research_2025/apple-harvest-eva/install/realsense2_description' for CMake config files
[1.207s] DEBUG:colcon.colcon_core.event_handler.log_command:Invoked command in '/home/imml/git/research_2025/apple-harvest-eva/build/realsense2_description' returned '0': AMENT_PREFIX_PATH=/home/imml/git/research_2025/apple-harvest-eva/install/realsense2_camera_msgs:${AMENT_PREFIX_PATH} CMAKE_PREFIX_PATH=/home/imml/git/research_2025/apple-harvest-eva/install/realsense2_camera_msgs:/opt/ros/humble LD_LIBRARY_PATH=/home/imml/git/research_2025/apple-harvest-eva/install/realsense2_camera_msgs/lib:${LD_LIBRARY_PATH} PYTHONPATH=/home/imml/git/research_2025/apple-harvest-eva/install/realsense2_camera_msgs/local/lib/python3.10/dist-packages:${PYTHONPATH} /usr/bin/cmake --install /home/imml/git/research_2025/apple-harvest-eva/build/realsense2_description
[1.210s] Level 1:colcon.colcon_core.shell:create_environment_hook('realsense2_description', 'cmake_prefix_path')
[1.210s] INFO:colcon.colcon_core.shell:Creating environment hook '/home/imml/git/research_2025/apple-harvest-eva/install/realsense2_description/share/realsense2_description/hook/cmake_prefix_path.ps1'
[1.211s] INFO:colcon.colcon_core.shell:Creating environment descriptor '/home/imml/git/research_2025/apple-harvest-eva/install/realsense2_description/share/realsense2_description/hook/cmake_prefix_path.dsv'
[1.211s] INFO:colcon.colcon_core.shell:Creating environment hook '/home/imml/git/research_2025/apple-harvest-eva/install/realsense2_description/share/realsense2_description/hook/cmake_prefix_path.sh'
[1.212s] Level 1:colcon.colcon_core.environment:checking '/home/imml/git/research_2025/apple-harvest-eva/install/realsense2_description/bin'
[1.212s] Level 1:colcon.colcon_core.environment:checking '/home/imml/git/research_2025/apple-harvest-eva/install/realsense2_description/lib/pkgconfig/realsense2_description.pc'
[1.213s] Level 1:colcon.colcon_core.environment:checking '/home/imml/git/research_2025/apple-harvest-eva/install/realsense2_description/lib/python3.10/site-packages'
[1.213s] Level 1:colcon.colcon_core.environment:checking '/home/imml/git/research_2025/apple-harvest-eva/install/realsense2_description/bin'
[1.213s] INFO:colcon.colcon_core.shell:Creating package script '/home/imml/git/research_2025/apple-harvest-eva/install/realsense2_description/share/realsense2_description/package.ps1'
[1.214s] INFO:colcon.colcon_core.shell:Creating package descriptor '/home/imml/git/research_2025/apple-harvest-eva/install/realsense2_description/share/realsense2_description/package.dsv'
[1.214s] INFO:colcon.colcon_core.shell:Creating package script '/home/imml/git/research_2025/apple-harvest-eva/install/realsense2_description/share/realsense2_description/package.sh'
[1.215s] INFO:colcon.colcon_core.shell:Creating package script '/home/imml/git/research_2025/apple-harvest-eva/install/realsense2_description/share/realsense2_description/package.bash'
[1.215s] INFO:colcon.colcon_core.shell:Creating package script '/home/imml/git/research_2025/apple-harvest-eva/install/realsense2_description/share/realsense2_description/package.zsh'
[1.216s] Level 1:colcon.colcon_core.environment:create_file_with_runtime_dependencies(/home/imml/git/research_2025/apple-harvest-eva/install/realsense2_description/share/colcon-core/packages/realsense2_description)
[1.217s] Level 1:colcon.colcon_core.environment:create_environment_scripts_only(realsense2_description)
[1.217s] Level 1:colcon.colcon_core.environment:checking '/home/imml/git/research_2025/apple-harvest-eva/install/realsense2_description' for CMake module files
[1.218s] Level 1:colcon.colcon_core.environment:checking '/home/imml/git/research_2025/apple-harvest-eva/install/realsense2_description' for CMake config files
[1.218s] Level 1:colcon.colcon_core.shell:create_environment_hook('realsense2_description', 'cmake_prefix_path')
[1.218s] INFO:colcon.colcon_core.shell:Creating environment hook '/home/imml/git/research_2025/apple-harvest-eva/install/realsense2_description/share/realsense2_description/hook/cmake_prefix_path.ps1'
[1.219s] INFO:colcon.colcon_core.shell:Creating environment descriptor '/home/imml/git/research_2025/apple-harvest-eva/install/realsense2_description/share/realsense2_description/hook/cmake_prefix_path.dsv'
[1.219s] INFO:colcon.colcon_core.shell:Creating environment hook '/home/imml/git/research_2025/apple-harvest-eva/install/realsense2_description/share/realsense2_description/hook/cmake_prefix_path.sh'
[1.220s] Level 1:colcon.colcon_core.environment:checking '/home/imml/git/research_2025/apple-harvest-eva/install/realsense2_description/bin'
[1.220s] Level 1:colcon.colcon_core.environment:checking '/home/imml/git/research_2025/apple-harvest-eva/install/realsense2_description/lib/pkgconfig/realsense2_description.pc'
[1.220s] Level 1:colcon.colcon_core.environment:checking '/home/imml/git/research_2025/apple-harvest-eva/install/realsense2_description/lib/python3.10/site-packages'
[1.221s] Level 1:colcon.colcon_core.environment:checking '/home/imml/git/research_2025/apple-harvest-eva/install/realsense2_description/bin'
[1.221s] INFO:colcon.colcon_core.shell:Creating package script '/home/imml/git/research_2025/apple-harvest-eva/install/realsense2_description/share/realsense2_description/package.ps1'
[1.222s] INFO:colcon.colcon_core.shell:Creating package descriptor '/home/imml/git/research_2025/apple-harvest-eva/install/realsense2_description/share/realsense2_description/package.dsv'
[1.222s] INFO:colcon.colcon_core.shell:Creating package script '/home/imml/git/research_2025/apple-harvest-eva/install/realsense2_description/share/realsense2_description/package.sh'
[1.223s] INFO:colcon.colcon_core.shell:Creating package script '/home/imml/git/research_2025/apple-harvest-eva/install/realsense2_description/share/realsense2_description/package.bash'
[1.224s] INFO:colcon.colcon_core.shell:Creating package script '/home/imml/git/research_2025/apple-harvest-eva/install/realsense2_description/share/realsense2_description/package.zsh'
[1.224s] Level 1:colcon.colcon_core.environment:create_file_with_runtime_dependencies(/home/imml/git/research_2025/apple-harvest-eva/install/realsense2_description/share/colcon-core/packages/realsense2_description)
[1.225s] Level 1:colcon.colcon_core.environment:create_environment_scripts_only(ur_controllers)
[1.225s] Level 1:colcon.colcon_core.environment:checking '/home/imml/git/research_2025/apple-harvest-eva/install/ur_controllers' for CMake module files
[1.226s] DEBUG:colcon.colcon_core.event_handler.log_command:Invoked command in '/home/imml/git/research_2025/apple-harvest-eva/build/ur_controllers' returned '0': AMENT_PREFIX_PATH=/home/imml/git/research_2025/apple-harvest-eva/install/ur_dashboard_msgs:${AMENT_PREFIX_PATH} CMAKE_PREFIX_PATH=/home/imml/git/research_2025/apple-harvest-eva/install/ur_dashboard_msgs:/opt/ros/humble LD_LIBRARY_PATH=/home/imml/git/research_2025/apple-harvest-eva/install/ur_dashboard_msgs/lib:${LD_LIBRARY_PATH} PYTHONPATH=/home/imml/git/research_2025/apple-harvest-eva/install/ur_dashboard_msgs/local/lib/python3.10/dist-packages:${PYTHONPATH} /usr/bin/cmake --install /home/imml/git/research_2025/apple-harvest-eva/build/ur_controllers
[1.226s] Level 1:colcon.colcon_core.environment:checking '/home/imml/git/research_2025/apple-harvest-eva/install/ur_controllers' for CMake config files
[1.227s] Level 1:colcon.colcon_core.shell:create_environment_hook('ur_controllers', 'cmake_prefix_path')
[1.227s] INFO:colcon.colcon_core.shell:Creating environment hook '/home/imml/git/research_2025/apple-harvest-eva/install/ur_controllers/share/ur_controllers/hook/cmake_prefix_path.ps1'
[1.227s] INFO:colcon.colcon_core.shell:Creating environment descriptor '/home/imml/git/research_2025/apple-harvest-eva/install/ur_controllers/share/ur_controllers/hook/cmake_prefix_path.dsv'
[1.228s] INFO:colcon.colcon_core.shell:Creating environment hook '/home/imml/git/research_2025/apple-harvest-eva/install/ur_controllers/share/ur_controllers/hook/cmake_prefix_path.sh'
[1.228s] Level 1:colcon.colcon_core.environment:checking '/home/imml/git/research_2025/apple-harvest-eva/install/ur_controllers/lib'
[1.228s] Level 1:colcon.colcon_core.shell:create_environment_hook('ur_controllers', 'ld_library_path_lib')
[1.228s] INFO:colcon.colcon_core.shell:Creating environment hook '/home/imml/git/research_2025/apple-harvest-eva/install/ur_controllers/share/ur_controllers/hook/ld_library_path_lib.ps1'
[1.229s] INFO:colcon.colcon_core.shell:Creating environment descriptor '/home/imml/git/research_2025/apple-harvest-eva/install/ur_controllers/share/ur_controllers/hook/ld_library_path_lib.dsv'
[1.229s] INFO:colcon.colcon_core.shell:Creating environment hook '/home/imml/git/research_2025/apple-harvest-eva/install/ur_controllers/share/ur_controllers/hook/ld_library_path_lib.sh'
[1.229s] Level 1:colcon.colcon_core.environment:checking '/home/imml/git/research_2025/apple-harvest-eva/install/ur_controllers/bin'
[1.229s] Level 1:colcon.colcon_core.environment:checking '/home/imml/git/research_2025/apple-harvest-eva/install/ur_controllers/lib/pkgconfig/ur_controllers.pc'
[1.230s] Level 1:colcon.colcon_core.environment:checking '/home/imml/git/research_2025/apple-harvest-eva/install/ur_controllers/lib/python3.10/site-packages'
[1.230s] Level 1:colcon.colcon_core.environment:checking '/home/imml/git/research_2025/apple-harvest-eva/install/ur_controllers/bin'
[1.230s] INFO:colcon.colcon_core.shell:Creating package script '/home/imml/git/research_2025/apple-harvest-eva/install/ur_controllers/share/ur_controllers/package.ps1'
[1.230s] INFO:colcon.colcon_core.shell:Creating package descriptor '/home/imml/git/research_2025/apple-harvest-eva/install/ur_controllers/share/ur_controllers/package.dsv'
[1.231s] INFO:colcon.colcon_core.shell:Creating package script '/home/imml/git/research_2025/apple-harvest-eva/install/ur_controllers/share/ur_controllers/package.sh'
[1.231s] INFO:colcon.colcon_core.shell:Creating package script '/home/imml/git/research_2025/apple-harvest-eva/install/ur_controllers/share/ur_controllers/package.bash'
[1.231s] INFO:colcon.colcon_core.shell:Creating package script '/home/imml/git/research_2025/apple-harvest-eva/install/ur_controllers/share/ur_controllers/package.zsh'
[1.232s] Level 1:colcon.colcon_core.environment:create_file_with_runtime_dependencies(/home/imml/git/research_2025/apple-harvest-eva/install/ur_controllers/share/colcon-core/packages/ur_controllers)
[1.232s] Level 1:colcon.colcon_core.environment:create_environment_scripts_only(ur_controllers)
[1.232s] Level 1:colcon.colcon_core.environment:checking '/home/imml/git/research_2025/apple-harvest-eva/install/ur_controllers' for CMake module files
[1.233s] Level 1:colcon.colcon_core.environment:checking '/home/imml/git/research_2025/apple-harvest-eva/install/ur_controllers' for CMake config files
[1.233s] Level 1:colcon.colcon_core.shell:create_environment_hook('ur_controllers', 'cmake_prefix_path')
[1.234s] INFO:colcon.colcon_core.shell:Creating environment hook '/home/imml/git/research_2025/apple-harvest-eva/install/ur_controllers/share/ur_controllers/hook/cmake_prefix_path.ps1'
[1.234s] INFO:colcon.colcon_core.shell:Creating environment descriptor '/home/imml/git/research_2025/apple-harvest-eva/install/ur_controllers/share/ur_controllers/hook/cmake_prefix_path.dsv'
[1.235s] INFO:colcon.colcon_core.shell:Creating environment hook '/home/imml/git/research_2025/apple-harvest-eva/install/ur_controllers/share/ur_controllers/hook/cmake_prefix_path.sh'
[1.235s] Level 1:colcon.colcon_core.environment:checking '/home/imml/git/research_2025/apple-harvest-eva/install/ur_controllers/lib'
[1.235s] Level 1:colcon.colcon_core.shell:create_environment_hook('ur_controllers', 'ld_library_path_lib')
[1.235s] INFO:colcon.colcon_core.shell:Creating environment hook '/home/imml/git/research_2025/apple-harvest-eva/install/ur_controllers/share/ur_controllers/hook/ld_library_path_lib.ps1'
[1.236s] INFO:colcon.colcon_core.shell:Creating environment descriptor '/home/imml/git/research_2025/apple-harvest-eva/install/ur_controllers/share/ur_controllers/hook/ld_library_path_lib.dsv'
[1.236s] INFO:colcon.colcon_core.shell:Creating environment hook '/home/imml/git/research_2025/apple-harvest-eva/install/ur_controllers/share/ur_controllers/hook/ld_library_path_lib.sh'
[1.237s] Level 1:colcon.colcon_core.environment:checking '/home/imml/git/research_2025/apple-harvest-eva/install/ur_controllers/bin'
[1.237s] Level 1:colcon.colcon_core.environment:checking '/home/imml/git/research_2025/apple-harvest-eva/install/ur_controllers/lib/pkgconfig/ur_controllers.pc'
[1.237s] Level 1:colcon.colcon_core.environment:checking '/home/imml/git/research_2025/apple-harvest-eva/install/ur_controllers/lib/python3.10/site-packages'
[1.237s] Level 1:colcon.colcon_core.environment:checking '/home/imml/git/research_2025/apple-harvest-eva/install/ur_controllers/bin'
[1.238s] INFO:colcon.colcon_core.shell:Creating package script '/home/imml/git/research_2025/apple-harvest-eva/install/ur_controllers/share/ur_controllers/package.ps1'
[1.238s] INFO:colcon.colcon_core.shell:Creating package descriptor '/home/imml/git/research_2025/apple-harvest-eva/install/ur_controllers/share/ur_controllers/package.dsv'
[1.239s] INFO:colcon.colcon_core.shell:Creating package script '/home/imml/git/research_2025/apple-harvest-eva/install/ur_controllers/share/ur_controllers/package.sh'
[1.240s] INFO:colcon.colcon_core.shell:Creating package script '/home/imml/git/research_2025/apple-harvest-eva/install/ur_controllers/share/ur_controllers/package.bash'
[1.240s] INFO:colcon.colcon_core.shell:Creating package script '/home/imml/git/research_2025/apple-harvest-eva/install/ur_controllers/share/ur_controllers/package.zsh'
[1.240s] Level 1:colcon.colcon_core.environment:create_file_with_runtime_dependencies(/home/imml/git/research_2025/apple-harvest-eva/install/ur_controllers/share/colcon-core/packages/ur_controllers)
[1.241s] INFO:colcon.colcon_ros.task.ament_cmake.build:Building ROS package in '/home/imml/git/research_2025/apple-harvest-eva/harvest_hardware/Universal_Robots_ROS2_Driver/ur_robot_driver' with build type 'ament_cmake'
[1.241s] INFO:colcon.colcon_cmake.task.cmake.build:Building CMake package in '/home/imml/git/research_2025/apple-harvest-eva/harvest_hardware/Universal_Robots_ROS2_Driver/ur_robot_driver'
[1.241s] INFO:colcon.colcon_core.shell:Skip shell extension 'powershell' for command environment: Not usable outside of PowerShell
[1.241s] DEBUG:colcon.colcon_core.shell:Skip shell extension 'dsv' for command environment
[1.245s] INFO:colcon.colcon_ros.task.ament_cmake.build:Building ROS package in '/home/imml/git/research_2025/apple-harvest-eva/harvest_hardware/Universal_Robots_ROS2_Driver/ur_bringup' with build type 'ament_cmake'
[1.245s] INFO:colcon.colcon_cmake.task.cmake.build:Building CMake package in '/home/imml/git/research_2025/apple-harvest-eva/harvest_hardware/Universal_Robots_ROS2_Driver/ur_bringup'
[1.246s] INFO:colcon.colcon_core.shell:Skip shell extension 'powershell' for command environment: Not usable outside of PowerShell
[1.246s] DEBUG:colcon.colcon_core.shell:Skip shell extension 'dsv' for command environment
[1.250s] Level 1:colcon.colcon_core.environment:create_environment_scripts_only(realsense2_camera)
[1.250s] DEBUG:colcon.colcon_core.event_handler.log_command:Invoked command in '/home/imml/git/research_2025/apple-harvest-eva/build/realsense2_camera' returned '0': AMENT_PREFIX_PATH=/home/imml/git/research_2025/apple-harvest-eva/install/realsense2_camera_msgs:${AMENT_PREFIX_PATH} CMAKE_PREFIX_PATH=/home/imml/git/research_2025/apple-harvest-eva/install/realsense2_camera_msgs:/opt/ros/humble LD_LIBRARY_PATH=/home/imml/git/research_2025/apple-harvest-eva/install/realsense2_camera_msgs/lib:${LD_LIBRARY_PATH} PYTHONPATH=/home/imml/git/research_2025/apple-harvest-eva/install/realsense2_camera_msgs/local/lib/python3.10/dist-packages:${PYTHONPATH} /usr/bin/cmake --install /home/imml/git/research_2025/apple-harvest-eva/build/realsense2_camera
[1.251s] Level 1:colcon.colcon_core.environment:checking '/home/imml/git/research_2025/apple-harvest-eva/install/realsense2_camera' for CMake module files
[1.252s] Level 1:colcon.colcon_core.environment:checking '/home/imml/git/research_2025/apple-harvest-eva/install/realsense2_camera' for CMake config files
[1.253s] Level 1:colcon.colcon_core.shell:create_environment_hook('realsense2_camera', 'cmake_prefix_path')
[1.253s] INFO:colcon.colcon_core.shell:Creating environment hook '/home/imml/git/research_2025/apple-harvest-eva/install/realsense2_camera/share/realsense2_camera/hook/cmake_prefix_path.ps1'
[1.254s] INFO:colcon.colcon_core.shell:Creating environment descriptor '/home/imml/git/research_2025/apple-harvest-eva/install/realsense2_camera/share/realsense2_camera/hook/cmake_prefix_path.dsv'
[1.255s] INFO:colcon.colcon_core.shell:Creating environment hook '/home/imml/git/research_2025/apple-harvest-eva/install/realsense2_camera/share/realsense2_camera/hook/cmake_prefix_path.sh'
[1.255s] Level 1:colcon.colcon_core.environment:checking '/home/imml/git/research_2025/apple-harvest-eva/install/realsense2_camera/lib'
[1.255s] Level 1:colcon.colcon_core.shell:create_environment_hook('realsense2_camera', 'ld_library_path_lib')
[1.256s] INFO:colcon.colcon_core.shell:Creating environment hook '/home/imml/git/research_2025/apple-harvest-eva/install/realsense2_camera/share/realsense2_camera/hook/ld_library_path_lib.ps1'
[1.256s] INFO:colcon.colcon_core.shell:Creating environment descriptor '/home/imml/git/research_2025/apple-harvest-eva/install/realsense2_camera/share/realsense2_camera/hook/ld_library_path_lib.dsv'
[1.257s] INFO:colcon.colcon_core.shell:Creating environment hook '/home/imml/git/research_2025/apple-harvest-eva/install/realsense2_camera/share/realsense2_camera/hook/ld_library_path_lib.sh'
[1.257s] Level 1:colcon.colcon_core.environment:checking '/home/imml/git/research_2025/apple-harvest-eva/install/realsense2_camera/bin'
[1.257s] Level 1:colcon.colcon_core.environment:checking '/home/imml/git/research_2025/apple-harvest-eva/install/realsense2_camera/lib/pkgconfig/realsense2_camera.pc'
[1.258s] Level 1:colcon.colcon_core.environment:checking '/home/imml/git/research_2025/apple-harvest-eva/install/realsense2_camera/lib/python3.10/site-packages'
[1.258s] Level 1:colcon.colcon_core.environment:checking '/home/imml/git/research_2025/apple-harvest-eva/install/realsense2_camera/bin'
[1.258s] INFO:colcon.colcon_core.shell:Creating package script '/home/imml/git/research_2025/apple-harvest-eva/install/realsense2_camera/share/realsense2_camera/package.ps1'
[1.259s] INFO:colcon.colcon_core.shell:Creating package descriptor '/home/imml/git/research_2025/apple-harvest-eva/install/realsense2_camera/share/realsense2_camera/package.dsv'
[1.259s] INFO:colcon.colcon_core.shell:Creating package script '/home/imml/git/research_2025/apple-harvest-eva/install/realsense2_camera/share/realsense2_camera/package.sh'
[1.260s] INFO:colcon.colcon_core.shell:Creating package script '/home/imml/git/research_2025/apple-harvest-eva/install/realsense2_camera/share/realsense2_camera/package.bash'
[1.260s] INFO:colcon.colcon_core.shell:Creating package script '/home/imml/git/research_2025/apple-harvest-eva/install/realsense2_camera/share/realsense2_camera/package.zsh'
[1.261s] Level 1:colcon.colcon_core.environment:create_file_with_runtime_dependencies(/home/imml/git/research_2025/apple-harvest-eva/install/realsense2_camera/share/colcon-core/packages/realsense2_camera)
[1.261s] Level 1:colcon.colcon_core.environment:create_environment_scripts_only(realsense2_camera)
[1.262s] Level 1:colcon.colcon_core.environment:checking '/home/imml/git/research_2025/apple-harvest-eva/install/realsense2_camera' for CMake module files
[1.262s] Level 1:colcon.colcon_core.environment:checking '/home/imml/git/research_2025/apple-harvest-eva/install/realsense2_camera' for CMake config files
[1.263s] Level 1:colcon.colcon_core.shell:create_environment_hook('realsense2_camera', 'cmake_prefix_path')
[1.263s] INFO:colcon.colcon_core.shell:Creating environment hook '/home/imml/git/research_2025/apple-harvest-eva/install/realsense2_camera/share/realsense2_camera/hook/cmake_prefix_path.ps1'
[1.264s] INFO:colcon.colcon_core.shell:Creating environment descriptor '/home/imml/git/research_2025/apple-harvest-eva/install/realsense2_camera/share/realsense2_camera/hook/cmake_prefix_path.dsv'
[1.264s] INFO:colcon.colcon_core.shell:Creating environment hook '/home/imml/git/research_2025/apple-harvest-eva/install/realsense2_camera/share/realsense2_camera/hook/cmake_prefix_path.sh'
[1.265s] Level 1:colcon.colcon_core.environment:checking '/home/imml/git/research_2025/apple-harvest-eva/install/realsense2_camera/lib'
[1.265s] Level 1:colcon.colcon_core.shell:create_environment_hook('realsense2_camera', 'ld_library_path_lib')
[1.265s] INFO:colcon.colcon_core.shell:Creating environment hook '/home/imml/git/research_2025/apple-harvest-eva/install/realsense2_camera/share/realsense2_camera/hook/ld_library_path_lib.ps1'
[1.265s] INFO:colcon.colcon_core.shell:Creating environment descriptor '/home/imml/git/research_2025/apple-harvest-eva/install/realsense2_camera/share/realsense2_camera/hook/ld_library_path_lib.dsv'
[1.266s] INFO:colcon.colcon_core.shell:Creating environment hook '/home/imml/git/research_2025/apple-harvest-eva/install/realsense2_camera/share/realsense2_camera/hook/ld_library_path_lib.sh'
[1.266s] Level 1:colcon.colcon_core.environment:checking '/home/imml/git/research_2025/apple-harvest-eva/install/realsense2_camera/bin'
[1.266s] Level 1:colcon.colcon_core.environment:checking '/home/imml/git/research_2025/apple-harvest-eva/install/realsense2_camera/lib/pkgconfig/realsense2_camera.pc'
[1.266s] Level 1:colcon.colcon_core.environment:checking '/home/imml/git/research_2025/apple-harvest-eva/install/realsense2_camera/lib/python3.10/site-packages'
[1.266s] Level 1:colcon.colcon_core.environment:checking '/home/imml/git/research_2025/apple-harvest-eva/install/realsense2_camera/bin'
[1.267s] INFO:colcon.colcon_core.shell:Creating package script '/home/imml/git/research_2025/apple-harvest-eva/install/realsense2_camera/share/realsense2_camera/package.ps1'
[1.267s] INFO:colcon.colcon_core.shell:Creating package descriptor '/home/imml/git/research_2025/apple-harvest-eva/install/realsense2_camera/share/realsense2_camera/package.dsv'
[1.267s] INFO:colcon.colcon_core.shell:Creating package script '/home/imml/git/research_2025/apple-harvest-eva/install/realsense2_camera/share/realsense2_camera/package.sh'
[1.268s] INFO:colcon.colcon_core.shell:Creating package script '/home/imml/git/research_2025/apple-harvest-eva/install/realsense2_camera/share/realsense2_camera/package.bash'
[1.268s] INFO:colcon.colcon_core.shell:Creating package script '/home/imml/git/research_2025/apple-harvest-eva/install/realsense2_camera/share/realsense2_camera/package.zsh'
[1.268s] Level 1:colcon.colcon_core.environment:create_file_with_runtime_dependencies(/home/imml/git/research_2025/apple-harvest-eva/install/realsense2_camera/share/colcon-core/packages/realsense2_camera)
[1.270s] DEBUG:colcon.colcon_core.event_handler.log_command:Invoked command in '/home/imml/git/research_2025/apple-harvest-eva/build/harvest' returned '0': AMENT_PREFIX_PATH=/home/imml/git/research_2025/apple-harvest-eva/install/harvest_interfaces:${AMENT_PREFIX_PATH} CMAKE_PREFIX_PATH=/home/imml/git/research_2025/apple-harvest-eva/install/harvest_interfaces:/opt/ros/humble LD_LIBRARY_PATH=/home/imml/git/research_2025/apple-harvest-eva/install/harvest_interfaces/lib:${LD_LIBRARY_PATH} PYTHONPATH=/home/imml/git/research_2025/apple-harvest-eva/install/harvest_interfaces/local/lib/python3.10/dist-packages:${PYTHONPATH} /usr/bin/cmake --build /home/imml/git/research_2025/apple-harvest-eva/build/harvest -- -j16 -l16
[1.272s] DEBUG:colcon.colcon_core.event_handler.log_command:Invoking command in '/home/imml/git/research_2025/apple-harvest-eva/build/harvest': AMENT_PREFIX_PATH=/home/imml/git/research_2025/apple-harvest-eva/install/harvest_interfaces:${AMENT_PREFIX_PATH} CMAKE_PREFIX_PATH=/home/imml/git/research_2025/apple-harvest-eva/install/harvest_interfaces:/opt/ros/humble LD_LIBRARY_PATH=/home/imml/git/research_2025/apple-harvest-eva/install/harvest_interfaces/lib:${LD_LIBRARY_PATH} PYTHONPATH=/home/imml/git/research_2025/apple-harvest-eva/install/harvest_interfaces/local/lib/python3.10/dist-packages:${PYTHONPATH} /usr/bin/cmake --install /home/imml/git/research_2025/apple-harvest-eva/build/harvest
[1.273s] DEBUG:colcon.colcon_core.event_handler.log_command:Invoked command in '/home/imml/git/research_2025/apple-harvest-eva/build/harvest_control' returned '0': AMENT_PREFIX_PATH=/home/imml/git/research_2025/apple-harvest-eva/install/harvest_interfaces:${AMENT_PREFIX_PATH} CMAKE_PREFIX_PATH=/home/imml/git/research_2025/apple-harvest-eva/install/harvest_interfaces:/opt/ros/humble LD_LIBRARY_PATH=/home/imml/git/research_2025/apple-harvest-eva/install/harvest_interfaces/lib:${LD_LIBRARY_PATH} PYTHONPATH=/home/imml/git/research_2025/apple-harvest-eva/install/harvest_interfaces/local/lib/python3.10/dist-packages:${PYTHONPATH} /usr/bin/cmake --build /home/imml/git/research_2025/apple-harvest-eva/build/harvest_control -- -j16 -l16
[1.274s] DEBUG:colcon.colcon_core.event_handler.log_command:Invoking command in '/home/imml/git/research_2025/apple-harvest-eva/build/harvest_control': AMENT_PREFIX_PATH=/home/imml/git/research_2025/apple-harvest-eva/install/harvest_interfaces:${AMENT_PREFIX_PATH} CMAKE_PREFIX_PATH=/home/imml/git/research_2025/apple-harvest-eva/install/harvest_interfaces:/opt/ros/humble LD_LIBRARY_PATH=/home/imml/git/research_2025/apple-harvest-eva/install/harvest_interfaces/lib:${LD_LIBRARY_PATH} PYTHONPATH=/home/imml/git/research_2025/apple-harvest-eva/install/harvest_interfaces/local/lib/python3.10/dist-packages:${PYTHONPATH} /usr/bin/cmake --install /home/imml/git/research_2025/apple-harvest-eva/build/harvest_control
[1.277s] DEBUG:colcon.colcon_core.event_handler.log_command:Invoking command in '/home/imml/git/research_2025/apple-harvest-eva/build/ur_robot_driver': AMENT_PREFIX_PATH=/home/imml/git/research_2025/apple-harvest-eva/install/ur_controllers:/home/imml/git/research_2025/apple-harvest-eva/install/ur_description:/home/imml/git/research_2025/apple-harvest-eva/install/ur_dashboard_msgs:${AMENT_PREFIX_PATH} CMAKE_PREFIX_PATH=/home/imml/git/research_2025/apple-harvest-eva/install/ur_controllers:/home/imml/git/research_2025/apple-harvest-eva/install/ur_description:/home/imml/git/research_2025/apple-harvest-eva/install/ur_dashboard_msgs:/opt/ros/humble LD_LIBRARY_PATH=/home/imml/git/research_2025/apple-harvest-eva/install/ur_controllers/lib:/home/imml/git/research_2025/apple-harvest-eva/install/ur_dashboard_msgs/lib:${LD_LIBRARY_PATH} PYTHONPATH=/home/imml/git/research_2025/apple-harvest-eva/install/ur_dashboard_msgs/local/lib/python3.10/dist-packages:${PYTHONPATH} /usr/bin/cmake --build /home/imml/git/research_2025/apple-harvest-eva/build/ur_robot_driver -- -j16 -l16
[1.280s] Level 1:colcon.colcon_core.environment:create_environment_scripts_only(ur_moveit_config)
[1.281s] Level 1:colcon.colcon_core.environment:checking '/home/imml/git/research_2025/apple-harvest-eva/install/ur_moveit_config' for CMake module files
[1.281s] DEBUG:colcon.colcon_core.event_handler.log_command:Invoking command in '/home/imml/git/research_2025/apple-harvest-eva/build/ur_bringup': AMENT_PREFIX_PATH=/home/imml/git/research_2025/apple-harvest-eva/install/ur_controllers:/home/imml/git/research_2025/apple-harvest-eva/install/ur_description:/home/imml/git/research_2025/apple-harvest-eva/install/ur_dashboard_msgs:${AMENT_PREFIX_PATH} CMAKE_PREFIX_PATH=/home/imml/git/research_2025/apple-harvest-eva/install/ur_controllers:/home/imml/git/research_2025/apple-harvest-eva/install/ur_description:/home/imml/git/research_2025/apple-harvest-eva/install/ur_dashboard_msgs:/opt/ros/humble LD_LIBRARY_PATH=/home/imml/git/research_2025/apple-harvest-eva/install/ur_controllers/lib:/home/imml/git/research_2025/apple-harvest-eva/install/ur_dashboard_msgs/lib:${LD_LIBRARY_PATH} PYTHONPATH=/home/imml/git/research_2025/apple-harvest-eva/install/ur_dashboard_msgs/local/lib/python3.10/dist-packages:${PYTHONPATH} /usr/bin/cmake --build /home/imml/git/research_2025/apple-harvest-eva/build/ur_bringup -- -j16 -l16
[1.282s] DEBUG:colcon.colcon_core.event_handler.log_command:Invoked command in '/home/imml/git/research_2025/apple-harvest-eva/build/ur_moveit_config' returned '0': AMENT_PREFIX_PATH=/home/imml/git/research_2025/apple-harvest-eva/install/ur_description:${AMENT_PREFIX_PATH} CMAKE_PREFIX_PATH=/home/imml/git/research_2025/apple-harvest-eva/install/ur_description:/opt/ros/humble /usr/bin/cmake --install /home/imml/git/research_2025/apple-harvest-eva/build/ur_moveit_config
[1.288s] Level 1:colcon.colcon_core.environment:checking '/home/imml/git/research_2025/apple-harvest-eva/install/ur_moveit_config' for CMake config files
[1.290s] Level 1:colcon.colcon_core.shell:create_environment_hook('ur_moveit_config', 'cmake_prefix_path')
[1.291s] INFO:colcon.colcon_core.shell:Creating environment hook '/home/imml/git/research_2025/apple-harvest-eva/install/ur_moveit_config/share/ur_moveit_config/hook/cmake_prefix_path.ps1'
[1.291s] INFO:colcon.colcon_core.shell:Creating environment descriptor '/home/imml/git/research_2025/apple-harvest-eva/install/ur_moveit_config/share/ur_moveit_config/hook/cmake_prefix_path.dsv'
[1.292s] INFO:colcon.colcon_core.shell:Creating environment hook '/home/imml/git/research_2025/apple-harvest-eva/install/ur_moveit_config/share/ur_moveit_config/hook/cmake_prefix_path.sh'
[1.293s] Level 1:colcon.colcon_core.environment:checking '/home/imml/git/research_2025/apple-harvest-eva/install/ur_moveit_config/bin'
[1.293s] Level 1:colcon.colcon_core.environment:checking '/home/imml/git/research_2025/apple-harvest-eva/install/ur_moveit_config/lib/pkgconfig/ur_moveit_config.pc'
[1.293s] Level 1:colcon.colcon_core.environment:checking '/home/imml/git/research_2025/apple-harvest-eva/install/ur_moveit_config/lib/python3.10/site-packages'
[1.293s] Level 1:colcon.colcon_core.environment:checking '/home/imml/git/research_2025/apple-harvest-eva/install/ur_moveit_config/bin'
[1.294s] INFO:colcon.colcon_core.shell:Creating package script '/home/imml/git/research_2025/apple-harvest-eva/install/ur_moveit_config/share/ur_moveit_config/package.ps1'
[1.294s] INFO:colcon.colcon_core.shell:Creating package descriptor '/home/imml/git/research_2025/apple-harvest-eva/install/ur_moveit_config/share/ur_moveit_config/package.dsv'
[1.295s] INFO:colcon.colcon_core.shell:Creating package script '/home/imml/git/research_2025/apple-harvest-eva/install/ur_moveit_config/share/ur_moveit_config/package.sh'
[1.296s] INFO:colcon.colcon_core.shell:Creating package script '/home/imml/git/research_2025/apple-harvest-eva/install/ur_moveit_config/share/ur_moveit_config/package.bash'
[1.296s] INFO:colcon.colcon_core.shell:Creating package script '/home/imml/git/research_2025/apple-harvest-eva/install/ur_moveit_config/share/ur_moveit_config/package.zsh'
[1.297s] Level 1:colcon.colcon_core.environment:create_file_with_runtime_dependencies(/home/imml/git/research_2025/apple-harvest-eva/install/ur_moveit_config/share/colcon-core/packages/ur_moveit_config)
[1.297s] Level 1:colcon.colcon_core.environment:create_environment_scripts_only(ur_moveit_config)
[1.298s] Level 1:colcon.colcon_core.environment:checking '/home/imml/git/research_2025/apple-harvest-eva/install/ur_moveit_config' for CMake module files
[1.298s] Level 1:colcon.colcon_core.environment:checking '/home/imml/git/research_2025/apple-harvest-eva/install/ur_moveit_config' for CMake config files
[1.300s] Level 1:colcon.colcon_core.shell:create_environment_hook('ur_moveit_config', 'cmake_prefix_path')
[1.300s] INFO:colcon.colcon_core.shell:Creating environment hook '/home/imml/git/research_2025/apple-harvest-eva/install/ur_moveit_config/share/ur_moveit_config/hook/cmake_prefix_path.ps1'
[1.300s] INFO:colcon.colcon_core.shell:Creating environment descriptor '/home/imml/git/research_2025/apple-harvest-eva/install/ur_moveit_config/share/ur_moveit_config/hook/cmake_prefix_path.dsv'
[1.300s] INFO:colcon.colcon_core.shell:Creating environment hook '/home/imml/git/research_2025/apple-harvest-eva/install/ur_moveit_config/share/ur_moveit_config/hook/cmake_prefix_path.sh'
[1.301s] Level 1:colcon.colcon_core.environment:checking '/home/imml/git/research_2025/apple-harvest-eva/install/ur_moveit_config/bin'
[1.301s] Level 1:colcon.colcon_core.environment:checking '/home/imml/git/research_2025/apple-harvest-eva/install/ur_moveit_config/lib/pkgconfig/ur_moveit_config.pc'
[1.301s] Level 1:colcon.colcon_core.environment:checking '/home/imml/git/research_2025/apple-harvest-eva/install/ur_moveit_config/lib/python3.10/site-packages'
[1.301s] Level 1:colcon.colcon_core.environment:checking '/home/imml/git/research_2025/apple-harvest-eva/install/ur_moveit_config/bin'
[1.302s] INFO:colcon.colcon_core.shell:Creating package script '/home/imml/git/research_2025/apple-harvest-eva/install/ur_moveit_config/share/ur_moveit_config/package.ps1'
[1.302s] INFO:colcon.colcon_core.shell:Creating package descriptor '/home/imml/git/research_2025/apple-harvest-eva/install/ur_moveit_config/share/ur_moveit_config/package.dsv'
[1.303s] INFO:colcon.colcon_core.shell:Creating package script '/home/imml/git/research_2025/apple-harvest-eva/install/ur_moveit_config/share/ur_moveit_config/package.sh'
[1.303s] INFO:colcon.colcon_core.shell:Creating package script '/home/imml/git/research_2025/apple-harvest-eva/install/ur_moveit_config/share/ur_moveit_config/package.bash'
[1.303s] INFO:colcon.colcon_core.shell:Creating package script '/home/imml/git/research_2025/apple-harvest-eva/install/ur_moveit_config/share/ur_moveit_config/package.zsh'
[1.304s] Level 1:colcon.colcon_core.environment:create_file_with_runtime_dependencies(/home/imml/git/research_2025/apple-harvest-eva/install/ur_moveit_config/share/colcon-core/packages/ur_moveit_config)
[1.320s] DEBUG:colcon.colcon_core.event_handler.log_command:Invoked command in '/home/imml/git/research_2025/apple-harvest-eva/build/ur_bringup' returned '0': AMENT_PREFIX_PATH=/home/imml/git/research_2025/apple-harvest-eva/install/ur_controllers:/home/imml/git/research_2025/apple-harvest-eva/install/ur_description:/home/imml/git/research_2025/apple-harvest-eva/install/ur_dashboard_msgs:${AMENT_PREFIX_PATH} CMAKE_PREFIX_PATH=/home/imml/git/research_2025/apple-harvest-eva/install/ur_controllers:/home/imml/git/research_2025/apple-harvest-eva/install/ur_description:/home/imml/git/research_2025/apple-harvest-eva/install/ur_dashboard_msgs:/opt/ros/humble LD_LIBRARY_PATH=/home/imml/git/research_2025/apple-harvest-eva/install/ur_controllers/lib:/home/imml/git/research_2025/apple-harvest-eva/install/ur_dashboard_msgs/lib:${LD_LIBRARY_PATH} PYTHONPATH=/home/imml/git/research_2025/apple-harvest-eva/install/ur_dashboard_msgs/local/lib/python3.10/dist-packages:${PYTHONPATH} /usr/bin/cmake --build /home/imml/git/research_2025/apple-harvest-eva/build/ur_bringup -- -j16 -l16
[1.323s] DEBUG:colcon.colcon_core.event_handler.log_command:Invoking command in '/home/imml/git/research_2025/apple-harvest-eva/build/ur_bringup': AMENT_PREFIX_PATH=/home/imml/git/research_2025/apple-harvest-eva/install/ur_controllers:/home/imml/git/research_2025/apple-harvest-eva/install/ur_description:/home/imml/git/research_2025/apple-harvest-eva/install/ur_dashboard_msgs:${AMENT_PREFIX_PATH} CMAKE_PREFIX_PATH=/home/imml/git/research_2025/apple-harvest-eva/install/ur_controllers:/home/imml/git/research_2025/apple-harvest-eva/install/ur_description:/home/imml/git/research_2025/apple-harvest-eva/install/ur_dashboard_msgs:/opt/ros/humble LD_LIBRARY_PATH=/home/imml/git/research_2025/apple-harvest-eva/install/ur_controllers/lib:/home/imml/git/research_2025/apple-harvest-eva/install/ur_dashboard_msgs/lib:${LD_LIBRARY_PATH} PYTHONPATH=/home/imml/git/research_2025/apple-harvest-eva/install/ur_dashboard_msgs/local/lib/python3.10/dist-packages:${PYTHONPATH} /usr/bin/cmake --install /home/imml/git/research_2025/apple-harvest-eva/build/ur_bringup
[1.337s] Level 1:colcon.colcon_core.environment:create_environment_scripts_only(harvest)
[1.338s] Level 1:colcon.colcon_core.environment:checking '/home/imml/git/research_2025/apple-harvest-eva/install/harvest' for CMake module files
[1.339s] DEBUG:colcon.colcon_core.event_handler.log_command:Invoked command in '/home/imml/git/research_2025/apple-harvest-eva/build/harvest' returned '0': AMENT_PREFIX_PATH=/home/imml/git/research_2025/apple-harvest-eva/install/harvest_interfaces:${AMENT_PREFIX_PATH} CMAKE_PREFIX_PATH=/home/imml/git/research_2025/apple-harvest-eva/install/harvest_interfaces:/opt/ros/humble LD_LIBRARY_PATH=/home/imml/git/research_2025/apple-harvest-eva/install/harvest_interfaces/lib:${LD_LIBRARY_PATH} PYTHONPATH=/home/imml/git/research_2025/apple-harvest-eva/install/harvest_interfaces/local/lib/python3.10/dist-packages:${PYTHONPATH} /usr/bin/cmake --install /home/imml/git/research_2025/apple-harvest-eva/build/harvest
[1.340s] Level 1:colcon.colcon_core.environment:checking '/home/imml/git/research_2025/apple-harvest-eva/install/harvest' for CMake config files
[1.341s] Level 1:colcon.colcon_core.shell:create_environment_hook('harvest', 'cmake_prefix_path')
[1.341s] INFO:colcon.colcon_core.shell:Creating environment hook '/home/imml/git/research_2025/apple-harvest-eva/install/harvest/share/harvest/hook/cmake_prefix_path.ps1'
[1.341s] INFO:colcon.colcon_core.shell:Creating environment descriptor '/home/imml/git/research_2025/apple-harvest-eva/install/harvest/share/harvest/hook/cmake_prefix_path.dsv'
[1.342s] INFO:colcon.colcon_core.shell:Creating environment hook '/home/imml/git/research_2025/apple-harvest-eva/install/harvest/share/harvest/hook/cmake_prefix_path.sh'
[1.342s] Level 1:colcon.colcon_core.environment:checking '/home/imml/git/research_2025/apple-harvest-eva/install/harvest/lib'
[1.342s] Level 1:colcon.colcon_core.environment:checking '/home/imml/git/research_2025/apple-harvest-eva/install/harvest/bin'
[1.342s] Level 1:colcon.colcon_core.environment:checking '/home/imml/git/research_2025/apple-harvest-eva/install/harvest/lib/pkgconfig/harvest.pc'
[1.342s] Level 1:colcon.colcon_core.environment:checking '/home/imml/git/research_2025/apple-harvest-eva/install/harvest/lib/python3.10/site-packages'
[1.343s] Level 1:colcon.colcon_core.environment:checking '/home/imml/git/research_2025/apple-harvest-eva/install/harvest/bin'
[1.343s] INFO:colcon.colcon_core.shell:Creating package script '/home/imml/git/research_2025/apple-harvest-eva/install/harvest/share/harvest/package.ps1'
[1.343s] INFO:colcon.colcon_core.shell:Creating package descriptor '/home/imml/git/research_2025/apple-harvest-eva/install/harvest/share/harvest/package.dsv'
[1.344s] INFO:colcon.colcon_core.shell:Creating package script '/home/imml/git/research_2025/apple-harvest-eva/install/harvest/share/harvest/package.sh'
[1.344s] INFO:colcon.colcon_core.shell:Creating package script '/home/imml/git/research_2025/apple-harvest-eva/install/harvest/share/harvest/package.bash'
[1.344s] INFO:colcon.colcon_core.shell:Creating package script '/home/imml/git/research_2025/apple-harvest-eva/install/harvest/share/harvest/package.zsh'
[1.345s] Level 1:colcon.colcon_core.environment:create_file_with_runtime_dependencies(/home/imml/git/research_2025/apple-harvest-eva/install/harvest/share/colcon-core/packages/harvest)
[1.346s] Level 1:colcon.colcon_core.environment:create_environment_scripts_only(harvest)
[1.346s] Level 1:colcon.colcon_core.environment:checking '/home/imml/git/research_2025/apple-harvest-eva/install/harvest' for CMake module files
[1.346s] Level 1:colcon.colcon_core.environment:checking '/home/imml/git/research_2025/apple-harvest-eva/install/harvest' for CMake config files
[1.347s] Level 1:colcon.colcon_core.shell:create_environment_hook('harvest', 'cmake_prefix_path')
[1.347s] INFO:colcon.colcon_core.shell:Creating environment hook '/home/imml/git/research_2025/apple-harvest-eva/install/harvest/share/harvest/hook/cmake_prefix_path.ps1'
[1.347s] INFO:colcon.colcon_core.shell:Creating environment descriptor '/home/imml/git/research_2025/apple-harvest-eva/install/harvest/share/harvest/hook/cmake_prefix_path.dsv'
[1.348s] INFO:colcon.colcon_core.shell:Creating environment hook '/home/imml/git/research_2025/apple-harvest-eva/install/harvest/share/harvest/hook/cmake_prefix_path.sh'
[1.349s] Level 1:colcon.colcon_core.environment:checking '/home/imml/git/research_2025/apple-harvest-eva/install/harvest/lib'
[1.349s] Level 1:colcon.colcon_core.environment:checking '/home/imml/git/research_2025/apple-harvest-eva/install/harvest/bin'
[1.349s] Level 1:colcon.colcon_core.environment:checking '/home/imml/git/research_2025/apple-harvest-eva/install/harvest/lib/pkgconfig/harvest.pc'
[1.349s] Level 1:colcon.colcon_core.environment:checking '/home/imml/git/research_2025/apple-harvest-eva/install/harvest/lib/python3.10/site-packages'
[1.349s] Level 1:colcon.colcon_core.environment:checking '/home/imml/git/research_2025/apple-harvest-eva/install/harvest/bin'
[1.350s] INFO:colcon.colcon_core.shell:Creating package script '/home/imml/git/research_2025/apple-harvest-eva/install/harvest/share/harvest/package.ps1'
[1.350s] INFO:colcon.colcon_core.shell:Creating package descriptor '/home/imml/git/research_2025/apple-harvest-eva/install/harvest/share/harvest/package.dsv'
[1.352s] INFO:colcon.colcon_core.shell:Creating package script '/home/imml/git/research_2025/apple-harvest-eva/install/harvest/share/harvest/package.sh'
[1.352s] INFO:colcon.colcon_core.shell:Creating package script '/home/imml/git/research_2025/apple-harvest-eva/install/harvest/share/harvest/package.bash'
[1.353s] INFO:colcon.colcon_core.shell:Creating package script '/home/imml/git/research_2025/apple-harvest-eva/install/harvest/share/harvest/package.zsh'
[1.353s] Level 1:colcon.colcon_core.environment:create_file_with_runtime_dependencies(/home/imml/git/research_2025/apple-harvest-eva/install/harvest/share/colcon-core/packages/harvest)
[1.355s] Level 1:colcon.colcon_core.environment:create_environment_scripts_only(harvest_control)
[1.355s] DEBUG:colcon.colcon_core.event_handler.log_command:Invoked command in '/home/imml/git/research_2025/apple-harvest-eva/build/harvest_control' returned '0': AMENT_PREFIX_PATH=/home/imml/git/research_2025/apple-harvest-eva/install/harvest_interfaces:${AMENT_PREFIX_PATH} CMAKE_PREFIX_PATH=/home/imml/git/research_2025/apple-harvest-eva/install/harvest_interfaces:/opt/ros/humble LD_LIBRARY_PATH=/home/imml/git/research_2025/apple-harvest-eva/install/harvest_interfaces/lib:${LD_LIBRARY_PATH} PYTHONPATH=/home/imml/git/research_2025/apple-harvest-eva/install/harvest_interfaces/local/lib/python3.10/dist-packages:${PYTHONPATH} /usr/bin/cmake --install /home/imml/git/research_2025/apple-harvest-eva/build/harvest_control
[1.356s] Level 1:colcon.colcon_core.environment:checking '/home/imml/git/research_2025/apple-harvest-eva/install/harvest_control' for CMake module files
[1.356s] Level 1:colcon.colcon_core.environment:checking '/home/imml/git/research_2025/apple-harvest-eva/install/harvest_control' for CMake config files
[1.357s] Level 1:colcon.colcon_core.shell:create_environment_hook('harvest_control', 'cmake_prefix_path')
[1.357s] INFO:colcon.colcon_core.shell:Creating environment hook '/home/imml/git/research_2025/apple-harvest-eva/install/harvest_control/share/harvest_control/hook/cmake_prefix_path.ps1'
[1.358s] INFO:colcon.colcon_core.shell:Creating environment descriptor '/home/imml/git/research_2025/apple-harvest-eva/install/harvest_control/share/harvest_control/hook/cmake_prefix_path.dsv'
[1.358s] INFO:colcon.colcon_core.shell:Creating environment hook '/home/imml/git/research_2025/apple-harvest-eva/install/harvest_control/share/harvest_control/hook/cmake_prefix_path.sh'
[1.358s] Level 1:colcon.colcon_core.environment:checking '/home/imml/git/research_2025/apple-harvest-eva/install/harvest_control/lib'
[1.359s] Level 1:colcon.colcon_core.environment:checking '/home/imml/git/research_2025/apple-harvest-eva/install/harvest_control/bin'
[1.359s] Level 1:colcon.colcon_core.environment:checking '/home/imml/git/research_2025/apple-harvest-eva/install/harvest_control/lib/pkgconfig/harvest_control.pc'
[1.359s] Level 1:colcon.colcon_core.environment:checking '/home/imml/git/research_2025/apple-harvest-eva/install/harvest_control/lib/python3.10/site-packages'
[1.359s] Level 1:colcon.colcon_core.environment:checking '/home/imml/git/research_2025/apple-harvest-eva/install/harvest_control/bin'
[1.359s] INFO:colcon.colcon_core.shell:Creating package script '/home/imml/git/research_2025/apple-harvest-eva/install/harvest_control/share/harvest_control/package.ps1'
[1.359s] INFO:colcon.colcon_core.shell:Creating package descriptor '/home/imml/git/research_2025/apple-harvest-eva/install/harvest_control/share/harvest_control/package.dsv'
[1.360s] INFO:colcon.colcon_core.shell:Creating package script '/home/imml/git/research_2025/apple-harvest-eva/install/harvest_control/share/harvest_control/package.sh'
[1.360s] INFO:colcon.colcon_core.shell:Creating package script '/home/imml/git/research_2025/apple-harvest-eva/install/harvest_control/share/harvest_control/package.bash'
[1.360s] INFO:colcon.colcon_core.shell:Creating package script '/home/imml/git/research_2025/apple-harvest-eva/install/harvest_control/share/harvest_control/package.zsh'
[1.361s] Level 1:colcon.colcon_core.environment:create_file_with_runtime_dependencies(/home/imml/git/research_2025/apple-harvest-eva/install/harvest_control/share/colcon-core/packages/harvest_control)
[1.361s] Level 1:colcon.colcon_core.environment:create_environment_scripts_only(harvest_control)
[1.361s] Level 1:colcon.colcon_core.environment:checking '/home/imml/git/research_2025/apple-harvest-eva/install/harvest_control' for CMake module files
[1.362s] Level 1:colcon.colcon_core.environment:checking '/home/imml/git/research_2025/apple-harvest-eva/install/harvest_control' for CMake config files
[1.362s] Level 1:colcon.colcon_core.shell:create_environment_hook('harvest_control', 'cmake_prefix_path')
[1.363s] INFO:colcon.colcon_core.shell:Creating environment hook '/home/imml/git/research_2025/apple-harvest-eva/install/harvest_control/share/harvest_control/hook/cmake_prefix_path.ps1'
[1.363s] INFO:colcon.colcon_core.shell:Creating environment descriptor '/home/imml/git/research_2025/apple-harvest-eva/install/harvest_control/share/harvest_control/hook/cmake_prefix_path.dsv'
[1.363s] INFO:colcon.colcon_core.shell:Creating environment hook '/home/imml/git/research_2025/apple-harvest-eva/install/harvest_control/share/harvest_control/hook/cmake_prefix_path.sh'
[1.364s] Level 1:colcon.colcon_core.environment:checking '/home/imml/git/research_2025/apple-harvest-eva/install/harvest_control/lib'
[1.364s] Level 1:colcon.colcon_core.environment:checking '/home/imml/git/research_2025/apple-harvest-eva/install/harvest_control/bin'
[1.364s] Level 1:colcon.colcon_core.environment:checking '/home/imml/git/research_2025/apple-harvest-eva/install/harvest_control/lib/pkgconfig/harvest_control.pc'
[1.364s] Level 1:colcon.colcon_core.environment:checking '/home/imml/git/research_2025/apple-harvest-eva/install/harvest_control/lib/python3.10/site-packages'
[1.364s] Level 1:colcon.colcon_core.environment:checking '/home/imml/git/research_2025/apple-harvest-eva/install/harvest_control/bin'
[1.365s] INFO:colcon.colcon_core.shell:Creating package script '/home/imml/git/research_2025/apple-harvest-eva/install/harvest_control/share/harvest_control/package.ps1'
[1.365s] INFO:colcon.colcon_core.shell:Creating package descriptor '/home/imml/git/research_2025/apple-harvest-eva/install/harvest_control/share/harvest_control/package.dsv'
[1.365s] INFO:colcon.colcon_core.shell:Creating package script '/home/imml/git/research_2025/apple-harvest-eva/install/harvest_control/share/harvest_control/package.sh'
[1.366s] INFO:colcon.colcon_core.shell:Creating package script '/home/imml/git/research_2025/apple-harvest-eva/install/harvest_control/share/harvest_control/package.bash'
[1.366s] INFO:colcon.colcon_core.shell:Creating package script '/home/imml/git/research_2025/apple-harvest-eva/install/harvest_control/share/harvest_control/package.zsh'
[1.367s] Level 1:colcon.colcon_core.environment:create_file_with_runtime_dependencies(/home/imml/git/research_2025/apple-harvest-eva/install/harvest_control/share/colcon-core/packages/harvest_control)
[1.367s] Level 1:colcon.colcon_core.environment:create_environment_scripts_only(ur_bringup)
[1.367s] Level 1:colcon.colcon_core.environment:checking '/home/imml/git/research_2025/apple-harvest-eva/install/ur_bringup' for CMake module files
[1.368s] DEBUG:colcon.colcon_core.event_handler.log_command:Invoked command in '/home/imml/git/research_2025/apple-harvest-eva/build/ur_bringup' returned '0': AMENT_PREFIX_PATH=/home/imml/git/research_2025/apple-harvest-eva/install/ur_controllers:/home/imml/git/research_2025/apple-harvest-eva/install/ur_description:/home/imml/git/research_2025/apple-harvest-eva/install/ur_dashboard_msgs:${AMENT_PREFIX_PATH} CMAKE_PREFIX_PATH=/home/imml/git/research_2025/apple-harvest-eva/install/ur_controllers:/home/imml/git/research_2025/apple-harvest-eva/install/ur_description:/home/imml/git/research_2025/apple-harvest-eva/install/ur_dashboard_msgs:/opt/ros/humble LD_LIBRARY_PATH=/home/imml/git/research_2025/apple-harvest-eva/install/ur_controllers/lib:/home/imml/git/research_2025/apple-harvest-eva/install/ur_dashboard_msgs/lib:${LD_LIBRARY_PATH} PYTHONPATH=/home/imml/git/research_2025/apple-harvest-eva/install/ur_dashboard_msgs/local/lib/python3.10/dist-packages:${PYTHONPATH} /usr/bin/cmake --install /home/imml/git/research_2025/apple-harvest-eva/build/ur_bringup
[1.368s] Level 1:colcon.colcon_core.environment:checking '/home/imml/git/research_2025/apple-harvest-eva/install/ur_bringup' for CMake config files
[1.369s] Level 1:colcon.colcon_core.shell:create_environment_hook('ur_bringup', 'cmake_prefix_path')
[1.369s] INFO:colcon.colcon_core.shell:Creating environment hook '/home/imml/git/research_2025/apple-harvest-eva/install/ur_bringup/share/ur_bringup/hook/cmake_prefix_path.ps1'
[1.369s] INFO:colcon.colcon_core.shell:Creating environment descriptor '/home/imml/git/research_2025/apple-harvest-eva/install/ur_bringup/share/ur_bringup/hook/cmake_prefix_path.dsv'
[1.369s] INFO:colcon.colcon_core.shell:Creating environment hook '/home/imml/git/research_2025/apple-harvest-eva/install/ur_bringup/share/ur_bringup/hook/cmake_prefix_path.sh'
[1.370s] Level 1:colcon.colcon_core.environment:checking '/home/imml/git/research_2025/apple-harvest-eva/install/ur_bringup/lib'
[1.370s] Level 1:colcon.colcon_core.environment:checking '/home/imml/git/research_2025/apple-harvest-eva/install/ur_bringup/bin'
[1.370s] Level 1:colcon.colcon_core.environment:checking '/home/imml/git/research_2025/apple-harvest-eva/install/ur_bringup/lib/pkgconfig/ur_bringup.pc'
[1.370s] Level 1:colcon.colcon_core.environment:checking '/home/imml/git/research_2025/apple-harvest-eva/install/ur_bringup/lib/python3.10/site-packages'
[1.370s] Level 1:colcon.colcon_core.environment:checking '/home/imml/git/research_2025/apple-harvest-eva/install/ur_bringup/bin'
[1.371s] INFO:colcon.colcon_core.shell:Creating package script '/home/imml/git/research_2025/apple-harvest-eva/install/ur_bringup/share/ur_bringup/package.ps1'
[1.371s] INFO:colcon.colcon_core.shell:Creating package descriptor '/home/imml/git/research_2025/apple-harvest-eva/install/ur_bringup/share/ur_bringup/package.dsv'
[1.371s] INFO:colcon.colcon_core.shell:Creating package script '/home/imml/git/research_2025/apple-harvest-eva/install/ur_bringup/share/ur_bringup/package.sh'
[1.371s] INFO:colcon.colcon_core.shell:Creating package script '/home/imml/git/research_2025/apple-harvest-eva/install/ur_bringup/share/ur_bringup/package.bash'
[1.372s] INFO:colcon.colcon_core.shell:Creating package script '/home/imml/git/research_2025/apple-harvest-eva/install/ur_bringup/share/ur_bringup/package.zsh'
[1.372s] Level 1:colcon.colcon_core.environment:create_file_with_runtime_dependencies(/home/imml/git/research_2025/apple-harvest-eva/install/ur_bringup/share/colcon-core/packages/ur_bringup)
[1.372s] Level 1:colcon.colcon_core.environment:create_environment_scripts_only(ur_bringup)
[1.373s] Level 1:colcon.colcon_core.environment:checking '/home/imml/git/research_2025/apple-harvest-eva/install/ur_bringup' for CMake module files
[1.373s] Level 1:colcon.colcon_core.environment:checking '/home/imml/git/research_2025/apple-harvest-eva/install/ur_bringup' for CMake config files
[1.373s] Level 1:colcon.colcon_core.shell:create_environment_hook('ur_bringup', 'cmake_prefix_path')
[1.374s] INFO:colcon.colcon_core.shell:Creating environment hook '/home/imml/git/research_2025/apple-harvest-eva/install/ur_bringup/share/ur_bringup/hook/cmake_prefix_path.ps1'
[1.374s] INFO:colcon.colcon_core.shell:Creating environment descriptor '/home/imml/git/research_2025/apple-harvest-eva/install/ur_bringup/share/ur_bringup/hook/cmake_prefix_path.dsv'
[1.374s] INFO:colcon.colcon_core.shell:Creating environment hook '/home/imml/git/research_2025/apple-harvest-eva/install/ur_bringup/share/ur_bringup/hook/cmake_prefix_path.sh'
[1.375s] Level 1:colcon.colcon_core.environment:checking '/home/imml/git/research_2025/apple-harvest-eva/install/ur_bringup/lib'
[1.375s] Level 1:colcon.colcon_core.environment:checking '/home/imml/git/research_2025/apple-harvest-eva/install/ur_bringup/bin'
[1.375s] Level 1:colcon.colcon_core.environment:checking '/home/imml/git/research_2025/apple-harvest-eva/install/ur_bringup/lib/pkgconfig/ur_bringup.pc'
[1.375s] Level 1:colcon.colcon_core.environment:checking '/home/imml/git/research_2025/apple-harvest-eva/install/ur_bringup/lib/python3.10/site-packages'
[1.375s] Level 1:colcon.colcon_core.environment:checking '/home/imml/git/research_2025/apple-harvest-eva/install/ur_bringup/bin'
[1.375s] INFO:colcon.colcon_core.shell:Creating package script '/home/imml/git/research_2025/apple-harvest-eva/install/ur_bringup/share/ur_bringup/package.ps1'
[1.376s] INFO:colcon.colcon_core.shell:Creating package descriptor '/home/imml/git/research_2025/apple-harvest-eva/install/ur_bringup/share/ur_bringup/package.dsv'
[1.376s] INFO:colcon.colcon_core.shell:Creating package script '/home/imml/git/research_2025/apple-harvest-eva/install/ur_bringup/share/ur_bringup/package.sh'
[1.377s] INFO:colcon.colcon_core.shell:Creating package script '/home/imml/git/research_2025/apple-harvest-eva/install/ur_bringup/share/ur_bringup/package.bash'
[1.377s] INFO:colcon.colcon_core.shell:Creating package script '/home/imml/git/research_2025/apple-harvest-eva/install/ur_bringup/share/ur_bringup/package.zsh'
[1.377s] Level 1:colcon.colcon_core.environment:create_file_with_runtime_dependencies(/home/imml/git/research_2025/apple-harvest-eva/install/ur_bringup/share/colcon-core/packages/ur_bringup)
[1.540s] DEBUG:colcon.colcon_core.event_handler.log_command:Invoking command in '/home/imml/git/research_2025/apple-harvest-eva/build/harvest_vision': AMENT_PREFIX_PATH=/home/imml/git/research_2025/apple-harvest-eva/install/harvest_interfaces:${AMENT_PREFIX_PATH} CMAKE_PREFIX_PATH=/home/imml/git/research_2025/apple-harvest-eva/install/harvest_interfaces LD_LIBRARY_PATH=/home/imml/git/research_2025/apple-harvest-eva/install/harvest_interfaces/lib:${LD_LIBRARY_PATH} PYTHONPATH=/home/imml/git/research_2025/apple-harvest-eva/build/harvest_vision/prefix_override:/usr/lib/python3/dist-packages/colcon_core/task/python/colcon_distutils_commands:/home/imml/git/research_2025/apple-harvest-eva/install/harvest_vision/lib/python3.10/site-packages:/home/imml/git/research_2025/apple-harvest-eva/install/harvest_interfaces/local/lib/python3.10/dist-packages:${PYTHONPATH} /usr/bin/python3 -W ignore:setup.py install is deprecated -W ignore:easy_install command is deprecated setup.py develop --editable --build-directory /home/imml/git/research_2025/apple-harvest-eva/build/harvest_vision/build --no-deps symlink_data
[1.618s] DEBUG:colcon.colcon_core.event_handler.log_command:Invoked command in '/home/imml/git/research_2025/apple-harvest-eva/build/ur_robot_driver' returned '0': AMENT_PREFIX_PATH=/home/imml/git/research_2025/apple-harvest-eva/install/ur_controllers:/home/imml/git/research_2025/apple-harvest-eva/install/ur_description:/home/imml/git/research_2025/apple-harvest-eva/install/ur_dashboard_msgs:${AMENT_PREFIX_PATH} CMAKE_PREFIX_PATH=/home/imml/git/research_2025/apple-harvest-eva/install/ur_controllers:/home/imml/git/research_2025/apple-harvest-eva/install/ur_description:/home/imml/git/research_2025/apple-harvest-eva/install/ur_dashboard_msgs:/opt/ros/humble LD_LIBRARY_PATH=/home/imml/git/research_2025/apple-harvest-eva/install/ur_controllers/lib:/home/imml/git/research_2025/apple-harvest-eva/install/ur_dashboard_msgs/lib:${LD_LIBRARY_PATH} PYTHONPATH=/home/imml/git/research_2025/apple-harvest-eva/install/ur_dashboard_msgs/local/lib/python3.10/dist-packages:${PYTHONPATH} /usr/bin/cmake --build /home/imml/git/research_2025/apple-harvest-eva/build/ur_robot_driver -- -j16 -l16
[1.620s] DEBUG:colcon.colcon_core.event_handler.log_command:Invoking command in '/home/imml/git/research_2025/apple-harvest-eva/build/ur_robot_driver': AMENT_PREFIX_PATH=/home/imml/git/research_2025/apple-harvest-eva/install/ur_controllers:/home/imml/git/research_2025/apple-harvest-eva/install/ur_description:/home/imml/git/research_2025/apple-harvest-eva/install/ur_dashboard_msgs:${AMENT_PREFIX_PATH} CMAKE_PREFIX_PATH=/home/imml/git/research_2025/apple-harvest-eva/install/ur_controllers:/home/imml/git/research_2025/apple-harvest-eva/install/ur_description:/home/imml/git/research_2025/apple-harvest-eva/install/ur_dashboard_msgs:/opt/ros/humble LD_LIBRARY_PATH=/home/imml/git/research_2025/apple-harvest-eva/install/ur_controllers/lib:/home/imml/git/research_2025/apple-harvest-eva/install/ur_dashboard_msgs/lib:${LD_LIBRARY_PATH} PYTHONPATH=/home/imml/git/research_2025/apple-harvest-eva/install/ur_dashboard_msgs/local/lib/python3.10/dist-packages:${PYTHONPATH} /usr/bin/cmake --install /home/imml/git/research_2025/apple-harvest-eva/build/ur_robot_driver
[1.664s] Level 1:colcon.colcon_core.shell:create_environment_hook('ur5e_custom_hardware', 'pythonpath_develop')
[1.665s] INFO:colcon.colcon_core.shell:Creating environment hook '/home/imml/git/research_2025/apple-harvest-eva/build/ur5e_custom_hardware/share/ur5e_custom_hardware/hook/pythonpath_develop.ps1'
[1.665s] DEBUG:colcon.colcon_core.event_handler.log_command:Invoked command in '/home/imml/git/research_2025/apple-harvest-eva/build/ur5e_custom_hardware' returned '0': PYTHONPATH=/home/imml/git/research_2025/apple-harvest-eva/build/ur5e_custom_hardware/prefix_override:/usr/lib/python3/dist-packages/colcon_core/task/python/colcon_distutils_commands:/home/imml/git/research_2025/apple-harvest-eva/install/ur5e_custom_hardware/lib/python3.10/site-packages:${PYTHONPATH} /usr/bin/python3 -W ignore:setup.py install is deprecated -W ignore:easy_install command is deprecated setup.py develop --editable --build-directory /home/imml/git/research_2025/apple-harvest-eva/build/ur5e_custom_hardware/build --no-deps symlink_data
[1.666s] INFO:colcon.colcon_core.shell:Creating environment descriptor '/home/imml/git/research_2025/apple-harvest-eva/build/ur5e_custom_hardware/share/ur5e_custom_hardware/hook/pythonpath_develop.dsv'
[1.666s] INFO:colcon.colcon_core.shell:Creating environment hook '/home/imml/git/research_2025/apple-harvest-eva/build/ur5e_custom_hardware/share/ur5e_custom_hardware/hook/pythonpath_develop.sh'
[1.667s] Level 1:colcon.colcon_core.environment:checking '/home/imml/git/research_2025/apple-harvest-eva/install/ur5e_custom_hardware' for CMake module files
[1.667s] Level 1:colcon.colcon_core.environment:checking '/home/imml/git/research_2025/apple-harvest-eva/install/ur5e_custom_hardware' for CMake config files
[1.668s] Level 1:colcon.colcon_core.environment:checking '/home/imml/git/research_2025/apple-harvest-eva/install/ur5e_custom_hardware/lib'
[1.668s] Level 1:colcon.colcon_core.environment:checking '/home/imml/git/research_2025/apple-harvest-eva/install/ur5e_custom_hardware/bin'
[1.668s] Level 1:colcon.colcon_core.environment:checking '/home/imml/git/research_2025/apple-harvest-eva/install/ur5e_custom_hardware/lib/pkgconfig/ur5e_custom_hardware.pc'
[1.668s] Level 1:colcon.colcon_core.environment:checking '/home/imml/git/research_2025/apple-harvest-eva/install/ur5e_custom_hardware/lib/python3.10/site-packages'
[1.668s] Level 1:colcon.colcon_core.shell:create_environment_hook('ur5e_custom_hardware', 'pythonpath')
[1.668s] INFO:colcon.colcon_core.shell:Creating environment hook '/home/imml/git/research_2025/apple-harvest-eva/install/ur5e_custom_hardware/share/ur5e_custom_hardware/hook/pythonpath.ps1'
[1.668s] INFO:colcon.colcon_core.shell:Creating environment descriptor '/home/imml/git/research_2025/apple-harvest-eva/install/ur5e_custom_hardware/share/ur5e_custom_hardware/hook/pythonpath.dsv'
[1.669s] INFO:colcon.colcon_core.shell:Creating environment hook '/home/imml/git/research_2025/apple-harvest-eva/install/ur5e_custom_hardware/share/ur5e_custom_hardware/hook/pythonpath.sh'
[1.669s] Level 1:colcon.colcon_core.environment:checking '/home/imml/git/research_2025/apple-harvest-eva/install/ur5e_custom_hardware/bin'
[1.669s] Level 1:colcon.colcon_core.environment:create_environment_scripts_only(ur5e_custom_hardware)
[1.670s] INFO:colcon.colcon_core.shell:Creating package script '/home/imml/git/research_2025/apple-harvest-eva/install/ur5e_custom_hardware/share/ur5e_custom_hardware/package.ps1'
[1.670s] INFO:colcon.colcon_core.shell:Creating package descriptor '/home/imml/git/research_2025/apple-harvest-eva/install/ur5e_custom_hardware/share/ur5e_custom_hardware/package.dsv'
[1.670s] INFO:colcon.colcon_core.shell:Creating package script '/home/imml/git/research_2025/apple-harvest-eva/install/ur5e_custom_hardware/share/ur5e_custom_hardware/package.sh'
[1.671s] INFO:colcon.colcon_core.shell:Creating package script '/home/imml/git/research_2025/apple-harvest-eva/install/ur5e_custom_hardware/share/ur5e_custom_hardware/package.bash'
[1.671s] INFO:colcon.colcon_core.shell:Creating package script '/home/imml/git/research_2025/apple-harvest-eva/install/ur5e_custom_hardware/share/ur5e_custom_hardware/package.zsh'
[1.671s] Level 1:colcon.colcon_core.environment:create_file_with_runtime_dependencies(/home/imml/git/research_2025/apple-harvest-eva/install/ur5e_custom_hardware/share/colcon-core/packages/ur5e_custom_hardware)
[1.683s] Level 1:colcon.colcon_core.environment:create_environment_scripts_only(ur_robot_driver)
[1.684s] Level 1:colcon.colcon_core.environment:checking '/home/imml/git/research_2025/apple-harvest-eva/install/ur_robot_driver' for CMake module files
[1.684s] DEBUG:colcon.colcon_core.event_handler.log_command:Invoked command in '/home/imml/git/research_2025/apple-harvest-eva/build/ur_robot_driver' returned '0': AMENT_PREFIX_PATH=/home/imml/git/research_2025/apple-harvest-eva/install/ur_controllers:/home/imml/git/research_2025/apple-harvest-eva/install/ur_description:/home/imml/git/research_2025/apple-harvest-eva/install/ur_dashboard_msgs:${AMENT_PREFIX_PATH} CMAKE_PREFIX_PATH=/home/imml/git/research_2025/apple-harvest-eva/install/ur_controllers:/home/imml/git/research_2025/apple-harvest-eva/install/ur_description:/home/imml/git/research_2025/apple-harvest-eva/install/ur_dashboard_msgs:/opt/ros/humble LD_LIBRARY_PATH=/home/imml/git/research_2025/apple-harvest-eva/install/ur_controllers/lib:/home/imml/git/research_2025/apple-harvest-eva/install/ur_dashboard_msgs/lib:${LD_LIBRARY_PATH} PYTHONPATH=/home/imml/git/research_2025/apple-harvest-eva/install/ur_dashboard_msgs/local/lib/python3.10/dist-packages:${PYTHONPATH} /usr/bin/cmake --install /home/imml/git/research_2025/apple-harvest-eva/build/ur_robot_driver
[1.685s] Level 1:colcon.colcon_core.environment:checking '/home/imml/git/research_2025/apple-harvest-eva/install/ur_robot_driver' for CMake config files
[1.685s] Level 1:colcon.colcon_core.shell:create_environment_hook('ur_robot_driver', 'cmake_prefix_path')
[1.685s] INFO:colcon.colcon_core.shell:Creating environment hook '/home/imml/git/research_2025/apple-harvest-eva/install/ur_robot_driver/share/ur_robot_driver/hook/cmake_prefix_path.ps1'
[1.686s] INFO:colcon.colcon_core.shell:Creating environment descriptor '/home/imml/git/research_2025/apple-harvest-eva/install/ur_robot_driver/share/ur_robot_driver/hook/cmake_prefix_path.dsv'
[1.686s] INFO:colcon.colcon_core.shell:Creating environment hook '/home/imml/git/research_2025/apple-harvest-eva/install/ur_robot_driver/share/ur_robot_driver/hook/cmake_prefix_path.sh'
[1.687s] Level 1:colcon.colcon_core.environment:checking '/home/imml/git/research_2025/apple-harvest-eva/install/ur_robot_driver/lib'
[1.687s] Level 1:colcon.colcon_core.shell:create_environment_hook('ur_robot_driver', 'ld_library_path_lib')
[1.687s] INFO:colcon.colcon_core.shell:Creating environment hook '/home/imml/git/research_2025/apple-harvest-eva/install/ur_robot_driver/share/ur_robot_driver/hook/ld_library_path_lib.ps1'
[1.687s] INFO:colcon.colcon_core.shell:Creating environment descriptor '/home/imml/git/research_2025/apple-harvest-eva/install/ur_robot_driver/share/ur_robot_driver/hook/ld_library_path_lib.dsv'
[1.688s] INFO:colcon.colcon_core.shell:Creating environment hook '/home/imml/git/research_2025/apple-harvest-eva/install/ur_robot_driver/share/ur_robot_driver/hook/ld_library_path_lib.sh'
[1.688s] Level 1:colcon.colcon_core.environment:checking '/home/imml/git/research_2025/apple-harvest-eva/install/ur_robot_driver/bin'
[1.688s] Level 1:colcon.colcon_core.shell:create_environment_hook('ur_robot_driver', 'path')
[1.688s] INFO:colcon.colcon_core.shell:Creating environment hook '/home/imml/git/research_2025/apple-harvest-eva/install/ur_robot_driver/share/ur_robot_driver/hook/path.ps1'
[1.688s] INFO:colcon.colcon_core.shell:Creating environment descriptor '/home/imml/git/research_2025/apple-harvest-eva/install/ur_robot_driver/share/ur_robot_driver/hook/path.dsv'
[1.689s] INFO:colcon.colcon_core.shell:Creating environment hook '/home/imml/git/research_2025/apple-harvest-eva/install/ur_robot_driver/share/ur_robot_driver/hook/path.sh'
[1.689s] Level 1:colcon.colcon_core.environment:checking '/home/imml/git/research_2025/apple-harvest-eva/install/ur_robot_driver/lib/pkgconfig/ur_robot_driver.pc'
[1.689s] Level 1:colcon.colcon_core.environment:checking '/home/imml/git/research_2025/apple-harvest-eva/install/ur_robot_driver/lib/python3.10/site-packages'
[1.689s] Level 1:colcon.colcon_core.environment:checking '/home/imml/git/research_2025/apple-harvest-eva/install/ur_robot_driver/bin'
[1.690s] Level 1:colcon.colcon_core.shell:create_environment_hook('ur_robot_driver', 'pythonscriptspath')
[1.690s] INFO:colcon.colcon_core.shell:Creating environment hook '/home/imml/git/research_2025/apple-harvest-eva/install/ur_robot_driver/share/ur_robot_driver/hook/pythonscriptspath.ps1'
[1.690s] INFO:colcon.colcon_core.shell:Creating environment descriptor '/home/imml/git/research_2025/apple-harvest-eva/install/ur_robot_driver/share/ur_robot_driver/hook/pythonscriptspath.dsv'
[1.690s] INFO:colcon.colcon_core.shell:Creating environment hook '/home/imml/git/research_2025/apple-harvest-eva/install/ur_robot_driver/share/ur_robot_driver/hook/pythonscriptspath.sh'
[1.691s] INFO:colcon.colcon_core.shell:Creating package script '/home/imml/git/research_2025/apple-harvest-eva/install/ur_robot_driver/share/ur_robot_driver/package.ps1'
[1.691s] INFO:colcon.colcon_core.shell:Creating package descriptor '/home/imml/git/research_2025/apple-harvest-eva/install/ur_robot_driver/share/ur_robot_driver/package.dsv'
[1.692s] INFO:colcon.colcon_core.shell:Creating package script '/home/imml/git/research_2025/apple-harvest-eva/install/ur_robot_driver/share/ur_robot_driver/package.sh'
[1.692s] INFO:colcon.colcon_core.shell:Creating package script '/home/imml/git/research_2025/apple-harvest-eva/install/ur_robot_driver/share/ur_robot_driver/package.bash'
[1.693s] INFO:colcon.colcon_core.shell:Creating package script '/home/imml/git/research_2025/apple-harvest-eva/install/ur_robot_driver/share/ur_robot_driver/package.zsh'
[1.693s] Level 1:colcon.colcon_core.environment:create_file_with_runtime_dependencies(/home/imml/git/research_2025/apple-harvest-eva/install/ur_robot_driver/share/colcon-core/packages/ur_robot_driver)
[1.693s] Level 1:colcon.colcon_core.environment:create_environment_scripts_only(ur_robot_driver)
[1.694s] Level 1:colcon.colcon_core.environment:checking '/home/imml/git/research_2025/apple-harvest-eva/install/ur_robot_driver' for CMake module files
[1.694s] Level 1:colcon.colcon_core.environment:checking '/home/imml/git/research_2025/apple-harvest-eva/install/ur_robot_driver' for CMake config files
[1.695s] Level 1:colcon.colcon_core.shell:create_environment_hook('ur_robot_driver', 'cmake_prefix_path')
[1.695s] INFO:colcon.colcon_core.shell:Creating environment hook '/home/imml/git/research_2025/apple-harvest-eva/install/ur_robot_driver/share/ur_robot_driver/hook/cmake_prefix_path.ps1'
[1.695s] INFO:colcon.colcon_core.shell:Creating environment descriptor '/home/imml/git/research_2025/apple-harvest-eva/install/ur_robot_driver/share/ur_robot_driver/hook/cmake_prefix_path.dsv'
[1.696s] INFO:colcon.colcon_core.shell:Creating environment hook '/home/imml/git/research_2025/apple-harvest-eva/install/ur_robot_driver/share/ur_robot_driver/hook/cmake_prefix_path.sh'
[1.696s] Level 1:colcon.colcon_core.environment:checking '/home/imml/git/research_2025/apple-harvest-eva/install/ur_robot_driver/lib'
[1.696s] Level 1:colcon.colcon_core.shell:create_environment_hook('ur_robot_driver', 'ld_library_path_lib')
[1.696s] INFO:colcon.colcon_core.shell:Creating environment hook '/home/imml/git/research_2025/apple-harvest-eva/install/ur_robot_driver/share/ur_robot_driver/hook/ld_library_path_lib.ps1'
[1.696s] INFO:colcon.colcon_core.shell:Creating environment descriptor '/home/imml/git/research_2025/apple-harvest-eva/install/ur_robot_driver/share/ur_robot_driver/hook/ld_library_path_lib.dsv'
[1.697s] INFO:colcon.colcon_core.shell:Creating environment hook '/home/imml/git/research_2025/apple-harvest-eva/install/ur_robot_driver/share/ur_robot_driver/hook/ld_library_path_lib.sh'
[1.697s] Level 1:colcon.colcon_core.environment:checking '/home/imml/git/research_2025/apple-harvest-eva/install/ur_robot_driver/bin'
[1.697s] Level 1:colcon.colcon_core.shell:create_environment_hook('ur_robot_driver', 'path')
[1.697s] INFO:colcon.colcon_core.shell:Creating environment hook '/home/imml/git/research_2025/apple-harvest-eva/install/ur_robot_driver/share/ur_robot_driver/hook/path.ps1'
[1.698s] INFO:colcon.colcon_core.shell:Creating environment descriptor '/home/imml/git/research_2025/apple-harvest-eva/install/ur_robot_driver/share/ur_robot_driver/hook/path.dsv'
[1.698s] INFO:colcon.colcon_core.shell:Creating environment hook '/home/imml/git/research_2025/apple-harvest-eva/install/ur_robot_driver/share/ur_robot_driver/hook/path.sh'
[1.698s] Level 1:colcon.colcon_core.environment:checking '/home/imml/git/research_2025/apple-harvest-eva/install/ur_robot_driver/lib/pkgconfig/ur_robot_driver.pc'
[1.698s] Level 1:colcon.colcon_core.environment:checking '/home/imml/git/research_2025/apple-harvest-eva/install/ur_robot_driver/lib/python3.10/site-packages'
[1.699s] Level 1:colcon.colcon_core.environment:checking '/home/imml/git/research_2025/apple-harvest-eva/install/ur_robot_driver/bin'
[1.699s] Level 1:colcon.colcon_core.shell:create_environment_hook('ur_robot_driver', 'pythonscriptspath')
[1.699s] INFO:colcon.colcon_core.shell:Creating environment hook '/home/imml/git/research_2025/apple-harvest-eva/install/ur_robot_driver/share/ur_robot_driver/hook/pythonscriptspath.ps1'
[1.699s] INFO:colcon.colcon_core.shell:Creating environment descriptor '/home/imml/git/research_2025/apple-harvest-eva/install/ur_robot_driver/share/ur_robot_driver/hook/pythonscriptspath.dsv'
[1.699s] INFO:colcon.colcon_core.shell:Creating environment hook '/home/imml/git/research_2025/apple-harvest-eva/install/ur_robot_driver/share/ur_robot_driver/hook/pythonscriptspath.sh'
[1.700s] INFO:colcon.colcon_core.shell:Creating package script '/home/imml/git/research_2025/apple-harvest-eva/install/ur_robot_driver/share/ur_robot_driver/package.ps1'
[1.700s] INFO:colcon.colcon_core.shell:Creating package descriptor '/home/imml/git/research_2025/apple-harvest-eva/install/ur_robot_driver/share/ur_robot_driver/package.dsv'
[1.701s] INFO:colcon.colcon_core.shell:Creating package script '/home/imml/git/research_2025/apple-harvest-eva/install/ur_robot_driver/share/ur_robot_driver/package.sh'
[1.701s] INFO:colcon.colcon_core.shell:Creating package script '/home/imml/git/research_2025/apple-harvest-eva/install/ur_robot_driver/share/ur_robot_driver/package.bash'
[1.702s] INFO:colcon.colcon_core.shell:Creating package script '/home/imml/git/research_2025/apple-harvest-eva/install/ur_robot_driver/share/ur_robot_driver/package.zsh'
[1.702s] Level 1:colcon.colcon_core.environment:create_file_with_runtime_dependencies(/home/imml/git/research_2025/apple-harvest-eva/install/ur_robot_driver/share/colcon-core/packages/ur_robot_driver)
[1.702s] INFO:colcon.colcon_ros.task.ament_cmake.build:Building ROS package in '/home/imml/git/research_2025/apple-harvest-eva/harvest_hardware/Universal_Robots_ROS2_Driver/ur_calibration' with build type 'ament_cmake'
[1.702s] INFO:colcon.colcon_cmake.task.cmake.build:Building CMake package in '/home/imml/git/research_2025/apple-harvest-eva/harvest_hardware/Universal_Robots_ROS2_Driver/ur_calibration'
[1.703s] INFO:colcon.colcon_core.shell:Skip shell extension 'powershell' for command environment: Not usable outside of PowerShell
[1.703s] DEBUG:colcon.colcon_core.shell:Skip shell extension 'dsv' for command environment
[1.717s] DEBUG:colcon.colcon_core.event_handler.log_command:Invoking command in '/home/imml/git/research_2025/apple-harvest-eva/build/ur_calibration': AMENT_PREFIX_PATH=/home/imml/git/research_2025/apple-harvest-eva/install/ur_robot_driver:/home/imml/git/research_2025/apple-harvest-eva/install/ur_controllers:/home/imml/git/research_2025/apple-harvest-eva/install/ur_description:/home/imml/git/research_2025/apple-harvest-eva/install/ur_dashboard_msgs:${AMENT_PREFIX_PATH} CMAKE_PREFIX_PATH=/home/imml/git/research_2025/apple-harvest-eva/install/ur_robot_driver:/home/imml/git/research_2025/apple-harvest-eva/install/ur_controllers:/home/imml/git/research_2025/apple-harvest-eva/install/ur_description:/home/imml/git/research_2025/apple-harvest-eva/install/ur_dashboard_msgs:/opt/ros/humble LD_LIBRARY_PATH=/home/imml/git/research_2025/apple-harvest-eva/install/ur_robot_driver/lib:/home/imml/git/research_2025/apple-harvest-eva/install/ur_controllers/lib:/home/imml/git/research_2025/apple-harvest-eva/install/ur_dashboard_msgs/lib:${LD_LIBRARY_PATH} PATH=/home/imml/git/research_2025/apple-harvest-eva/install/ur_robot_driver/bin:${PATH} PYTHONPATH=/home/imml/git/research_2025/apple-harvest-eva/install/ur_robot_driver/local/lib/python3.10/dist-packages:/home/imml/git/research_2025/apple-harvest-eva/install/ur_dashboard_msgs/local/lib/python3.10/dist-packages:${PYTHONPATH} /usr/bin/cmake --build /home/imml/git/research_2025/apple-harvest-eva/build/ur_calibration -- -j16 -l16
[1.816s] DEBUG:colcon.colcon_core.event_handler.log_command:Invoked command in '/home/imml/git/research_2025/apple-harvest-eva/build/ur_calibration' returned '0': AMENT_PREFIX_PATH=/home/imml/git/research_2025/apple-harvest-eva/install/ur_robot_driver:/home/imml/git/research_2025/apple-harvest-eva/install/ur_controllers:/home/imml/git/research_2025/apple-harvest-eva/install/ur_description:/home/imml/git/research_2025/apple-harvest-eva/install/ur_dashboard_msgs:${AMENT_PREFIX_PATH} CMAKE_PREFIX_PATH=/home/imml/git/research_2025/apple-harvest-eva/install/ur_robot_driver:/home/imml/git/research_2025/apple-harvest-eva/install/ur_controllers:/home/imml/git/research_2025/apple-harvest-eva/install/ur_description:/home/imml/git/research_2025/apple-harvest-eva/install/ur_dashboard_msgs:/opt/ros/humble LD_LIBRARY_PATH=/home/imml/git/research_2025/apple-harvest-eva/install/ur_robot_driver/lib:/home/imml/git/research_2025/apple-harvest-eva/install/ur_controllers/lib:/home/imml/git/research_2025/apple-harvest-eva/install/ur_dashboard_msgs/lib:${LD_LIBRARY_PATH} PATH=/home/imml/git/research_2025/apple-harvest-eva/install/ur_robot_driver/bin:${PATH} PYTHONPATH=/home/imml/git/research_2025/apple-harvest-eva/install/ur_robot_driver/local/lib/python3.10/dist-packages:/home/imml/git/research_2025/apple-harvest-eva/install/ur_dashboard_msgs/local/lib/python3.10/dist-packages:${PYTHONPATH} /usr/bin/cmake --build /home/imml/git/research_2025/apple-harvest-eva/build/ur_calibration -- -j16 -l16
[1.818s] DEBUG:colcon.colcon_core.event_handler.log_command:Invoking command in '/home/imml/git/research_2025/apple-harvest-eva/build/ur_calibration': AMENT_PREFIX_PATH=/home/imml/git/research_2025/apple-harvest-eva/install/ur_robot_driver:/home/imml/git/research_2025/apple-harvest-eva/install/ur_controllers:/home/imml/git/research_2025/apple-harvest-eva/install/ur_description:/home/imml/git/research_2025/apple-harvest-eva/install/ur_dashboard_msgs:${AMENT_PREFIX_PATH} CMAKE_PREFIX_PATH=/home/imml/git/research_2025/apple-harvest-eva/install/ur_robot_driver:/home/imml/git/research_2025/apple-harvest-eva/install/ur_controllers:/home/imml/git/research_2025/apple-harvest-eva/install/ur_description:/home/imml/git/research_2025/apple-harvest-eva/install/ur_dashboard_msgs:/opt/ros/humble LD_LIBRARY_PATH=/home/imml/git/research_2025/apple-harvest-eva/install/ur_robot_driver/lib:/home/imml/git/research_2025/apple-harvest-eva/install/ur_controllers/lib:/home/imml/git/research_2025/apple-harvest-eva/install/ur_dashboard_msgs/lib:${LD_LIBRARY_PATH} PATH=/home/imml/git/research_2025/apple-harvest-eva/install/ur_robot_driver/bin:${PATH} PYTHONPATH=/home/imml/git/research_2025/apple-harvest-eva/install/ur_robot_driver/local/lib/python3.10/dist-packages:/home/imml/git/research_2025/apple-harvest-eva/install/ur_dashboard_msgs/local/lib/python3.10/dist-packages:${PYTHONPATH} /usr/bin/cmake --install /home/imml/git/research_2025/apple-harvest-eva/build/ur_calibration
[1.840s] Level 1:colcon.colcon_core.environment:create_environment_scripts_only(ur_calibration)
[1.840s] Level 1:colcon.colcon_core.environment:checking '/home/imml/git/research_2025/apple-harvest-eva/install/ur_calibration' for CMake module files
[1.841s] DEBUG:colcon.colcon_core.event_handler.log_command:Invoked command in '/home/imml/git/research_2025/apple-harvest-eva/build/ur_calibration' returned '0': AMENT_PREFIX_PATH=/home/imml/git/research_2025/apple-harvest-eva/install/ur_robot_driver:/home/imml/git/research_2025/apple-harvest-eva/install/ur_controllers:/home/imml/git/research_2025/apple-harvest-eva/install/ur_description:/home/imml/git/research_2025/apple-harvest-eva/install/ur_dashboard_msgs:${AMENT_PREFIX_PATH} CMAKE_PREFIX_PATH=/home/imml/git/research_2025/apple-harvest-eva/install/ur_robot_driver:/home/imml/git/research_2025/apple-harvest-eva/install/ur_controllers:/home/imml/git/research_2025/apple-harvest-eva/install/ur_description:/home/imml/git/research_2025/apple-harvest-eva/install/ur_dashboard_msgs:/opt/ros/humble LD_LIBRARY_PATH=/home/imml/git/research_2025/apple-harvest-eva/install/ur_robot_driver/lib:/home/imml/git/research_2025/apple-harvest-eva/install/ur_controllers/lib:/home/imml/git/research_2025/apple-harvest-eva/install/ur_dashboard_msgs/lib:${LD_LIBRARY_PATH} PATH=/home/imml/git/research_2025/apple-harvest-eva/install/ur_robot_driver/bin:${PATH} PYTHONPATH=/home/imml/git/research_2025/apple-harvest-eva/install/ur_robot_driver/local/lib/python3.10/dist-packages:/home/imml/git/research_2025/apple-harvest-eva/install/ur_dashboard_msgs/local/lib/python3.10/dist-packages:${PYTHONPATH} /usr/bin/cmake --install /home/imml/git/research_2025/apple-harvest-eva/build/ur_calibration
[1.841s] Level 1:colcon.colcon_core.environment:checking '/home/imml/git/research_2025/apple-harvest-eva/install/ur_calibration' for CMake config files
[1.842s] Level 1:colcon.colcon_core.shell:create_environment_hook('ur_calibration', 'cmake_prefix_path')
[1.842s] INFO:colcon.colcon_core.shell:Creating environment hook '/home/imml/git/research_2025/apple-harvest-eva/install/ur_calibration/share/ur_calibration/hook/cmake_prefix_path.ps1'
[1.842s] INFO:colcon.colcon_core.shell:Creating environment descriptor '/home/imml/git/research_2025/apple-harvest-eva/install/ur_calibration/share/ur_calibration/hook/cmake_prefix_path.dsv'
[1.843s] INFO:colcon.colcon_core.shell:Creating environment hook '/home/imml/git/research_2025/apple-harvest-eva/install/ur_calibration/share/ur_calibration/hook/cmake_prefix_path.sh'
[1.843s] Level 1:colcon.colcon_core.environment:checking '/home/imml/git/research_2025/apple-harvest-eva/install/ur_calibration/lib'
[1.843s] Level 1:colcon.colcon_core.environment:checking '/home/imml/git/research_2025/apple-harvest-eva/install/ur_calibration/bin'
[1.843s] Level 1:colcon.colcon_core.environment:checking '/home/imml/git/research_2025/apple-harvest-eva/install/ur_calibration/lib/pkgconfig/ur_calibration.pc'
[1.843s] Level 1:colcon.colcon_core.environment:checking '/home/imml/git/research_2025/apple-harvest-eva/install/ur_calibration/lib/python3.10/site-packages'
[1.843s] Level 1:colcon.colcon_core.environment:checking '/home/imml/git/research_2025/apple-harvest-eva/install/ur_calibration/bin'
[1.844s] INFO:colcon.colcon_core.shell:Creating package script '/home/imml/git/research_2025/apple-harvest-eva/install/ur_calibration/share/ur_calibration/package.ps1'
[1.844s] INFO:colcon.colcon_core.shell:Creating package descriptor '/home/imml/git/research_2025/apple-harvest-eva/install/ur_calibration/share/ur_calibration/package.dsv'
[1.844s] INFO:colcon.colcon_core.shell:Creating package script '/home/imml/git/research_2025/apple-harvest-eva/install/ur_calibration/share/ur_calibration/package.sh'
[1.845s] INFO:colcon.colcon_core.shell:Creating package script '/home/imml/git/research_2025/apple-harvest-eva/install/ur_calibration/share/ur_calibration/package.bash'
[1.845s] INFO:colcon.colcon_core.shell:Creating package script '/home/imml/git/research_2025/apple-harvest-eva/install/ur_calibration/share/ur_calibration/package.zsh'
[1.845s] Level 1:colcon.colcon_core.environment:create_file_with_runtime_dependencies(/home/imml/git/research_2025/apple-harvest-eva/install/ur_calibration/share/colcon-core/packages/ur_calibration)
[1.846s] Level 1:colcon.colcon_core.environment:create_environment_scripts_only(ur_calibration)
[1.846s] Level 1:colcon.colcon_core.environment:checking '/home/imml/git/research_2025/apple-harvest-eva/install/ur_calibration' for CMake module files
[1.846s] Level 1:colcon.colcon_core.environment:checking '/home/imml/git/research_2025/apple-harvest-eva/install/ur_calibration' for CMake config files
[1.847s] Level 1:colcon.colcon_core.shell:create_environment_hook('ur_calibration', 'cmake_prefix_path')
[1.847s] INFO:colcon.colcon_core.shell:Creating environment hook '/home/imml/git/research_2025/apple-harvest-eva/install/ur_calibration/share/ur_calibration/hook/cmake_prefix_path.ps1'
[1.847s] INFO:colcon.colcon_core.shell:Creating environment descriptor '/home/imml/git/research_2025/apple-harvest-eva/install/ur_calibration/share/ur_calibration/hook/cmake_prefix_path.dsv'
[1.847s] INFO:colcon.colcon_core.shell:Creating environment hook '/home/imml/git/research_2025/apple-harvest-eva/install/ur_calibration/share/ur_calibration/hook/cmake_prefix_path.sh'
[1.848s] Level 1:colcon.colcon_core.environment:checking '/home/imml/git/research_2025/apple-harvest-eva/install/ur_calibration/lib'
[1.848s] Level 1:colcon.colcon_core.environment:checking '/home/imml/git/research_2025/apple-harvest-eva/install/ur_calibration/bin'
[1.848s] Level 1:colcon.colcon_core.environment:checking '/home/imml/git/research_2025/apple-harvest-eva/install/ur_calibration/lib/pkgconfig/ur_calibration.pc'
[1.848s] Level 1:colcon.colcon_core.environment:checking '/home/imml/git/research_2025/apple-harvest-eva/install/ur_calibration/lib/python3.10/site-packages'
[1.848s] Level 1:colcon.colcon_core.environment:checking '/home/imml/git/research_2025/apple-harvest-eva/install/ur_calibration/bin'
[1.848s] INFO:colcon.colcon_core.shell:Creating package script '/home/imml/git/research_2025/apple-harvest-eva/install/ur_calibration/share/ur_calibration/package.ps1'
[1.849s] INFO:colcon.colcon_core.shell:Creating package descriptor '/home/imml/git/research_2025/apple-harvest-eva/install/ur_calibration/share/ur_calibration/package.dsv'
[1.849s] INFO:colcon.colcon_core.shell:Creating package script '/home/imml/git/research_2025/apple-harvest-eva/install/ur_calibration/share/ur_calibration/package.sh'
[1.849s] INFO:colcon.colcon_core.shell:Creating package script '/home/imml/git/research_2025/apple-harvest-eva/install/ur_calibration/share/ur_calibration/package.bash'
[1.850s] INFO:colcon.colcon_core.shell:Creating package script '/home/imml/git/research_2025/apple-harvest-eva/install/ur_calibration/share/ur_calibration/package.zsh'
[1.850s] Level 1:colcon.colcon_core.environment:create_file_with_runtime_dependencies(/home/imml/git/research_2025/apple-harvest-eva/install/ur_calibration/share/colcon-core/packages/ur_calibration)
[1.850s] INFO:colcon.colcon_ros.task.ament_cmake.build:Building ROS package in '/home/imml/git/research_2025/apple-harvest-eva/harvest_hardware/Universal_Robots_ROS2_Driver/ur' with build type 'ament_cmake'
[1.850s] INFO:colcon.colcon_cmake.task.cmake.build:Building CMake package in '/home/imml/git/research_2025/apple-harvest-eva/harvest_hardware/Universal_Robots_ROS2_Driver/ur'
[1.851s] INFO:colcon.colcon_core.shell:Skip shell extension 'powershell' for command environment: Not usable outside of PowerShell
[1.851s] DEBUG:colcon.colcon_core.shell:Skip shell extension 'dsv' for command environment
[1.867s] DEBUG:colcon.colcon_core.event_handler.log_command:Invoking command in '/home/imml/git/research_2025/apple-harvest-eva/build/ur': AMENT_PREFIX_PATH=/home/imml/git/research_2025/apple-harvest-eva/install/ur_calibration:/home/imml/git/research_2025/apple-harvest-eva/install/ur_robot_driver:/home/imml/git/research_2025/apple-harvest-eva/install/ur_moveit_config:/home/imml/git/research_2025/apple-harvest-eva/install/ur_controllers:/home/imml/git/research_2025/apple-harvest-eva/install/ur_description:/home/imml/git/research_2025/apple-harvest-eva/install/ur_dashboard_msgs:${AMENT_PREFIX_PATH} CMAKE_PREFIX_PATH=/home/imml/git/research_2025/apple-harvest-eva/install/ur_calibration:/home/imml/git/research_2025/apple-harvest-eva/install/ur_robot_driver:/home/imml/git/research_2025/apple-harvest-eva/install/ur_moveit_config:/home/imml/git/research_2025/apple-harvest-eva/install/ur_controllers:/home/imml/git/research_2025/apple-harvest-eva/install/ur_description:/home/imml/git/research_2025/apple-harvest-eva/install/ur_dashboard_msgs:/opt/ros/humble LD_LIBRARY_PATH=/home/imml/git/research_2025/apple-harvest-eva/install/ur_robot_driver/lib:/home/imml/git/research_2025/apple-harvest-eva/install/ur_controllers/lib:/home/imml/git/research_2025/apple-harvest-eva/install/ur_dashboard_msgs/lib:${LD_LIBRARY_PATH} PATH=/home/imml/git/research_2025/apple-harvest-eva/install/ur_robot_driver/bin:${PATH} PYTHONPATH=/home/imml/git/research_2025/apple-harvest-eva/install/ur_robot_driver/local/lib/python3.10/dist-packages:/home/imml/git/research_2025/apple-harvest-eva/install/ur_moveit_config/local/lib/python3.10/dist-packages:/home/imml/git/research_2025/apple-harvest-eva/install/ur_dashboard_msgs/local/lib/python3.10/dist-packages:${PYTHONPATH} /usr/bin/cmake --build /home/imml/git/research_2025/apple-harvest-eva/build/ur -- -j16 -l16
[1.908s] DEBUG:colcon.colcon_core.event_handler.log_command:Invoked command in '/home/imml/git/research_2025/apple-harvest-eva/build/ur' returned '0': AMENT_PREFIX_PATH=/home/imml/git/research_2025/apple-harvest-eva/install/ur_calibration:/home/imml/git/research_2025/apple-harvest-eva/install/ur_robot_driver:/home/imml/git/research_2025/apple-harvest-eva/install/ur_moveit_config:/home/imml/git/research_2025/apple-harvest-eva/install/ur_controllers:/home/imml/git/research_2025/apple-harvest-eva/install/ur_description:/home/imml/git/research_2025/apple-harvest-eva/install/ur_dashboard_msgs:${AMENT_PREFIX_PATH} CMAKE_PREFIX_PATH=/home/imml/git/research_2025/apple-harvest-eva/install/ur_calibration:/home/imml/git/research_2025/apple-harvest-eva/install/ur_robot_driver:/home/imml/git/research_2025/apple-harvest-eva/install/ur_moveit_config:/home/imml/git/research_2025/apple-harvest-eva/install/ur_controllers:/home/imml/git/research_2025/apple-harvest-eva/install/ur_description:/home/imml/git/research_2025/apple-harvest-eva/install/ur_dashboard_msgs:/opt/ros/humble LD_LIBRARY_PATH=/home/imml/git/research_2025/apple-harvest-eva/install/ur_robot_driver/lib:/home/imml/git/research_2025/apple-harvest-eva/install/ur_controllers/lib:/home/imml/git/research_2025/apple-harvest-eva/install/ur_dashboard_msgs/lib:${LD_LIBRARY_PATH} PATH=/home/imml/git/research_2025/apple-harvest-eva/install/ur_robot_driver/bin:${PATH} PYTHONPATH=/home/imml/git/research_2025/apple-harvest-eva/install/ur_robot_driver/local/lib/python3.10/dist-packages:/home/imml/git/research_2025/apple-harvest-eva/install/ur_moveit_config/local/lib/python3.10/dist-packages:/home/imml/git/research_2025/apple-harvest-eva/install/ur_dashboard_msgs/local/lib/python3.10/dist-packages:${PYTHONPATH} /usr/bin/cmake --build /home/imml/git/research_2025/apple-harvest-eva/build/ur -- -j16 -l16
[1.909s] DEBUG:colcon.colcon_core.event_handler.log_command:Invoking command in '/home/imml/git/research_2025/apple-harvest-eva/build/ur': AMENT_PREFIX_PATH=/home/imml/git/research_2025/apple-harvest-eva/install/ur_calibration:/home/imml/git/research_2025/apple-harvest-eva/install/ur_robot_driver:/home/imml/git/research_2025/apple-harvest-eva/install/ur_moveit_config:/home/imml/git/research_2025/apple-harvest-eva/install/ur_controllers:/home/imml/git/research_2025/apple-harvest-eva/install/ur_description:/home/imml/git/research_2025/apple-harvest-eva/install/ur_dashboard_msgs:${AMENT_PREFIX_PATH} CMAKE_PREFIX_PATH=/home/imml/git/research_2025/apple-harvest-eva/install/ur_calibration:/home/imml/git/research_2025/apple-harvest-eva/install/ur_robot_driver:/home/imml/git/research_2025/apple-harvest-eva/install/ur_moveit_config:/home/imml/git/research_2025/apple-harvest-eva/install/ur_controllers:/home/imml/git/research_2025/apple-harvest-eva/install/ur_description:/home/imml/git/research_2025/apple-harvest-eva/install/ur_dashboard_msgs:/opt/ros/humble LD_LIBRARY_PATH=/home/imml/git/research_2025/apple-harvest-eva/install/ur_robot_driver/lib:/home/imml/git/research_2025/apple-harvest-eva/install/ur_controllers/lib:/home/imml/git/research_2025/apple-harvest-eva/install/ur_dashboard_msgs/lib:${LD_LIBRARY_PATH} PATH=/home/imml/git/research_2025/apple-harvest-eva/install/ur_robot_driver/bin:${PATH} PYTHONPATH=/home/imml/git/research_2025/apple-harvest-eva/install/ur_robot_driver/local/lib/python3.10/dist-packages:/home/imml/git/research_2025/apple-harvest-eva/install/ur_moveit_config/local/lib/python3.10/dist-packages:/home/imml/git/research_2025/apple-harvest-eva/install/ur_dashboard_msgs/local/lib/python3.10/dist-packages:${PYTHONPATH} /usr/bin/cmake --install /home/imml/git/research_2025/apple-harvest-eva/build/ur
[1.929s] Level 1:colcon.colcon_core.environment:create_environment_scripts_only(ur)
[1.930s] Level 1:colcon.colcon_core.environment:checking '/home/imml/git/research_2025/apple-harvest-eva/install/ur' for CMake module files
[1.930s] DEBUG:colcon.colcon_core.event_handler.log_command:Invoked command in '/home/imml/git/research_2025/apple-harvest-eva/build/ur' returned '0': AMENT_PREFIX_PATH=/home/imml/git/research_2025/apple-harvest-eva/install/ur_calibration:/home/imml/git/research_2025/apple-harvest-eva/install/ur_robot_driver:/home/imml/git/research_2025/apple-harvest-eva/install/ur_moveit_config:/home/imml/git/research_2025/apple-harvest-eva/install/ur_controllers:/home/imml/git/research_2025/apple-harvest-eva/install/ur_description:/home/imml/git/research_2025/apple-harvest-eva/install/ur_dashboard_msgs:${AMENT_PREFIX_PATH} CMAKE_PREFIX_PATH=/home/imml/git/research_2025/apple-harvest-eva/install/ur_calibration:/home/imml/git/research_2025/apple-harvest-eva/install/ur_robot_driver:/home/imml/git/research_2025/apple-harvest-eva/install/ur_moveit_config:/home/imml/git/research_2025/apple-harvest-eva/install/ur_controllers:/home/imml/git/research_2025/apple-harvest-eva/install/ur_description:/home/imml/git/research_2025/apple-harvest-eva/install/ur_dashboard_msgs:/opt/ros/humble LD_LIBRARY_PATH=/home/imml/git/research_2025/apple-harvest-eva/install/ur_robot_driver/lib:/home/imml/git/research_2025/apple-harvest-eva/install/ur_controllers/lib:/home/imml/git/research_2025/apple-harvest-eva/install/ur_dashboard_msgs/lib:${LD_LIBRARY_PATH} PATH=/home/imml/git/research_2025/apple-harvest-eva/install/ur_robot_driver/bin:${PATH} PYTHONPATH=/home/imml/git/research_2025/apple-harvest-eva/install/ur_robot_driver/local/lib/python3.10/dist-packages:/home/imml/git/research_2025/apple-harvest-eva/install/ur_moveit_config/local/lib/python3.10/dist-packages:/home/imml/git/research_2025/apple-harvest-eva/install/ur_dashboard_msgs/local/lib/python3.10/dist-packages:${PYTHONPATH} /usr/bin/cmake --install /home/imml/git/research_2025/apple-harvest-eva/build/ur
[1.930s] Level 1:colcon.colcon_core.environment:checking '/home/imml/git/research_2025/apple-harvest-eva/install/ur' for CMake config files
[1.931s] Level 1:colcon.colcon_core.shell:create_environment_hook('ur', 'cmake_prefix_path')
[1.931s] INFO:colcon.colcon_core.shell:Creating environment hook '/home/imml/git/research_2025/apple-harvest-eva/install/ur/share/ur/hook/cmake_prefix_path.ps1'
[1.931s] INFO:colcon.colcon_core.shell:Creating environment descriptor '/home/imml/git/research_2025/apple-harvest-eva/install/ur/share/ur/hook/cmake_prefix_path.dsv'
[1.932s] INFO:colcon.colcon_core.shell:Creating environment hook '/home/imml/git/research_2025/apple-harvest-eva/install/ur/share/ur/hook/cmake_prefix_path.sh'
[1.932s] Level 1:colcon.colcon_core.environment:checking '/home/imml/git/research_2025/apple-harvest-eva/install/ur/bin'
[1.932s] Level 1:colcon.colcon_core.environment:checking '/home/imml/git/research_2025/apple-harvest-eva/install/ur/lib/pkgconfig/ur.pc'
[1.932s] Level 1:colcon.colcon_core.environment:checking '/home/imml/git/research_2025/apple-harvest-eva/install/ur/lib/python3.10/site-packages'
[1.932s] Level 1:colcon.colcon_core.environment:checking '/home/imml/git/research_2025/apple-harvest-eva/install/ur/bin'
[1.933s] INFO:colcon.colcon_core.shell:Creating package script '/home/imml/git/research_2025/apple-harvest-eva/install/ur/share/ur/package.ps1'
[1.933s] INFO:colcon.colcon_core.shell:Creating package descriptor '/home/imml/git/research_2025/apple-harvest-eva/install/ur/share/ur/package.dsv'
[1.934s] INFO:colcon.colcon_core.shell:Creating package script '/home/imml/git/research_2025/apple-harvest-eva/install/ur/share/ur/package.sh'
[1.934s] INFO:colcon.colcon_core.shell:Creating package script '/home/imml/git/research_2025/apple-harvest-eva/install/ur/share/ur/package.bash'
[1.934s] INFO:colcon.colcon_core.shell:Creating package script '/home/imml/git/research_2025/apple-harvest-eva/install/ur/share/ur/package.zsh'
[1.934s] Level 1:colcon.colcon_core.environment:create_file_with_runtime_dependencies(/home/imml/git/research_2025/apple-harvest-eva/install/ur/share/colcon-core/packages/ur)
[1.935s] Level 1:colcon.colcon_core.environment:create_environment_scripts_only(ur)
[1.935s] Level 1:colcon.colcon_core.environment:checking '/home/imml/git/research_2025/apple-harvest-eva/install/ur' for CMake module files
[1.935s] Level 1:colcon.colcon_core.environment:checking '/home/imml/git/research_2025/apple-harvest-eva/install/ur' for CMake config files
[1.936s] Level 1:colcon.colcon_core.shell:create_environment_hook('ur', 'cmake_prefix_path')
[1.936s] INFO:colcon.colcon_core.shell:Creating environment hook '/home/imml/git/research_2025/apple-harvest-eva/install/ur/share/ur/hook/cmake_prefix_path.ps1'
[1.936s] INFO:colcon.colcon_core.shell:Creating environment descriptor '/home/imml/git/research_2025/apple-harvest-eva/install/ur/share/ur/hook/cmake_prefix_path.dsv'
[1.936s] INFO:colcon.colcon_core.shell:Creating environment hook '/home/imml/git/research_2025/apple-harvest-eva/install/ur/share/ur/hook/cmake_prefix_path.sh'
[1.937s] Level 1:colcon.colcon_core.environment:checking '/home/imml/git/research_2025/apple-harvest-eva/install/ur/bin'
[1.937s] Level 1:colcon.colcon_core.environment:checking '/home/imml/git/research_2025/apple-harvest-eva/install/ur/lib/pkgconfig/ur.pc'
[1.937s] Level 1:colcon.colcon_core.environment:checking '/home/imml/git/research_2025/apple-harvest-eva/install/ur/lib/python3.10/site-packages'
[1.937s] Level 1:colcon.colcon_core.environment:checking '/home/imml/git/research_2025/apple-harvest-eva/install/ur/bin'
[1.937s] INFO:colcon.colcon_core.shell:Creating package script '/home/imml/git/research_2025/apple-harvest-eva/install/ur/share/ur/package.ps1'
[1.938s] INFO:colcon.colcon_core.shell:Creating package descriptor '/home/imml/git/research_2025/apple-harvest-eva/install/ur/share/ur/package.dsv'
[1.938s] INFO:colcon.colcon_core.shell:Creating package script '/home/imml/git/research_2025/apple-harvest-eva/install/ur/share/ur/package.sh'
[1.938s] INFO:colcon.colcon_core.shell:Creating package script '/home/imml/git/research_2025/apple-harvest-eva/install/ur/share/ur/package.bash'
[1.939s] INFO:colcon.colcon_core.shell:Creating package script '/home/imml/git/research_2025/apple-harvest-eva/install/ur/share/ur/package.zsh'
[1.939s] Level 1:colcon.colcon_core.environment:create_file_with_runtime_dependencies(/home/imml/git/research_2025/apple-harvest-eva/install/ur/share/colcon-core/packages/ur)
[1.985s] Level 1:colcon.colcon_core.shell:create_environment_hook('harvest_vision', 'pythonpath_develop')
[1.985s] INFO:colcon.colcon_core.shell:Creating environment hook '/home/imml/git/research_2025/apple-harvest-eva/build/harvest_vision/share/harvest_vision/hook/pythonpath_develop.ps1'
[1.986s] DEBUG:colcon.colcon_core.event_handler.log_command:Invoked command in '/home/imml/git/research_2025/apple-harvest-eva/build/harvest_vision' returned '0': AMENT_PREFIX_PATH=/home/imml/git/research_2025/apple-harvest-eva/install/harvest_interfaces:${AMENT_PREFIX_PATH} CMAKE_PREFIX_PATH=/home/imml/git/research_2025/apple-harvest-eva/install/harvest_interfaces LD_LIBRARY_PATH=/home/imml/git/research_2025/apple-harvest-eva/install/harvest_interfaces/lib:${LD_LIBRARY_PATH} PYTHONPATH=/home/imml/git/research_2025/apple-harvest-eva/build/harvest_vision/prefix_override:/usr/lib/python3/dist-packages/colcon_core/task/python/colcon_distutils_commands:/home/imml/git/research_2025/apple-harvest-eva/install/harvest_vision/lib/python3.10/site-packages:/home/imml/git/research_2025/apple-harvest-eva/install/harvest_interfaces/local/lib/python3.10/dist-packages:${PYTHONPATH} /usr/bin/python3 -W ignore:setup.py install is deprecated -W ignore:easy_install command is deprecated setup.py develop --editable --build-directory /home/imml/git/research_2025/apple-harvest-eva/build/harvest_vision/build --no-deps symlink_data
[1.986s] INFO:colcon.colcon_core.shell:Creating environment descriptor '/home/imml/git/research_2025/apple-harvest-eva/build/harvest_vision/share/harvest_vision/hook/pythonpath_develop.dsv'
[1.986s] INFO:colcon.colcon_core.shell:Creating environment hook '/home/imml/git/research_2025/apple-harvest-eva/build/harvest_vision/share/harvest_vision/hook/pythonpath_develop.sh'
[1.987s] Level 1:colcon.colcon_core.environment:checking '/home/imml/git/research_2025/apple-harvest-eva/install/harvest_vision' for CMake module files
[1.987s] Level 1:colcon.colcon_core.environment:checking '/home/imml/git/research_2025/apple-harvest-eva/install/harvest_vision' for CMake config files
[1.988s] Level 1:colcon.colcon_core.environment:checking '/home/imml/git/research_2025/apple-harvest-eva/install/harvest_vision/lib'
[1.988s] Level 1:colcon.colcon_core.environment:checking '/home/imml/git/research_2025/apple-harvest-eva/install/harvest_vision/bin'
[1.988s] Level 1:colcon.colcon_core.environment:checking '/home/imml/git/research_2025/apple-harvest-eva/install/harvest_vision/lib/pkgconfig/harvest_vision.pc'
[1.988s] Level 1:colcon.colcon_core.environment:checking '/home/imml/git/research_2025/apple-harvest-eva/install/harvest_vision/lib/python3.10/site-packages'
[1.988s] Level 1:colcon.colcon_core.shell:create_environment_hook('harvest_vision', 'pythonpath')
[1.988s] INFO:colcon.colcon_core.shell:Creating environment hook '/home/imml/git/research_2025/apple-harvest-eva/install/harvest_vision/share/harvest_vision/hook/pythonpath.ps1'
[1.989s] INFO:colcon.colcon_core.shell:Creating environment descriptor '/home/imml/git/research_2025/apple-harvest-eva/install/harvest_vision/share/harvest_vision/hook/pythonpath.dsv'
[1.989s] INFO:colcon.colcon_core.shell:Creating environment hook '/home/imml/git/research_2025/apple-harvest-eva/install/harvest_vision/share/harvest_vision/hook/pythonpath.sh'
[1.989s] Level 1:colcon.colcon_core.environment:checking '/home/imml/git/research_2025/apple-harvest-eva/install/harvest_vision/bin'
[1.989s] Level 1:colcon.colcon_core.environment:create_environment_scripts_only(harvest_vision)
[1.990s] INFO:colcon.colcon_core.shell:Creating package script '/home/imml/git/research_2025/apple-harvest-eva/install/harvest_vision/share/harvest_vision/package.ps1'
[1.990s] INFO:colcon.colcon_core.shell:Creating package descriptor '/home/imml/git/research_2025/apple-harvest-eva/install/harvest_vision/share/harvest_vision/package.dsv'
[1.990s] INFO:colcon.colcon_core.shell:Creating package script '/home/imml/git/research_2025/apple-harvest-eva/install/harvest_vision/share/harvest_vision/package.sh'
[1.991s] INFO:colcon.colcon_core.shell:Creating package script '/home/imml/git/research_2025/apple-harvest-eva/install/harvest_vision/share/harvest_vision/package.bash'
[1.991s] INFO:colcon.colcon_core.shell:Creating package script '/home/imml/git/research_2025/apple-harvest-eva/install/harvest_vision/share/harvest_vision/package.zsh'
[1.991s] Level 1:colcon.colcon_core.environment:create_file_with_runtime_dependencies(/home/imml/git/research_2025/apple-harvest-eva/install/harvest_vision/share/colcon-core/packages/harvest_vision)
[1.992s] DEBUG:colcon.colcon_parallel_executor.executor.parallel:closing loop
[1.992s] DEBUG:colcon.colcon_parallel_executor.executor.parallel:loop closed
[1.992s] DEBUG:colcon.colcon_parallel_executor.executor.parallel:run_until_complete finished with '0'
[1.992s] DEBUG:colcon.colcon_core.event_reactor:joining thread
[1.997s] INFO:colcon.colcon_core.plugin_system:Skipping extension 'colcon_notification.desktop_notification.terminal_notifier': Not used on non-Darwin systems
[1.997s] INFO:colcon.colcon_core.plugin_system:Skipping extension 'colcon_notification.desktop_notification.win32': Not used on non-Windows systems
[1.997s] INFO:colcon.colcon_notification.desktop_notification:Sending desktop notification using 'notify2'
[2.010s] DEBUG:colcon.colcon_core.event_reactor:joined thread
[2.011s] INFO:colcon.colcon_core.shell:Creating prefix script '/home/imml/git/research_2025/apple-harvest-eva/install/local_setup.ps1'
[2.012s] INFO:colcon.colcon_core.shell:Creating prefix util module '/home/imml/git/research_2025/apple-harvest-eva/install/_local_setup_util_ps1.py'
[2.014s] INFO:colcon.colcon_core.shell:Creating prefix chain script '/home/imml/git/research_2025/apple-harvest-eva/install/setup.ps1'
[2.015s] INFO:colcon.colcon_core.shell:Creating prefix script '/home/imml/git/research_2025/apple-harvest-eva/install/local_setup.sh'
[2.015s] INFO:colcon.colcon_core.shell:Creating prefix util module '/home/imml/git/research_2025/apple-harvest-eva/install/_local_setup_util_sh.py'
[2.016s] INFO:colcon.colcon_core.shell:Creating prefix chain script '/home/imml/git/research_2025/apple-harvest-eva/install/setup.sh'
[2.017s] INFO:colcon.colcon_core.shell:Creating prefix script '/home/imml/git/research_2025/apple-harvest-eva/install/local_setup.bash'
[2.017s] INFO:colcon.colcon_core.shell:Creating prefix chain script '/home/imml/git/research_2025/apple-harvest-eva/install/setup.bash'
[2.018s] INFO:colcon.colcon_core.shell:Creating prefix script '/home/imml/git/research_2025/apple-harvest-eva/install/local_setup.zsh'
[2.018s] INFO:colcon.colcon_core.shell:Creating prefix chain script '/home/imml/git/research_2025/apple-harvest-eva/install/setup.zsh'
