[0.082s] DEBUG:colcon:Command line arguments: ['/usr/bin/colcon', 'build', '--symlink-install']
[0.082s] DEBUG:colcon:Parsed command line arguments: Namespace(log_base=None, log_level=None, verb_name='build', build_base='build', install_base='install', merge_install=False, symlink_install=True, test_result_base=None, continue_on_error=False, executor='parallel', parallel_workers=16, event_handlers=None, ignore_user_meta=False, metas=['./colcon.meta'], base_paths=['.'], packages_ignore=None, packages_ignore_regex=None, paths=None, packages_up_to=None, packages_up_to_regex=None, packages_above=None, packages_above_and_dependencies=None, packages_above_depth=None, packages_select_by_dep=None, packages_skip_by_dep=None, packages_skip_up_to=None, packages_select_build_failed=False, packages_skip_build_finished=False, packages_select_test_failures=False, packages_skip_test_passed=False, packages_select=None, packages_skip=None, packages_select_regex=None, packages_skip_regex=None, packages_start=None, packages_end=None, allow_overriding=[], cmake_args=None, cmake_target=None, cmake_target_skip_unavailable=False, cmake_clean_cache=False, cmake_clean_first=False, cmake_force_configure=False, ament_cmake_args=None, catkin_cmake_args=None, catkin_skip_building_tests=False, mixin_files=None, mixin=None, verb_parser=<colcon_mixin.mixin.mixin_argument.MixinArgumentDecorator object at 0x719672a9d690>, verb_extension=<colcon_core.verb.build.BuildVerb object at 0x719672a9d030>, main=<bound method BuildVerb.main of <colcon_core.verb.build.BuildVerb object at 0x719672a9d030>>, mixin_verb=('build',))
[0.223s] Level 1:colcon.colcon_core.package_discovery:discover_packages(colcon_meta) check parameters
[0.223s] Level 1:colcon.colcon_core.package_discovery:discover_packages(recursive) check parameters
[0.224s] Level 1:colcon.colcon_core.package_discovery:discover_packages(ignore) check parameters
[0.224s] Level 1:colcon.colcon_core.package_discovery:discover_packages(path) check parameters
[0.224s] Level 1:colcon.colcon_core.package_discovery:discover_packages(colcon_meta) discover
[0.224s] Level 1:colcon.colcon_core.package_discovery:discover_packages(recursive) discover
[0.224s] INFO:colcon.colcon_core.package_discovery:Crawling recursively for packages in '/home/imml/git/research_2025/apple-harvest-eva'
[0.224s] Level 1:colcon.colcon_core.package_identification:_identify(.) by extensions ['ignore', 'ignore_ament_install']
[0.224s] Level 1:colcon.colcon_core.package_identification:_identify(.) by extension 'ignore'
[0.224s] Level 1:colcon.colcon_core.package_identification:_identify(.) by extension 'ignore_ament_install'
[0.224s] Level 1:colcon.colcon_core.package_identification:_identify(.) by extensions ['colcon_pkg']
[0.224s] Level 1:colcon.colcon_core.package_identification:_identify(.) by extension 'colcon_pkg'
[0.224s] Level 1:colcon.colcon_core.package_identification:_identify(.) by extensions ['colcon_meta']
[0.224s] Level 1:colcon.colcon_core.package_identification:_identify(.) by extension 'colcon_meta'
[0.224s] Level 1:colcon.colcon_core.package_identification:_identify(.) by extensions ['ros']
[0.224s] Level 1:colcon.colcon_core.package_identification:_identify(.) by extension 'ros'
[0.246s] Level 1:colcon.colcon_core.package_identification:_identify(.) by extensions ['cmake', 'python']
[0.246s] Level 1:colcon.colcon_core.package_identification:_identify(.) by extension 'cmake'
[0.247s] Level 1:colcon.colcon_core.package_identification:_identify(.) by extension 'python'
[0.247s] Level 1:colcon.colcon_core.package_identification:_identify(.) by extensions ['python_setup_py']
[0.247s] Level 1:colcon.colcon_core.package_identification:_identify(.) by extension 'python_setup_py'
[0.247s] Level 1:colcon.colcon_core.package_identification:_identify(build) by extensions ['ignore', 'ignore_ament_install']
[0.247s] Level 1:colcon.colcon_core.package_identification:_identify(build) by extension 'ignore'
[0.247s] Level 1:colcon.colcon_core.package_identification:_identify(build) ignored
[0.247s] Level 1:colcon.colcon_core.package_identification:_identify(harvest) by extensions ['ignore', 'ignore_ament_install']
[0.247s] Level 1:colcon.colcon_core.package_identification:_identify(harvest) by extension 'ignore'
[0.247s] Level 1:colcon.colcon_core.package_identification:_identify(harvest) by extension 'ignore_ament_install'
[0.247s] Level 1:colcon.colcon_core.package_identification:_identify(harvest) by extensions ['colcon_pkg']
[0.247s] Level 1:colcon.colcon_core.package_identification:_identify(harvest) by extension 'colcon_pkg'
[0.247s] Level 1:colcon.colcon_core.package_identification:_identify(harvest) by extensions ['colcon_meta']
[0.247s] Level 1:colcon.colcon_core.package_identification:_identify(harvest) by extension 'colcon_meta'
[0.247s] Level 1:colcon.colcon_core.package_identification:_identify(harvest) by extensions ['ros']
[0.247s] Level 1:colcon.colcon_core.package_identification:_identify(harvest) by extension 'ros'
[0.249s] DEBUG:colcon.colcon_core.package_identification:Package 'harvest' with type 'ros.ament_cmake' and name 'harvest'
[0.249s] Level 1:colcon.colcon_core.package_identification:_identify(harvest_control) by extensions ['ignore', 'ignore_ament_install']
[0.249s] Level 1:colcon.colcon_core.package_identification:_identify(harvest_control) by extension 'ignore'
[0.249s] Level 1:colcon.colcon_core.package_identification:_identify(harvest_control) by extension 'ignore_ament_install'
[0.249s] Level 1:colcon.colcon_core.package_identification:_identify(harvest_control) by extensions ['colcon_pkg']
[0.250s] Level 1:colcon.colcon_core.package_identification:_identify(harvest_control) by extension 'colcon_pkg'
[0.250s] Level 1:colcon.colcon_core.package_identification:_identify(harvest_control) by extensions ['colcon_meta']
[0.250s] Level 1:colcon.colcon_core.package_identification:_identify(harvest_control) by extension 'colcon_meta'
[0.250s] Level 1:colcon.colcon_core.package_identification:_identify(harvest_control) by extensions ['ros']
[0.250s] Level 1:colcon.colcon_core.package_identification:_identify(harvest_control) by extension 'ros'
[0.250s] DEBUG:colcon.colcon_core.package_identification:Package 'harvest_control' with type 'ros.ament_cmake' and name 'harvest_control'
[0.251s] Level 1:colcon.colcon_core.package_identification:_identify(harvest_hardware) by extensions ['ignore', 'ignore_ament_install']
[0.251s] Level 1:colcon.colcon_core.package_identification:_identify(harvest_hardware) by extension 'ignore'
[0.251s] Level 1:colcon.colcon_core.package_identification:_identify(harvest_hardware) by extension 'ignore_ament_install'
[0.251s] Level 1:colcon.colcon_core.package_identification:_identify(harvest_hardware) by extensions ['colcon_pkg']
[0.251s] Level 1:colcon.colcon_core.package_identification:_identify(harvest_hardware) by extension 'colcon_pkg'
[0.251s] Level 1:colcon.colcon_core.package_identification:_identify(harvest_hardware) by extensions ['colcon_meta']
[0.251s] Level 1:colcon.colcon_core.package_identification:_identify(harvest_hardware) by extension 'colcon_meta'
[0.251s] Level 1:colcon.colcon_core.package_identification:_identify(harvest_hardware) by extensions ['ros']
[0.251s] Level 1:colcon.colcon_core.package_identification:_identify(harvest_hardware) by extension 'ros'
[0.251s] Level 1:colcon.colcon_core.package_identification:_identify(harvest_hardware) by extensions ['cmake', 'python']
[0.251s] Level 1:colcon.colcon_core.package_identification:_identify(harvest_hardware) by extension 'cmake'
[0.251s] Level 1:colcon.colcon_core.package_identification:_identify(harvest_hardware) by extension 'python'
[0.251s] Level 1:colcon.colcon_core.package_identification:_identify(harvest_hardware) by extensions ['python_setup_py']
[0.251s] Level 1:colcon.colcon_core.package_identification:_identify(harvest_hardware) by extension 'python_setup_py'
[0.251s] Level 1:colcon.colcon_core.package_identification:_identify(harvest_hardware/Universal_Robots_ROS2_Description) by extensions ['ignore', 'ignore_ament_install']
[0.251s] Level 1:colcon.colcon_core.package_identification:_identify(harvest_hardware/Universal_Robots_ROS2_Description) by extension 'ignore'
[0.251s] Level 1:colcon.colcon_core.package_identification:_identify(harvest_hardware/Universal_Robots_ROS2_Description) by extension 'ignore_ament_install'
[0.251s] Level 1:colcon.colcon_core.package_identification:_identify(harvest_hardware/Universal_Robots_ROS2_Description) by extensions ['colcon_pkg']
[0.251s] Level 1:colcon.colcon_core.package_identification:_identify(harvest_hardware/Universal_Robots_ROS2_Description) by extension 'colcon_pkg'
[0.251s] Level 1:colcon.colcon_core.package_identification:_identify(harvest_hardware/Universal_Robots_ROS2_Description) by extensions ['colcon_meta']
[0.251s] Level 1:colcon.colcon_core.package_identification:_identify(harvest_hardware/Universal_Robots_ROS2_Description) by extension 'colcon_meta'
[0.251s] Level 1:colcon.colcon_core.package_identification:_identify(harvest_hardware/Universal_Robots_ROS2_Description) by extensions ['ros']
[0.251s] Level 1:colcon.colcon_core.package_identification:_identify(harvest_hardware/Universal_Robots_ROS2_Description) by extension 'ros'
[0.252s] DEBUG:colcon.colcon_core.package_identification:Package 'harvest_hardware/Universal_Robots_ROS2_Description' with type 'ros.ament_cmake' and name 'ur_description'
[0.252s] Level 1:colcon.colcon_core.package_identification:_identify(harvest_hardware/Universal_Robots_ROS2_Driver) by extensions ['ignore', 'ignore_ament_install']
[0.253s] Level 1:colcon.colcon_core.package_identification:_identify(harvest_hardware/Universal_Robots_ROS2_Driver) by extension 'ignore'
[0.253s] Level 1:colcon.colcon_core.package_identification:_identify(harvest_hardware/Universal_Robots_ROS2_Driver) by extension 'ignore_ament_install'
[0.253s] Level 1:colcon.colcon_core.package_identification:_identify(harvest_hardware/Universal_Robots_ROS2_Driver) by extensions ['colcon_pkg']
[0.253s] Level 1:colcon.colcon_core.package_identification:_identify(harvest_hardware/Universal_Robots_ROS2_Driver) by extension 'colcon_pkg'
[0.253s] Level 1:colcon.colcon_core.package_identification:_identify(harvest_hardware/Universal_Robots_ROS2_Driver) by extensions ['colcon_meta']
[0.253s] Level 1:colcon.colcon_core.package_identification:_identify(harvest_hardware/Universal_Robots_ROS2_Driver) by extension 'colcon_meta'
[0.253s] Level 1:colcon.colcon_core.package_identification:_identify(harvest_hardware/Universal_Robots_ROS2_Driver) by extensions ['ros']
[0.253s] Level 1:colcon.colcon_core.package_identification:_identify(harvest_hardware/Universal_Robots_ROS2_Driver) by extension 'ros'
[0.253s] Level 1:colcon.colcon_core.package_identification:_identify(harvest_hardware/Universal_Robots_ROS2_Driver) by extensions ['cmake', 'python']
[0.253s] Level 1:colcon.colcon_core.package_identification:_identify(harvest_hardware/Universal_Robots_ROS2_Driver) by extension 'cmake'
[0.253s] Level 1:colcon.colcon_core.package_identification:_identify(harvest_hardware/Universal_Robots_ROS2_Driver) by extension 'python'
[0.253s] Level 1:colcon.colcon_core.package_identification:_identify(harvest_hardware/Universal_Robots_ROS2_Driver) by extensions ['python_setup_py']
[0.253s] Level 1:colcon.colcon_core.package_identification:_identify(harvest_hardware/Universal_Robots_ROS2_Driver) by extension 'python_setup_py'
[0.253s] Level 1:colcon.colcon_core.package_identification:_identify(harvest_hardware/Universal_Robots_ROS2_Driver/ur) by extensions ['ignore', 'ignore_ament_install']
[0.253s] Level 1:colcon.colcon_core.package_identification:_identify(harvest_hardware/Universal_Robots_ROS2_Driver/ur) by extension 'ignore'
[0.253s] Level 1:colcon.colcon_core.package_identification:_identify(harvest_hardware/Universal_Robots_ROS2_Driver/ur) by extension 'ignore_ament_install'
[0.253s] Level 1:colcon.colcon_core.package_identification:_identify(harvest_hardware/Universal_Robots_ROS2_Driver/ur) by extensions ['colcon_pkg']
[0.253s] Level 1:colcon.colcon_core.package_identification:_identify(harvest_hardware/Universal_Robots_ROS2_Driver/ur) by extension 'colcon_pkg'
[0.253s] Level 1:colcon.colcon_core.package_identification:_identify(harvest_hardware/Universal_Robots_ROS2_Driver/ur) by extensions ['colcon_meta']
[0.253s] Level 1:colcon.colcon_core.package_identification:_identify(harvest_hardware/Universal_Robots_ROS2_Driver/ur) by extension 'colcon_meta'
[0.253s] Level 1:colcon.colcon_core.package_identification:_identify(harvest_hardware/Universal_Robots_ROS2_Driver/ur) by extensions ['ros']
[0.253s] Level 1:colcon.colcon_core.package_identification:_identify(harvest_hardware/Universal_Robots_ROS2_Driver/ur) by extension 'ros'
[0.254s] DEBUG:colcon.colcon_core.package_identification:Package 'harvest_hardware/Universal_Robots_ROS2_Driver/ur' with type 'ros.ament_cmake' and name 'ur'
[0.254s] Level 1:colcon.colcon_core.package_identification:_identify(harvest_hardware/Universal_Robots_ROS2_Driver/ur_bringup) by extensions ['ignore', 'ignore_ament_install']
[0.254s] Level 1:colcon.colcon_core.package_identification:_identify(harvest_hardware/Universal_Robots_ROS2_Driver/ur_bringup) by extension 'ignore'
[0.254s] Level 1:colcon.colcon_core.package_identification:_identify(harvest_hardware/Universal_Robots_ROS2_Driver/ur_bringup) by extension 'ignore_ament_install'
[0.254s] Level 1:colcon.colcon_core.package_identification:_identify(harvest_hardware/Universal_Robots_ROS2_Driver/ur_bringup) by extensions ['colcon_pkg']
[0.254s] Level 1:colcon.colcon_core.package_identification:_identify(harvest_hardware/Universal_Robots_ROS2_Driver/ur_bringup) by extension 'colcon_pkg'
[0.254s] Level 1:colcon.colcon_core.package_identification:_identify(harvest_hardware/Universal_Robots_ROS2_Driver/ur_bringup) by extensions ['colcon_meta']
[0.254s] Level 1:colcon.colcon_core.package_identification:_identify(harvest_hardware/Universal_Robots_ROS2_Driver/ur_bringup) by extension 'colcon_meta'
[0.254s] Level 1:colcon.colcon_core.package_identification:_identify(harvest_hardware/Universal_Robots_ROS2_Driver/ur_bringup) by extensions ['ros']
[0.254s] Level 1:colcon.colcon_core.package_identification:_identify(harvest_hardware/Universal_Robots_ROS2_Driver/ur_bringup) by extension 'ros'
[0.255s] DEBUG:colcon.colcon_core.package_identification:Package 'harvest_hardware/Universal_Robots_ROS2_Driver/ur_bringup' with type 'ros.ament_cmake' and name 'ur_bringup'
[0.255s] Level 1:colcon.colcon_core.package_identification:_identify(harvest_hardware/Universal_Robots_ROS2_Driver/ur_calibration) by extensions ['ignore', 'ignore_ament_install']
[0.255s] Level 1:colcon.colcon_core.package_identification:_identify(harvest_hardware/Universal_Robots_ROS2_Driver/ur_calibration) by extension 'ignore'
[0.255s] Level 1:colcon.colcon_core.package_identification:_identify(harvest_hardware/Universal_Robots_ROS2_Driver/ur_calibration) by extension 'ignore_ament_install'
[0.255s] Level 1:colcon.colcon_core.package_identification:_identify(harvest_hardware/Universal_Robots_ROS2_Driver/ur_calibration) by extensions ['colcon_pkg']
[0.255s] Level 1:colcon.colcon_core.package_identification:_identify(harvest_hardware/Universal_Robots_ROS2_Driver/ur_calibration) by extension 'colcon_pkg'
[0.255s] Level 1:colcon.colcon_core.package_identification:_identify(harvest_hardware/Universal_Robots_ROS2_Driver/ur_calibration) by extensions ['colcon_meta']
[0.255s] Level 1:colcon.colcon_core.package_identification:_identify(harvest_hardware/Universal_Robots_ROS2_Driver/ur_calibration) by extension 'colcon_meta'
[0.255s] Level 1:colcon.colcon_core.package_identification:_identify(harvest_hardware/Universal_Robots_ROS2_Driver/ur_calibration) by extensions ['ros']
[0.255s] Level 1:colcon.colcon_core.package_identification:_identify(harvest_hardware/Universal_Robots_ROS2_Driver/ur_calibration) by extension 'ros'
[0.256s] DEBUG:colcon.colcon_core.package_identification:Package 'harvest_hardware/Universal_Robots_ROS2_Driver/ur_calibration' with type 'ros.ament_cmake' and name 'ur_calibration'
[0.256s] Level 1:colcon.colcon_core.package_identification:_identify(harvest_hardware/Universal_Robots_ROS2_Driver/ur_controllers) by extensions ['ignore', 'ignore_ament_install']
[0.256s] Level 1:colcon.colcon_core.package_identification:_identify(harvest_hardware/Universal_Robots_ROS2_Driver/ur_controllers) by extension 'ignore'
[0.256s] Level 1:colcon.colcon_core.package_identification:_identify(harvest_hardware/Universal_Robots_ROS2_Driver/ur_controllers) by extension 'ignore_ament_install'
[0.256s] Level 1:colcon.colcon_core.package_identification:_identify(harvest_hardware/Universal_Robots_ROS2_Driver/ur_controllers) by extensions ['colcon_pkg']
[0.256s] Level 1:colcon.colcon_core.package_identification:_identify(harvest_hardware/Universal_Robots_ROS2_Driver/ur_controllers) by extension 'colcon_pkg'
[0.256s] Level 1:colcon.colcon_core.package_identification:_identify(harvest_hardware/Universal_Robots_ROS2_Driver/ur_controllers) by extensions ['colcon_meta']
[0.256s] Level 1:colcon.colcon_core.package_identification:_identify(harvest_hardware/Universal_Robots_ROS2_Driver/ur_controllers) by extension 'colcon_meta'
[0.256s] Level 1:colcon.colcon_core.package_identification:_identify(harvest_hardware/Universal_Robots_ROS2_Driver/ur_controllers) by extensions ['ros']
[0.256s] Level 1:colcon.colcon_core.package_identification:_identify(harvest_hardware/Universal_Robots_ROS2_Driver/ur_controllers) by extension 'ros'
[0.257s] DEBUG:colcon.colcon_core.package_identification:Package 'harvest_hardware/Universal_Robots_ROS2_Driver/ur_controllers' with type 'ros.ament_cmake' and name 'ur_controllers'
[0.257s] Level 1:colcon.colcon_core.package_identification:_identify(harvest_hardware/Universal_Robots_ROS2_Driver/ur_dashboard_msgs) by extensions ['ignore', 'ignore_ament_install']
[0.257s] Level 1:colcon.colcon_core.package_identification:_identify(harvest_hardware/Universal_Robots_ROS2_Driver/ur_dashboard_msgs) by extension 'ignore'
[0.257s] Level 1:colcon.colcon_core.package_identification:_identify(harvest_hardware/Universal_Robots_ROS2_Driver/ur_dashboard_msgs) by extension 'ignore_ament_install'
[0.257s] Level 1:colcon.colcon_core.package_identification:_identify(harvest_hardware/Universal_Robots_ROS2_Driver/ur_dashboard_msgs) by extensions ['colcon_pkg']
[0.257s] Level 1:colcon.colcon_core.package_identification:_identify(harvest_hardware/Universal_Robots_ROS2_Driver/ur_dashboard_msgs) by extension 'colcon_pkg'
[0.257s] Level 1:colcon.colcon_core.package_identification:_identify(harvest_hardware/Universal_Robots_ROS2_Driver/ur_dashboard_msgs) by extensions ['colcon_meta']
[0.257s] Level 1:colcon.colcon_core.package_identification:_identify(harvest_hardware/Universal_Robots_ROS2_Driver/ur_dashboard_msgs) by extension 'colcon_meta'
[0.257s] Level 1:colcon.colcon_core.package_identification:_identify(harvest_hardware/Universal_Robots_ROS2_Driver/ur_dashboard_msgs) by extensions ['ros']
[0.257s] Level 1:colcon.colcon_core.package_identification:_identify(harvest_hardware/Universal_Robots_ROS2_Driver/ur_dashboard_msgs) by extension 'ros'
[0.258s] DEBUG:colcon.colcon_core.package_identification:Package 'harvest_hardware/Universal_Robots_ROS2_Driver/ur_dashboard_msgs' with type 'ros.ament_cmake' and name 'ur_dashboard_msgs'
[0.258s] Level 1:colcon.colcon_core.package_identification:_identify(harvest_hardware/Universal_Robots_ROS2_Driver/ur_moveit_config) by extensions ['ignore', 'ignore_ament_install']
[0.258s] Level 1:colcon.colcon_core.package_identification:_identify(harvest_hardware/Universal_Robots_ROS2_Driver/ur_moveit_config) by extension 'ignore'
[0.258s] Level 1:colcon.colcon_core.package_identification:_identify(harvest_hardware/Universal_Robots_ROS2_Driver/ur_moveit_config) by extension 'ignore_ament_install'
[0.258s] Level 1:colcon.colcon_core.package_identification:_identify(harvest_hardware/Universal_Robots_ROS2_Driver/ur_moveit_config) by extensions ['colcon_pkg']
[0.258s] Level 1:colcon.colcon_core.package_identification:_identify(harvest_hardware/Universal_Robots_ROS2_Driver/ur_moveit_config) by extension 'colcon_pkg'
[0.258s] Level 1:colcon.colcon_core.package_identification:_identify(harvest_hardware/Universal_Robots_ROS2_Driver/ur_moveit_config) by extensions ['colcon_meta']
[0.258s] Level 1:colcon.colcon_core.package_identification:_identify(harvest_hardware/Universal_Robots_ROS2_Driver/ur_moveit_config) by extension 'colcon_meta'
[0.258s] Level 1:colcon.colcon_core.package_identification:_identify(harvest_hardware/Universal_Robots_ROS2_Driver/ur_moveit_config) by extensions ['ros']
[0.258s] Level 1:colcon.colcon_core.package_identification:_identify(harvest_hardware/Universal_Robots_ROS2_Driver/ur_moveit_config) by extension 'ros'
[0.259s] DEBUG:colcon.colcon_core.package_identification:Package 'harvest_hardware/Universal_Robots_ROS2_Driver/ur_moveit_config' with type 'ros.ament_cmake' and name 'ur_moveit_config'
[0.259s] Level 1:colcon.colcon_core.package_identification:_identify(harvest_hardware/Universal_Robots_ROS2_Driver/ur_robot_driver) by extensions ['ignore', 'ignore_ament_install']
[0.259s] Level 1:colcon.colcon_core.package_identification:_identify(harvest_hardware/Universal_Robots_ROS2_Driver/ur_robot_driver) by extension 'ignore'
[0.259s] Level 1:colcon.colcon_core.package_identification:_identify(harvest_hardware/Universal_Robots_ROS2_Driver/ur_robot_driver) by extension 'ignore_ament_install'
[0.259s] Level 1:colcon.colcon_core.package_identification:_identify(harvest_hardware/Universal_Robots_ROS2_Driver/ur_robot_driver) by extensions ['colcon_pkg']
[0.259s] Level 1:colcon.colcon_core.package_identification:_identify(harvest_hardware/Universal_Robots_ROS2_Driver/ur_robot_driver) by extension 'colcon_pkg'
[0.259s] Level 1:colcon.colcon_core.package_identification:_identify(harvest_hardware/Universal_Robots_ROS2_Driver/ur_robot_driver) by extensions ['colcon_meta']
[0.259s] Level 1:colcon.colcon_core.package_identification:_identify(harvest_hardware/Universal_Robots_ROS2_Driver/ur_robot_driver) by extension 'colcon_meta'
[0.259s] Level 1:colcon.colcon_core.package_identification:_identify(harvest_hardware/Universal_Robots_ROS2_Driver/ur_robot_driver) by extensions ['ros']
[0.259s] Level 1:colcon.colcon_core.package_identification:_identify(harvest_hardware/Universal_Robots_ROS2_Driver/ur_robot_driver) by extension 'ros'
[0.261s] DEBUG:colcon.colcon_core.package_identification:Package 'harvest_hardware/Universal_Robots_ROS2_Driver/ur_robot_driver' with type 'ros.ament_cmake' and name 'ur_robot_driver'
[0.261s] Level 1:colcon.colcon_core.package_identification:_identify(harvest_hardware/realsense-ros) by extensions ['ignore', 'ignore_ament_install']
[0.261s] Level 1:colcon.colcon_core.package_identification:_identify(harvest_hardware/realsense-ros) by extension 'ignore'
[0.261s] Level 1:colcon.colcon_core.package_identification:_identify(harvest_hardware/realsense-ros) by extension 'ignore_ament_install'
[0.261s] Level 1:colcon.colcon_core.package_identification:_identify(harvest_hardware/realsense-ros) by extensions ['colcon_pkg']
[0.261s] Level 1:colcon.colcon_core.package_identification:_identify(harvest_hardware/realsense-ros) by extension 'colcon_pkg'
[0.261s] Level 1:colcon.colcon_core.package_identification:_identify(harvest_hardware/realsense-ros) by extensions ['colcon_meta']
[0.261s] Level 1:colcon.colcon_core.package_identification:_identify(harvest_hardware/realsense-ros) by extension 'colcon_meta'
[0.261s] Level 1:colcon.colcon_core.package_identification:_identify(harvest_hardware/realsense-ros) by extensions ['ros']
[0.261s] Level 1:colcon.colcon_core.package_identification:_identify(harvest_hardware/realsense-ros) by extension 'ros'
[0.261s] Level 1:colcon.colcon_core.package_identification:_identify(harvest_hardware/realsense-ros) by extensions ['cmake', 'python']
[0.261s] Level 1:colcon.colcon_core.package_identification:_identify(harvest_hardware/realsense-ros) by extension 'cmake'
[0.261s] Level 1:colcon.colcon_core.package_identification:_identify(harvest_hardware/realsense-ros) by extension 'python'
[0.261s] Level 1:colcon.colcon_core.package_identification:_identify(harvest_hardware/realsense-ros) by extensions ['python_setup_py']
[0.261s] Level 1:colcon.colcon_core.package_identification:_identify(harvest_hardware/realsense-ros) by extension 'python_setup_py'
[0.261s] Level 1:colcon.colcon_core.package_identification:_identify(harvest_hardware/realsense-ros/realsense2_camera) by extensions ['ignore', 'ignore_ament_install']
[0.261s] Level 1:colcon.colcon_core.package_identification:_identify(harvest_hardware/realsense-ros/realsense2_camera) by extension 'ignore'
[0.261s] Level 1:colcon.colcon_core.package_identification:_identify(harvest_hardware/realsense-ros/realsense2_camera) by extension 'ignore_ament_install'
[0.261s] Level 1:colcon.colcon_core.package_identification:_identify(harvest_hardware/realsense-ros/realsense2_camera) by extensions ['colcon_pkg']
[0.261s] Level 1:colcon.colcon_core.package_identification:_identify(harvest_hardware/realsense-ros/realsense2_camera) by extension 'colcon_pkg'
[0.261s] Level 1:colcon.colcon_core.package_identification:_identify(harvest_hardware/realsense-ros/realsense2_camera) by extensions ['colcon_meta']
[0.261s] Level 1:colcon.colcon_core.package_identification:_identify(harvest_hardware/realsense-ros/realsense2_camera) by extension 'colcon_meta'
[0.261s] Level 1:colcon.colcon_core.package_identification:_identify(harvest_hardware/realsense-ros/realsense2_camera) by extensions ['ros']
[0.261s] Level 1:colcon.colcon_core.package_identification:_identify(harvest_hardware/realsense-ros/realsense2_camera) by extension 'ros'
[0.266s] DEBUG:colcon.colcon_core.package_identification:Package 'harvest_hardware/realsense-ros/realsense2_camera' with type 'ros.ament_cmake' and name 'realsense2_camera'
[0.266s] Level 1:colcon.colcon_core.package_identification:_identify(harvest_hardware/realsense-ros/realsense2_camera_msgs) by extensions ['ignore', 'ignore_ament_install']
[0.266s] Level 1:colcon.colcon_core.package_identification:_identify(harvest_hardware/realsense-ros/realsense2_camera_msgs) by extension 'ignore'
[0.266s] Level 1:colcon.colcon_core.package_identification:_identify(harvest_hardware/realsense-ros/realsense2_camera_msgs) by extension 'ignore_ament_install'
[0.266s] Level 1:colcon.colcon_core.package_identification:_identify(harvest_hardware/realsense-ros/realsense2_camera_msgs) by extensions ['colcon_pkg']
[0.266s] Level 1:colcon.colcon_core.package_identification:_identify(harvest_hardware/realsense-ros/realsense2_camera_msgs) by extension 'colcon_pkg'
[0.266s] Level 1:colcon.colcon_core.package_identification:_identify(harvest_hardware/realsense-ros/realsense2_camera_msgs) by extensions ['colcon_meta']
[0.266s] Level 1:colcon.colcon_core.package_identification:_identify(harvest_hardware/realsense-ros/realsense2_camera_msgs) by extension 'colcon_meta'
[0.266s] Level 1:colcon.colcon_core.package_identification:_identify(harvest_hardware/realsense-ros/realsense2_camera_msgs) by extensions ['ros']
[0.266s] Level 1:colcon.colcon_core.package_identification:_identify(harvest_hardware/realsense-ros/realsense2_camera_msgs) by extension 'ros'
[0.267s] DEBUG:colcon.colcon_core.package_identification:Package 'harvest_hardware/realsense-ros/realsense2_camera_msgs' with type 'ros.ament_cmake' and name 'realsense2_camera_msgs'
[0.267s] Level 1:colcon.colcon_core.package_identification:_identify(harvest_hardware/realsense-ros/realsense2_description) by extensions ['ignore', 'ignore_ament_install']
[0.267s] Level 1:colcon.colcon_core.package_identification:_identify(harvest_hardware/realsense-ros/realsense2_description) by extension 'ignore'
[0.267s] Level 1:colcon.colcon_core.package_identification:_identify(harvest_hardware/realsense-ros/realsense2_description) by extension 'ignore_ament_install'
[0.267s] Level 1:colcon.colcon_core.package_identification:_identify(harvest_hardware/realsense-ros/realsense2_description) by extensions ['colcon_pkg']
[0.267s] Level 1:colcon.colcon_core.package_identification:_identify(harvest_hardware/realsense-ros/realsense2_description) by extension 'colcon_pkg'
[0.267s] Level 1:colcon.colcon_core.package_identification:_identify(harvest_hardware/realsense-ros/realsense2_description) by extensions ['colcon_meta']
[0.267s] Level 1:colcon.colcon_core.package_identification:_identify(harvest_hardware/realsense-ros/realsense2_description) by extension 'colcon_meta'
[0.267s] Level 1:colcon.colcon_core.package_identification:_identify(harvest_hardware/realsense-ros/realsense2_description) by extensions ['ros']
[0.267s] Level 1:colcon.colcon_core.package_identification:_identify(harvest_hardware/realsense-ros/realsense2_description) by extension 'ros'
[0.268s] DEBUG:colcon.colcon_core.package_identification:Package 'harvest_hardware/realsense-ros/realsense2_description' with type 'ros.ament_cmake' and name 'realsense2_description'
[0.268s] Level 1:colcon.colcon_core.package_identification:_identify(harvest_hardware/realsense-ros/scripts) by extensions ['ignore', 'ignore_ament_install']
[0.268s] Level 1:colcon.colcon_core.package_identification:_identify(harvest_hardware/realsense-ros/scripts) by extension 'ignore'
[0.268s] Level 1:colcon.colcon_core.package_identification:_identify(harvest_hardware/realsense-ros/scripts) by extension 'ignore_ament_install'
[0.268s] Level 1:colcon.colcon_core.package_identification:_identify(harvest_hardware/realsense-ros/scripts) by extensions ['colcon_pkg']
[0.268s] Level 1:colcon.colcon_core.package_identification:_identify(harvest_hardware/realsense-ros/scripts) by extension 'colcon_pkg'
[0.268s] Level 1:colcon.colcon_core.package_identification:_identify(harvest_hardware/realsense-ros/scripts) by extensions ['colcon_meta']
[0.268s] Level 1:colcon.colcon_core.package_identification:_identify(harvest_hardware/realsense-ros/scripts) by extension 'colcon_meta'
[0.268s] Level 1:colcon.colcon_core.package_identification:_identify(harvest_hardware/realsense-ros/scripts) by extensions ['ros']
[0.268s] Level 1:colcon.colcon_core.package_identification:_identify(harvest_hardware/realsense-ros/scripts) by extension 'ros'
[0.268s] Level 1:colcon.colcon_core.package_identification:_identify(harvest_hardware/realsense-ros/scripts) by extensions ['cmake', 'python']
[0.268s] Level 1:colcon.colcon_core.package_identification:_identify(harvest_hardware/realsense-ros/scripts) by extension 'cmake'
[0.268s] Level 1:colcon.colcon_core.package_identification:_identify(harvest_hardware/realsense-ros/scripts) by extension 'python'
[0.268s] Level 1:colcon.colcon_core.package_identification:_identify(harvest_hardware/realsense-ros/scripts) by extensions ['python_setup_py']
[0.268s] Level 1:colcon.colcon_core.package_identification:_identify(harvest_hardware/realsense-ros/scripts) by extension 'python_setup_py'
[0.268s] Level 1:colcon.colcon_core.package_identification:_identify(harvest_hardware/ur5e_custom_hardware) by extensions ['ignore', 'ignore_ament_install']
[0.268s] Level 1:colcon.colcon_core.package_identification:_identify(harvest_hardware/ur5e_custom_hardware) by extension 'ignore'
[0.268s] Level 1:colcon.colcon_core.package_identification:_identify(harvest_hardware/ur5e_custom_hardware) by extension 'ignore_ament_install'
[0.269s] Level 1:colcon.colcon_core.package_identification:_identify(harvest_hardware/ur5e_custom_hardware) by extensions ['colcon_pkg']
[0.269s] Level 1:colcon.colcon_core.package_identification:_identify(harvest_hardware/ur5e_custom_hardware) by extension 'colcon_pkg'
[0.269s] Level 1:colcon.colcon_core.package_identification:_identify(harvest_hardware/ur5e_custom_hardware) by extensions ['colcon_meta']
[0.269s] Level 1:colcon.colcon_core.package_identification:_identify(harvest_hardware/ur5e_custom_hardware) by extension 'colcon_meta'
[0.269s] Level 1:colcon.colcon_core.package_identification:_identify(harvest_hardware/ur5e_custom_hardware) by extensions ['ros']
[0.269s] Level 1:colcon.colcon_core.package_identification:_identify(harvest_hardware/ur5e_custom_hardware) by extension 'ros'
[0.269s] DEBUG:colcon.colcon_core.package_identification:Package 'harvest_hardware/ur5e_custom_hardware' with type 'ros.ament_python' and name 'ur5e_custom_hardware'
[0.269s] Level 1:colcon.colcon_core.package_identification:_identify(harvest_interfaces) by extensions ['ignore', 'ignore_ament_install']
[0.269s] Level 1:colcon.colcon_core.package_identification:_identify(harvest_interfaces) by extension 'ignore'
[0.269s] Level 1:colcon.colcon_core.package_identification:_identify(harvest_interfaces) by extension 'ignore_ament_install'
[0.269s] Level 1:colcon.colcon_core.package_identification:_identify(harvest_interfaces) by extensions ['colcon_pkg']
[0.269s] Level 1:colcon.colcon_core.package_identification:_identify(harvest_interfaces) by extension 'colcon_pkg'
[0.270s] Level 1:colcon.colcon_core.package_identification:_identify(harvest_interfaces) by extensions ['colcon_meta']
[0.270s] Level 1:colcon.colcon_core.package_identification:_identify(harvest_interfaces) by extension 'colcon_meta'
[0.270s] Level 1:colcon.colcon_core.package_identification:_identify(harvest_interfaces) by extensions ['ros']
[0.270s] Level 1:colcon.colcon_core.package_identification:_identify(harvest_interfaces) by extension 'ros'
[0.270s] DEBUG:colcon.colcon_core.package_identification:Package 'harvest_interfaces' with type 'ros.ament_cmake' and name 'harvest_interfaces'
[0.270s] Level 1:colcon.colcon_core.package_identification:_identify(harvest_vision) by extensions ['ignore', 'ignore_ament_install']
[0.270s] Level 1:colcon.colcon_core.package_identification:_identify(harvest_vision) by extension 'ignore'
[0.270s] Level 1:colcon.colcon_core.package_identification:_identify(harvest_vision) by extension 'ignore_ament_install'
[0.270s] Level 1:colcon.colcon_core.package_identification:_identify(harvest_vision) by extensions ['colcon_pkg']
[0.270s] Level 1:colcon.colcon_core.package_identification:_identify(harvest_vision) by extension 'colcon_pkg'
[0.270s] Level 1:colcon.colcon_core.package_identification:_identify(harvest_vision) by extensions ['colcon_meta']
[0.270s] Level 1:colcon.colcon_core.package_identification:_identify(harvest_vision) by extension 'colcon_meta'
[0.270s] Level 1:colcon.colcon_core.package_identification:_identify(harvest_vision) by extensions ['ros']
[0.270s] Level 1:colcon.colcon_core.package_identification:_identify(harvest_vision) by extension 'ros'
[0.271s] DEBUG:colcon.colcon_core.package_identification:Package 'harvest_vision' with type 'ros.ament_python' and name 'harvest_vision'
[0.271s] Level 1:colcon.colcon_core.package_identification:_identify(install) by extensions ['ignore', 'ignore_ament_install']
[0.271s] Level 1:colcon.colcon_core.package_identification:_identify(install) by extension 'ignore'
[0.271s] Level 1:colcon.colcon_core.package_identification:_identify(install) ignored
[0.271s] Level 1:colcon.colcon_core.package_identification:_identify(log) by extensions ['ignore', 'ignore_ament_install']
[0.271s] Level 1:colcon.colcon_core.package_identification:_identify(log) by extension 'ignore'
[0.271s] Level 1:colcon.colcon_core.package_identification:_identify(log) ignored
[0.272s] Level 1:colcon.colcon_core.package_discovery:discover_packages(recursive) using defaults
[0.272s] Level 1:colcon.colcon_core.package_discovery:discover_packages(ignore) discover
[0.272s] Level 1:colcon.colcon_core.package_discovery:discover_packages(ignore) using defaults
[0.272s] Level 1:colcon.colcon_core.package_discovery:discover_packages(path) discover
[0.272s] Level 1:colcon.colcon_core.package_discovery:discover_packages(path) using defaults
[0.289s] Level 1:colcon.colcon_core.package_discovery:discover_packages(prefix_path) check parameters
[0.289s] Level 1:colcon.colcon_core.package_discovery:discover_packages(prefix_path) discover
[0.291s] DEBUG:colcon.colcon_installed_package_information.package_discovery:Found 16 installed packages in /home/imml/git/research_2025/apple-harvest-eva/install
[0.292s] DEBUG:colcon.colcon_installed_package_information.package_discovery:Found 399 installed packages in /opt/ros/humble
[0.294s] Level 1:colcon.colcon_core.package_discovery:discover_packages(prefix_path) using defaults
[0.327s] Level 5:colcon.colcon_core.verb:set package 'harvest_interfaces' build argument 'cmake_args' from command line to 'None'
[0.327s] Level 5:colcon.colcon_core.verb:set package 'harvest_interfaces' build argument 'cmake_target' from command line to 'None'
[0.327s] Level 5:colcon.colcon_core.verb:set package 'harvest_interfaces' build argument 'cmake_target_skip_unavailable' from command line to 'False'
[0.327s] Level 5:colcon.colcon_core.verb:set package 'harvest_interfaces' build argument 'cmake_clean_cache' from command line to 'False'
[0.327s] Level 5:colcon.colcon_core.verb:set package 'harvest_interfaces' build argument 'cmake_clean_first' from command line to 'False'
[0.328s] Level 5:colcon.colcon_core.verb:set package 'harvest_interfaces' build argument 'cmake_force_configure' from command line to 'False'
[0.328s] Level 5:colcon.colcon_core.verb:set package 'harvest_interfaces' build argument 'ament_cmake_args' from command line to 'None'
[0.328s] Level 5:colcon.colcon_core.verb:set package 'harvest_interfaces' build argument 'catkin_cmake_args' from command line to 'None'
[0.328s] Level 5:colcon.colcon_core.verb:set package 'harvest_interfaces' build argument 'catkin_skip_building_tests' from command line to 'False'
[0.328s] DEBUG:colcon.colcon_core.verb:Building package 'harvest_interfaces' with the following arguments: {'ament_cmake_args': None, 'build_base': '/home/imml/git/research_2025/apple-harvest-eva/build/harvest_interfaces', 'catkin_cmake_args': None, 'catkin_skip_building_tests': False, 'cmake_args': None, 'cmake_clean_cache': False, 'cmake_clean_first': False, 'cmake_force_configure': False, 'cmake_target': None, 'cmake_target_skip_unavailable': False, 'install_base': '/home/imml/git/research_2025/apple-harvest-eva/install/harvest_interfaces', 'merge_install': False, 'path': '/home/imml/git/research_2025/apple-harvest-eva/harvest_interfaces', 'symlink_install': True, 'test_result_base': None}
[0.328s] Level 5:colcon.colcon_core.verb:set package 'realsense2_camera_msgs' build argument 'cmake_args' from command line to 'None'
[0.328s] Level 5:colcon.colcon_core.verb:set package 'realsense2_camera_msgs' build argument 'cmake_target' from command line to 'None'
[0.328s] Level 5:colcon.colcon_core.verb:set package 'realsense2_camera_msgs' build argument 'cmake_target_skip_unavailable' from command line to 'False'
[0.328s] Level 5:colcon.colcon_core.verb:set package 'realsense2_camera_msgs' build argument 'cmake_clean_cache' from command line to 'False'
[0.328s] Level 5:colcon.colcon_core.verb:set package 'realsense2_camera_msgs' build argument 'cmake_clean_first' from command line to 'False'
[0.328s] Level 5:colcon.colcon_core.verb:set package 'realsense2_camera_msgs' build argument 'cmake_force_configure' from command line to 'False'
[0.328s] Level 5:colcon.colcon_core.verb:set package 'realsense2_camera_msgs' build argument 'ament_cmake_args' from command line to 'None'
[0.328s] Level 5:colcon.colcon_core.verb:set package 'realsense2_camera_msgs' build argument 'catkin_cmake_args' from command line to 'None'
[0.328s] Level 5:colcon.colcon_core.verb:set package 'realsense2_camera_msgs' build argument 'catkin_skip_building_tests' from command line to 'False'
[0.328s] DEBUG:colcon.colcon_core.verb:Building package 'realsense2_camera_msgs' with the following arguments: {'ament_cmake_args': None, 'build_base': '/home/imml/git/research_2025/apple-harvest-eva/build/realsense2_camera_msgs', 'catkin_cmake_args': None, 'catkin_skip_building_tests': False, 'cmake_args': None, 'cmake_clean_cache': False, 'cmake_clean_first': False, 'cmake_force_configure': False, 'cmake_target': None, 'cmake_target_skip_unavailable': False, 'install_base': '/home/imml/git/research_2025/apple-harvest-eva/install/realsense2_camera_msgs', 'merge_install': False, 'path': '/home/imml/git/research_2025/apple-harvest-eva/harvest_hardware/realsense-ros/realsense2_camera_msgs', 'symlink_install': True, 'test_result_base': None}
[0.328s] Level 5:colcon.colcon_core.verb:set package 'ur5e_custom_hardware' build argument 'cmake_args' from command line to 'None'
[0.328s] Level 5:colcon.colcon_core.verb:set package 'ur5e_custom_hardware' build argument 'cmake_target' from command line to 'None'
[0.328s] Level 5:colcon.colcon_core.verb:set package 'ur5e_custom_hardware' build argument 'cmake_target_skip_unavailable' from command line to 'False'
[0.328s] Level 5:colcon.colcon_core.verb:set package 'ur5e_custom_hardware' build argument 'cmake_clean_cache' from command line to 'False'
[0.328s] Level 5:colcon.colcon_core.verb:set package 'ur5e_custom_hardware' build argument 'cmake_clean_first' from command line to 'False'
[0.328s] Level 5:colcon.colcon_core.verb:set package 'ur5e_custom_hardware' build argument 'cmake_force_configure' from command line to 'False'
[0.328s] Level 5:colcon.colcon_core.verb:set package 'ur5e_custom_hardware' build argument 'ament_cmake_args' from command line to 'None'
[0.328s] Level 5:colcon.colcon_core.verb:set package 'ur5e_custom_hardware' build argument 'catkin_cmake_args' from command line to 'None'
[0.328s] Level 5:colcon.colcon_core.verb:set package 'ur5e_custom_hardware' build argument 'catkin_skip_building_tests' from command line to 'False'
[0.328s] DEBUG:colcon.colcon_core.verb:Building package 'ur5e_custom_hardware' with the following arguments: {'ament_cmake_args': None, 'build_base': '/home/imml/git/research_2025/apple-harvest-eva/build/ur5e_custom_hardware', 'catkin_cmake_args': None, 'catkin_skip_building_tests': False, 'cmake_args': None, 'cmake_clean_cache': False, 'cmake_clean_first': False, 'cmake_force_configure': False, 'cmake_target': None, 'cmake_target_skip_unavailable': False, 'install_base': '/home/imml/git/research_2025/apple-harvest-eva/install/ur5e_custom_hardware', 'merge_install': False, 'path': '/home/imml/git/research_2025/apple-harvest-eva/harvest_hardware/ur5e_custom_hardware', 'symlink_install': True, 'test_result_base': None}
[0.329s] Level 5:colcon.colcon_core.verb:set package 'ur_dashboard_msgs' build argument 'cmake_args' from command line to 'None'
[0.329s] Level 5:colcon.colcon_core.verb:set package 'ur_dashboard_msgs' build argument 'cmake_target' from command line to 'None'
[0.329s] Level 5:colcon.colcon_core.verb:set package 'ur_dashboard_msgs' build argument 'cmake_target_skip_unavailable' from command line to 'False'
[0.329s] Level 5:colcon.colcon_core.verb:set package 'ur_dashboard_msgs' build argument 'cmake_clean_cache' from command line to 'False'
[0.329s] Level 5:colcon.colcon_core.verb:set package 'ur_dashboard_msgs' build argument 'cmake_clean_first' from command line to 'False'
[0.329s] Level 5:colcon.colcon_core.verb:set package 'ur_dashboard_msgs' build argument 'cmake_force_configure' from command line to 'False'
[0.329s] Level 5:colcon.colcon_core.verb:set package 'ur_dashboard_msgs' build argument 'ament_cmake_args' from command line to 'None'
[0.329s] Level 5:colcon.colcon_core.verb:set package 'ur_dashboard_msgs' build argument 'catkin_cmake_args' from command line to 'None'
[0.329s] Level 5:colcon.colcon_core.verb:set package 'ur_dashboard_msgs' build argument 'catkin_skip_building_tests' from command line to 'False'
[0.329s] DEBUG:colcon.colcon_core.verb:Building package 'ur_dashboard_msgs' with the following arguments: {'ament_cmake_args': None, 'build_base': '/home/imml/git/research_2025/apple-harvest-eva/build/ur_dashboard_msgs', 'catkin_cmake_args': None, 'catkin_skip_building_tests': False, 'cmake_args': None, 'cmake_clean_cache': False, 'cmake_clean_first': False, 'cmake_force_configure': False, 'cmake_target': None, 'cmake_target_skip_unavailable': False, 'install_base': '/home/imml/git/research_2025/apple-harvest-eva/install/ur_dashboard_msgs', 'merge_install': False, 'path': '/home/imml/git/research_2025/apple-harvest-eva/harvest_hardware/Universal_Robots_ROS2_Driver/ur_dashboard_msgs', 'symlink_install': True, 'test_result_base': None}
[0.329s] Level 5:colcon.colcon_core.verb:set package 'ur_description' build argument 'cmake_args' from command line to 'None'
[0.329s] Level 5:colcon.colcon_core.verb:set package 'ur_description' build argument 'cmake_target' from command line to 'None'
[0.329s] Level 5:colcon.colcon_core.verb:set package 'ur_description' build argument 'cmake_target_skip_unavailable' from command line to 'False'
[0.329s] Level 5:colcon.colcon_core.verb:set package 'ur_description' build argument 'cmake_clean_cache' from command line to 'False'
[0.329s] Level 5:colcon.colcon_core.verb:set package 'ur_description' build argument 'cmake_clean_first' from command line to 'False'
[0.329s] Level 5:colcon.colcon_core.verb:set package 'ur_description' build argument 'cmake_force_configure' from command line to 'False'
[0.329s] Level 5:colcon.colcon_core.verb:set package 'ur_description' build argument 'ament_cmake_args' from command line to 'None'
[0.329s] Level 5:colcon.colcon_core.verb:set package 'ur_description' build argument 'catkin_cmake_args' from command line to 'None'
[0.329s] Level 5:colcon.colcon_core.verb:set package 'ur_description' build argument 'catkin_skip_building_tests' from command line to 'False'
[0.329s] DEBUG:colcon.colcon_core.verb:Building package 'ur_description' with the following arguments: {'ament_cmake_args': None, 'build_base': '/home/imml/git/research_2025/apple-harvest-eva/build/ur_description', 'catkin_cmake_args': None, 'catkin_skip_building_tests': False, 'cmake_args': None, 'cmake_clean_cache': False, 'cmake_clean_first': False, 'cmake_force_configure': False, 'cmake_target': None, 'cmake_target_skip_unavailable': False, 'install_base': '/home/imml/git/research_2025/apple-harvest-eva/install/ur_description', 'merge_install': False, 'path': '/home/imml/git/research_2025/apple-harvest-eva/harvest_hardware/Universal_Robots_ROS2_Description', 'symlink_install': True, 'test_result_base': None}
[0.330s] Level 5:colcon.colcon_core.verb:set package 'harvest' build argument 'cmake_args' from command line to 'None'
[0.330s] Level 5:colcon.colcon_core.verb:set package 'harvest' build argument 'cmake_target' from command line to 'None'
[0.330s] Level 5:colcon.colcon_core.verb:set package 'harvest' build argument 'cmake_target_skip_unavailable' from command line to 'False'
[0.330s] Level 5:colcon.colcon_core.verb:set package 'harvest' build argument 'cmake_clean_cache' from command line to 'False'
[0.330s] Level 5:colcon.colcon_core.verb:set package 'harvest' build argument 'cmake_clean_first' from command line to 'False'
[0.330s] Level 5:colcon.colcon_core.verb:set package 'harvest' build argument 'cmake_force_configure' from command line to 'False'
[0.330s] Level 5:colcon.colcon_core.verb:set package 'harvest' build argument 'ament_cmake_args' from command line to 'None'
[0.330s] Level 5:colcon.colcon_core.verb:set package 'harvest' build argument 'catkin_cmake_args' from command line to 'None'
[0.330s] Level 5:colcon.colcon_core.verb:set package 'harvest' build argument 'catkin_skip_building_tests' from command line to 'False'
[0.330s] DEBUG:colcon.colcon_core.verb:Building package 'harvest' with the following arguments: {'ament_cmake_args': None, 'build_base': '/home/imml/git/research_2025/apple-harvest-eva/build/harvest', 'catkin_cmake_args': None, 'catkin_skip_building_tests': False, 'cmake_args': None, 'cmake_clean_cache': False, 'cmake_clean_first': False, 'cmake_force_configure': False, 'cmake_target': None, 'cmake_target_skip_unavailable': False, 'install_base': '/home/imml/git/research_2025/apple-harvest-eva/install/harvest', 'merge_install': False, 'path': '/home/imml/git/research_2025/apple-harvest-eva/harvest', 'symlink_install': True, 'test_result_base': None}
[0.330s] Level 5:colcon.colcon_core.verb:set package 'harvest_control' build argument 'cmake_args' from command line to 'None'
[0.330s] Level 5:colcon.colcon_core.verb:set package 'harvest_control' build argument 'cmake_target' from command line to 'None'
[0.330s] Level 5:colcon.colcon_core.verb:set package 'harvest_control' build argument 'cmake_target_skip_unavailable' from command line to 'False'
[0.330s] Level 5:colcon.colcon_core.verb:set package 'harvest_control' build argument 'cmake_clean_cache' from command line to 'False'
[0.330s] Level 5:colcon.colcon_core.verb:set package 'harvest_control' build argument 'cmake_clean_first' from command line to 'False'
[0.330s] Level 5:colcon.colcon_core.verb:set package 'harvest_control' build argument 'cmake_force_configure' from command line to 'False'
[0.330s] Level 5:colcon.colcon_core.verb:set package 'harvest_control' build argument 'ament_cmake_args' from command line to 'None'
[0.330s] Level 5:colcon.colcon_core.verb:set package 'harvest_control' build argument 'catkin_cmake_args' from command line to 'None'
[0.330s] Level 5:colcon.colcon_core.verb:set package 'harvest_control' build argument 'catkin_skip_building_tests' from command line to 'False'
[0.330s] DEBUG:colcon.colcon_core.verb:Building package 'harvest_control' with the following arguments: {'ament_cmake_args': None, 'build_base': '/home/imml/git/research_2025/apple-harvest-eva/build/harvest_control', 'catkin_cmake_args': None, 'catkin_skip_building_tests': False, 'cmake_args': None, 'cmake_clean_cache': False, 'cmake_clean_first': False, 'cmake_force_configure': False, 'cmake_target': None, 'cmake_target_skip_unavailable': False, 'install_base': '/home/imml/git/research_2025/apple-harvest-eva/install/harvest_control', 'merge_install': False, 'path': '/home/imml/git/research_2025/apple-harvest-eva/harvest_control', 'symlink_install': True, 'test_result_base': None}
[0.330s] Level 5:colcon.colcon_core.verb:set package 'harvest_vision' build argument 'cmake_args' from command line to 'None'
[0.330s] Level 5:colcon.colcon_core.verb:set package 'harvest_vision' build argument 'cmake_target' from command line to 'None'
[0.330s] Level 5:colcon.colcon_core.verb:set package 'harvest_vision' build argument 'cmake_target_skip_unavailable' from command line to 'False'
[0.331s] Level 5:colcon.colcon_core.verb:set package 'harvest_vision' build argument 'cmake_clean_cache' from command line to 'False'
[0.331s] Level 5:colcon.colcon_core.verb:set package 'harvest_vision' build argument 'cmake_clean_first' from command line to 'False'
[0.331s] Level 5:colcon.colcon_core.verb:set package 'harvest_vision' build argument 'cmake_force_configure' from command line to 'False'
[0.331s] Level 5:colcon.colcon_core.verb:set package 'harvest_vision' build argument 'ament_cmake_args' from command line to 'None'
[0.331s] Level 5:colcon.colcon_core.verb:set package 'harvest_vision' build argument 'catkin_cmake_args' from command line to 'None'
[0.331s] Level 5:colcon.colcon_core.verb:set package 'harvest_vision' build argument 'catkin_skip_building_tests' from command line to 'False'
[0.331s] DEBUG:colcon.colcon_core.verb:Building package 'harvest_vision' with the following arguments: {'ament_cmake_args': None, 'build_base': '/home/imml/git/research_2025/apple-harvest-eva/build/harvest_vision', 'catkin_cmake_args': None, 'catkin_skip_building_tests': False, 'cmake_args': None, 'cmake_clean_cache': False, 'cmake_clean_first': False, 'cmake_force_configure': False, 'cmake_target': None, 'cmake_target_skip_unavailable': False, 'install_base': '/home/imml/git/research_2025/apple-harvest-eva/install/harvest_vision', 'merge_install': False, 'path': '/home/imml/git/research_2025/apple-harvest-eva/harvest_vision', 'symlink_install': True, 'test_result_base': None}
[0.331s] Level 5:colcon.colcon_core.verb:set package 'realsense2_camera' build argument 'cmake_args' from command line to 'None'
[0.331s] Level 5:colcon.colcon_core.verb:set package 'realsense2_camera' build argument 'cmake_target' from command line to 'None'
[0.331s] Level 5:colcon.colcon_core.verb:set package 'realsense2_camera' build argument 'cmake_target_skip_unavailable' from command line to 'False'
[0.331s] Level 5:colcon.colcon_core.verb:set package 'realsense2_camera' build argument 'cmake_clean_cache' from command line to 'False'
[0.331s] Level 5:colcon.colcon_core.verb:set package 'realsense2_camera' build argument 'cmake_clean_first' from command line to 'False'
[0.331s] Level 5:colcon.colcon_core.verb:set package 'realsense2_camera' build argument 'cmake_force_configure' from command line to 'False'
[0.331s] Level 5:colcon.colcon_core.verb:set package 'realsense2_camera' build argument 'ament_cmake_args' from command line to 'None'
[0.331s] Level 5:colcon.colcon_core.verb:set package 'realsense2_camera' build argument 'catkin_cmake_args' from command line to 'None'
[0.331s] Level 5:colcon.colcon_core.verb:set package 'realsense2_camera' build argument 'catkin_skip_building_tests' from command line to 'False'
[0.331s] DEBUG:colcon.colcon_core.verb:Building package 'realsense2_camera' with the following arguments: {'ament_cmake_args': None, 'build_base': '/home/imml/git/research_2025/apple-harvest-eva/build/realsense2_camera', 'catkin_cmake_args': None, 'catkin_skip_building_tests': False, 'cmake_args': None, 'cmake_clean_cache': False, 'cmake_clean_first': False, 'cmake_force_configure': False, 'cmake_target': None, 'cmake_target_skip_unavailable': False, 'install_base': '/home/imml/git/research_2025/apple-harvest-eva/install/realsense2_camera', 'merge_install': False, 'path': '/home/imml/git/research_2025/apple-harvest-eva/harvest_hardware/realsense-ros/realsense2_camera', 'symlink_install': True, 'test_result_base': None}
[0.331s] Level 5:colcon.colcon_core.verb:set package 'realsense2_description' build argument 'cmake_args' from command line to 'None'
[0.331s] Level 5:colcon.colcon_core.verb:set package 'realsense2_description' build argument 'cmake_target' from command line to 'None'
[0.331s] Level 5:colcon.colcon_core.verb:set package 'realsense2_description' build argument 'cmake_target_skip_unavailable' from command line to 'False'
[0.331s] Level 5:colcon.colcon_core.verb:set package 'realsense2_description' build argument 'cmake_clean_cache' from command line to 'False'
[0.331s] Level 5:colcon.colcon_core.verb:set package 'realsense2_description' build argument 'cmake_clean_first' from command line to 'False'
[0.331s] Level 5:colcon.colcon_core.verb:set package 'realsense2_description' build argument 'cmake_force_configure' from command line to 'False'
[0.331s] Level 5:colcon.colcon_core.verb:set package 'realsense2_description' build argument 'ament_cmake_args' from command line to 'None'
[0.331s] Level 5:colcon.colcon_core.verb:set package 'realsense2_description' build argument 'catkin_cmake_args' from command line to 'None'
[0.331s] Level 5:colcon.colcon_core.verb:set package 'realsense2_description' build argument 'catkin_skip_building_tests' from command line to 'False'
[0.331s] DEBUG:colcon.colcon_core.verb:Building package 'realsense2_description' with the following arguments: {'ament_cmake_args': None, 'build_base': '/home/imml/git/research_2025/apple-harvest-eva/build/realsense2_description', 'catkin_cmake_args': None, 'catkin_skip_building_tests': False, 'cmake_args': None, 'cmake_clean_cache': False, 'cmake_clean_first': False, 'cmake_force_configure': False, 'cmake_target': None, 'cmake_target_skip_unavailable': False, 'install_base': '/home/imml/git/research_2025/apple-harvest-eva/install/realsense2_description', 'merge_install': False, 'path': '/home/imml/git/research_2025/apple-harvest-eva/harvest_hardware/realsense-ros/realsense2_description', 'symlink_install': True, 'test_result_base': None}
[0.332s] Level 5:colcon.colcon_core.verb:set package 'ur_controllers' build argument 'cmake_args' from command line to 'None'
[0.332s] Level 5:colcon.colcon_core.verb:set package 'ur_controllers' build argument 'cmake_target' from command line to 'None'
[0.332s] Level 5:colcon.colcon_core.verb:set package 'ur_controllers' build argument 'cmake_target_skip_unavailable' from command line to 'False'
[0.332s] Level 5:colcon.colcon_core.verb:set package 'ur_controllers' build argument 'cmake_clean_cache' from command line to 'False'
[0.332s] Level 5:colcon.colcon_core.verb:set package 'ur_controllers' build argument 'cmake_clean_first' from command line to 'False'
[0.332s] Level 5:colcon.colcon_core.verb:set package 'ur_controllers' build argument 'cmake_force_configure' from command line to 'False'
[0.332s] Level 5:colcon.colcon_core.verb:set package 'ur_controllers' build argument 'ament_cmake_args' from command line to 'None'
[0.332s] Level 5:colcon.colcon_core.verb:set package 'ur_controllers' build argument 'catkin_cmake_args' from command line to 'None'
[0.332s] Level 5:colcon.colcon_core.verb:set package 'ur_controllers' build argument 'catkin_skip_building_tests' from command line to 'False'
[0.332s] DEBUG:colcon.colcon_core.verb:Building package 'ur_controllers' with the following arguments: {'ament_cmake_args': None, 'build_base': '/home/imml/git/research_2025/apple-harvest-eva/build/ur_controllers', 'catkin_cmake_args': None, 'catkin_skip_building_tests': False, 'cmake_args': None, 'cmake_clean_cache': False, 'cmake_clean_first': False, 'cmake_force_configure': False, 'cmake_target': None, 'cmake_target_skip_unavailable': False, 'install_base': '/home/imml/git/research_2025/apple-harvest-eva/install/ur_controllers', 'merge_install': False, 'path': '/home/imml/git/research_2025/apple-harvest-eva/harvest_hardware/Universal_Robots_ROS2_Driver/ur_controllers', 'symlink_install': True, 'test_result_base': None}
[0.332s] Level 5:colcon.colcon_core.verb:set package 'ur_moveit_config' build argument 'cmake_args' from command line to 'None'
[0.332s] Level 5:colcon.colcon_core.verb:set package 'ur_moveit_config' build argument 'cmake_target' from command line to 'None'
[0.332s] Level 5:colcon.colcon_core.verb:set package 'ur_moveit_config' build argument 'cmake_target_skip_unavailable' from command line to 'False'
[0.332s] Level 5:colcon.colcon_core.verb:set package 'ur_moveit_config' build argument 'cmake_clean_cache' from command line to 'False'
[0.332s] Level 5:colcon.colcon_core.verb:set package 'ur_moveit_config' build argument 'cmake_clean_first' from command line to 'False'
[0.332s] Level 5:colcon.colcon_core.verb:set package 'ur_moveit_config' build argument 'cmake_force_configure' from command line to 'False'
[0.332s] Level 5:colcon.colcon_core.verb:set package 'ur_moveit_config' build argument 'ament_cmake_args' from command line to 'None'
[0.332s] Level 5:colcon.colcon_core.verb:set package 'ur_moveit_config' build argument 'catkin_cmake_args' from command line to 'None'
[0.332s] Level 5:colcon.colcon_core.verb:set package 'ur_moveit_config' build argument 'catkin_skip_building_tests' from command line to 'False'
[0.332s] DEBUG:colcon.colcon_core.verb:Building package 'ur_moveit_config' with the following arguments: {'ament_cmake_args': None, 'build_base': '/home/imml/git/research_2025/apple-harvest-eva/build/ur_moveit_config', 'catkin_cmake_args': None, 'catkin_skip_building_tests': False, 'cmake_args': None, 'cmake_clean_cache': False, 'cmake_clean_first': False, 'cmake_force_configure': False, 'cmake_target': None, 'cmake_target_skip_unavailable': False, 'install_base': '/home/imml/git/research_2025/apple-harvest-eva/install/ur_moveit_config', 'merge_install': False, 'path': '/home/imml/git/research_2025/apple-harvest-eva/harvest_hardware/Universal_Robots_ROS2_Driver/ur_moveit_config', 'symlink_install': True, 'test_result_base': None}
[0.333s] Level 5:colcon.colcon_core.verb:set package 'ur_bringup' build argument 'cmake_args' from command line to 'None'
[0.333s] Level 5:colcon.colcon_core.verb:set package 'ur_bringup' build argument 'cmake_target' from command line to 'None'
[0.333s] Level 5:colcon.colcon_core.verb:set package 'ur_bringup' build argument 'cmake_target_skip_unavailable' from command line to 'False'
[0.333s] Level 5:colcon.colcon_core.verb:set package 'ur_bringup' build argument 'cmake_clean_cache' from command line to 'False'
[0.333s] Level 5:colcon.colcon_core.verb:set package 'ur_bringup' build argument 'cmake_clean_first' from command line to 'False'
[0.333s] Level 5:colcon.colcon_core.verb:set package 'ur_bringup' build argument 'cmake_force_configure' from command line to 'False'
[0.333s] Level 5:colcon.colcon_core.verb:set package 'ur_bringup' build argument 'ament_cmake_args' from command line to 'None'
[0.333s] Level 5:colcon.colcon_core.verb:set package 'ur_bringup' build argument 'catkin_cmake_args' from command line to 'None'
[0.333s] Level 5:colcon.colcon_core.verb:set package 'ur_bringup' build argument 'catkin_skip_building_tests' from command line to 'False'
[0.333s] DEBUG:colcon.colcon_core.verb:Building package 'ur_bringup' with the following arguments: {'ament_cmake_args': None, 'build_base': '/home/imml/git/research_2025/apple-harvest-eva/build/ur_bringup', 'catkin_cmake_args': None, 'catkin_skip_building_tests': False, 'cmake_args': None, 'cmake_clean_cache': False, 'cmake_clean_first': False, 'cmake_force_configure': False, 'cmake_target': None, 'cmake_target_skip_unavailable': False, 'install_base': '/home/imml/git/research_2025/apple-harvest-eva/install/ur_bringup', 'merge_install': False, 'path': '/home/imml/git/research_2025/apple-harvest-eva/harvest_hardware/Universal_Robots_ROS2_Driver/ur_bringup', 'symlink_install': True, 'test_result_base': None}
[0.333s] Level 5:colcon.colcon_core.verb:set package 'ur_robot_driver' build argument 'cmake_args' from command line to 'None'
[0.333s] Level 5:colcon.colcon_core.verb:set package 'ur_robot_driver' build argument 'cmake_target' from command line to 'None'
[0.333s] Level 5:colcon.colcon_core.verb:set package 'ur_robot_driver' build argument 'cmake_target_skip_unavailable' from command line to 'False'
[0.333s] Level 5:colcon.colcon_core.verb:set package 'ur_robot_driver' build argument 'cmake_clean_cache' from command line to 'False'
[0.333s] Level 5:colcon.colcon_core.verb:set package 'ur_robot_driver' build argument 'cmake_clean_first' from command line to 'False'
[0.333s] Level 5:colcon.colcon_core.verb:set package 'ur_robot_driver' build argument 'cmake_force_configure' from command line to 'False'
[0.333s] Level 5:colcon.colcon_core.verb:set package 'ur_robot_driver' build argument 'ament_cmake_args' from command line to 'None'
[0.333s] Level 5:colcon.colcon_core.verb:set package 'ur_robot_driver' build argument 'catkin_cmake_args' from command line to 'None'
[0.333s] Level 5:colcon.colcon_core.verb:set package 'ur_robot_driver' build argument 'catkin_skip_building_tests' from command line to 'False'
[0.333s] DEBUG:colcon.colcon_core.verb:Building package 'ur_robot_driver' with the following arguments: {'ament_cmake_args': None, 'build_base': '/home/imml/git/research_2025/apple-harvest-eva/build/ur_robot_driver', 'catkin_cmake_args': None, 'catkin_skip_building_tests': False, 'cmake_args': None, 'cmake_clean_cache': False, 'cmake_clean_first': False, 'cmake_force_configure': False, 'cmake_target': None, 'cmake_target_skip_unavailable': False, 'install_base': '/home/imml/git/research_2025/apple-harvest-eva/install/ur_robot_driver', 'merge_install': False, 'path': '/home/imml/git/research_2025/apple-harvest-eva/harvest_hardware/Universal_Robots_ROS2_Driver/ur_robot_driver', 'symlink_install': True, 'test_result_base': None}
[0.333s] Level 5:colcon.colcon_core.verb:set package 'ur_calibration' build argument 'cmake_args' from command line to 'None'
[0.333s] Level 5:colcon.colcon_core.verb:set package 'ur_calibration' build argument 'cmake_target' from command line to 'None'
[0.333s] Level 5:colcon.colcon_core.verb:set package 'ur_calibration' build argument 'cmake_target_skip_unavailable' from command line to 'False'
[0.333s] Level 5:colcon.colcon_core.verb:set package 'ur_calibration' build argument 'cmake_clean_cache' from command line to 'False'
[0.333s] Level 5:colcon.colcon_core.verb:set package 'ur_calibration' build argument 'cmake_clean_first' from command line to 'False'
[0.333s] Level 5:colcon.colcon_core.verb:set package 'ur_calibration' build argument 'cmake_force_configure' from command line to 'False'
[0.333s] Level 5:colcon.colcon_core.verb:set package 'ur_calibration' build argument 'ament_cmake_args' from command line to 'None'
[0.334s] Level 5:colcon.colcon_core.verb:set package 'ur_calibration' build argument 'catkin_cmake_args' from command line to 'None'
[0.334s] Level 5:colcon.colcon_core.verb:set package 'ur_calibration' build argument 'catkin_skip_building_tests' from command line to 'False'
[0.334s] DEBUG:colcon.colcon_core.verb:Building package 'ur_calibration' with the following arguments: {'ament_cmake_args': None, 'build_base': '/home/imml/git/research_2025/apple-harvest-eva/build/ur_calibration', 'catkin_cmake_args': None, 'catkin_skip_building_tests': False, 'cmake_args': None, 'cmake_clean_cache': False, 'cmake_clean_first': False, 'cmake_force_configure': False, 'cmake_target': None, 'cmake_target_skip_unavailable': False, 'install_base': '/home/imml/git/research_2025/apple-harvest-eva/install/ur_calibration', 'merge_install': False, 'path': '/home/imml/git/research_2025/apple-harvest-eva/harvest_hardware/Universal_Robots_ROS2_Driver/ur_calibration', 'symlink_install': True, 'test_result_base': None}
[0.334s] Level 5:colcon.colcon_core.verb:set package 'ur' build argument 'cmake_args' from command line to 'None'
[0.334s] Level 5:colcon.colcon_core.verb:set package 'ur' build argument 'cmake_target' from command line to 'None'
[0.334s] Level 5:colcon.colcon_core.verb:set package 'ur' build argument 'cmake_target_skip_unavailable' from command line to 'False'
[0.334s] Level 5:colcon.colcon_core.verb:set package 'ur' build argument 'cmake_clean_cache' from command line to 'False'
[0.334s] Level 5:colcon.colcon_core.verb:set package 'ur' build argument 'cmake_clean_first' from command line to 'False'
[0.334s] Level 5:colcon.colcon_core.verb:set package 'ur' build argument 'cmake_force_configure' from command line to 'False'
[0.334s] Level 5:colcon.colcon_core.verb:set package 'ur' build argument 'ament_cmake_args' from command line to 'None'
[0.334s] Level 5:colcon.colcon_core.verb:set package 'ur' build argument 'catkin_cmake_args' from command line to 'None'
[0.334s] Level 5:colcon.colcon_core.verb:set package 'ur' build argument 'catkin_skip_building_tests' from command line to 'False'
[0.334s] DEBUG:colcon.colcon_core.verb:Building package 'ur' with the following arguments: {'ament_cmake_args': None, 'build_base': '/home/imml/git/research_2025/apple-harvest-eva/build/ur', 'catkin_cmake_args': None, 'catkin_skip_building_tests': False, 'cmake_args': None, 'cmake_clean_cache': False, 'cmake_clean_first': False, 'cmake_force_configure': False, 'cmake_target': None, 'cmake_target_skip_unavailable': False, 'install_base': '/home/imml/git/research_2025/apple-harvest-eva/install/ur', 'merge_install': False, 'path': '/home/imml/git/research_2025/apple-harvest-eva/harvest_hardware/Universal_Robots_ROS2_Driver/ur', 'symlink_install': True, 'test_result_base': None}
[0.334s] INFO:colcon.colcon_core.executor:Executing jobs using 'parallel' executor
[0.335s] DEBUG:colcon.colcon_parallel_executor.executor.parallel:run_until_complete
[0.335s] INFO:colcon.colcon_ros.task.ament_cmake.build:Building ROS package in '/home/imml/git/research_2025/apple-harvest-eva/harvest_hardware/Universal_Robots_ROS2_Driver/ur_dashboard_msgs' with build type 'ament_cmake'
[0.335s] INFO:colcon.colcon_cmake.task.cmake.build:Building CMake package in '/home/imml/git/research_2025/apple-harvest-eva/harvest_hardware/Universal_Robots_ROS2_Driver/ur_dashboard_msgs'
[0.337s] INFO:colcon.colcon_core.plugin_system:Skipping extension 'colcon_core.shell.bat': Not used on non-Windows systems
[0.337s] INFO:colcon.colcon_core.shell:Skip shell extension 'powershell' for command environment: Not usable outside of PowerShell
[0.337s] DEBUG:colcon.colcon_core.shell:Skip shell extension 'dsv' for command environment
[0.341s] INFO:colcon.colcon_ros.task.ament_cmake.build:Building ROS package in '/home/imml/git/research_2025/apple-harvest-eva/harvest_hardware/Universal_Robots_ROS2_Description' with build type 'ament_cmake'
[0.341s] INFO:colcon.colcon_cmake.task.cmake.build:Building CMake package in '/home/imml/git/research_2025/apple-harvest-eva/harvest_hardware/Universal_Robots_ROS2_Description'
[0.341s] INFO:colcon.colcon_core.shell:Skip shell extension 'powershell' for command environment: Not usable outside of PowerShell
[0.341s] DEBUG:colcon.colcon_core.shell:Skip shell extension 'dsv' for command environment
[0.344s] INFO:colcon.colcon_ros.task.ament_cmake.build:Building ROS package in '/home/imml/git/research_2025/apple-harvest-eva/harvest_interfaces' with build type 'ament_cmake'
[0.344s] INFO:colcon.colcon_cmake.task.cmake.build:Building CMake package in '/home/imml/git/research_2025/apple-harvest-eva/harvest_interfaces'
[0.344s] INFO:colcon.colcon_core.shell:Skip shell extension 'powershell' for command environment: Not usable outside of PowerShell
[0.344s] DEBUG:colcon.colcon_core.shell:Skip shell extension 'dsv' for command environment
[0.348s] INFO:colcon.colcon_ros.task.ament_cmake.build:Building ROS package in '/home/imml/git/research_2025/apple-harvest-eva/harvest_hardware/realsense-ros/realsense2_camera_msgs' with build type 'ament_cmake'
[0.348s] INFO:colcon.colcon_cmake.task.cmake.build:Building CMake package in '/home/imml/git/research_2025/apple-harvest-eva/harvest_hardware/realsense-ros/realsense2_camera_msgs'
[0.348s] INFO:colcon.colcon_core.shell:Skip shell extension 'powershell' for command environment: Not usable outside of PowerShell
[0.348s] DEBUG:colcon.colcon_core.shell:Skip shell extension 'dsv' for command environment
[0.352s] INFO:colcon.colcon_ros.task.ament_python.build:Building ROS package in '/home/imml/git/research_2025/apple-harvest-eva/harvest_hardware/ur5e_custom_hardware' with build type 'ament_python'
[0.352s] Level 1:colcon.colcon_core.shell:create_environment_hook('ur5e_custom_hardware', 'ament_prefix_path')
[0.353s] INFO:colcon.colcon_core.shell:Creating environment hook '/home/imml/git/research_2025/apple-harvest-eva/install/ur5e_custom_hardware/share/ur5e_custom_hardware/hook/ament_prefix_path.ps1'
[0.353s] INFO:colcon.colcon_core.shell:Creating environment descriptor '/home/imml/git/research_2025/apple-harvest-eva/install/ur5e_custom_hardware/share/ur5e_custom_hardware/hook/ament_prefix_path.dsv'
[0.353s] INFO:colcon.colcon_core.shell:Creating environment hook '/home/imml/git/research_2025/apple-harvest-eva/install/ur5e_custom_hardware/share/ur5e_custom_hardware/hook/ament_prefix_path.sh'
[0.354s] INFO:colcon.colcon_core.shell:Skip shell extension 'powershell' for command environment: Not usable outside of PowerShell
[0.354s] DEBUG:colcon.colcon_core.shell:Skip shell extension 'dsv' for command environment
[0.360s] DEBUG:colcon.colcon_core.event_handler.log_command:Invoking command in '/home/imml/git/research_2025/apple-harvest-eva/build/ur_dashboard_msgs': CMAKE_PREFIX_PATH=${CMAKE_PREFIX_PATH}:/home/imml/git/research_2025/apple-harvest-eva/install/ur5e_custom_hardware:/home/imml/git/research_2025/apple-harvest-eva/install/harvest_vision:/opt/ros/humble /usr/bin/cmake /home/imml/git/research_2025/apple-harvest-eva/harvest_hardware/Universal_Robots_ROS2_Driver/ur_dashboard_msgs -DAMENT_CMAKE_SYMLINK_INSTALL=1 -DCMAKE_INSTALL_PREFIX=/home/imml/git/research_2025/apple-harvest-eva/install/ur_dashboard_msgs
[0.363s] DEBUG:colcon.colcon_core.event_handler.log_command:Invoking command in '/home/imml/git/research_2025/apple-harvest-eva/build/ur_description': CMAKE_PREFIX_PATH=${CMAKE_PREFIX_PATH}:/home/imml/git/research_2025/apple-harvest-eva/install/ur5e_custom_hardware:/home/imml/git/research_2025/apple-harvest-eva/install/harvest_vision:/opt/ros/humble /usr/bin/cmake /home/imml/git/research_2025/apple-harvest-eva/harvest_hardware/Universal_Robots_ROS2_Description -DAMENT_CMAKE_SYMLINK_INSTALL=1 -DCMAKE_INSTALL_PREFIX=/home/imml/git/research_2025/apple-harvest-eva/install/ur_description
[0.364s] DEBUG:colcon.colcon_core.event_handler.log_command:Invoking command in '/home/imml/git/research_2025/apple-harvest-eva/build/harvest_interfaces': CMAKE_PREFIX_PATH=${CMAKE_PREFIX_PATH}:/home/imml/git/research_2025/apple-harvest-eva/install/ur5e_custom_hardware:/home/imml/git/research_2025/apple-harvest-eva/install/harvest_vision:/opt/ros/humble /usr/bin/cmake /home/imml/git/research_2025/apple-harvest-eva/harvest_interfaces -DAMENT_CMAKE_SYMLINK_INSTALL=1 -DCMAKE_INSTALL_PREFIX=/home/imml/git/research_2025/apple-harvest-eva/install/harvest_interfaces
[0.367s] DEBUG:colcon.colcon_core.event_handler.log_command:Invoking command in '/home/imml/git/research_2025/apple-harvest-eva/build/realsense2_camera_msgs': CMAKE_PREFIX_PATH=${CMAKE_PREFIX_PATH}:/home/imml/git/research_2025/apple-harvest-eva/install/ur5e_custom_hardware:/home/imml/git/research_2025/apple-harvest-eva/install/harvest_vision:/opt/ros/humble /usr/bin/cmake /home/imml/git/research_2025/apple-harvest-eva/harvest_hardware/realsense-ros/realsense2_camera_msgs -DAMENT_CMAKE_SYMLINK_INSTALL=1 -DCMAKE_INSTALL_PREFIX=/home/imml/git/research_2025/apple-harvest-eva/install/realsense2_camera_msgs
[0.603s] INFO:colcon.colcon_core.task.python.build:Building Python package in '/home/imml/git/research_2025/apple-harvest-eva/harvest_hardware/ur5e_custom_hardware'
[0.603s] INFO:colcon.colcon_core.shell:Skip shell extension 'powershell' for command environment: Not usable outside of PowerShell
[0.603s] DEBUG:colcon.colcon_core.shell:Skip shell extension 'dsv' for command environment
[0.916s] DEBUG:colcon.colcon_core.task.python.build:While undoing a previous installation files outside the Python library path are being ignored: /home/imml/git/research_2025/apple-harvest-eva/install/ur5e_custom_hardware/share/ament_index/resource_index/packages/ur5e_custom_hardware
[0.916s] DEBUG:colcon.colcon_core.task.python.build:While undoing a previous installation files outside the Python library path are being ignored: /home/imml/git/research_2025/apple-harvest-eva/install/ur5e_custom_hardware/share/ur5e_custom_hardware/package.xml
[0.916s] DEBUG:colcon.colcon_core.task.python.build:While undoing a previous installation files outside the Python library path are being ignored: /home/imml/git/research_2025/apple-harvest-eva/install/ur5e_custom_hardware/share/ur5e_custom_hardware/launch
[0.917s] DEBUG:colcon.colcon_core.task.python.build:While undoing a previous installation files outside the Python library path are being ignored: /home/imml/git/research_2025/apple-harvest-eva/install/ur5e_custom_hardware/share/ur5e_custom_hardware/urdf/gripper.urdf.xacro
[0.917s] DEBUG:colcon.colcon_core.task.python.build:While undoing a previous installation files outside the Python library path are being ignored: /home/imml/git/research_2025/apple-harvest-eva/install/ur5e_custom_hardware/share/ur5e_custom_hardware/urdf/ur_gripper.urdf.xacro
[0.917s] DEBUG:colcon.colcon_core.task.python.build:While undoing a previous installation files outside the Python library path are being ignored: /home/imml/git/research_2025/apple-harvest-eva/install/ur5e_custom_hardware/share/ur5e_custom_hardware/meshes/03_mk3_full_assembly.STL
[0.917s] DEBUG:colcon.colcon_core.task.python.build:While undoing a previous installation files outside the Python library path are being ignored: /home/imml/git/research_2025/apple-harvest-eva/install/ur5e_custom_hardware/share/ur5e_custom_hardware/meshes/03_mk3_full_assembly_coarse.STL
[0.917s] DEBUG:colcon.colcon_core.task.python.build:While undoing a previous installation files outside the Python library path are being ignored: /home/imml/git/research_2025/apple-harvest-eva/install/ur5e_custom_hardware/share/ur5e_custom_hardware/meshes/03_mk3_full_assembly_(simplified_for_RVIZ).STL
[0.917s] DEBUG:colcon.colcon_core.task.python.build:While undoing a previous installation files outside the Python library path are being ignored: /home/imml/git/research_2025/apple-harvest-eva/install/ur5e_custom_hardware/lib/ur5e_custom_hardware/gripper_palm_camera
[0.919s] DEBUG:colcon.colcon_core.event_handler.log_command:Invoking command in '/home/imml/git/research_2025/apple-harvest-eva/build/ur5e_custom_hardware': PYTHONPATH=/home/imml/git/research_2025/apple-harvest-eva/build/ur5e_custom_hardware/prefix_override:/usr/lib/python3/dist-packages/colcon_core/task/python/colcon_distutils_commands:/home/imml/git/research_2025/apple-harvest-eva/install/ur5e_custom_hardware/lib/python3.10/site-packages:${PYTHONPATH} /usr/bin/python3 -W ignore:setup.py install is deprecated -W ignore:easy_install command is deprecated setup.py develop --editable --build-directory /home/imml/git/research_2025/apple-harvest-eva/build/ur5e_custom_hardware/build --no-deps symlink_data --force
[1.396s] DEBUG:colcon.colcon_core.event_handler.log_command:Invoked command in '/home/imml/git/research_2025/apple-harvest-eva/build/ur_dashboard_msgs' returned '0': CMAKE_PREFIX_PATH=${CMAKE_PREFIX_PATH}:/home/imml/git/research_2025/apple-harvest-eva/install/ur5e_custom_hardware:/home/imml/git/research_2025/apple-harvest-eva/install/harvest_vision:/opt/ros/humble /usr/bin/cmake /home/imml/git/research_2025/apple-harvest-eva/harvest_hardware/Universal_Robots_ROS2_Driver/ur_dashboard_msgs -DAMENT_CMAKE_SYMLINK_INSTALL=1 -DCMAKE_INSTALL_PREFIX=/home/imml/git/research_2025/apple-harvest-eva/install/ur_dashboard_msgs
[1.398s] DEBUG:colcon.colcon_core.event_handler.log_command:Invoking command in '/home/imml/git/research_2025/apple-harvest-eva/build/ur_dashboard_msgs': CMAKE_PREFIX_PATH=${CMAKE_PREFIX_PATH}:/home/imml/git/research_2025/apple-harvest-eva/install/ur5e_custom_hardware:/home/imml/git/research_2025/apple-harvest-eva/install/harvest_vision:/opt/ros/humble /usr/bin/cmake --build /home/imml/git/research_2025/apple-harvest-eva/build/ur_dashboard_msgs -- -j16 -l16
[1.398s] Level 1:colcon.colcon_core.shell:create_environment_hook('ur5e_custom_hardware', 'pythonpath_develop')
[1.399s] INFO:colcon.colcon_core.shell:Creating environment hook '/home/imml/git/research_2025/apple-harvest-eva/build/ur5e_custom_hardware/share/ur5e_custom_hardware/hook/pythonpath_develop.ps1'
[1.399s] DEBUG:colcon.colcon_core.event_handler.log_command:Invoked command in '/home/imml/git/research_2025/apple-harvest-eva/build/ur5e_custom_hardware' returned '0': PYTHONPATH=/home/imml/git/research_2025/apple-harvest-eva/build/ur5e_custom_hardware/prefix_override:/usr/lib/python3/dist-packages/colcon_core/task/python/colcon_distutils_commands:/home/imml/git/research_2025/apple-harvest-eva/install/ur5e_custom_hardware/lib/python3.10/site-packages:${PYTHONPATH} /usr/bin/python3 -W ignore:setup.py install is deprecated -W ignore:easy_install command is deprecated setup.py develop --editable --build-directory /home/imml/git/research_2025/apple-harvest-eva/build/ur5e_custom_hardware/build --no-deps symlink_data --force
[1.399s] INFO:colcon.colcon_core.shell:Creating environment descriptor '/home/imml/git/research_2025/apple-harvest-eva/build/ur5e_custom_hardware/share/ur5e_custom_hardware/hook/pythonpath_develop.dsv'
[1.399s] INFO:colcon.colcon_core.shell:Creating environment hook '/home/imml/git/research_2025/apple-harvest-eva/build/ur5e_custom_hardware/share/ur5e_custom_hardware/hook/pythonpath_develop.sh'
[1.402s] Level 1:colcon.colcon_core.environment:checking '/home/imml/git/research_2025/apple-harvest-eva/install/ur5e_custom_hardware' for CMake module files
[1.402s] Level 1:colcon.colcon_core.environment:checking '/home/imml/git/research_2025/apple-harvest-eva/install/ur5e_custom_hardware' for CMake config files
[1.403s] Level 1:colcon.colcon_core.environment:checking '/home/imml/git/research_2025/apple-harvest-eva/install/ur5e_custom_hardware/lib'
[1.403s] Level 1:colcon.colcon_core.environment:checking '/home/imml/git/research_2025/apple-harvest-eva/install/ur5e_custom_hardware/bin'
[1.403s] Level 1:colcon.colcon_core.environment:checking '/home/imml/git/research_2025/apple-harvest-eva/install/ur5e_custom_hardware/lib/pkgconfig/ur5e_custom_hardware.pc'
[1.403s] Level 1:colcon.colcon_core.environment:checking '/home/imml/git/research_2025/apple-harvest-eva/install/ur5e_custom_hardware/lib/python3.10/site-packages'
[1.403s] Level 1:colcon.colcon_core.shell:create_environment_hook('ur5e_custom_hardware', 'pythonpath')
[1.403s] INFO:colcon.colcon_core.shell:Creating environment hook '/home/imml/git/research_2025/apple-harvest-eva/install/ur5e_custom_hardware/share/ur5e_custom_hardware/hook/pythonpath.ps1'
[1.404s] INFO:colcon.colcon_core.shell:Creating environment descriptor '/home/imml/git/research_2025/apple-harvest-eva/install/ur5e_custom_hardware/share/ur5e_custom_hardware/hook/pythonpath.dsv'
[1.404s] INFO:colcon.colcon_core.shell:Creating environment hook '/home/imml/git/research_2025/apple-harvest-eva/install/ur5e_custom_hardware/share/ur5e_custom_hardware/hook/pythonpath.sh'
[1.404s] Level 1:colcon.colcon_core.environment:checking '/home/imml/git/research_2025/apple-harvest-eva/install/ur5e_custom_hardware/bin'
[1.405s] Level 1:colcon.colcon_core.environment:create_environment_scripts_only(ur5e_custom_hardware)
[1.405s] INFO:colcon.colcon_core.shell:Creating package script '/home/imml/git/research_2025/apple-harvest-eva/install/ur5e_custom_hardware/share/ur5e_custom_hardware/package.ps1'
[1.405s] INFO:colcon.colcon_core.shell:Creating package descriptor '/home/imml/git/research_2025/apple-harvest-eva/install/ur5e_custom_hardware/share/ur5e_custom_hardware/package.dsv'
[1.406s] INFO:colcon.colcon_core.shell:Creating package script '/home/imml/git/research_2025/apple-harvest-eva/install/ur5e_custom_hardware/share/ur5e_custom_hardware/package.sh'
[1.406s] INFO:colcon.colcon_core.shell:Creating package script '/home/imml/git/research_2025/apple-harvest-eva/install/ur5e_custom_hardware/share/ur5e_custom_hardware/package.bash'
[1.407s] INFO:colcon.colcon_core.shell:Creating package script '/home/imml/git/research_2025/apple-harvest-eva/install/ur5e_custom_hardware/share/ur5e_custom_hardware/package.zsh'
[1.408s] Level 1:colcon.colcon_core.environment:create_file_with_runtime_dependencies(/home/imml/git/research_2025/apple-harvest-eva/install/ur5e_custom_hardware/share/colcon-core/packages/ur5e_custom_hardware)
[1.595s] DEBUG:colcon.colcon_core.event_handler.log_command:Invoked command in '/home/imml/git/research_2025/apple-harvest-eva/build/realsense2_camera_msgs' returned '0': CMAKE_PREFIX_PATH=${CMAKE_PREFIX_PATH}:/home/imml/git/research_2025/apple-harvest-eva/install/ur5e_custom_hardware:/home/imml/git/research_2025/apple-harvest-eva/install/harvest_vision:/opt/ros/humble /usr/bin/cmake /home/imml/git/research_2025/apple-harvest-eva/harvest_hardware/realsense-ros/realsense2_camera_msgs -DAMENT_CMAKE_SYMLINK_INSTALL=1 -DCMAKE_INSTALL_PREFIX=/home/imml/git/research_2025/apple-harvest-eva/install/realsense2_camera_msgs
[1.597s] DEBUG:colcon.colcon_core.event_handler.log_command:Invoking command in '/home/imml/git/research_2025/apple-harvest-eva/build/realsense2_camera_msgs': CMAKE_PREFIX_PATH=${CMAKE_PREFIX_PATH}:/home/imml/git/research_2025/apple-harvest-eva/install/ur5e_custom_hardware:/home/imml/git/research_2025/apple-harvest-eva/install/harvest_vision:/opt/ros/humble /usr/bin/cmake --build /home/imml/git/research_2025/apple-harvest-eva/build/realsense2_camera_msgs -- -j16 -l16
[1.750s] DEBUG:colcon.colcon_core.event_handler.log_command:Invoked command in '/home/imml/git/research_2025/apple-harvest-eva/build/ur_dashboard_msgs' returned '0': CMAKE_PREFIX_PATH=${CMAKE_PREFIX_PATH}:/home/imml/git/research_2025/apple-harvest-eva/install/ur5e_custom_hardware:/home/imml/git/research_2025/apple-harvest-eva/install/harvest_vision:/opt/ros/humble /usr/bin/cmake --build /home/imml/git/research_2025/apple-harvest-eva/build/ur_dashboard_msgs -- -j16 -l16
[1.760s] DEBUG:colcon.colcon_core.event_handler.log_command:Invoking command in '/home/imml/git/research_2025/apple-harvest-eva/build/ur_dashboard_msgs': CMAKE_PREFIX_PATH=${CMAKE_PREFIX_PATH}:/home/imml/git/research_2025/apple-harvest-eva/install/ur5e_custom_hardware:/home/imml/git/research_2025/apple-harvest-eva/install/harvest_vision:/opt/ros/humble /usr/bin/cmake --install /home/imml/git/research_2025/apple-harvest-eva/build/ur_dashboard_msgs
[1.831s] DEBUG:colcon.colcon_core.event_handler.log_command:Invoked command in '/home/imml/git/research_2025/apple-harvest-eva/build/harvest_interfaces' returned '0': CMAKE_PREFIX_PATH=${CMAKE_PREFIX_PATH}:/home/imml/git/research_2025/apple-harvest-eva/install/ur5e_custom_hardware:/home/imml/git/research_2025/apple-harvest-eva/install/harvest_vision:/opt/ros/humble /usr/bin/cmake /home/imml/git/research_2025/apple-harvest-eva/harvest_interfaces -DAMENT_CMAKE_SYMLINK_INSTALL=1 -DCMAKE_INSTALL_PREFIX=/home/imml/git/research_2025/apple-harvest-eva/install/harvest_interfaces
[1.832s] DEBUG:colcon.colcon_core.event_handler.log_command:Invoking command in '/home/imml/git/research_2025/apple-harvest-eva/build/harvest_interfaces': CMAKE_PREFIX_PATH=${CMAKE_PREFIX_PATH}:/home/imml/git/research_2025/apple-harvest-eva/install/ur5e_custom_hardware:/home/imml/git/research_2025/apple-harvest-eva/install/harvest_vision:/opt/ros/humble /usr/bin/cmake --build /home/imml/git/research_2025/apple-harvest-eva/build/harvest_interfaces -- -j16 -l16
[1.858s] Level 1:colcon.colcon_core.environment:create_environment_scripts_only(ur_dashboard_msgs)
[1.858s] Level 1:colcon.colcon_core.environment:checking '/home/imml/git/research_2025/apple-harvest-eva/install/ur_dashboard_msgs' for CMake module files
[1.859s] DEBUG:colcon.colcon_core.event_handler.log_command:Invoked command in '/home/imml/git/research_2025/apple-harvest-eva/build/ur_dashboard_msgs' returned '0': CMAKE_PREFIX_PATH=${CMAKE_PREFIX_PATH}:/home/imml/git/research_2025/apple-harvest-eva/install/ur5e_custom_hardware:/home/imml/git/research_2025/apple-harvest-eva/install/harvest_vision:/opt/ros/humble /usr/bin/cmake --install /home/imml/git/research_2025/apple-harvest-eva/build/ur_dashboard_msgs
[1.859s] Level 1:colcon.colcon_core.environment:checking '/home/imml/git/research_2025/apple-harvest-eva/install/ur_dashboard_msgs' for CMake config files
[1.862s] Level 1:colcon.colcon_core.shell:create_environment_hook('ur_dashboard_msgs', 'cmake_prefix_path')
[1.862s] INFO:colcon.colcon_core.shell:Creating environment hook '/home/imml/git/research_2025/apple-harvest-eva/install/ur_dashboard_msgs/share/ur_dashboard_msgs/hook/cmake_prefix_path.ps1'
[1.862s] INFO:colcon.colcon_core.shell:Creating environment descriptor '/home/imml/git/research_2025/apple-harvest-eva/install/ur_dashboard_msgs/share/ur_dashboard_msgs/hook/cmake_prefix_path.dsv'
[1.863s] INFO:colcon.colcon_core.shell:Creating environment hook '/home/imml/git/research_2025/apple-harvest-eva/install/ur_dashboard_msgs/share/ur_dashboard_msgs/hook/cmake_prefix_path.sh'
[1.863s] Level 1:colcon.colcon_core.environment:checking '/home/imml/git/research_2025/apple-harvest-eva/install/ur_dashboard_msgs/lib'
[1.863s] Level 1:colcon.colcon_core.shell:create_environment_hook('ur_dashboard_msgs', 'ld_library_path_lib')
[1.864s] INFO:colcon.colcon_core.shell:Creating environment hook '/home/imml/git/research_2025/apple-harvest-eva/install/ur_dashboard_msgs/share/ur_dashboard_msgs/hook/ld_library_path_lib.ps1'
[1.864s] INFO:colcon.colcon_core.shell:Creating environment descriptor '/home/imml/git/research_2025/apple-harvest-eva/install/ur_dashboard_msgs/share/ur_dashboard_msgs/hook/ld_library_path_lib.dsv'
[1.864s] INFO:colcon.colcon_core.shell:Creating environment hook '/home/imml/git/research_2025/apple-harvest-eva/install/ur_dashboard_msgs/share/ur_dashboard_msgs/hook/ld_library_path_lib.sh'
[1.864s] Level 1:colcon.colcon_core.environment:checking '/home/imml/git/research_2025/apple-harvest-eva/install/ur_dashboard_msgs/bin'
[1.864s] Level 1:colcon.colcon_core.environment:checking '/home/imml/git/research_2025/apple-harvest-eva/install/ur_dashboard_msgs/lib/pkgconfig/ur_dashboard_msgs.pc'
[1.865s] Level 1:colcon.colcon_core.environment:checking '/home/imml/git/research_2025/apple-harvest-eva/install/ur_dashboard_msgs/lib/python3.10/site-packages'
[1.865s] Level 1:colcon.colcon_core.environment:checking '/home/imml/git/research_2025/apple-harvest-eva/install/ur_dashboard_msgs/bin'
[1.865s] INFO:colcon.colcon_core.shell:Creating package script '/home/imml/git/research_2025/apple-harvest-eva/install/ur_dashboard_msgs/share/ur_dashboard_msgs/package.ps1'
[1.865s] INFO:colcon.colcon_core.shell:Creating package descriptor '/home/imml/git/research_2025/apple-harvest-eva/install/ur_dashboard_msgs/share/ur_dashboard_msgs/package.dsv'
[1.866s] INFO:colcon.colcon_core.shell:Creating package script '/home/imml/git/research_2025/apple-harvest-eva/install/ur_dashboard_msgs/share/ur_dashboard_msgs/package.sh'
[1.866s] INFO:colcon.colcon_core.shell:Creating package script '/home/imml/git/research_2025/apple-harvest-eva/install/ur_dashboard_msgs/share/ur_dashboard_msgs/package.bash'
[1.867s] INFO:colcon.colcon_core.shell:Creating package script '/home/imml/git/research_2025/apple-harvest-eva/install/ur_dashboard_msgs/share/ur_dashboard_msgs/package.zsh'
[1.867s] Level 1:colcon.colcon_core.environment:create_file_with_runtime_dependencies(/home/imml/git/research_2025/apple-harvest-eva/install/ur_dashboard_msgs/share/colcon-core/packages/ur_dashboard_msgs)
[1.867s] Level 1:colcon.colcon_core.environment:create_environment_scripts_only(ur_dashboard_msgs)
[1.868s] Level 1:colcon.colcon_core.environment:checking '/home/imml/git/research_2025/apple-harvest-eva/install/ur_dashboard_msgs' for CMake module files
[1.868s] Level 1:colcon.colcon_core.environment:checking '/home/imml/git/research_2025/apple-harvest-eva/install/ur_dashboard_msgs' for CMake config files
[1.871s] Level 1:colcon.colcon_core.shell:create_environment_hook('ur_dashboard_msgs', 'cmake_prefix_path')
[1.871s] INFO:colcon.colcon_core.shell:Creating environment hook '/home/imml/git/research_2025/apple-harvest-eva/install/ur_dashboard_msgs/share/ur_dashboard_msgs/hook/cmake_prefix_path.ps1'
[1.871s] INFO:colcon.colcon_core.shell:Creating environment descriptor '/home/imml/git/research_2025/apple-harvest-eva/install/ur_dashboard_msgs/share/ur_dashboard_msgs/hook/cmake_prefix_path.dsv'
[1.872s] INFO:colcon.colcon_core.shell:Creating environment hook '/home/imml/git/research_2025/apple-harvest-eva/install/ur_dashboard_msgs/share/ur_dashboard_msgs/hook/cmake_prefix_path.sh'
[1.872s] Level 1:colcon.colcon_core.environment:checking '/home/imml/git/research_2025/apple-harvest-eva/install/ur_dashboard_msgs/lib'
[1.872s] Level 1:colcon.colcon_core.shell:create_environment_hook('ur_dashboard_msgs', 'ld_library_path_lib')
[1.872s] INFO:colcon.colcon_core.shell:Creating environment hook '/home/imml/git/research_2025/apple-harvest-eva/install/ur_dashboard_msgs/share/ur_dashboard_msgs/hook/ld_library_path_lib.ps1'
[1.873s] INFO:colcon.colcon_core.shell:Creating environment descriptor '/home/imml/git/research_2025/apple-harvest-eva/install/ur_dashboard_msgs/share/ur_dashboard_msgs/hook/ld_library_path_lib.dsv'
[1.873s] INFO:colcon.colcon_core.shell:Creating environment hook '/home/imml/git/research_2025/apple-harvest-eva/install/ur_dashboard_msgs/share/ur_dashboard_msgs/hook/ld_library_path_lib.sh'
[1.873s] Level 1:colcon.colcon_core.environment:checking '/home/imml/git/research_2025/apple-harvest-eva/install/ur_dashboard_msgs/bin'
[1.873s] Level 1:colcon.colcon_core.environment:checking '/home/imml/git/research_2025/apple-harvest-eva/install/ur_dashboard_msgs/lib/pkgconfig/ur_dashboard_msgs.pc'
[1.874s] Level 1:colcon.colcon_core.environment:checking '/home/imml/git/research_2025/apple-harvest-eva/install/ur_dashboard_msgs/lib/python3.10/site-packages'
[1.874s] Level 1:colcon.colcon_core.environment:checking '/home/imml/git/research_2025/apple-harvest-eva/install/ur_dashboard_msgs/bin'
[1.874s] INFO:colcon.colcon_core.shell:Creating package script '/home/imml/git/research_2025/apple-harvest-eva/install/ur_dashboard_msgs/share/ur_dashboard_msgs/package.ps1'
[1.874s] INFO:colcon.colcon_core.shell:Creating package descriptor '/home/imml/git/research_2025/apple-harvest-eva/install/ur_dashboard_msgs/share/ur_dashboard_msgs/package.dsv'
[1.875s] INFO:colcon.colcon_core.shell:Creating package script '/home/imml/git/research_2025/apple-harvest-eva/install/ur_dashboard_msgs/share/ur_dashboard_msgs/package.sh'
[1.875s] INFO:colcon.colcon_core.shell:Creating package script '/home/imml/git/research_2025/apple-harvest-eva/install/ur_dashboard_msgs/share/ur_dashboard_msgs/package.bash'
[1.876s] INFO:colcon.colcon_core.shell:Creating package script '/home/imml/git/research_2025/apple-harvest-eva/install/ur_dashboard_msgs/share/ur_dashboard_msgs/package.zsh'
[1.876s] Level 1:colcon.colcon_core.environment:create_file_with_runtime_dependencies(/home/imml/git/research_2025/apple-harvest-eva/install/ur_dashboard_msgs/share/colcon-core/packages/ur_dashboard_msgs)
[1.876s] INFO:colcon.colcon_ros.task.ament_cmake.build:Building ROS package in '/home/imml/git/research_2025/apple-harvest-eva/harvest_hardware/Universal_Robots_ROS2_Driver/ur_controllers' with build type 'ament_cmake'
[1.876s] INFO:colcon.colcon_cmake.task.cmake.build:Building CMake package in '/home/imml/git/research_2025/apple-harvest-eva/harvest_hardware/Universal_Robots_ROS2_Driver/ur_controllers'
[1.877s] INFO:colcon.colcon_core.shell:Skip shell extension 'powershell' for command environment: Not usable outside of PowerShell
[1.877s] DEBUG:colcon.colcon_core.shell:Skip shell extension 'dsv' for command environment
[1.889s] DEBUG:colcon.colcon_core.event_handler.log_command:Invoking command in '/home/imml/git/research_2025/apple-harvest-eva/build/ur_controllers': CMAKE_PREFIX_PATH=/home/imml/git/research_2025/apple-harvest-eva/install/ur_dashboard_msgs:/home/imml/git/research_2025/apple-harvest-eva/install/ur:/home/imml/git/research_2025/apple-harvest-eva/install/ur_calibration:/home/imml/git/research_2025/apple-harvest-eva/install/ur_robot_driver:/home/imml/git/research_2025/apple-harvest-eva/install/ur_moveit_config:/home/imml/git/research_2025/apple-harvest-eva/install/ur_bringup:/home/imml/git/research_2025/apple-harvest-eva/install/ur_description:/home/imml/git/research_2025/apple-harvest-eva/install/ur_controllers:/home/imml/git/research_2025/apple-harvest-eva/install/realsense2_description:/home/imml/git/research_2025/apple-harvest-eva/install/realsense2_camera:/home/imml/git/research_2025/apple-harvest-eva/install/realsense2_camera_msgs:/home/imml/git/research_2025/apple-harvest-eva/install/harvest_control:/home/imml/git/research_2025/apple-harvest-eva/install/harvest:/home/imml/git/research_2025/apple-harvest-eva/install/harvest_interfaces:/home/imml/git/research_2025/apple-harvest-eva/install/ur5e_custom_hardware:/home/imml/git/research_2025/apple-harvest-eva/install/harvest_vision:/opt/ros/humble LD_LIBRARY_PATH=/home/imml/git/research_2025/apple-harvest-eva/install/ur_dashboard_msgs/lib:/home/imml/git/research_2025/apple-harvest-eva/install/ur_robot_driver/lib:/home/imml/git/research_2025/apple-harvest-eva/install/ur_controllers/lib:/home/imml/git/research_2025/apple-harvest-eva/install/realsense2_camera/lib:/home/imml/git/research_2025/apple-harvest-eva/install/realsense2_camera_msgs/lib:/home/imml/git/research_2025/apple-harvest-eva/install/harvest_interfaces/lib:/usr/local/cuda-12.9/lib64:/opt/ros/humble/opt/rviz_ogre_vendor/lib:/opt/ros/humble/lib/x86_64-linux-gnu:/opt/ros/humble/lib /usr/bin/cmake /home/imml/git/research_2025/apple-harvest-eva/harvest_hardware/Universal_Robots_ROS2_Driver/ur_controllers -DAMENT_CMAKE_SYMLINK_INSTALL=1 -DCMAKE_INSTALL_PREFIX=/home/imml/git/research_2025/apple-harvest-eva/install/ur_controllers
[1.961s] DEBUG:colcon.colcon_core.event_handler.log_command:Invoked command in '/home/imml/git/research_2025/apple-harvest-eva/build/realsense2_camera_msgs' returned '0': CMAKE_PREFIX_PATH=${CMAKE_PREFIX_PATH}:/home/imml/git/research_2025/apple-harvest-eva/install/ur5e_custom_hardware:/home/imml/git/research_2025/apple-harvest-eva/install/harvest_vision:/opt/ros/humble /usr/bin/cmake --build /home/imml/git/research_2025/apple-harvest-eva/build/realsense2_camera_msgs -- -j16 -l16
[1.962s] DEBUG:colcon.colcon_core.event_handler.log_command:Invoking command in '/home/imml/git/research_2025/apple-harvest-eva/build/realsense2_camera_msgs': CMAKE_PREFIX_PATH=${CMAKE_PREFIX_PATH}:/home/imml/git/research_2025/apple-harvest-eva/install/ur5e_custom_hardware:/home/imml/git/research_2025/apple-harvest-eva/install/harvest_vision:/opt/ros/humble /usr/bin/cmake --install /home/imml/git/research_2025/apple-harvest-eva/build/realsense2_camera_msgs
[2.043s] Level 1:colcon.colcon_core.environment:create_environment_scripts_only(realsense2_camera_msgs)
[2.043s] DEBUG:colcon.colcon_core.event_handler.log_command:Invoked command in '/home/imml/git/research_2025/apple-harvest-eva/build/realsense2_camera_msgs' returned '0': CMAKE_PREFIX_PATH=${CMAKE_PREFIX_PATH}:/home/imml/git/research_2025/apple-harvest-eva/install/ur5e_custom_hardware:/home/imml/git/research_2025/apple-harvest-eva/install/harvest_vision:/opt/ros/humble /usr/bin/cmake --install /home/imml/git/research_2025/apple-harvest-eva/build/realsense2_camera_msgs
[2.043s] Level 1:colcon.colcon_core.environment:checking '/home/imml/git/research_2025/apple-harvest-eva/install/realsense2_camera_msgs' for CMake module files
[2.044s] Level 1:colcon.colcon_core.environment:checking '/home/imml/git/research_2025/apple-harvest-eva/install/realsense2_camera_msgs' for CMake config files
[2.046s] Level 1:colcon.colcon_core.shell:create_environment_hook('realsense2_camera_msgs', 'cmake_prefix_path')
[2.046s] INFO:colcon.colcon_core.shell:Creating environment hook '/home/imml/git/research_2025/apple-harvest-eva/install/realsense2_camera_msgs/share/realsense2_camera_msgs/hook/cmake_prefix_path.ps1'
[2.046s] INFO:colcon.colcon_core.shell:Creating environment descriptor '/home/imml/git/research_2025/apple-harvest-eva/install/realsense2_camera_msgs/share/realsense2_camera_msgs/hook/cmake_prefix_path.dsv'
[2.046s] INFO:colcon.colcon_core.shell:Creating environment hook '/home/imml/git/research_2025/apple-harvest-eva/install/realsense2_camera_msgs/share/realsense2_camera_msgs/hook/cmake_prefix_path.sh'
[2.047s] Level 1:colcon.colcon_core.environment:checking '/home/imml/git/research_2025/apple-harvest-eva/install/realsense2_camera_msgs/lib'
[2.047s] Level 1:colcon.colcon_core.shell:create_environment_hook('realsense2_camera_msgs', 'ld_library_path_lib')
[2.047s] INFO:colcon.colcon_core.shell:Creating environment hook '/home/imml/git/research_2025/apple-harvest-eva/install/realsense2_camera_msgs/share/realsense2_camera_msgs/hook/ld_library_path_lib.ps1'
[2.048s] INFO:colcon.colcon_core.shell:Creating environment descriptor '/home/imml/git/research_2025/apple-harvest-eva/install/realsense2_camera_msgs/share/realsense2_camera_msgs/hook/ld_library_path_lib.dsv'
[2.048s] INFO:colcon.colcon_core.shell:Creating environment hook '/home/imml/git/research_2025/apple-harvest-eva/install/realsense2_camera_msgs/share/realsense2_camera_msgs/hook/ld_library_path_lib.sh'
[2.048s] Level 1:colcon.colcon_core.environment:checking '/home/imml/git/research_2025/apple-harvest-eva/install/realsense2_camera_msgs/bin'
[2.048s] Level 1:colcon.colcon_core.environment:checking '/home/imml/git/research_2025/apple-harvest-eva/install/realsense2_camera_msgs/lib/pkgconfig/realsense2_camera_msgs.pc'
[2.049s] Level 1:colcon.colcon_core.environment:checking '/home/imml/git/research_2025/apple-harvest-eva/install/realsense2_camera_msgs/lib/python3.10/site-packages'
[2.049s] Level 1:colcon.colcon_core.environment:checking '/home/imml/git/research_2025/apple-harvest-eva/install/realsense2_camera_msgs/bin'
[2.049s] INFO:colcon.colcon_core.shell:Creating package script '/home/imml/git/research_2025/apple-harvest-eva/install/realsense2_camera_msgs/share/realsense2_camera_msgs/package.ps1'
[2.050s] INFO:colcon.colcon_core.shell:Creating package descriptor '/home/imml/git/research_2025/apple-harvest-eva/install/realsense2_camera_msgs/share/realsense2_camera_msgs/package.dsv'
[2.050s] INFO:colcon.colcon_core.shell:Creating package script '/home/imml/git/research_2025/apple-harvest-eva/install/realsense2_camera_msgs/share/realsense2_camera_msgs/package.sh'
[2.051s] INFO:colcon.colcon_core.shell:Creating package script '/home/imml/git/research_2025/apple-harvest-eva/install/realsense2_camera_msgs/share/realsense2_camera_msgs/package.bash'
[2.051s] INFO:colcon.colcon_core.shell:Creating package script '/home/imml/git/research_2025/apple-harvest-eva/install/realsense2_camera_msgs/share/realsense2_camera_msgs/package.zsh'
[2.051s] Level 1:colcon.colcon_core.environment:create_file_with_runtime_dependencies(/home/imml/git/research_2025/apple-harvest-eva/install/realsense2_camera_msgs/share/colcon-core/packages/realsense2_camera_msgs)
[2.052s] Level 1:colcon.colcon_core.environment:create_environment_scripts_only(realsense2_camera_msgs)
[2.052s] Level 1:colcon.colcon_core.environment:checking '/home/imml/git/research_2025/apple-harvest-eva/install/realsense2_camera_msgs' for CMake module files
[2.053s] Level 1:colcon.colcon_core.environment:checking '/home/imml/git/research_2025/apple-harvest-eva/install/realsense2_camera_msgs' for CMake config files
[2.055s] Level 1:colcon.colcon_core.shell:create_environment_hook('realsense2_camera_msgs', 'cmake_prefix_path')
[2.055s] INFO:colcon.colcon_core.shell:Creating environment hook '/home/imml/git/research_2025/apple-harvest-eva/install/realsense2_camera_msgs/share/realsense2_camera_msgs/hook/cmake_prefix_path.ps1'
[2.056s] INFO:colcon.colcon_core.shell:Creating environment descriptor '/home/imml/git/research_2025/apple-harvest-eva/install/realsense2_camera_msgs/share/realsense2_camera_msgs/hook/cmake_prefix_path.dsv'
[2.056s] INFO:colcon.colcon_core.shell:Creating environment hook '/home/imml/git/research_2025/apple-harvest-eva/install/realsense2_camera_msgs/share/realsense2_camera_msgs/hook/cmake_prefix_path.sh'
[2.057s] Level 1:colcon.colcon_core.environment:checking '/home/imml/git/research_2025/apple-harvest-eva/install/realsense2_camera_msgs/lib'
[2.057s] Level 1:colcon.colcon_core.shell:create_environment_hook('realsense2_camera_msgs', 'ld_library_path_lib')
[2.057s] INFO:colcon.colcon_core.shell:Creating environment hook '/home/imml/git/research_2025/apple-harvest-eva/install/realsense2_camera_msgs/share/realsense2_camera_msgs/hook/ld_library_path_lib.ps1'
[2.058s] INFO:colcon.colcon_core.shell:Creating environment descriptor '/home/imml/git/research_2025/apple-harvest-eva/install/realsense2_camera_msgs/share/realsense2_camera_msgs/hook/ld_library_path_lib.dsv'
[2.058s] INFO:colcon.colcon_core.shell:Creating environment hook '/home/imml/git/research_2025/apple-harvest-eva/install/realsense2_camera_msgs/share/realsense2_camera_msgs/hook/ld_library_path_lib.sh'
[2.059s] Level 1:colcon.colcon_core.environment:checking '/home/imml/git/research_2025/apple-harvest-eva/install/realsense2_camera_msgs/bin'
[2.059s] Level 1:colcon.colcon_core.environment:checking '/home/imml/git/research_2025/apple-harvest-eva/install/realsense2_camera_msgs/lib/pkgconfig/realsense2_camera_msgs.pc'
[2.059s] Level 1:colcon.colcon_core.environment:checking '/home/imml/git/research_2025/apple-harvest-eva/install/realsense2_camera_msgs/lib/python3.10/site-packages'
[2.059s] Level 1:colcon.colcon_core.environment:checking '/home/imml/git/research_2025/apple-harvest-eva/install/realsense2_camera_msgs/bin'
[2.060s] INFO:colcon.colcon_core.shell:Creating package script '/home/imml/git/research_2025/apple-harvest-eva/install/realsense2_camera_msgs/share/realsense2_camera_msgs/package.ps1'
[2.060s] INFO:colcon.colcon_core.shell:Creating package descriptor '/home/imml/git/research_2025/apple-harvest-eva/install/realsense2_camera_msgs/share/realsense2_camera_msgs/package.dsv'
[2.061s] INFO:colcon.colcon_core.shell:Creating package script '/home/imml/git/research_2025/apple-harvest-eva/install/realsense2_camera_msgs/share/realsense2_camera_msgs/package.sh'
[2.061s] INFO:colcon.colcon_core.shell:Creating package script '/home/imml/git/research_2025/apple-harvest-eva/install/realsense2_camera_msgs/share/realsense2_camera_msgs/package.bash'
[2.062s] INFO:colcon.colcon_core.shell:Creating package script '/home/imml/git/research_2025/apple-harvest-eva/install/realsense2_camera_msgs/share/realsense2_camera_msgs/package.zsh'
[2.062s] Level 1:colcon.colcon_core.environment:create_file_with_runtime_dependencies(/home/imml/git/research_2025/apple-harvest-eva/install/realsense2_camera_msgs/share/colcon-core/packages/realsense2_camera_msgs)
[2.063s] INFO:colcon.colcon_ros.task.ament_cmake.build:Building ROS package in '/home/imml/git/research_2025/apple-harvest-eva/harvest_hardware/realsense-ros/realsense2_camera' with build type 'ament_cmake'
[2.063s] INFO:colcon.colcon_cmake.task.cmake.build:Building CMake package in '/home/imml/git/research_2025/apple-harvest-eva/harvest_hardware/realsense-ros/realsense2_camera'
[2.063s] INFO:colcon.colcon_core.shell:Skip shell extension 'powershell' for command environment: Not usable outside of PowerShell
[2.063s] DEBUG:colcon.colcon_core.shell:Skip shell extension 'dsv' for command environment
[2.068s] INFO:colcon.colcon_ros.task.ament_cmake.build:Building ROS package in '/home/imml/git/research_2025/apple-harvest-eva/harvest_hardware/realsense-ros/realsense2_description' with build type 'ament_cmake'
[2.068s] INFO:colcon.colcon_cmake.task.cmake.build:Building CMake package in '/home/imml/git/research_2025/apple-harvest-eva/harvest_hardware/realsense-ros/realsense2_description'
[2.069s] INFO:colcon.colcon_core.shell:Skip shell extension 'powershell' for command environment: Not usable outside of PowerShell
[2.069s] DEBUG:colcon.colcon_core.shell:Skip shell extension 'dsv' for command environment
[2.076s] DEBUG:colcon.colcon_core.event_handler.log_command:Invoking command in '/home/imml/git/research_2025/apple-harvest-eva/build/realsense2_camera': CMAKE_PREFIX_PATH=/home/imml/git/research_2025/apple-harvest-eva/install/realsense2_camera_msgs:/home/imml/git/research_2025/apple-harvest-eva/install/ur:/home/imml/git/research_2025/apple-harvest-eva/install/ur_calibration:/home/imml/git/research_2025/apple-harvest-eva/install/ur_robot_driver:/home/imml/git/research_2025/apple-harvest-eva/install/ur_moveit_config:/home/imml/git/research_2025/apple-harvest-eva/install/ur_bringup:/home/imml/git/research_2025/apple-harvest-eva/install/ur_description:/home/imml/git/research_2025/apple-harvest-eva/install/ur_controllers:/home/imml/git/research_2025/apple-harvest-eva/install/ur_dashboard_msgs:/home/imml/git/research_2025/apple-harvest-eva/install/realsense2_description:/home/imml/git/research_2025/apple-harvest-eva/install/realsense2_camera:/home/imml/git/research_2025/apple-harvest-eva/install/harvest_control:/home/imml/git/research_2025/apple-harvest-eva/install/harvest:/home/imml/git/research_2025/apple-harvest-eva/install/harvest_interfaces:/home/imml/git/research_2025/apple-harvest-eva/install/ur5e_custom_hardware:/home/imml/git/research_2025/apple-harvest-eva/install/harvest_vision:/opt/ros/humble LD_LIBRARY_PATH=/home/imml/git/research_2025/apple-harvest-eva/install/realsense2_camera_msgs/lib:/home/imml/git/research_2025/apple-harvest-eva/install/ur_robot_driver/lib:/home/imml/git/research_2025/apple-harvest-eva/install/ur_controllers/lib:/home/imml/git/research_2025/apple-harvest-eva/install/ur_dashboard_msgs/lib:/home/imml/git/research_2025/apple-harvest-eva/install/realsense2_camera/lib:/home/imml/git/research_2025/apple-harvest-eva/install/harvest_interfaces/lib:/usr/local/cuda-12.9/lib64:/opt/ros/humble/opt/rviz_ogre_vendor/lib:/opt/ros/humble/lib/x86_64-linux-gnu:/opt/ros/humble/lib /usr/bin/cmake /home/imml/git/research_2025/apple-harvest-eva/harvest_hardware/realsense-ros/realsense2_camera -DAMENT_CMAKE_SYMLINK_INSTALL=1 -DCMAKE_INSTALL_PREFIX=/home/imml/git/research_2025/apple-harvest-eva/install/realsense2_camera
[2.081s] DEBUG:colcon.colcon_core.event_handler.log_command:Invoking command in '/home/imml/git/research_2025/apple-harvest-eva/build/realsense2_description': CMAKE_PREFIX_PATH=/home/imml/git/research_2025/apple-harvest-eva/install/realsense2_camera_msgs:/home/imml/git/research_2025/apple-harvest-eva/install/ur:/home/imml/git/research_2025/apple-harvest-eva/install/ur_calibration:/home/imml/git/research_2025/apple-harvest-eva/install/ur_robot_driver:/home/imml/git/research_2025/apple-harvest-eva/install/ur_moveit_config:/home/imml/git/research_2025/apple-harvest-eva/install/ur_bringup:/home/imml/git/research_2025/apple-harvest-eva/install/ur_description:/home/imml/git/research_2025/apple-harvest-eva/install/ur_controllers:/home/imml/git/research_2025/apple-harvest-eva/install/ur_dashboard_msgs:/home/imml/git/research_2025/apple-harvest-eva/install/realsense2_description:/home/imml/git/research_2025/apple-harvest-eva/install/realsense2_camera:/home/imml/git/research_2025/apple-harvest-eva/install/harvest_control:/home/imml/git/research_2025/apple-harvest-eva/install/harvest:/home/imml/git/research_2025/apple-harvest-eva/install/harvest_interfaces:/home/imml/git/research_2025/apple-harvest-eva/install/ur5e_custom_hardware:/home/imml/git/research_2025/apple-harvest-eva/install/harvest_vision:/opt/ros/humble LD_LIBRARY_PATH=/home/imml/git/research_2025/apple-harvest-eva/install/realsense2_camera_msgs/lib:/home/imml/git/research_2025/apple-harvest-eva/install/ur_robot_driver/lib:/home/imml/git/research_2025/apple-harvest-eva/install/ur_controllers/lib:/home/imml/git/research_2025/apple-harvest-eva/install/ur_dashboard_msgs/lib:/home/imml/git/research_2025/apple-harvest-eva/install/realsense2_camera/lib:/home/imml/git/research_2025/apple-harvest-eva/install/harvest_interfaces/lib:/usr/local/cuda-12.9/lib64:/opt/ros/humble/opt/rviz_ogre_vendor/lib:/opt/ros/humble/lib/x86_64-linux-gnu:/opt/ros/humble/lib /usr/bin/cmake /home/imml/git/research_2025/apple-harvest-eva/harvest_hardware/realsense-ros/realsense2_description -DAMENT_CMAKE_SYMLINK_INSTALL=1 -DCMAKE_INSTALL_PREFIX=/home/imml/git/research_2025/apple-harvest-eva/install/realsense2_description
[2.220s] DEBUG:colcon.colcon_core.event_handler.log_command:Invoked command in '/home/imml/git/research_2025/apple-harvest-eva/build/harvest_interfaces' returned '0': CMAKE_PREFIX_PATH=${CMAKE_PREFIX_PATH}:/home/imml/git/research_2025/apple-harvest-eva/install/ur5e_custom_hardware:/home/imml/git/research_2025/apple-harvest-eva/install/harvest_vision:/opt/ros/humble /usr/bin/cmake --build /home/imml/git/research_2025/apple-harvest-eva/build/harvest_interfaces -- -j16 -l16
[2.222s] DEBUG:colcon.colcon_core.event_handler.log_command:Invoking command in '/home/imml/git/research_2025/apple-harvest-eva/build/harvest_interfaces': CMAKE_PREFIX_PATH=${CMAKE_PREFIX_PATH}:/home/imml/git/research_2025/apple-harvest-eva/install/ur5e_custom_hardware:/home/imml/git/research_2025/apple-harvest-eva/install/harvest_vision:/opt/ros/humble /usr/bin/cmake --install /home/imml/git/research_2025/apple-harvest-eva/build/harvest_interfaces
[2.326s] DEBUG:colcon.colcon_core.event_handler.log_command:Invoked command in '/home/imml/git/research_2025/apple-harvest-eva/build/realsense2_description' returned '0': CMAKE_PREFIX_PATH=/home/imml/git/research_2025/apple-harvest-eva/install/realsense2_camera_msgs:/home/imml/git/research_2025/apple-harvest-eva/install/ur:/home/imml/git/research_2025/apple-harvest-eva/install/ur_calibration:/home/imml/git/research_2025/apple-harvest-eva/install/ur_robot_driver:/home/imml/git/research_2025/apple-harvest-eva/install/ur_moveit_config:/home/imml/git/research_2025/apple-harvest-eva/install/ur_bringup:/home/imml/git/research_2025/apple-harvest-eva/install/ur_description:/home/imml/git/research_2025/apple-harvest-eva/install/ur_controllers:/home/imml/git/research_2025/apple-harvest-eva/install/ur_dashboard_msgs:/home/imml/git/research_2025/apple-harvest-eva/install/realsense2_description:/home/imml/git/research_2025/apple-harvest-eva/install/realsense2_camera:/home/imml/git/research_2025/apple-harvest-eva/install/harvest_control:/home/imml/git/research_2025/apple-harvest-eva/install/harvest:/home/imml/git/research_2025/apple-harvest-eva/install/harvest_interfaces:/home/imml/git/research_2025/apple-harvest-eva/install/ur5e_custom_hardware:/home/imml/git/research_2025/apple-harvest-eva/install/harvest_vision:/opt/ros/humble LD_LIBRARY_PATH=/home/imml/git/research_2025/apple-harvest-eva/install/realsense2_camera_msgs/lib:/home/imml/git/research_2025/apple-harvest-eva/install/ur_robot_driver/lib:/home/imml/git/research_2025/apple-harvest-eva/install/ur_controllers/lib:/home/imml/git/research_2025/apple-harvest-eva/install/ur_dashboard_msgs/lib:/home/imml/git/research_2025/apple-harvest-eva/install/realsense2_camera/lib:/home/imml/git/research_2025/apple-harvest-eva/install/harvest_interfaces/lib:/usr/local/cuda-12.9/lib64:/opt/ros/humble/opt/rviz_ogre_vendor/lib:/opt/ros/humble/lib/x86_64-linux-gnu:/opt/ros/humble/lib /usr/bin/cmake /home/imml/git/research_2025/apple-harvest-eva/harvest_hardware/realsense-ros/realsense2_description -DAMENT_CMAKE_SYMLINK_INSTALL=1 -DCMAKE_INSTALL_PREFIX=/home/imml/git/research_2025/apple-harvest-eva/install/realsense2_description
[2.327s] DEBUG:colcon.colcon_core.event_handler.log_command:Invoking command in '/home/imml/git/research_2025/apple-harvest-eva/build/realsense2_description': CMAKE_PREFIX_PATH=/home/imml/git/research_2025/apple-harvest-eva/install/realsense2_camera_msgs:/home/imml/git/research_2025/apple-harvest-eva/install/ur:/home/imml/git/research_2025/apple-harvest-eva/install/ur_calibration:/home/imml/git/research_2025/apple-harvest-eva/install/ur_robot_driver:/home/imml/git/research_2025/apple-harvest-eva/install/ur_moveit_config:/home/imml/git/research_2025/apple-harvest-eva/install/ur_bringup:/home/imml/git/research_2025/apple-harvest-eva/install/ur_description:/home/imml/git/research_2025/apple-harvest-eva/install/ur_controllers:/home/imml/git/research_2025/apple-harvest-eva/install/ur_dashboard_msgs:/home/imml/git/research_2025/apple-harvest-eva/install/realsense2_description:/home/imml/git/research_2025/apple-harvest-eva/install/realsense2_camera:/home/imml/git/research_2025/apple-harvest-eva/install/harvest_control:/home/imml/git/research_2025/apple-harvest-eva/install/harvest:/home/imml/git/research_2025/apple-harvest-eva/install/harvest_interfaces:/home/imml/git/research_2025/apple-harvest-eva/install/ur5e_custom_hardware:/home/imml/git/research_2025/apple-harvest-eva/install/harvest_vision:/opt/ros/humble LD_LIBRARY_PATH=/home/imml/git/research_2025/apple-harvest-eva/install/realsense2_camera_msgs/lib:/home/imml/git/research_2025/apple-harvest-eva/install/ur_robot_driver/lib:/home/imml/git/research_2025/apple-harvest-eva/install/ur_controllers/lib:/home/imml/git/research_2025/apple-harvest-eva/install/ur_dashboard_msgs/lib:/home/imml/git/research_2025/apple-harvest-eva/install/realsense2_camera/lib:/home/imml/git/research_2025/apple-harvest-eva/install/harvest_interfaces/lib:/usr/local/cuda-12.9/lib64:/opt/ros/humble/opt/rviz_ogre_vendor/lib:/opt/ros/humble/lib/x86_64-linux-gnu:/opt/ros/humble/lib /usr/bin/cmake --build /home/imml/git/research_2025/apple-harvest-eva/build/realsense2_description -- -j16 -l16
[2.332s] Level 1:colcon.colcon_core.environment:create_environment_scripts_only(harvest_interfaces)
[2.332s] Level 1:colcon.colcon_core.environment:checking '/home/imml/git/research_2025/apple-harvest-eva/install/harvest_interfaces' for CMake module files
[2.332s] DEBUG:colcon.colcon_core.event_handler.log_command:Invoked command in '/home/imml/git/research_2025/apple-harvest-eva/build/harvest_interfaces' returned '0': CMAKE_PREFIX_PATH=${CMAKE_PREFIX_PATH}:/home/imml/git/research_2025/apple-harvest-eva/install/ur5e_custom_hardware:/home/imml/git/research_2025/apple-harvest-eva/install/harvest_vision:/opt/ros/humble /usr/bin/cmake --install /home/imml/git/research_2025/apple-harvest-eva/build/harvest_interfaces
[2.333s] Level 1:colcon.colcon_core.environment:checking '/home/imml/git/research_2025/apple-harvest-eva/install/harvest_interfaces' for CMake config files
[2.335s] Level 1:colcon.colcon_core.shell:create_environment_hook('harvest_interfaces', 'cmake_prefix_path')
[2.336s] INFO:colcon.colcon_core.shell:Creating environment hook '/home/imml/git/research_2025/apple-harvest-eva/install/harvest_interfaces/share/harvest_interfaces/hook/cmake_prefix_path.ps1'
[2.336s] INFO:colcon.colcon_core.shell:Creating environment descriptor '/home/imml/git/research_2025/apple-harvest-eva/install/harvest_interfaces/share/harvest_interfaces/hook/cmake_prefix_path.dsv'
[2.336s] INFO:colcon.colcon_core.shell:Creating environment hook '/home/imml/git/research_2025/apple-harvest-eva/install/harvest_interfaces/share/harvest_interfaces/hook/cmake_prefix_path.sh'
[2.337s] Level 1:colcon.colcon_core.environment:checking '/home/imml/git/research_2025/apple-harvest-eva/install/harvest_interfaces/lib'
[2.337s] Level 1:colcon.colcon_core.shell:create_environment_hook('harvest_interfaces', 'ld_library_path_lib')
[2.337s] INFO:colcon.colcon_core.shell:Creating environment hook '/home/imml/git/research_2025/apple-harvest-eva/install/harvest_interfaces/share/harvest_interfaces/hook/ld_library_path_lib.ps1'
[2.338s] INFO:colcon.colcon_core.shell:Creating environment descriptor '/home/imml/git/research_2025/apple-harvest-eva/install/harvest_interfaces/share/harvest_interfaces/hook/ld_library_path_lib.dsv'
[2.338s] INFO:colcon.colcon_core.shell:Creating environment hook '/home/imml/git/research_2025/apple-harvest-eva/install/harvest_interfaces/share/harvest_interfaces/hook/ld_library_path_lib.sh'
[2.338s] Level 1:colcon.colcon_core.environment:checking '/home/imml/git/research_2025/apple-harvest-eva/install/harvest_interfaces/bin'
[2.338s] Level 1:colcon.colcon_core.environment:checking '/home/imml/git/research_2025/apple-harvest-eva/install/harvest_interfaces/lib/pkgconfig/harvest_interfaces.pc'
[2.338s] Level 1:colcon.colcon_core.environment:checking '/home/imml/git/research_2025/apple-harvest-eva/install/harvest_interfaces/lib/python3.10/site-packages'
[2.339s] Level 1:colcon.colcon_core.environment:checking '/home/imml/git/research_2025/apple-harvest-eva/install/harvest_interfaces/bin'
[2.339s] INFO:colcon.colcon_core.shell:Creating package script '/home/imml/git/research_2025/apple-harvest-eva/install/harvest_interfaces/share/harvest_interfaces/package.ps1'
[2.339s] INFO:colcon.colcon_core.shell:Creating package descriptor '/home/imml/git/research_2025/apple-harvest-eva/install/harvest_interfaces/share/harvest_interfaces/package.dsv'
[2.340s] INFO:colcon.colcon_core.shell:Creating package script '/home/imml/git/research_2025/apple-harvest-eva/install/harvest_interfaces/share/harvest_interfaces/package.sh'
[2.340s] INFO:colcon.colcon_core.shell:Creating package script '/home/imml/git/research_2025/apple-harvest-eva/install/harvest_interfaces/share/harvest_interfaces/package.bash'
[2.340s] INFO:colcon.colcon_core.shell:Creating package script '/home/imml/git/research_2025/apple-harvest-eva/install/harvest_interfaces/share/harvest_interfaces/package.zsh'
[2.341s] Level 1:colcon.colcon_core.environment:create_file_with_runtime_dependencies(/home/imml/git/research_2025/apple-harvest-eva/install/harvest_interfaces/share/colcon-core/packages/harvest_interfaces)
[2.341s] Level 1:colcon.colcon_core.environment:create_environment_scripts_only(harvest_interfaces)
[2.341s] Level 1:colcon.colcon_core.environment:checking '/home/imml/git/research_2025/apple-harvest-eva/install/harvest_interfaces' for CMake module files
[2.342s] Level 1:colcon.colcon_core.environment:checking '/home/imml/git/research_2025/apple-harvest-eva/install/harvest_interfaces' for CMake config files
[2.344s] Level 1:colcon.colcon_core.shell:create_environment_hook('harvest_interfaces', 'cmake_prefix_path')
[2.344s] INFO:colcon.colcon_core.shell:Creating environment hook '/home/imml/git/research_2025/apple-harvest-eva/install/harvest_interfaces/share/harvest_interfaces/hook/cmake_prefix_path.ps1'
[2.345s] INFO:colcon.colcon_core.shell:Creating environment descriptor '/home/imml/git/research_2025/apple-harvest-eva/install/harvest_interfaces/share/harvest_interfaces/hook/cmake_prefix_path.dsv'
[2.345s] INFO:colcon.colcon_core.shell:Creating environment hook '/home/imml/git/research_2025/apple-harvest-eva/install/harvest_interfaces/share/harvest_interfaces/hook/cmake_prefix_path.sh'
[2.345s] Level 1:colcon.colcon_core.environment:checking '/home/imml/git/research_2025/apple-harvest-eva/install/harvest_interfaces/lib'
[2.346s] Level 1:colcon.colcon_core.shell:create_environment_hook('harvest_interfaces', 'ld_library_path_lib')
[2.346s] INFO:colcon.colcon_core.shell:Creating environment hook '/home/imml/git/research_2025/apple-harvest-eva/install/harvest_interfaces/share/harvest_interfaces/hook/ld_library_path_lib.ps1'
[2.346s] INFO:colcon.colcon_core.shell:Creating environment descriptor '/home/imml/git/research_2025/apple-harvest-eva/install/harvest_interfaces/share/harvest_interfaces/hook/ld_library_path_lib.dsv'
[2.346s] INFO:colcon.colcon_core.shell:Creating environment hook '/home/imml/git/research_2025/apple-harvest-eva/install/harvest_interfaces/share/harvest_interfaces/hook/ld_library_path_lib.sh'
[2.347s] Level 1:colcon.colcon_core.environment:checking '/home/imml/git/research_2025/apple-harvest-eva/install/harvest_interfaces/bin'
[2.347s] Level 1:colcon.colcon_core.environment:checking '/home/imml/git/research_2025/apple-harvest-eva/install/harvest_interfaces/lib/pkgconfig/harvest_interfaces.pc'
[2.347s] Level 1:colcon.colcon_core.environment:checking '/home/imml/git/research_2025/apple-harvest-eva/install/harvest_interfaces/lib/python3.10/site-packages'
[2.347s] Level 1:colcon.colcon_core.environment:checking '/home/imml/git/research_2025/apple-harvest-eva/install/harvest_interfaces/bin'
[2.347s] INFO:colcon.colcon_core.shell:Creating package script '/home/imml/git/research_2025/apple-harvest-eva/install/harvest_interfaces/share/harvest_interfaces/package.ps1'
[2.348s] INFO:colcon.colcon_core.shell:Creating package descriptor '/home/imml/git/research_2025/apple-harvest-eva/install/harvest_interfaces/share/harvest_interfaces/package.dsv'
[2.348s] INFO:colcon.colcon_core.shell:Creating package script '/home/imml/git/research_2025/apple-harvest-eva/install/harvest_interfaces/share/harvest_interfaces/package.sh'
[2.348s] INFO:colcon.colcon_core.shell:Creating package script '/home/imml/git/research_2025/apple-harvest-eva/install/harvest_interfaces/share/harvest_interfaces/package.bash'
[2.349s] INFO:colcon.colcon_core.shell:Creating package script '/home/imml/git/research_2025/apple-harvest-eva/install/harvest_interfaces/share/harvest_interfaces/package.zsh'
[2.349s] Level 1:colcon.colcon_core.environment:create_file_with_runtime_dependencies(/home/imml/git/research_2025/apple-harvest-eva/install/harvest_interfaces/share/colcon-core/packages/harvest_interfaces)
[2.349s] INFO:colcon.colcon_ros.task.ament_cmake.build:Building ROS package in '/home/imml/git/research_2025/apple-harvest-eva/harvest' with build type 'ament_cmake'
[2.349s] INFO:colcon.colcon_cmake.task.cmake.build:Building CMake package in '/home/imml/git/research_2025/apple-harvest-eva/harvest'
[2.350s] INFO:colcon.colcon_core.shell:Skip shell extension 'powershell' for command environment: Not usable outside of PowerShell
[2.350s] DEBUG:colcon.colcon_core.shell:Skip shell extension 'dsv' for command environment
[2.355s] INFO:colcon.colcon_ros.task.ament_cmake.build:Building ROS package in '/home/imml/git/research_2025/apple-harvest-eva/harvest_control' with build type 'ament_cmake'
[2.355s] INFO:colcon.colcon_cmake.task.cmake.build:Building CMake package in '/home/imml/git/research_2025/apple-harvest-eva/harvest_control'
[2.356s] INFO:colcon.colcon_core.shell:Skip shell extension 'powershell' for command environment: Not usable outside of PowerShell
[2.356s] DEBUG:colcon.colcon_core.shell:Skip shell extension 'dsv' for command environment
[2.360s] INFO:colcon.colcon_ros.task.ament_python.build:Building ROS package in '/home/imml/git/research_2025/apple-harvest-eva/harvest_vision' with build type 'ament_python'
[2.360s] Level 1:colcon.colcon_core.shell:create_environment_hook('harvest_vision', 'ament_prefix_path')
[2.361s] INFO:colcon.colcon_core.shell:Creating environment hook '/home/imml/git/research_2025/apple-harvest-eva/install/harvest_vision/share/harvest_vision/hook/ament_prefix_path.ps1'
[2.361s] INFO:colcon.colcon_core.shell:Creating environment descriptor '/home/imml/git/research_2025/apple-harvest-eva/install/harvest_vision/share/harvest_vision/hook/ament_prefix_path.dsv'
[2.362s] INFO:colcon.colcon_core.shell:Creating environment hook '/home/imml/git/research_2025/apple-harvest-eva/install/harvest_vision/share/harvest_vision/hook/ament_prefix_path.sh'
[2.362s] INFO:colcon.colcon_core.shell:Skip shell extension 'powershell' for command environment: Not usable outside of PowerShell
[2.362s] DEBUG:colcon.colcon_core.shell:Skip shell extension 'dsv' for command environment
[2.370s] DEBUG:colcon.colcon_core.event_handler.log_command:Invoked command in '/home/imml/git/research_2025/apple-harvest-eva/build/realsense2_description' returned '0': CMAKE_PREFIX_PATH=/home/imml/git/research_2025/apple-harvest-eva/install/realsense2_camera_msgs:/home/imml/git/research_2025/apple-harvest-eva/install/ur:/home/imml/git/research_2025/apple-harvest-eva/install/ur_calibration:/home/imml/git/research_2025/apple-harvest-eva/install/ur_robot_driver:/home/imml/git/research_2025/apple-harvest-eva/install/ur_moveit_config:/home/imml/git/research_2025/apple-harvest-eva/install/ur_bringup:/home/imml/git/research_2025/apple-harvest-eva/install/ur_description:/home/imml/git/research_2025/apple-harvest-eva/install/ur_controllers:/home/imml/git/research_2025/apple-harvest-eva/install/ur_dashboard_msgs:/home/imml/git/research_2025/apple-harvest-eva/install/realsense2_description:/home/imml/git/research_2025/apple-harvest-eva/install/realsense2_camera:/home/imml/git/research_2025/apple-harvest-eva/install/harvest_control:/home/imml/git/research_2025/apple-harvest-eva/install/harvest:/home/imml/git/research_2025/apple-harvest-eva/install/harvest_interfaces:/home/imml/git/research_2025/apple-harvest-eva/install/ur5e_custom_hardware:/home/imml/git/research_2025/apple-harvest-eva/install/harvest_vision:/opt/ros/humble LD_LIBRARY_PATH=/home/imml/git/research_2025/apple-harvest-eva/install/realsense2_camera_msgs/lib:/home/imml/git/research_2025/apple-harvest-eva/install/ur_robot_driver/lib:/home/imml/git/research_2025/apple-harvest-eva/install/ur_controllers/lib:/home/imml/git/research_2025/apple-harvest-eva/install/ur_dashboard_msgs/lib:/home/imml/git/research_2025/apple-harvest-eva/install/realsense2_camera/lib:/home/imml/git/research_2025/apple-harvest-eva/install/harvest_interfaces/lib:/usr/local/cuda-12.9/lib64:/opt/ros/humble/opt/rviz_ogre_vendor/lib:/opt/ros/humble/lib/x86_64-linux-gnu:/opt/ros/humble/lib /usr/bin/cmake --build /home/imml/git/research_2025/apple-harvest-eva/build/realsense2_description -- -j16 -l16
[2.372s] DEBUG:colcon.colcon_core.event_handler.log_command:Invoking command in '/home/imml/git/research_2025/apple-harvest-eva/build/realsense2_description': CMAKE_PREFIX_PATH=/home/imml/git/research_2025/apple-harvest-eva/install/realsense2_camera_msgs:/home/imml/git/research_2025/apple-harvest-eva/install/ur:/home/imml/git/research_2025/apple-harvest-eva/install/ur_calibration:/home/imml/git/research_2025/apple-harvest-eva/install/ur_robot_driver:/home/imml/git/research_2025/apple-harvest-eva/install/ur_moveit_config:/home/imml/git/research_2025/apple-harvest-eva/install/ur_bringup:/home/imml/git/research_2025/apple-harvest-eva/install/ur_description:/home/imml/git/research_2025/apple-harvest-eva/install/ur_controllers:/home/imml/git/research_2025/apple-harvest-eva/install/ur_dashboard_msgs:/home/imml/git/research_2025/apple-harvest-eva/install/realsense2_description:/home/imml/git/research_2025/apple-harvest-eva/install/realsense2_camera:/home/imml/git/research_2025/apple-harvest-eva/install/harvest_control:/home/imml/git/research_2025/apple-harvest-eva/install/harvest:/home/imml/git/research_2025/apple-harvest-eva/install/harvest_interfaces:/home/imml/git/research_2025/apple-harvest-eva/install/ur5e_custom_hardware:/home/imml/git/research_2025/apple-harvest-eva/install/harvest_vision:/opt/ros/humble LD_LIBRARY_PATH=/home/imml/git/research_2025/apple-harvest-eva/install/realsense2_camera_msgs/lib:/home/imml/git/research_2025/apple-harvest-eva/install/ur_robot_driver/lib:/home/imml/git/research_2025/apple-harvest-eva/install/ur_controllers/lib:/home/imml/git/research_2025/apple-harvest-eva/install/ur_dashboard_msgs/lib:/home/imml/git/research_2025/apple-harvest-eva/install/realsense2_camera/lib:/home/imml/git/research_2025/apple-harvest-eva/install/harvest_interfaces/lib:/usr/local/cuda-12.9/lib64:/opt/ros/humble/opt/rviz_ogre_vendor/lib:/opt/ros/humble/lib/x86_64-linux-gnu:/opt/ros/humble/lib /usr/bin/cmake --install /home/imml/git/research_2025/apple-harvest-eva/build/realsense2_description
[2.375s] DEBUG:colcon.colcon_core.event_handler.log_command:Invoking command in '/home/imml/git/research_2025/apple-harvest-eva/build/harvest': CMAKE_PREFIX_PATH=/home/imml/git/research_2025/apple-harvest-eva/install/harvest_interfaces:/home/imml/git/research_2025/apple-harvest-eva/install/ur:/home/imml/git/research_2025/apple-harvest-eva/install/ur_calibration:/home/imml/git/research_2025/apple-harvest-eva/install/ur_robot_driver:/home/imml/git/research_2025/apple-harvest-eva/install/ur_moveit_config:/home/imml/git/research_2025/apple-harvest-eva/install/ur_bringup:/home/imml/git/research_2025/apple-harvest-eva/install/ur_description:/home/imml/git/research_2025/apple-harvest-eva/install/ur_controllers:/home/imml/git/research_2025/apple-harvest-eva/install/ur_dashboard_msgs:/home/imml/git/research_2025/apple-harvest-eva/install/realsense2_description:/home/imml/git/research_2025/apple-harvest-eva/install/realsense2_camera:/home/imml/git/research_2025/apple-harvest-eva/install/realsense2_camera_msgs:/home/imml/git/research_2025/apple-harvest-eva/install/harvest_control:/home/imml/git/research_2025/apple-harvest-eva/install/harvest:/home/imml/git/research_2025/apple-harvest-eva/install/ur5e_custom_hardware:/home/imml/git/research_2025/apple-harvest-eva/install/harvest_vision:/opt/ros/humble LD_LIBRARY_PATH=/home/imml/git/research_2025/apple-harvest-eva/install/harvest_interfaces/lib:/home/imml/git/research_2025/apple-harvest-eva/install/ur_robot_driver/lib:/home/imml/git/research_2025/apple-harvest-eva/install/ur_controllers/lib:/home/imml/git/research_2025/apple-harvest-eva/install/ur_dashboard_msgs/lib:/home/imml/git/research_2025/apple-harvest-eva/install/realsense2_camera/lib:/home/imml/git/research_2025/apple-harvest-eva/install/realsense2_camera_msgs/lib:/usr/local/cuda-12.9/lib64:/opt/ros/humble/opt/rviz_ogre_vendor/lib:/opt/ros/humble/lib/x86_64-linux-gnu:/opt/ros/humble/lib /usr/bin/cmake /home/imml/git/research_2025/apple-harvest-eva/harvest -DAMENT_CMAKE_SYMLINK_INSTALL=1 -DCMAKE_INSTALL_PREFIX=/home/imml/git/research_2025/apple-harvest-eva/install/harvest
[2.380s] DEBUG:colcon.colcon_core.event_handler.log_command:Invoking command in '/home/imml/git/research_2025/apple-harvest-eva/build/harvest_control': CMAKE_PREFIX_PATH=/home/imml/git/research_2025/apple-harvest-eva/install/harvest_interfaces:/home/imml/git/research_2025/apple-harvest-eva/install/ur:/home/imml/git/research_2025/apple-harvest-eva/install/ur_calibration:/home/imml/git/research_2025/apple-harvest-eva/install/ur_robot_driver:/home/imml/git/research_2025/apple-harvest-eva/install/ur_moveit_config:/home/imml/git/research_2025/apple-harvest-eva/install/ur_bringup:/home/imml/git/research_2025/apple-harvest-eva/install/ur_description:/home/imml/git/research_2025/apple-harvest-eva/install/ur_controllers:/home/imml/git/research_2025/apple-harvest-eva/install/ur_dashboard_msgs:/home/imml/git/research_2025/apple-harvest-eva/install/realsense2_description:/home/imml/git/research_2025/apple-harvest-eva/install/realsense2_camera:/home/imml/git/research_2025/apple-harvest-eva/install/realsense2_camera_msgs:/home/imml/git/research_2025/apple-harvest-eva/install/harvest_control:/home/imml/git/research_2025/apple-harvest-eva/install/harvest:/home/imml/git/research_2025/apple-harvest-eva/install/ur5e_custom_hardware:/home/imml/git/research_2025/apple-harvest-eva/install/harvest_vision:/opt/ros/humble LD_LIBRARY_PATH=/home/imml/git/research_2025/apple-harvest-eva/install/harvest_interfaces/lib:/home/imml/git/research_2025/apple-harvest-eva/install/ur_robot_driver/lib:/home/imml/git/research_2025/apple-harvest-eva/install/ur_controllers/lib:/home/imml/git/research_2025/apple-harvest-eva/install/ur_dashboard_msgs/lib:/home/imml/git/research_2025/apple-harvest-eva/install/realsense2_camera/lib:/home/imml/git/research_2025/apple-harvest-eva/install/realsense2_camera_msgs/lib:/usr/local/cuda-12.9/lib64:/opt/ros/humble/opt/rviz_ogre_vendor/lib:/opt/ros/humble/lib/x86_64-linux-gnu:/opt/ros/humble/lib /usr/bin/cmake /home/imml/git/research_2025/apple-harvest-eva/harvest_control -DAMENT_CMAKE_SYMLINK_INSTALL=1 -DCMAKE_INSTALL_PREFIX=/home/imml/git/research_2025/apple-harvest-eva/install/harvest_control
[2.716s] INFO:colcon.colcon_core.task.python.build:Building Python package in '/home/imml/git/research_2025/apple-harvest-eva/harvest_vision'
[2.717s] INFO:colcon.colcon_core.shell:Skip shell extension 'powershell' for command environment: Not usable outside of PowerShell
[2.717s] DEBUG:colcon.colcon_core.shell:Skip shell extension 'dsv' for command environment
[2.723s] Level 1:colcon.colcon_core.environment:create_environment_scripts_only(realsense2_description)
[2.723s] Level 1:colcon.colcon_core.environment:checking '/home/imml/git/research_2025/apple-harvest-eva/install/realsense2_description' for CMake module files
[2.724s] DEBUG:colcon.colcon_core.event_handler.log_command:Invoked command in '/home/imml/git/research_2025/apple-harvest-eva/build/realsense2_description' returned '0': CMAKE_PREFIX_PATH=/home/imml/git/research_2025/apple-harvest-eva/install/realsense2_camera_msgs:/home/imml/git/research_2025/apple-harvest-eva/install/ur:/home/imml/git/research_2025/apple-harvest-eva/install/ur_calibration:/home/imml/git/research_2025/apple-harvest-eva/install/ur_robot_driver:/home/imml/git/research_2025/apple-harvest-eva/install/ur_moveit_config:/home/imml/git/research_2025/apple-harvest-eva/install/ur_bringup:/home/imml/git/research_2025/apple-harvest-eva/install/ur_description:/home/imml/git/research_2025/apple-harvest-eva/install/ur_controllers:/home/imml/git/research_2025/apple-harvest-eva/install/ur_dashboard_msgs:/home/imml/git/research_2025/apple-harvest-eva/install/realsense2_description:/home/imml/git/research_2025/apple-harvest-eva/install/realsense2_camera:/home/imml/git/research_2025/apple-harvest-eva/install/harvest_control:/home/imml/git/research_2025/apple-harvest-eva/install/harvest:/home/imml/git/research_2025/apple-harvest-eva/install/harvest_interfaces:/home/imml/git/research_2025/apple-harvest-eva/install/ur5e_custom_hardware:/home/imml/git/research_2025/apple-harvest-eva/install/harvest_vision:/opt/ros/humble LD_LIBRARY_PATH=/home/imml/git/research_2025/apple-harvest-eva/install/realsense2_camera_msgs/lib:/home/imml/git/research_2025/apple-harvest-eva/install/ur_robot_driver/lib:/home/imml/git/research_2025/apple-harvest-eva/install/ur_controllers/lib:/home/imml/git/research_2025/apple-harvest-eva/install/ur_dashboard_msgs/lib:/home/imml/git/research_2025/apple-harvest-eva/install/realsense2_camera/lib:/home/imml/git/research_2025/apple-harvest-eva/install/harvest_interfaces/lib:/usr/local/cuda-12.9/lib64:/opt/ros/humble/opt/rviz_ogre_vendor/lib:/opt/ros/humble/lib/x86_64-linux-gnu:/opt/ros/humble/lib /usr/bin/cmake --install /home/imml/git/research_2025/apple-harvest-eva/build/realsense2_description
[2.724s] Level 1:colcon.colcon_core.environment:checking '/home/imml/git/research_2025/apple-harvest-eva/install/realsense2_description' for CMake config files
[2.725s] Level 1:colcon.colcon_core.shell:create_environment_hook('realsense2_description', 'cmake_prefix_path')
[2.725s] INFO:colcon.colcon_core.shell:Creating environment hook '/home/imml/git/research_2025/apple-harvest-eva/install/realsense2_description/share/realsense2_description/hook/cmake_prefix_path.ps1'
[2.726s] INFO:colcon.colcon_core.shell:Creating environment descriptor '/home/imml/git/research_2025/apple-harvest-eva/install/realsense2_description/share/realsense2_description/hook/cmake_prefix_path.dsv'
[2.726s] INFO:colcon.colcon_core.shell:Creating environment hook '/home/imml/git/research_2025/apple-harvest-eva/install/realsense2_description/share/realsense2_description/hook/cmake_prefix_path.sh'
[2.727s] Level 1:colcon.colcon_core.environment:checking '/home/imml/git/research_2025/apple-harvest-eva/install/realsense2_description/bin'
[2.727s] Level 1:colcon.colcon_core.environment:checking '/home/imml/git/research_2025/apple-harvest-eva/install/realsense2_description/lib/pkgconfig/realsense2_description.pc'
[2.727s] Level 1:colcon.colcon_core.environment:checking '/home/imml/git/research_2025/apple-harvest-eva/install/realsense2_description/lib/python3.10/site-packages'
[2.727s] Level 1:colcon.colcon_core.environment:checking '/home/imml/git/research_2025/apple-harvest-eva/install/realsense2_description/bin'
[2.728s] INFO:colcon.colcon_core.shell:Creating package script '/home/imml/git/research_2025/apple-harvest-eva/install/realsense2_description/share/realsense2_description/package.ps1'
[2.728s] INFO:colcon.colcon_core.shell:Creating package descriptor '/home/imml/git/research_2025/apple-harvest-eva/install/realsense2_description/share/realsense2_description/package.dsv'
[2.728s] INFO:colcon.colcon_core.shell:Creating package script '/home/imml/git/research_2025/apple-harvest-eva/install/realsense2_description/share/realsense2_description/package.sh'
[2.729s] INFO:colcon.colcon_core.shell:Creating package script '/home/imml/git/research_2025/apple-harvest-eva/install/realsense2_description/share/realsense2_description/package.bash'
[2.729s] INFO:colcon.colcon_core.shell:Creating package script '/home/imml/git/research_2025/apple-harvest-eva/install/realsense2_description/share/realsense2_description/package.zsh'
[2.729s] Level 1:colcon.colcon_core.environment:create_file_with_runtime_dependencies(/home/imml/git/research_2025/apple-harvest-eva/install/realsense2_description/share/colcon-core/packages/realsense2_description)
[2.730s] Level 1:colcon.colcon_core.environment:create_environment_scripts_only(realsense2_description)
[2.730s] Level 1:colcon.colcon_core.environment:checking '/home/imml/git/research_2025/apple-harvest-eva/install/realsense2_description' for CMake module files
[2.731s] Level 1:colcon.colcon_core.environment:checking '/home/imml/git/research_2025/apple-harvest-eva/install/realsense2_description' for CMake config files
[2.731s] Level 1:colcon.colcon_core.shell:create_environment_hook('realsense2_description', 'cmake_prefix_path')
[2.732s] INFO:colcon.colcon_core.shell:Creating environment hook '/home/imml/git/research_2025/apple-harvest-eva/install/realsense2_description/share/realsense2_description/hook/cmake_prefix_path.ps1'
[2.732s] INFO:colcon.colcon_core.shell:Creating environment descriptor '/home/imml/git/research_2025/apple-harvest-eva/install/realsense2_description/share/realsense2_description/hook/cmake_prefix_path.dsv'
[2.732s] INFO:colcon.colcon_core.shell:Creating environment hook '/home/imml/git/research_2025/apple-harvest-eva/install/realsense2_description/share/realsense2_description/hook/cmake_prefix_path.sh'
[2.733s] Level 1:colcon.colcon_core.environment:checking '/home/imml/git/research_2025/apple-harvest-eva/install/realsense2_description/bin'
[2.733s] Level 1:colcon.colcon_core.environment:checking '/home/imml/git/research_2025/apple-harvest-eva/install/realsense2_description/lib/pkgconfig/realsense2_description.pc'
[2.733s] Level 1:colcon.colcon_core.environment:checking '/home/imml/git/research_2025/apple-harvest-eva/install/realsense2_description/lib/python3.10/site-packages'
[2.733s] Level 1:colcon.colcon_core.environment:checking '/home/imml/git/research_2025/apple-harvest-eva/install/realsense2_description/bin'
[2.734s] INFO:colcon.colcon_core.shell:Creating package script '/home/imml/git/research_2025/apple-harvest-eva/install/realsense2_description/share/realsense2_description/package.ps1'
[2.734s] INFO:colcon.colcon_core.shell:Creating package descriptor '/home/imml/git/research_2025/apple-harvest-eva/install/realsense2_description/share/realsense2_description/package.dsv'
[2.735s] INFO:colcon.colcon_core.shell:Creating package script '/home/imml/git/research_2025/apple-harvest-eva/install/realsense2_description/share/realsense2_description/package.sh'
[2.735s] INFO:colcon.colcon_core.shell:Creating package script '/home/imml/git/research_2025/apple-harvest-eva/install/realsense2_description/share/realsense2_description/package.bash'
[2.735s] INFO:colcon.colcon_core.shell:Creating package script '/home/imml/git/research_2025/apple-harvest-eva/install/realsense2_description/share/realsense2_description/package.zsh'
[2.736s] Level 1:colcon.colcon_core.environment:create_file_with_runtime_dependencies(/home/imml/git/research_2025/apple-harvest-eva/install/realsense2_description/share/colcon-core/packages/realsense2_description)
[2.739s] DEBUG:colcon.colcon_core.event_handler.log_command:Invoked command in '/home/imml/git/research_2025/apple-harvest-eva/build/ur_controllers' returned '0': CMAKE_PREFIX_PATH=/home/imml/git/research_2025/apple-harvest-eva/install/ur_dashboard_msgs:/home/imml/git/research_2025/apple-harvest-eva/install/ur:/home/imml/git/research_2025/apple-harvest-eva/install/ur_calibration:/home/imml/git/research_2025/apple-harvest-eva/install/ur_robot_driver:/home/imml/git/research_2025/apple-harvest-eva/install/ur_moveit_config:/home/imml/git/research_2025/apple-harvest-eva/install/ur_bringup:/home/imml/git/research_2025/apple-harvest-eva/install/ur_description:/home/imml/git/research_2025/apple-harvest-eva/install/ur_controllers:/home/imml/git/research_2025/apple-harvest-eva/install/realsense2_description:/home/imml/git/research_2025/apple-harvest-eva/install/realsense2_camera:/home/imml/git/research_2025/apple-harvest-eva/install/realsense2_camera_msgs:/home/imml/git/research_2025/apple-harvest-eva/install/harvest_control:/home/imml/git/research_2025/apple-harvest-eva/install/harvest:/home/imml/git/research_2025/apple-harvest-eva/install/harvest_interfaces:/home/imml/git/research_2025/apple-harvest-eva/install/ur5e_custom_hardware:/home/imml/git/research_2025/apple-harvest-eva/install/harvest_vision:/opt/ros/humble LD_LIBRARY_PATH=/home/imml/git/research_2025/apple-harvest-eva/install/ur_dashboard_msgs/lib:/home/imml/git/research_2025/apple-harvest-eva/install/ur_robot_driver/lib:/home/imml/git/research_2025/apple-harvest-eva/install/ur_controllers/lib:/home/imml/git/research_2025/apple-harvest-eva/install/realsense2_camera/lib:/home/imml/git/research_2025/apple-harvest-eva/install/realsense2_camera_msgs/lib:/home/imml/git/research_2025/apple-harvest-eva/install/harvest_interfaces/lib:/usr/local/cuda-12.9/lib64:/opt/ros/humble/opt/rviz_ogre_vendor/lib:/opt/ros/humble/lib/x86_64-linux-gnu:/opt/ros/humble/lib /usr/bin/cmake /home/imml/git/research_2025/apple-harvest-eva/harvest_hardware/Universal_Robots_ROS2_Driver/ur_controllers -DAMENT_CMAKE_SYMLINK_INSTALL=1 -DCMAKE_INSTALL_PREFIX=/home/imml/git/research_2025/apple-harvest-eva/install/ur_controllers
[2.740s] DEBUG:colcon.colcon_core.event_handler.log_command:Invoking command in '/home/imml/git/research_2025/apple-harvest-eva/build/ur_controllers': CMAKE_PREFIX_PATH=/home/imml/git/research_2025/apple-harvest-eva/install/ur_dashboard_msgs:/home/imml/git/research_2025/apple-harvest-eva/install/ur:/home/imml/git/research_2025/apple-harvest-eva/install/ur_calibration:/home/imml/git/research_2025/apple-harvest-eva/install/ur_robot_driver:/home/imml/git/research_2025/apple-harvest-eva/install/ur_moveit_config:/home/imml/git/research_2025/apple-harvest-eva/install/ur_bringup:/home/imml/git/research_2025/apple-harvest-eva/install/ur_description:/home/imml/git/research_2025/apple-harvest-eva/install/ur_controllers:/home/imml/git/research_2025/apple-harvest-eva/install/realsense2_description:/home/imml/git/research_2025/apple-harvest-eva/install/realsense2_camera:/home/imml/git/research_2025/apple-harvest-eva/install/realsense2_camera_msgs:/home/imml/git/research_2025/apple-harvest-eva/install/harvest_control:/home/imml/git/research_2025/apple-harvest-eva/install/harvest:/home/imml/git/research_2025/apple-harvest-eva/install/harvest_interfaces:/home/imml/git/research_2025/apple-harvest-eva/install/ur5e_custom_hardware:/home/imml/git/research_2025/apple-harvest-eva/install/harvest_vision:/opt/ros/humble LD_LIBRARY_PATH=/home/imml/git/research_2025/apple-harvest-eva/install/ur_dashboard_msgs/lib:/home/imml/git/research_2025/apple-harvest-eva/install/ur_robot_driver/lib:/home/imml/git/research_2025/apple-harvest-eva/install/ur_controllers/lib:/home/imml/git/research_2025/apple-harvest-eva/install/realsense2_camera/lib:/home/imml/git/research_2025/apple-harvest-eva/install/realsense2_camera_msgs/lib:/home/imml/git/research_2025/apple-harvest-eva/install/harvest_interfaces/lib:/usr/local/cuda-12.9/lib64:/opt/ros/humble/opt/rviz_ogre_vendor/lib:/opt/ros/humble/lib/x86_64-linux-gnu:/opt/ros/humble/lib /usr/bin/cmake --build /home/imml/git/research_2025/apple-harvest-eva/build/ur_controllers -- -j16 -l16
[2.844s] DEBUG:colcon.colcon_core.event_handler.log_command:Invoked command in '/home/imml/git/research_2025/apple-harvest-eva/build/ur_description' returned '0': CMAKE_PREFIX_PATH=${CMAKE_PREFIX_PATH}:/home/imml/git/research_2025/apple-harvest-eva/install/ur5e_custom_hardware:/home/imml/git/research_2025/apple-harvest-eva/install/harvest_vision:/opt/ros/humble /usr/bin/cmake /home/imml/git/research_2025/apple-harvest-eva/harvest_hardware/Universal_Robots_ROS2_Description -DAMENT_CMAKE_SYMLINK_INSTALL=1 -DCMAKE_INSTALL_PREFIX=/home/imml/git/research_2025/apple-harvest-eva/install/ur_description
[2.846s] DEBUG:colcon.colcon_core.event_handler.log_command:Invoking command in '/home/imml/git/research_2025/apple-harvest-eva/build/ur_description': CMAKE_PREFIX_PATH=${CMAKE_PREFIX_PATH}:/home/imml/git/research_2025/apple-harvest-eva/install/ur5e_custom_hardware:/home/imml/git/research_2025/apple-harvest-eva/install/harvest_vision:/opt/ros/humble /usr/bin/cmake --build /home/imml/git/research_2025/apple-harvest-eva/build/ur_description -- -j16 -l16
[2.869s] DEBUG:colcon.colcon_core.event_handler.log_command:Invoked command in '/home/imml/git/research_2025/apple-harvest-eva/build/ur_controllers' returned '0': CMAKE_PREFIX_PATH=/home/imml/git/research_2025/apple-harvest-eva/install/ur_dashboard_msgs:/home/imml/git/research_2025/apple-harvest-eva/install/ur:/home/imml/git/research_2025/apple-harvest-eva/install/ur_calibration:/home/imml/git/research_2025/apple-harvest-eva/install/ur_robot_driver:/home/imml/git/research_2025/apple-harvest-eva/install/ur_moveit_config:/home/imml/git/research_2025/apple-harvest-eva/install/ur_bringup:/home/imml/git/research_2025/apple-harvest-eva/install/ur_description:/home/imml/git/research_2025/apple-harvest-eva/install/ur_controllers:/home/imml/git/research_2025/apple-harvest-eva/install/realsense2_description:/home/imml/git/research_2025/apple-harvest-eva/install/realsense2_camera:/home/imml/git/research_2025/apple-harvest-eva/install/realsense2_camera_msgs:/home/imml/git/research_2025/apple-harvest-eva/install/harvest_control:/home/imml/git/research_2025/apple-harvest-eva/install/harvest:/home/imml/git/research_2025/apple-harvest-eva/install/harvest_interfaces:/home/imml/git/research_2025/apple-harvest-eva/install/ur5e_custom_hardware:/home/imml/git/research_2025/apple-harvest-eva/install/harvest_vision:/opt/ros/humble LD_LIBRARY_PATH=/home/imml/git/research_2025/apple-harvest-eva/install/ur_dashboard_msgs/lib:/home/imml/git/research_2025/apple-harvest-eva/install/ur_robot_driver/lib:/home/imml/git/research_2025/apple-harvest-eva/install/ur_controllers/lib:/home/imml/git/research_2025/apple-harvest-eva/install/realsense2_camera/lib:/home/imml/git/research_2025/apple-harvest-eva/install/realsense2_camera_msgs/lib:/home/imml/git/research_2025/apple-harvest-eva/install/harvest_interfaces/lib:/usr/local/cuda-12.9/lib64:/opt/ros/humble/opt/rviz_ogre_vendor/lib:/opt/ros/humble/lib/x86_64-linux-gnu:/opt/ros/humble/lib /usr/bin/cmake --build /home/imml/git/research_2025/apple-harvest-eva/build/ur_controllers -- -j16 -l16
[2.871s] DEBUG:colcon.colcon_core.event_handler.log_command:Invoking command in '/home/imml/git/research_2025/apple-harvest-eva/build/ur_controllers': CMAKE_PREFIX_PATH=/home/imml/git/research_2025/apple-harvest-eva/install/ur_dashboard_msgs:/home/imml/git/research_2025/apple-harvest-eva/install/ur:/home/imml/git/research_2025/apple-harvest-eva/install/ur_calibration:/home/imml/git/research_2025/apple-harvest-eva/install/ur_robot_driver:/home/imml/git/research_2025/apple-harvest-eva/install/ur_moveit_config:/home/imml/git/research_2025/apple-harvest-eva/install/ur_bringup:/home/imml/git/research_2025/apple-harvest-eva/install/ur_description:/home/imml/git/research_2025/apple-harvest-eva/install/ur_controllers:/home/imml/git/research_2025/apple-harvest-eva/install/realsense2_description:/home/imml/git/research_2025/apple-harvest-eva/install/realsense2_camera:/home/imml/git/research_2025/apple-harvest-eva/install/realsense2_camera_msgs:/home/imml/git/research_2025/apple-harvest-eva/install/harvest_control:/home/imml/git/research_2025/apple-harvest-eva/install/harvest:/home/imml/git/research_2025/apple-harvest-eva/install/harvest_interfaces:/home/imml/git/research_2025/apple-harvest-eva/install/ur5e_custom_hardware:/home/imml/git/research_2025/apple-harvest-eva/install/harvest_vision:/opt/ros/humble LD_LIBRARY_PATH=/home/imml/git/research_2025/apple-harvest-eva/install/ur_dashboard_msgs/lib:/home/imml/git/research_2025/apple-harvest-eva/install/ur_robot_driver/lib:/home/imml/git/research_2025/apple-harvest-eva/install/ur_controllers/lib:/home/imml/git/research_2025/apple-harvest-eva/install/realsense2_camera/lib:/home/imml/git/research_2025/apple-harvest-eva/install/realsense2_camera_msgs/lib:/home/imml/git/research_2025/apple-harvest-eva/install/harvest_interfaces/lib:/usr/local/cuda-12.9/lib64:/opt/ros/humble/opt/rviz_ogre_vendor/lib:/opt/ros/humble/lib/x86_64-linux-gnu:/opt/ros/humble/lib /usr/bin/cmake --install /home/imml/git/research_2025/apple-harvest-eva/build/ur_controllers
[2.891s] DEBUG:colcon.colcon_core.event_handler.log_command:Invoked command in '/home/imml/git/research_2025/apple-harvest-eva/build/ur_description' returned '0': CMAKE_PREFIX_PATH=${CMAKE_PREFIX_PATH}:/home/imml/git/research_2025/apple-harvest-eva/install/ur5e_custom_hardware:/home/imml/git/research_2025/apple-harvest-eva/install/harvest_vision:/opt/ros/humble /usr/bin/cmake --build /home/imml/git/research_2025/apple-harvest-eva/build/ur_description -- -j16 -l16
[2.894s] DEBUG:colcon.colcon_core.event_handler.log_command:Invoking command in '/home/imml/git/research_2025/apple-harvest-eva/build/ur_description': CMAKE_PREFIX_PATH=${CMAKE_PREFIX_PATH}:/home/imml/git/research_2025/apple-harvest-eva/install/ur5e_custom_hardware:/home/imml/git/research_2025/apple-harvest-eva/install/harvest_vision:/opt/ros/humble /usr/bin/cmake --install /home/imml/git/research_2025/apple-harvest-eva/build/ur_description
[2.899s] Level 1:colcon.colcon_core.environment:create_environment_scripts_only(ur_controllers)
[2.900s] Level 1:colcon.colcon_core.environment:checking '/home/imml/git/research_2025/apple-harvest-eva/install/ur_controllers' for CMake module files
[2.900s] DEBUG:colcon.colcon_core.event_handler.log_command:Invoked command in '/home/imml/git/research_2025/apple-harvest-eva/build/ur_controllers' returned '0': CMAKE_PREFIX_PATH=/home/imml/git/research_2025/apple-harvest-eva/install/ur_dashboard_msgs:/home/imml/git/research_2025/apple-harvest-eva/install/ur:/home/imml/git/research_2025/apple-harvest-eva/install/ur_calibration:/home/imml/git/research_2025/apple-harvest-eva/install/ur_robot_driver:/home/imml/git/research_2025/apple-harvest-eva/install/ur_moveit_config:/home/imml/git/research_2025/apple-harvest-eva/install/ur_bringup:/home/imml/git/research_2025/apple-harvest-eva/install/ur_description:/home/imml/git/research_2025/apple-harvest-eva/install/ur_controllers:/home/imml/git/research_2025/apple-harvest-eva/install/realsense2_description:/home/imml/git/research_2025/apple-harvest-eva/install/realsense2_camera:/home/imml/git/research_2025/apple-harvest-eva/install/realsense2_camera_msgs:/home/imml/git/research_2025/apple-harvest-eva/install/harvest_control:/home/imml/git/research_2025/apple-harvest-eva/install/harvest:/home/imml/git/research_2025/apple-harvest-eva/install/harvest_interfaces:/home/imml/git/research_2025/apple-harvest-eva/install/ur5e_custom_hardware:/home/imml/git/research_2025/apple-harvest-eva/install/harvest_vision:/opt/ros/humble LD_LIBRARY_PATH=/home/imml/git/research_2025/apple-harvest-eva/install/ur_dashboard_msgs/lib:/home/imml/git/research_2025/apple-harvest-eva/install/ur_robot_driver/lib:/home/imml/git/research_2025/apple-harvest-eva/install/ur_controllers/lib:/home/imml/git/research_2025/apple-harvest-eva/install/realsense2_camera/lib:/home/imml/git/research_2025/apple-harvest-eva/install/realsense2_camera_msgs/lib:/home/imml/git/research_2025/apple-harvest-eva/install/harvest_interfaces/lib:/usr/local/cuda-12.9/lib64:/opt/ros/humble/opt/rviz_ogre_vendor/lib:/opt/ros/humble/lib/x86_64-linux-gnu:/opt/ros/humble/lib /usr/bin/cmake --install /home/imml/git/research_2025/apple-harvest-eva/build/ur_controllers
[2.901s] Level 1:colcon.colcon_core.environment:checking '/home/imml/git/research_2025/apple-harvest-eva/install/ur_controllers' for CMake config files
[2.901s] Level 1:colcon.colcon_core.shell:create_environment_hook('ur_controllers', 'cmake_prefix_path')
[2.902s] INFO:colcon.colcon_core.shell:Creating environment hook '/home/imml/git/research_2025/apple-harvest-eva/install/ur_controllers/share/ur_controllers/hook/cmake_prefix_path.ps1'
[2.903s] INFO:colcon.colcon_core.shell:Creating environment descriptor '/home/imml/git/research_2025/apple-harvest-eva/install/ur_controllers/share/ur_controllers/hook/cmake_prefix_path.dsv'
[2.903s] INFO:colcon.colcon_core.shell:Creating environment hook '/home/imml/git/research_2025/apple-harvest-eva/install/ur_controllers/share/ur_controllers/hook/cmake_prefix_path.sh'
[2.906s] Level 1:colcon.colcon_core.environment:checking '/home/imml/git/research_2025/apple-harvest-eva/install/ur_controllers/lib'
[2.907s] Level 1:colcon.colcon_core.shell:create_environment_hook('ur_controllers', 'ld_library_path_lib')
[2.907s] INFO:colcon.colcon_core.shell:Creating environment hook '/home/imml/git/research_2025/apple-harvest-eva/install/ur_controllers/share/ur_controllers/hook/ld_library_path_lib.ps1'
[2.909s] INFO:colcon.colcon_core.shell:Creating environment descriptor '/home/imml/git/research_2025/apple-harvest-eva/install/ur_controllers/share/ur_controllers/hook/ld_library_path_lib.dsv'
[2.909s] INFO:colcon.colcon_core.shell:Creating environment hook '/home/imml/git/research_2025/apple-harvest-eva/install/ur_controllers/share/ur_controllers/hook/ld_library_path_lib.sh'
[2.910s] Level 1:colcon.colcon_core.environment:checking '/home/imml/git/research_2025/apple-harvest-eva/install/ur_controllers/bin'
[2.910s] Level 1:colcon.colcon_core.environment:checking '/home/imml/git/research_2025/apple-harvest-eva/install/ur_controllers/lib/pkgconfig/ur_controllers.pc'
[2.910s] Level 1:colcon.colcon_core.environment:checking '/home/imml/git/research_2025/apple-harvest-eva/install/ur_controllers/lib/python3.10/site-packages'
[2.911s] Level 1:colcon.colcon_core.environment:checking '/home/imml/git/research_2025/apple-harvest-eva/install/ur_controllers/bin'
[2.911s] INFO:colcon.colcon_core.shell:Creating package script '/home/imml/git/research_2025/apple-harvest-eva/install/ur_controllers/share/ur_controllers/package.ps1'
[2.913s] INFO:colcon.colcon_core.shell:Creating package descriptor '/home/imml/git/research_2025/apple-harvest-eva/install/ur_controllers/share/ur_controllers/package.dsv'
[2.915s] INFO:colcon.colcon_core.shell:Creating package script '/home/imml/git/research_2025/apple-harvest-eva/install/ur_controllers/share/ur_controllers/package.sh'
[2.918s] INFO:colcon.colcon_core.shell:Creating package script '/home/imml/git/research_2025/apple-harvest-eva/install/ur_controllers/share/ur_controllers/package.bash'
[2.920s] INFO:colcon.colcon_core.shell:Creating package script '/home/imml/git/research_2025/apple-harvest-eva/install/ur_controllers/share/ur_controllers/package.zsh'
[2.924s] Level 1:colcon.colcon_core.environment:create_file_with_runtime_dependencies(/home/imml/git/research_2025/apple-harvest-eva/install/ur_controllers/share/colcon-core/packages/ur_controllers)
[2.928s] Level 1:colcon.colcon_core.environment:create_environment_scripts_only(ur_controllers)
[2.928s] Level 1:colcon.colcon_core.environment:checking '/home/imml/git/research_2025/apple-harvest-eva/install/ur_controllers' for CMake module files
[2.931s] Level 1:colcon.colcon_core.environment:checking '/home/imml/git/research_2025/apple-harvest-eva/install/ur_controllers' for CMake config files
[2.931s] Level 1:colcon.colcon_core.shell:create_environment_hook('ur_controllers', 'cmake_prefix_path')
[2.931s] INFO:colcon.colcon_core.shell:Creating environment hook '/home/imml/git/research_2025/apple-harvest-eva/install/ur_controllers/share/ur_controllers/hook/cmake_prefix_path.ps1'
[2.932s] INFO:colcon.colcon_core.shell:Creating environment descriptor '/home/imml/git/research_2025/apple-harvest-eva/install/ur_controllers/share/ur_controllers/hook/cmake_prefix_path.dsv'
[2.932s] INFO:colcon.colcon_core.shell:Creating environment hook '/home/imml/git/research_2025/apple-harvest-eva/install/ur_controllers/share/ur_controllers/hook/cmake_prefix_path.sh'
[2.933s] Level 1:colcon.colcon_core.environment:checking '/home/imml/git/research_2025/apple-harvest-eva/install/ur_controllers/lib'
[2.933s] Level 1:colcon.colcon_core.shell:create_environment_hook('ur_controllers', 'ld_library_path_lib')
[2.933s] INFO:colcon.colcon_core.shell:Creating environment hook '/home/imml/git/research_2025/apple-harvest-eva/install/ur_controllers/share/ur_controllers/hook/ld_library_path_lib.ps1'
[2.933s] INFO:colcon.colcon_core.shell:Creating environment descriptor '/home/imml/git/research_2025/apple-harvest-eva/install/ur_controllers/share/ur_controllers/hook/ld_library_path_lib.dsv'
[2.934s] INFO:colcon.colcon_core.shell:Creating environment hook '/home/imml/git/research_2025/apple-harvest-eva/install/ur_controllers/share/ur_controllers/hook/ld_library_path_lib.sh'
[2.934s] Level 1:colcon.colcon_core.environment:checking '/home/imml/git/research_2025/apple-harvest-eva/install/ur_controllers/bin'
[2.934s] Level 1:colcon.colcon_core.environment:checking '/home/imml/git/research_2025/apple-harvest-eva/install/ur_controllers/lib/pkgconfig/ur_controllers.pc'
[2.934s] Level 1:colcon.colcon_core.environment:checking '/home/imml/git/research_2025/apple-harvest-eva/install/ur_controllers/lib/python3.10/site-packages'
[2.935s] Level 1:colcon.colcon_core.environment:checking '/home/imml/git/research_2025/apple-harvest-eva/install/ur_controllers/bin'
[2.935s] INFO:colcon.colcon_core.shell:Creating package script '/home/imml/git/research_2025/apple-harvest-eva/install/ur_controllers/share/ur_controllers/package.ps1'
[2.935s] INFO:colcon.colcon_core.shell:Creating package descriptor '/home/imml/git/research_2025/apple-harvest-eva/install/ur_controllers/share/ur_controllers/package.dsv'
[2.936s] INFO:colcon.colcon_core.shell:Creating package script '/home/imml/git/research_2025/apple-harvest-eva/install/ur_controllers/share/ur_controllers/package.sh'
[2.936s] INFO:colcon.colcon_core.shell:Creating package script '/home/imml/git/research_2025/apple-harvest-eva/install/ur_controllers/share/ur_controllers/package.bash'
[2.937s] INFO:colcon.colcon_core.shell:Creating package script '/home/imml/git/research_2025/apple-harvest-eva/install/ur_controllers/share/ur_controllers/package.zsh'
[2.937s] Level 1:colcon.colcon_core.environment:create_file_with_runtime_dependencies(/home/imml/git/research_2025/apple-harvest-eva/install/ur_controllers/share/colcon-core/packages/ur_controllers)
[2.944s] Level 1:colcon.colcon_core.environment:create_environment_scripts_only(ur_description)
[2.944s] Level 1:colcon.colcon_core.environment:checking '/home/imml/git/research_2025/apple-harvest-eva/install/ur_description' for CMake module files
[2.944s] DEBUG:colcon.colcon_core.event_handler.log_command:Invoked command in '/home/imml/git/research_2025/apple-harvest-eva/build/ur_description' returned '0': CMAKE_PREFIX_PATH=${CMAKE_PREFIX_PATH}:/home/imml/git/research_2025/apple-harvest-eva/install/ur5e_custom_hardware:/home/imml/git/research_2025/apple-harvest-eva/install/harvest_vision:/opt/ros/humble /usr/bin/cmake --install /home/imml/git/research_2025/apple-harvest-eva/build/ur_description
[2.945s] Level 1:colcon.colcon_core.environment:checking '/home/imml/git/research_2025/apple-harvest-eva/install/ur_description' for CMake config files
[2.947s] Level 1:colcon.colcon_core.shell:create_environment_hook('ur_description', 'cmake_prefix_path')
[2.947s] INFO:colcon.colcon_core.shell:Creating environment hook '/home/imml/git/research_2025/apple-harvest-eva/install/ur_description/share/ur_description/hook/cmake_prefix_path.ps1'
[2.948s] INFO:colcon.colcon_core.shell:Creating environment descriptor '/home/imml/git/research_2025/apple-harvest-eva/install/ur_description/share/ur_description/hook/cmake_prefix_path.dsv'
[2.948s] INFO:colcon.colcon_core.shell:Creating environment hook '/home/imml/git/research_2025/apple-harvest-eva/install/ur_description/share/ur_description/hook/cmake_prefix_path.sh'
[2.949s] Level 1:colcon.colcon_core.environment:checking '/home/imml/git/research_2025/apple-harvest-eva/install/ur_description/bin'
[2.949s] Level 1:colcon.colcon_core.environment:checking '/home/imml/git/research_2025/apple-harvest-eva/install/ur_description/lib/pkgconfig/ur_description.pc'
[2.949s] Level 1:colcon.colcon_core.environment:checking '/home/imml/git/research_2025/apple-harvest-eva/install/ur_description/lib/python3.10/site-packages'
[2.949s] Level 1:colcon.colcon_core.environment:checking '/home/imml/git/research_2025/apple-harvest-eva/install/ur_description/bin'
[2.949s] INFO:colcon.colcon_core.shell:Creating package script '/home/imml/git/research_2025/apple-harvest-eva/install/ur_description/share/ur_description/package.ps1'
[2.950s] INFO:colcon.colcon_core.shell:Creating package descriptor '/home/imml/git/research_2025/apple-harvest-eva/install/ur_description/share/ur_description/package.dsv'
[2.950s] INFO:colcon.colcon_core.shell:Creating package script '/home/imml/git/research_2025/apple-harvest-eva/install/ur_description/share/ur_description/package.sh'
[2.950s] INFO:colcon.colcon_core.shell:Creating package script '/home/imml/git/research_2025/apple-harvest-eva/install/ur_description/share/ur_description/package.bash'
[2.951s] INFO:colcon.colcon_core.shell:Creating package script '/home/imml/git/research_2025/apple-harvest-eva/install/ur_description/share/ur_description/package.zsh'
[2.951s] Level 1:colcon.colcon_core.environment:create_file_with_runtime_dependencies(/home/imml/git/research_2025/apple-harvest-eva/install/ur_description/share/colcon-core/packages/ur_description)
[2.952s] Level 1:colcon.colcon_core.environment:create_environment_scripts_only(ur_description)
[2.952s] Level 1:colcon.colcon_core.environment:checking '/home/imml/git/research_2025/apple-harvest-eva/install/ur_description' for CMake module files
[2.952s] Level 1:colcon.colcon_core.environment:checking '/home/imml/git/research_2025/apple-harvest-eva/install/ur_description' for CMake config files
[2.954s] Level 1:colcon.colcon_core.shell:create_environment_hook('ur_description', 'cmake_prefix_path')
[2.954s] INFO:colcon.colcon_core.shell:Creating environment hook '/home/imml/git/research_2025/apple-harvest-eva/install/ur_description/share/ur_description/hook/cmake_prefix_path.ps1'
[2.955s] INFO:colcon.colcon_core.shell:Creating environment descriptor '/home/imml/git/research_2025/apple-harvest-eva/install/ur_description/share/ur_description/hook/cmake_prefix_path.dsv'
[2.955s] INFO:colcon.colcon_core.shell:Creating environment hook '/home/imml/git/research_2025/apple-harvest-eva/install/ur_description/share/ur_description/hook/cmake_prefix_path.sh'
[2.956s] Level 1:colcon.colcon_core.environment:checking '/home/imml/git/research_2025/apple-harvest-eva/install/ur_description/bin'
[2.956s] Level 1:colcon.colcon_core.environment:checking '/home/imml/git/research_2025/apple-harvest-eva/install/ur_description/lib/pkgconfig/ur_description.pc'
[2.956s] Level 1:colcon.colcon_core.environment:checking '/home/imml/git/research_2025/apple-harvest-eva/install/ur_description/lib/python3.10/site-packages'
[2.956s] Level 1:colcon.colcon_core.environment:checking '/home/imml/git/research_2025/apple-harvest-eva/install/ur_description/bin'
[2.957s] INFO:colcon.colcon_core.shell:Creating package script '/home/imml/git/research_2025/apple-harvest-eva/install/ur_description/share/ur_description/package.ps1'
[2.957s] INFO:colcon.colcon_core.shell:Creating package descriptor '/home/imml/git/research_2025/apple-harvest-eva/install/ur_description/share/ur_description/package.dsv'
[2.958s] INFO:colcon.colcon_core.shell:Creating package script '/home/imml/git/research_2025/apple-harvest-eva/install/ur_description/share/ur_description/package.sh'
[2.958s] INFO:colcon.colcon_core.shell:Creating package script '/home/imml/git/research_2025/apple-harvest-eva/install/ur_description/share/ur_description/package.bash'
[2.958s] INFO:colcon.colcon_core.shell:Creating package script '/home/imml/git/research_2025/apple-harvest-eva/install/ur_description/share/ur_description/package.zsh'
[2.959s] Level 1:colcon.colcon_core.environment:create_file_with_runtime_dependencies(/home/imml/git/research_2025/apple-harvest-eva/install/ur_description/share/colcon-core/packages/ur_description)
[2.959s] INFO:colcon.colcon_ros.task.ament_cmake.build:Building ROS package in '/home/imml/git/research_2025/apple-harvest-eva/harvest_hardware/Universal_Robots_ROS2_Driver/ur_robot_driver' with build type 'ament_cmake'
[2.959s] INFO:colcon.colcon_cmake.task.cmake.build:Building CMake package in '/home/imml/git/research_2025/apple-harvest-eva/harvest_hardware/Universal_Robots_ROS2_Driver/ur_robot_driver'
[2.960s] INFO:colcon.colcon_core.shell:Skip shell extension 'powershell' for command environment: Not usable outside of PowerShell
[2.960s] DEBUG:colcon.colcon_core.shell:Skip shell extension 'dsv' for command environment
[2.965s] INFO:colcon.colcon_ros.task.ament_cmake.build:Building ROS package in '/home/imml/git/research_2025/apple-harvest-eva/harvest_hardware/Universal_Robots_ROS2_Driver/ur_moveit_config' with build type 'ament_cmake'
[2.965s] INFO:colcon.colcon_cmake.task.cmake.build:Building CMake package in '/home/imml/git/research_2025/apple-harvest-eva/harvest_hardware/Universal_Robots_ROS2_Driver/ur_moveit_config'
[2.966s] INFO:colcon.colcon_core.shell:Skip shell extension 'powershell' for command environment: Not usable outside of PowerShell
[2.966s] DEBUG:colcon.colcon_core.shell:Skip shell extension 'dsv' for command environment
[2.972s] INFO:colcon.colcon_ros.task.ament_cmake.build:Building ROS package in '/home/imml/git/research_2025/apple-harvest-eva/harvest_hardware/Universal_Robots_ROS2_Driver/ur_bringup' with build type 'ament_cmake'
[2.973s] INFO:colcon.colcon_cmake.task.cmake.build:Building CMake package in '/home/imml/git/research_2025/apple-harvest-eva/harvest_hardware/Universal_Robots_ROS2_Driver/ur_bringup'
[2.973s] INFO:colcon.colcon_core.shell:Skip shell extension 'powershell' for command environment: Not usable outside of PowerShell
[2.973s] DEBUG:colcon.colcon_core.shell:Skip shell extension 'dsv' for command environment
[2.983s] DEBUG:colcon.colcon_core.event_handler.log_command:Invoking command in '/home/imml/git/research_2025/apple-harvest-eva/build/ur_robot_driver': CMAKE_PREFIX_PATH=/home/imml/git/research_2025/apple-harvest-eva/install/ur_controllers:/home/imml/git/research_2025/apple-harvest-eva/install/ur_description:/home/imml/git/research_2025/apple-harvest-eva/install/ur_dashboard_msgs:/home/imml/git/research_2025/apple-harvest-eva/install/ur:/home/imml/git/research_2025/apple-harvest-eva/install/ur_calibration:/home/imml/git/research_2025/apple-harvest-eva/install/ur_robot_driver:/home/imml/git/research_2025/apple-harvest-eva/install/ur_moveit_config:/home/imml/git/research_2025/apple-harvest-eva/install/ur_bringup:/home/imml/git/research_2025/apple-harvest-eva/install/realsense2_description:/home/imml/git/research_2025/apple-harvest-eva/install/realsense2_camera:/home/imml/git/research_2025/apple-harvest-eva/install/realsense2_camera_msgs:/home/imml/git/research_2025/apple-harvest-eva/install/harvest_control:/home/imml/git/research_2025/apple-harvest-eva/install/harvest:/home/imml/git/research_2025/apple-harvest-eva/install/harvest_interfaces:/home/imml/git/research_2025/apple-harvest-eva/install/ur5e_custom_hardware:/home/imml/git/research_2025/apple-harvest-eva/install/harvest_vision:/opt/ros/humble LD_LIBRARY_PATH=/home/imml/git/research_2025/apple-harvest-eva/install/ur_controllers/lib:/home/imml/git/research_2025/apple-harvest-eva/install/ur_dashboard_msgs/lib:/home/imml/git/research_2025/apple-harvest-eva/install/ur_robot_driver/lib:/home/imml/git/research_2025/apple-harvest-eva/install/realsense2_camera/lib:/home/imml/git/research_2025/apple-harvest-eva/install/realsense2_camera_msgs/lib:/home/imml/git/research_2025/apple-harvest-eva/install/harvest_interfaces/lib:/usr/local/cuda-12.9/lib64:/opt/ros/humble/opt/rviz_ogre_vendor/lib:/opt/ros/humble/lib/x86_64-linux-gnu:/opt/ros/humble/lib /usr/bin/cmake /home/imml/git/research_2025/apple-harvest-eva/harvest_hardware/Universal_Robots_ROS2_Driver/ur_robot_driver -DAMENT_CMAKE_SYMLINK_INSTALL=1 -DCMAKE_INSTALL_PREFIX=/home/imml/git/research_2025/apple-harvest-eva/install/ur_robot_driver
[2.986s] DEBUG:colcon.colcon_core.event_handler.log_command:Invoking command in '/home/imml/git/research_2025/apple-harvest-eva/build/ur_moveit_config': CMAKE_PREFIX_PATH=/home/imml/git/research_2025/apple-harvest-eva/install/ur_description:/home/imml/git/research_2025/apple-harvest-eva/install/ur:/home/imml/git/research_2025/apple-harvest-eva/install/ur_calibration:/home/imml/git/research_2025/apple-harvest-eva/install/ur_robot_driver:/home/imml/git/research_2025/apple-harvest-eva/install/ur_moveit_config:/home/imml/git/research_2025/apple-harvest-eva/install/ur_bringup:/home/imml/git/research_2025/apple-harvest-eva/install/ur_controllers:/home/imml/git/research_2025/apple-harvest-eva/install/ur_dashboard_msgs:/home/imml/git/research_2025/apple-harvest-eva/install/realsense2_description:/home/imml/git/research_2025/apple-harvest-eva/install/realsense2_camera:/home/imml/git/research_2025/apple-harvest-eva/install/realsense2_camera_msgs:/home/imml/git/research_2025/apple-harvest-eva/install/harvest_control:/home/imml/git/research_2025/apple-harvest-eva/install/harvest:/home/imml/git/research_2025/apple-harvest-eva/install/harvest_interfaces:/home/imml/git/research_2025/apple-harvest-eva/install/ur5e_custom_hardware:/home/imml/git/research_2025/apple-harvest-eva/install/harvest_vision:/opt/ros/humble /usr/bin/cmake /home/imml/git/research_2025/apple-harvest-eva/harvest_hardware/Universal_Robots_ROS2_Driver/ur_moveit_config -DAMENT_CMAKE_SYMLINK_INSTALL=1 -DCMAKE_INSTALL_PREFIX=/home/imml/git/research_2025/apple-harvest-eva/install/ur_moveit_config
[2.990s] DEBUG:colcon.colcon_core.event_handler.log_command:Invoking command in '/home/imml/git/research_2025/apple-harvest-eva/build/ur_bringup': CMAKE_PREFIX_PATH=/home/imml/git/research_2025/apple-harvest-eva/install/ur_controllers:/home/imml/git/research_2025/apple-harvest-eva/install/ur_description:/home/imml/git/research_2025/apple-harvest-eva/install/ur_dashboard_msgs:/home/imml/git/research_2025/apple-harvest-eva/install/ur:/home/imml/git/research_2025/apple-harvest-eva/install/ur_calibration:/home/imml/git/research_2025/apple-harvest-eva/install/ur_robot_driver:/home/imml/git/research_2025/apple-harvest-eva/install/ur_moveit_config:/home/imml/git/research_2025/apple-harvest-eva/install/ur_bringup:/home/imml/git/research_2025/apple-harvest-eva/install/realsense2_description:/home/imml/git/research_2025/apple-harvest-eva/install/realsense2_camera:/home/imml/git/research_2025/apple-harvest-eva/install/realsense2_camera_msgs:/home/imml/git/research_2025/apple-harvest-eva/install/harvest_control:/home/imml/git/research_2025/apple-harvest-eva/install/harvest:/home/imml/git/research_2025/apple-harvest-eva/install/harvest_interfaces:/home/imml/git/research_2025/apple-harvest-eva/install/ur5e_custom_hardware:/home/imml/git/research_2025/apple-harvest-eva/install/harvest_vision:/opt/ros/humble LD_LIBRARY_PATH=/home/imml/git/research_2025/apple-harvest-eva/install/ur_controllers/lib:/home/imml/git/research_2025/apple-harvest-eva/install/ur_dashboard_msgs/lib:/home/imml/git/research_2025/apple-harvest-eva/install/ur_robot_driver/lib:/home/imml/git/research_2025/apple-harvest-eva/install/realsense2_camera/lib:/home/imml/git/research_2025/apple-harvest-eva/install/realsense2_camera_msgs/lib:/home/imml/git/research_2025/apple-harvest-eva/install/harvest_interfaces/lib:/usr/local/cuda-12.9/lib64:/opt/ros/humble/opt/rviz_ogre_vendor/lib:/opt/ros/humble/lib/x86_64-linux-gnu:/opt/ros/humble/lib /usr/bin/cmake /home/imml/git/research_2025/apple-harvest-eva/harvest_hardware/Universal_Robots_ROS2_Driver/ur_bringup -DAMENT_CMAKE_SYMLINK_INSTALL=1 -DCMAKE_INSTALL_PREFIX=/home/imml/git/research_2025/apple-harvest-eva/install/ur_bringup
[3.174s] DEBUG:colcon.colcon_core.task.python.build:While undoing a previous installation files outside the Python library path are being ignored: /home/imml/git/research_2025/apple-harvest-eva/install/harvest_vision/share/ament_index/resource_index/packages/harvest_vision
[3.174s] DEBUG:colcon.colcon_core.task.python.build:While undoing a previous installation files outside the Python library path are being ignored: /home/imml/git/research_2025/apple-harvest-eva/install/harvest_vision/share/harvest_vision/package.xml
[3.174s] DEBUG:colcon.colcon_core.task.python.build:While undoing a previous installation files outside the Python library path are being ignored: /home/imml/git/research_2025/apple-harvest-eva/install/harvest_vision/share/harvest_vision/launch
[3.174s] DEBUG:colcon.colcon_core.task.python.build:While undoing a previous installation files outside the Python library path are being ignored: /home/imml/git/research_2025/apple-harvest-eva/install/harvest_vision/share/harvest_vision/yolo_networks/best-merged-apples-thlo-merged-wsu-v8s.pt
[3.174s] DEBUG:colcon.colcon_core.task.python.build:While undoing a previous installation files outside the Python library path are being ignored: /home/imml/git/research_2025/apple-harvest-eva/install/harvest_vision/share/harvest_vision/yolo_networks/best-merged-apples-thlo-merged-wsu-v8m.pt
[3.174s] DEBUG:colcon.colcon_core.task.python.build:While undoing a previous installation files outside the Python library path are being ignored: /home/imml/git/research_2025/apple-harvest-eva/install/harvest_vision/share/harvest_vision/yolo_networks/best-merged-apples-thlo-merged-wsu-v9c.pt
[3.174s] DEBUG:colcon.colcon_core.task.python.build:While undoing a previous installation files outside the Python library path are being ignored: /home/imml/git/research_2025/apple-harvest-eva/install/harvest_vision/share/harvest_vision/yolo_networks/best-merged-apples-thlo-merged-wsu-v8n.pt
[3.174s] DEBUG:colcon.colcon_core.task.python.build:While undoing a previous installation files outside the Python library path are being ignored: /home/imml/git/research_2025/apple-harvest-eva/install/harvest_vision/share/harvest_vision/yolo_networks/best_segmentation.pt
[3.174s] DEBUG:colcon.colcon_core.task.python.build:While undoing a previous installation files outside the Python library path are being ignored: /home/imml/git/research_2025/apple-harvest-eva/install/harvest_vision/share/harvest_vision/yolo_networks/best-merged-apples-thlo-merged-wsu-v8l.pt
[3.174s] DEBUG:colcon.colcon_core.task.python.build:While undoing a previous installation files outside the Python library path are being ignored: /home/imml/git/research_2025/apple-harvest-eva/install/harvest_vision/share/harvest_vision/data/prosser_a/depth_to_color.png
[3.174s] DEBUG:colcon.colcon_core.task.python.build:While undoing a previous installation files outside the Python library path are being ignored: /home/imml/git/research_2025/apple-harvest-eva/install/harvest_vision/share/harvest_vision/data/prosser_a/pointcloud.ply
[3.174s] DEBUG:colcon.colcon_core.task.python.build:While undoing a previous installation files outside the Python library path are being ignored: /home/imml/git/research_2025/apple-harvest-eva/install/harvest_vision/share/harvest_vision/data/prosser_a/color_raw.png
[3.174s] DEBUG:colcon.colcon_core.task.python.build:While undoing a previous installation files outside the Python library path are being ignored: /home/imml/git/research_2025/apple-harvest-eva/install/harvest_vision/share/harvest_vision/data/prosser_b/depth_to_color.png
[3.174s] DEBUG:colcon.colcon_core.task.python.build:While undoing a previous installation files outside the Python library path are being ignored: /home/imml/git/research_2025/apple-harvest-eva/install/harvest_vision/share/harvest_vision/data/prosser_b/pointcloud.ply
[3.174s] DEBUG:colcon.colcon_core.task.python.build:While undoing a previous installation files outside the Python library path are being ignored: /home/imml/git/research_2025/apple-harvest-eva/install/harvest_vision/share/harvest_vision/data/prosser_b/color_raw.png
[3.174s] DEBUG:colcon.colcon_core.task.python.build:While undoing a previous installation files outside the Python library path are being ignored: /home/imml/git/research_2025/apple-harvest-eva/install/harvest_vision/share/harvest_vision/data/prosser_c/depth_to_color.png
[3.175s] DEBUG:colcon.colcon_core.task.python.build:While undoing a previous installation files outside the Python library path are being ignored: /home/imml/git/research_2025/apple-harvest-eva/install/harvest_vision/share/harvest_vision/data/prosser_c/pointcloud.ply
[3.175s] DEBUG:colcon.colcon_core.task.python.build:While undoing a previous installation files outside the Python library path are being ignored: /home/imml/git/research_2025/apple-harvest-eva/install/harvest_vision/share/harvest_vision/data/prosser_c/color_raw.png
[3.175s] DEBUG:colcon.colcon_core.task.python.build:While undoing a previous installation files outside the Python library path are being ignored: /home/imml/git/research_2025/apple-harvest-eva/install/harvest_vision/share/harvest_vision/data/prosser_d/depth_to_color.png
[3.175s] DEBUG:colcon.colcon_core.task.python.build:While undoing a previous installation files outside the Python library path are being ignored: /home/imml/git/research_2025/apple-harvest-eva/install/harvest_vision/share/harvest_vision/data/prosser_d/pointcloud.ply
[3.175s] DEBUG:colcon.colcon_core.task.python.build:While undoing a previous installation files outside the Python library path are being ignored: /home/imml/git/research_2025/apple-harvest-eva/install/harvest_vision/share/harvest_vision/data/prosser_d/color_raw.png
[3.175s] DEBUG:colcon.colcon_core.task.python.build:While undoing a previous installation files outside the Python library path are being ignored: /home/imml/git/research_2025/apple-harvest-eva/install/harvest_vision/share/harvest_vision/data/prosser_e/depth_to_color.png
[3.175s] DEBUG:colcon.colcon_core.task.python.build:While undoing a previous installation files outside the Python library path are being ignored: /home/imml/git/research_2025/apple-harvest-eva/install/harvest_vision/share/harvest_vision/data/prosser_e/pointcloud.ply
[3.175s] DEBUG:colcon.colcon_core.task.python.build:While undoing a previous installation files outside the Python library path are being ignored: /home/imml/git/research_2025/apple-harvest-eva/install/harvest_vision/share/harvest_vision/data/prosser_e/color_raw.png
[3.175s] DEBUG:colcon.colcon_core.task.python.build:While undoing a previous installation files outside the Python library path are being ignored: /home/imml/git/research_2025/apple-harvest-eva/install/harvest_vision/share/harvest_vision/data/prosser_f/depth_to_color.png
[3.175s] DEBUG:colcon.colcon_core.task.python.build:While undoing a previous installation files outside the Python library path are being ignored: /home/imml/git/research_2025/apple-harvest-eva/install/harvest_vision/share/harvest_vision/data/prosser_f/pointcloud.ply
[3.175s] DEBUG:colcon.colcon_core.task.python.build:While undoing a previous installation files outside the Python library path are being ignored: /home/imml/git/research_2025/apple-harvest-eva/install/harvest_vision/share/harvest_vision/data/prosser_f/color_raw.png
[3.175s] DEBUG:colcon.colcon_core.task.python.build:While undoing a previous installation files outside the Python library path are being ignored: /home/imml/git/research_2025/apple-harvest-eva/install/harvest_vision/share/harvest_vision/data/prosser_g/depth_to_color.png
[3.175s] DEBUG:colcon.colcon_core.task.python.build:While undoing a previous installation files outside the Python library path are being ignored: /home/imml/git/research_2025/apple-harvest-eva/install/harvest_vision/share/harvest_vision/data/prosser_g/pointcloud.ply
[3.175s] DEBUG:colcon.colcon_core.task.python.build:While undoing a previous installation files outside the Python library path are being ignored: /home/imml/git/research_2025/apple-harvest-eva/install/harvest_vision/share/harvest_vision/data/prosser_g/color_raw.png
[3.175s] DEBUG:colcon.colcon_core.task.python.build:While undoing a previous installation files outside the Python library path are being ignored: /home/imml/git/research_2025/apple-harvest-eva/install/harvest_vision/share/harvest_vision/data/prosser_h/depth_to_color.png
[3.175s] DEBUG:colcon.colcon_core.task.python.build:While undoing a previous installation files outside the Python library path are being ignored: /home/imml/git/research_2025/apple-harvest-eva/install/harvest_vision/share/harvest_vision/data/prosser_h/pointcloud.ply
[3.175s] DEBUG:colcon.colcon_core.task.python.build:While undoing a previous installation files outside the Python library path are being ignored: /home/imml/git/research_2025/apple-harvest-eva/install/harvest_vision/share/harvest_vision/data/prosser_h/color_raw.png
[3.175s] DEBUG:colcon.colcon_core.task.python.build:While undoing a previous installation files outside the Python library path are being ignored: /home/imml/git/research_2025/apple-harvest-eva/install/harvest_vision/share/harvest_vision/data/prosser_i/depth_to_color.png
[3.175s] DEBUG:colcon.colcon_core.task.python.build:While undoing a previous installation files outside the Python library path are being ignored: /home/imml/git/research_2025/apple-harvest-eva/install/harvest_vision/share/harvest_vision/data/prosser_i/pointcloud.ply
[3.175s] DEBUG:colcon.colcon_core.task.python.build:While undoing a previous installation files outside the Python library path are being ignored: /home/imml/git/research_2025/apple-harvest-eva/install/harvest_vision/share/harvest_vision/data/prosser_i/color_raw.png
[3.175s] DEBUG:colcon.colcon_core.task.python.build:While undoing a previous installation files outside the Python library path are being ignored: /home/imml/git/research_2025/apple-harvest-eva/install/harvest_vision/share/harvest_vision/data/prosser_j/depth_to_color.png
[3.176s] DEBUG:colcon.colcon_core.task.python.build:While undoing a previous installation files outside the Python library path are being ignored: /home/imml/git/research_2025/apple-harvest-eva/install/harvest_vision/share/harvest_vision/data/prosser_j/pointcloud.ply
[3.176s] DEBUG:colcon.colcon_core.task.python.build:While undoing a previous installation files outside the Python library path are being ignored: /home/imml/git/research_2025/apple-harvest-eva/install/harvest_vision/share/harvest_vision/data/prosser_j/color_raw.png
[3.176s] DEBUG:colcon.colcon_core.task.python.build:While undoing a previous installation files outside the Python library path are being ignored: /home/imml/git/research_2025/apple-harvest-eva/install/harvest_vision/lib/harvest_vision/apple_prediction
[3.176s] DEBUG:colcon.colcon_core.task.python.build:While undoing a previous installation files outside the Python library path are being ignored: /home/imml/git/research_2025/apple-harvest-eva/install/harvest_vision/lib/harvest_vision/apple_prediction_presaved_images
[3.176s] DEBUG:colcon.colcon_core.task.python.build:While undoing a previous installation files outside the Python library path are being ignored: /home/imml/git/research_2025/apple-harvest-eva/install/harvest_vision/lib/harvest_vision/voxelize_scan
[3.181s] DEBUG:colcon.colcon_core.event_handler.log_command:Invoking command in '/home/imml/git/research_2025/apple-harvest-eva/build/harvest_vision': CMAKE_PREFIX_PATH=/home/imml/git/research_2025/apple-harvest-eva/install/harvest_interfaces:/home/imml/git/research_2025/apple-harvest-eva/install/ur:/home/imml/git/research_2025/apple-harvest-eva/install/ur_calibration:/home/imml/git/research_2025/apple-harvest-eva/install/ur_robot_driver:/home/imml/git/research_2025/apple-harvest-eva/install/ur_moveit_config:/home/imml/git/research_2025/apple-harvest-eva/install/ur_bringup:/home/imml/git/research_2025/apple-harvest-eva/install/ur_description:/home/imml/git/research_2025/apple-harvest-eva/install/ur_controllers:/home/imml/git/research_2025/apple-harvest-eva/install/ur_dashboard_msgs:/home/imml/git/research_2025/apple-harvest-eva/install/realsense2_description:/home/imml/git/research_2025/apple-harvest-eva/install/realsense2_camera:/home/imml/git/research_2025/apple-harvest-eva/install/realsense2_camera_msgs:/home/imml/git/research_2025/apple-harvest-eva/install/harvest_control:/home/imml/git/research_2025/apple-harvest-eva/install/harvest LD_LIBRARY_PATH=/home/imml/git/research_2025/apple-harvest-eva/install/harvest_interfaces/lib:/home/imml/git/research_2025/apple-harvest-eva/install/ur_robot_driver/lib:/home/imml/git/research_2025/apple-harvest-eva/install/ur_controllers/lib:/home/imml/git/research_2025/apple-harvest-eva/install/ur_dashboard_msgs/lib:/home/imml/git/research_2025/apple-harvest-eva/install/realsense2_camera/lib:/home/imml/git/research_2025/apple-harvest-eva/install/realsense2_camera_msgs/lib:/usr/local/cuda-12.9/lib64:/opt/ros/humble/opt/rviz_ogre_vendor/lib:/opt/ros/humble/lib/x86_64-linux-gnu:/opt/ros/humble/lib PYTHONPATH=/home/imml/git/research_2025/apple-harvest-eva/build/harvest_vision/prefix_override:/usr/lib/python3/dist-packages/colcon_core/task/python/colcon_distutils_commands:/home/imml/git/research_2025/apple-harvest-eva/install/harvest_vision/lib/python3.10/site-packages:${PYTHONPATH} /usr/bin/python3 -W ignore:setup.py install is deprecated -W ignore:easy_install command is deprecated setup.py develop --editable --build-directory /home/imml/git/research_2025/apple-harvest-eva/build/harvest_vision/build --no-deps symlink_data --force
[3.285s] DEBUG:colcon.colcon_core.event_handler.log_command:Invoked command in '/home/imml/git/research_2025/apple-harvest-eva/build/ur_bringup' returned '0': CMAKE_PREFIX_PATH=/home/imml/git/research_2025/apple-harvest-eva/install/ur_controllers:/home/imml/git/research_2025/apple-harvest-eva/install/ur_description:/home/imml/git/research_2025/apple-harvest-eva/install/ur_dashboard_msgs:/home/imml/git/research_2025/apple-harvest-eva/install/ur:/home/imml/git/research_2025/apple-harvest-eva/install/ur_calibration:/home/imml/git/research_2025/apple-harvest-eva/install/ur_robot_driver:/home/imml/git/research_2025/apple-harvest-eva/install/ur_moveit_config:/home/imml/git/research_2025/apple-harvest-eva/install/ur_bringup:/home/imml/git/research_2025/apple-harvest-eva/install/realsense2_description:/home/imml/git/research_2025/apple-harvest-eva/install/realsense2_camera:/home/imml/git/research_2025/apple-harvest-eva/install/realsense2_camera_msgs:/home/imml/git/research_2025/apple-harvest-eva/install/harvest_control:/home/imml/git/research_2025/apple-harvest-eva/install/harvest:/home/imml/git/research_2025/apple-harvest-eva/install/harvest_interfaces:/home/imml/git/research_2025/apple-harvest-eva/install/ur5e_custom_hardware:/home/imml/git/research_2025/apple-harvest-eva/install/harvest_vision:/opt/ros/humble LD_LIBRARY_PATH=/home/imml/git/research_2025/apple-harvest-eva/install/ur_controllers/lib:/home/imml/git/research_2025/apple-harvest-eva/install/ur_dashboard_msgs/lib:/home/imml/git/research_2025/apple-harvest-eva/install/ur_robot_driver/lib:/home/imml/git/research_2025/apple-harvest-eva/install/realsense2_camera/lib:/home/imml/git/research_2025/apple-harvest-eva/install/realsense2_camera_msgs/lib:/home/imml/git/research_2025/apple-harvest-eva/install/harvest_interfaces/lib:/usr/local/cuda-12.9/lib64:/opt/ros/humble/opt/rviz_ogre_vendor/lib:/opt/ros/humble/lib/x86_64-linux-gnu:/opt/ros/humble/lib /usr/bin/cmake /home/imml/git/research_2025/apple-harvest-eva/harvest_hardware/Universal_Robots_ROS2_Driver/ur_bringup -DAMENT_CMAKE_SYMLINK_INSTALL=1 -DCMAKE_INSTALL_PREFIX=/home/imml/git/research_2025/apple-harvest-eva/install/ur_bringup
[3.287s] DEBUG:colcon.colcon_core.event_handler.log_command:Invoking command in '/home/imml/git/research_2025/apple-harvest-eva/build/ur_bringup': CMAKE_PREFIX_PATH=/home/imml/git/research_2025/apple-harvest-eva/install/ur_controllers:/home/imml/git/research_2025/apple-harvest-eva/install/ur_description:/home/imml/git/research_2025/apple-harvest-eva/install/ur_dashboard_msgs:/home/imml/git/research_2025/apple-harvest-eva/install/ur:/home/imml/git/research_2025/apple-harvest-eva/install/ur_calibration:/home/imml/git/research_2025/apple-harvest-eva/install/ur_robot_driver:/home/imml/git/research_2025/apple-harvest-eva/install/ur_moveit_config:/home/imml/git/research_2025/apple-harvest-eva/install/ur_bringup:/home/imml/git/research_2025/apple-harvest-eva/install/realsense2_description:/home/imml/git/research_2025/apple-harvest-eva/install/realsense2_camera:/home/imml/git/research_2025/apple-harvest-eva/install/realsense2_camera_msgs:/home/imml/git/research_2025/apple-harvest-eva/install/harvest_control:/home/imml/git/research_2025/apple-harvest-eva/install/harvest:/home/imml/git/research_2025/apple-harvest-eva/install/harvest_interfaces:/home/imml/git/research_2025/apple-harvest-eva/install/ur5e_custom_hardware:/home/imml/git/research_2025/apple-harvest-eva/install/harvest_vision:/opt/ros/humble LD_LIBRARY_PATH=/home/imml/git/research_2025/apple-harvest-eva/install/ur_controllers/lib:/home/imml/git/research_2025/apple-harvest-eva/install/ur_dashboard_msgs/lib:/home/imml/git/research_2025/apple-harvest-eva/install/ur_robot_driver/lib:/home/imml/git/research_2025/apple-harvest-eva/install/realsense2_camera/lib:/home/imml/git/research_2025/apple-harvest-eva/install/realsense2_camera_msgs/lib:/home/imml/git/research_2025/apple-harvest-eva/install/harvest_interfaces/lib:/usr/local/cuda-12.9/lib64:/opt/ros/humble/opt/rviz_ogre_vendor/lib:/opt/ros/humble/lib/x86_64-linux-gnu:/opt/ros/humble/lib /usr/bin/cmake --build /home/imml/git/research_2025/apple-harvest-eva/build/ur_bringup -- -j16 -l16
[3.350s] DEBUG:colcon.colcon_core.event_handler.log_command:Invoked command in '/home/imml/git/research_2025/apple-harvest-eva/build/ur_bringup' returned '0': CMAKE_PREFIX_PATH=/home/imml/git/research_2025/apple-harvest-eva/install/ur_controllers:/home/imml/git/research_2025/apple-harvest-eva/install/ur_description:/home/imml/git/research_2025/apple-harvest-eva/install/ur_dashboard_msgs:/home/imml/git/research_2025/apple-harvest-eva/install/ur:/home/imml/git/research_2025/apple-harvest-eva/install/ur_calibration:/home/imml/git/research_2025/apple-harvest-eva/install/ur_robot_driver:/home/imml/git/research_2025/apple-harvest-eva/install/ur_moveit_config:/home/imml/git/research_2025/apple-harvest-eva/install/ur_bringup:/home/imml/git/research_2025/apple-harvest-eva/install/realsense2_description:/home/imml/git/research_2025/apple-harvest-eva/install/realsense2_camera:/home/imml/git/research_2025/apple-harvest-eva/install/realsense2_camera_msgs:/home/imml/git/research_2025/apple-harvest-eva/install/harvest_control:/home/imml/git/research_2025/apple-harvest-eva/install/harvest:/home/imml/git/research_2025/apple-harvest-eva/install/harvest_interfaces:/home/imml/git/research_2025/apple-harvest-eva/install/ur5e_custom_hardware:/home/imml/git/research_2025/apple-harvest-eva/install/harvest_vision:/opt/ros/humble LD_LIBRARY_PATH=/home/imml/git/research_2025/apple-harvest-eva/install/ur_controllers/lib:/home/imml/git/research_2025/apple-harvest-eva/install/ur_dashboard_msgs/lib:/home/imml/git/research_2025/apple-harvest-eva/install/ur_robot_driver/lib:/home/imml/git/research_2025/apple-harvest-eva/install/realsense2_camera/lib:/home/imml/git/research_2025/apple-harvest-eva/install/realsense2_camera_msgs/lib:/home/imml/git/research_2025/apple-harvest-eva/install/harvest_interfaces/lib:/usr/local/cuda-12.9/lib64:/opt/ros/humble/opt/rviz_ogre_vendor/lib:/opt/ros/humble/lib/x86_64-linux-gnu:/opt/ros/humble/lib /usr/bin/cmake --build /home/imml/git/research_2025/apple-harvest-eva/build/ur_bringup -- -j16 -l16
[3.353s] DEBUG:colcon.colcon_core.event_handler.log_command:Invoking command in '/home/imml/git/research_2025/apple-harvest-eva/build/ur_bringup': CMAKE_PREFIX_PATH=/home/imml/git/research_2025/apple-harvest-eva/install/ur_controllers:/home/imml/git/research_2025/apple-harvest-eva/install/ur_description:/home/imml/git/research_2025/apple-harvest-eva/install/ur_dashboard_msgs:/home/imml/git/research_2025/apple-harvest-eva/install/ur:/home/imml/git/research_2025/apple-harvest-eva/install/ur_calibration:/home/imml/git/research_2025/apple-harvest-eva/install/ur_robot_driver:/home/imml/git/research_2025/apple-harvest-eva/install/ur_moveit_config:/home/imml/git/research_2025/apple-harvest-eva/install/ur_bringup:/home/imml/git/research_2025/apple-harvest-eva/install/realsense2_description:/home/imml/git/research_2025/apple-harvest-eva/install/realsense2_camera:/home/imml/git/research_2025/apple-harvest-eva/install/realsense2_camera_msgs:/home/imml/git/research_2025/apple-harvest-eva/install/harvest_control:/home/imml/git/research_2025/apple-harvest-eva/install/harvest:/home/imml/git/research_2025/apple-harvest-eva/install/harvest_interfaces:/home/imml/git/research_2025/apple-harvest-eva/install/ur5e_custom_hardware:/home/imml/git/research_2025/apple-harvest-eva/install/harvest_vision:/opt/ros/humble LD_LIBRARY_PATH=/home/imml/git/research_2025/apple-harvest-eva/install/ur_controllers/lib:/home/imml/git/research_2025/apple-harvest-eva/install/ur_dashboard_msgs/lib:/home/imml/git/research_2025/apple-harvest-eva/install/ur_robot_driver/lib:/home/imml/git/research_2025/apple-harvest-eva/install/realsense2_camera/lib:/home/imml/git/research_2025/apple-harvest-eva/install/realsense2_camera_msgs/lib:/home/imml/git/research_2025/apple-harvest-eva/install/harvest_interfaces/lib:/usr/local/cuda-12.9/lib64:/opt/ros/humble/opt/rviz_ogre_vendor/lib:/opt/ros/humble/lib/x86_64-linux-gnu:/opt/ros/humble/lib /usr/bin/cmake --install /home/imml/git/research_2025/apple-harvest-eva/build/ur_bringup
[3.385s] Level 1:colcon.colcon_core.environment:create_environment_scripts_only(ur_bringup)
[3.386s] Level 1:colcon.colcon_core.environment:checking '/home/imml/git/research_2025/apple-harvest-eva/install/ur_bringup' for CMake module files
[3.386s] DEBUG:colcon.colcon_core.event_handler.log_command:Invoked command in '/home/imml/git/research_2025/apple-harvest-eva/build/ur_bringup' returned '0': CMAKE_PREFIX_PATH=/home/imml/git/research_2025/apple-harvest-eva/install/ur_controllers:/home/imml/git/research_2025/apple-harvest-eva/install/ur_description:/home/imml/git/research_2025/apple-harvest-eva/install/ur_dashboard_msgs:/home/imml/git/research_2025/apple-harvest-eva/install/ur:/home/imml/git/research_2025/apple-harvest-eva/install/ur_calibration:/home/imml/git/research_2025/apple-harvest-eva/install/ur_robot_driver:/home/imml/git/research_2025/apple-harvest-eva/install/ur_moveit_config:/home/imml/git/research_2025/apple-harvest-eva/install/ur_bringup:/home/imml/git/research_2025/apple-harvest-eva/install/realsense2_description:/home/imml/git/research_2025/apple-harvest-eva/install/realsense2_camera:/home/imml/git/research_2025/apple-harvest-eva/install/realsense2_camera_msgs:/home/imml/git/research_2025/apple-harvest-eva/install/harvest_control:/home/imml/git/research_2025/apple-harvest-eva/install/harvest:/home/imml/git/research_2025/apple-harvest-eva/install/harvest_interfaces:/home/imml/git/research_2025/apple-harvest-eva/install/ur5e_custom_hardware:/home/imml/git/research_2025/apple-harvest-eva/install/harvest_vision:/opt/ros/humble LD_LIBRARY_PATH=/home/imml/git/research_2025/apple-harvest-eva/install/ur_controllers/lib:/home/imml/git/research_2025/apple-harvest-eva/install/ur_dashboard_msgs/lib:/home/imml/git/research_2025/apple-harvest-eva/install/ur_robot_driver/lib:/home/imml/git/research_2025/apple-harvest-eva/install/realsense2_camera/lib:/home/imml/git/research_2025/apple-harvest-eva/install/realsense2_camera_msgs/lib:/home/imml/git/research_2025/apple-harvest-eva/install/harvest_interfaces/lib:/usr/local/cuda-12.9/lib64:/opt/ros/humble/opt/rviz_ogre_vendor/lib:/opt/ros/humble/lib/x86_64-linux-gnu:/opt/ros/humble/lib /usr/bin/cmake --install /home/imml/git/research_2025/apple-harvest-eva/build/ur_bringup
[3.387s] Level 1:colcon.colcon_core.environment:checking '/home/imml/git/research_2025/apple-harvest-eva/install/ur_bringup' for CMake config files
[3.388s] Level 1:colcon.colcon_core.shell:create_environment_hook('ur_bringup', 'cmake_prefix_path')
[3.388s] INFO:colcon.colcon_core.shell:Creating environment hook '/home/imml/git/research_2025/apple-harvest-eva/install/ur_bringup/share/ur_bringup/hook/cmake_prefix_path.ps1'
[3.389s] INFO:colcon.colcon_core.shell:Creating environment descriptor '/home/imml/git/research_2025/apple-harvest-eva/install/ur_bringup/share/ur_bringup/hook/cmake_prefix_path.dsv'
[3.389s] INFO:colcon.colcon_core.shell:Creating environment hook '/home/imml/git/research_2025/apple-harvest-eva/install/ur_bringup/share/ur_bringup/hook/cmake_prefix_path.sh'
[3.390s] Level 1:colcon.colcon_core.environment:checking '/home/imml/git/research_2025/apple-harvest-eva/install/ur_bringup/lib'
[3.390s] Level 1:colcon.colcon_core.environment:checking '/home/imml/git/research_2025/apple-harvest-eva/install/ur_bringup/bin'
[3.390s] Level 1:colcon.colcon_core.environment:checking '/home/imml/git/research_2025/apple-harvest-eva/install/ur_bringup/lib/pkgconfig/ur_bringup.pc'
[3.390s] Level 1:colcon.colcon_core.environment:checking '/home/imml/git/research_2025/apple-harvest-eva/install/ur_bringup/lib/python3.10/site-packages'
[3.390s] Level 1:colcon.colcon_core.environment:checking '/home/imml/git/research_2025/apple-harvest-eva/install/ur_bringup/bin'
[3.391s] INFO:colcon.colcon_core.shell:Creating package script '/home/imml/git/research_2025/apple-harvest-eva/install/ur_bringup/share/ur_bringup/package.ps1'
[3.391s] INFO:colcon.colcon_core.shell:Creating package descriptor '/home/imml/git/research_2025/apple-harvest-eva/install/ur_bringup/share/ur_bringup/package.dsv'
[3.392s] INFO:colcon.colcon_core.shell:Creating package script '/home/imml/git/research_2025/apple-harvest-eva/install/ur_bringup/share/ur_bringup/package.sh'
[3.392s] INFO:colcon.colcon_core.shell:Creating package script '/home/imml/git/research_2025/apple-harvest-eva/install/ur_bringup/share/ur_bringup/package.bash'
[3.393s] INFO:colcon.colcon_core.shell:Creating package script '/home/imml/git/research_2025/apple-harvest-eva/install/ur_bringup/share/ur_bringup/package.zsh'
[3.393s] Level 1:colcon.colcon_core.environment:create_file_with_runtime_dependencies(/home/imml/git/research_2025/apple-harvest-eva/install/ur_bringup/share/colcon-core/packages/ur_bringup)
[3.394s] Level 1:colcon.colcon_core.environment:create_environment_scripts_only(ur_bringup)
[3.394s] Level 1:colcon.colcon_core.environment:checking '/home/imml/git/research_2025/apple-harvest-eva/install/ur_bringup' for CMake module files
[3.395s] Level 1:colcon.colcon_core.environment:checking '/home/imml/git/research_2025/apple-harvest-eva/install/ur_bringup' for CMake config files
[3.395s] Level 1:colcon.colcon_core.shell:create_environment_hook('ur_bringup', 'cmake_prefix_path')
[3.396s] INFO:colcon.colcon_core.shell:Creating environment hook '/home/imml/git/research_2025/apple-harvest-eva/install/ur_bringup/share/ur_bringup/hook/cmake_prefix_path.ps1'
[3.396s] INFO:colcon.colcon_core.shell:Creating environment descriptor '/home/imml/git/research_2025/apple-harvest-eva/install/ur_bringup/share/ur_bringup/hook/cmake_prefix_path.dsv'
[3.396s] INFO:colcon.colcon_core.shell:Creating environment hook '/home/imml/git/research_2025/apple-harvest-eva/install/ur_bringup/share/ur_bringup/hook/cmake_prefix_path.sh'
[3.397s] Level 1:colcon.colcon_core.environment:checking '/home/imml/git/research_2025/apple-harvest-eva/install/ur_bringup/lib'
[3.397s] Level 1:colcon.colcon_core.environment:checking '/home/imml/git/research_2025/apple-harvest-eva/install/ur_bringup/bin'
[3.397s] Level 1:colcon.colcon_core.environment:checking '/home/imml/git/research_2025/apple-harvest-eva/install/ur_bringup/lib/pkgconfig/ur_bringup.pc'
[3.397s] Level 1:colcon.colcon_core.environment:checking '/home/imml/git/research_2025/apple-harvest-eva/install/ur_bringup/lib/python3.10/site-packages'
[3.397s] Level 1:colcon.colcon_core.environment:checking '/home/imml/git/research_2025/apple-harvest-eva/install/ur_bringup/bin'
[3.398s] INFO:colcon.colcon_core.shell:Creating package script '/home/imml/git/research_2025/apple-harvest-eva/install/ur_bringup/share/ur_bringup/package.ps1'
[3.398s] INFO:colcon.colcon_core.shell:Creating package descriptor '/home/imml/git/research_2025/apple-harvest-eva/install/ur_bringup/share/ur_bringup/package.dsv'
[3.399s] INFO:colcon.colcon_core.shell:Creating package script '/home/imml/git/research_2025/apple-harvest-eva/install/ur_bringup/share/ur_bringup/package.sh'
[3.399s] INFO:colcon.colcon_core.shell:Creating package script '/home/imml/git/research_2025/apple-harvest-eva/install/ur_bringup/share/ur_bringup/package.bash'
[3.400s] INFO:colcon.colcon_core.shell:Creating package script '/home/imml/git/research_2025/apple-harvest-eva/install/ur_bringup/share/ur_bringup/package.zsh'
[3.400s] Level 1:colcon.colcon_core.environment:create_file_with_runtime_dependencies(/home/imml/git/research_2025/apple-harvest-eva/install/ur_bringup/share/colcon-core/packages/ur_bringup)
[3.402s] DEBUG:colcon.colcon_core.event_handler.log_command:Invoked command in '/home/imml/git/research_2025/apple-harvest-eva/build/ur_moveit_config' returned '0': CMAKE_PREFIX_PATH=/home/imml/git/research_2025/apple-harvest-eva/install/ur_description:/home/imml/git/research_2025/apple-harvest-eva/install/ur:/home/imml/git/research_2025/apple-harvest-eva/install/ur_calibration:/home/imml/git/research_2025/apple-harvest-eva/install/ur_robot_driver:/home/imml/git/research_2025/apple-harvest-eva/install/ur_moveit_config:/home/imml/git/research_2025/apple-harvest-eva/install/ur_bringup:/home/imml/git/research_2025/apple-harvest-eva/install/ur_controllers:/home/imml/git/research_2025/apple-harvest-eva/install/ur_dashboard_msgs:/home/imml/git/research_2025/apple-harvest-eva/install/realsense2_description:/home/imml/git/research_2025/apple-harvest-eva/install/realsense2_camera:/home/imml/git/research_2025/apple-harvest-eva/install/realsense2_camera_msgs:/home/imml/git/research_2025/apple-harvest-eva/install/harvest_control:/home/imml/git/research_2025/apple-harvest-eva/install/harvest:/home/imml/git/research_2025/apple-harvest-eva/install/harvest_interfaces:/home/imml/git/research_2025/apple-harvest-eva/install/ur5e_custom_hardware:/home/imml/git/research_2025/apple-harvest-eva/install/harvest_vision:/opt/ros/humble /usr/bin/cmake /home/imml/git/research_2025/apple-harvest-eva/harvest_hardware/Universal_Robots_ROS2_Driver/ur_moveit_config -DAMENT_CMAKE_SYMLINK_INSTALL=1 -DCMAKE_INSTALL_PREFIX=/home/imml/git/research_2025/apple-harvest-eva/install/ur_moveit_config
[3.404s] DEBUG:colcon.colcon_core.event_handler.log_command:Invoking command in '/home/imml/git/research_2025/apple-harvest-eva/build/ur_moveit_config': CMAKE_PREFIX_PATH=/home/imml/git/research_2025/apple-harvest-eva/install/ur_description:/home/imml/git/research_2025/apple-harvest-eva/install/ur:/home/imml/git/research_2025/apple-harvest-eva/install/ur_calibration:/home/imml/git/research_2025/apple-harvest-eva/install/ur_robot_driver:/home/imml/git/research_2025/apple-harvest-eva/install/ur_moveit_config:/home/imml/git/research_2025/apple-harvest-eva/install/ur_bringup:/home/imml/git/research_2025/apple-harvest-eva/install/ur_controllers:/home/imml/git/research_2025/apple-harvest-eva/install/ur_dashboard_msgs:/home/imml/git/research_2025/apple-harvest-eva/install/realsense2_description:/home/imml/git/research_2025/apple-harvest-eva/install/realsense2_camera:/home/imml/git/research_2025/apple-harvest-eva/install/realsense2_camera_msgs:/home/imml/git/research_2025/apple-harvest-eva/install/harvest_control:/home/imml/git/research_2025/apple-harvest-eva/install/harvest:/home/imml/git/research_2025/apple-harvest-eva/install/harvest_interfaces:/home/imml/git/research_2025/apple-harvest-eva/install/ur5e_custom_hardware:/home/imml/git/research_2025/apple-harvest-eva/install/harvest_vision:/opt/ros/humble /usr/bin/cmake --build /home/imml/git/research_2025/apple-harvest-eva/build/ur_moveit_config -- -j16 -l16
[3.688s] DEBUG:colcon.colcon_core.event_handler.log_command:Invoked command in '/home/imml/git/research_2025/apple-harvest-eva/build/harvest_control' returned '0': CMAKE_PREFIX_PATH=/home/imml/git/research_2025/apple-harvest-eva/install/harvest_interfaces:/home/imml/git/research_2025/apple-harvest-eva/install/ur:/home/imml/git/research_2025/apple-harvest-eva/install/ur_calibration:/home/imml/git/research_2025/apple-harvest-eva/install/ur_robot_driver:/home/imml/git/research_2025/apple-harvest-eva/install/ur_moveit_config:/home/imml/git/research_2025/apple-harvest-eva/install/ur_bringup:/home/imml/git/research_2025/apple-harvest-eva/install/ur_description:/home/imml/git/research_2025/apple-harvest-eva/install/ur_controllers:/home/imml/git/research_2025/apple-harvest-eva/install/ur_dashboard_msgs:/home/imml/git/research_2025/apple-harvest-eva/install/realsense2_description:/home/imml/git/research_2025/apple-harvest-eva/install/realsense2_camera:/home/imml/git/research_2025/apple-harvest-eva/install/realsense2_camera_msgs:/home/imml/git/research_2025/apple-harvest-eva/install/harvest_control:/home/imml/git/research_2025/apple-harvest-eva/install/harvest:/home/imml/git/research_2025/apple-harvest-eva/install/ur5e_custom_hardware:/home/imml/git/research_2025/apple-harvest-eva/install/harvest_vision:/opt/ros/humble LD_LIBRARY_PATH=/home/imml/git/research_2025/apple-harvest-eva/install/harvest_interfaces/lib:/home/imml/git/research_2025/apple-harvest-eva/install/ur_robot_driver/lib:/home/imml/git/research_2025/apple-harvest-eva/install/ur_controllers/lib:/home/imml/git/research_2025/apple-harvest-eva/install/ur_dashboard_msgs/lib:/home/imml/git/research_2025/apple-harvest-eva/install/realsense2_camera/lib:/home/imml/git/research_2025/apple-harvest-eva/install/realsense2_camera_msgs/lib:/usr/local/cuda-12.9/lib64:/opt/ros/humble/opt/rviz_ogre_vendor/lib:/opt/ros/humble/lib/x86_64-linux-gnu:/opt/ros/humble/lib /usr/bin/cmake /home/imml/git/research_2025/apple-harvest-eva/harvest_control -DAMENT_CMAKE_SYMLINK_INSTALL=1 -DCMAKE_INSTALL_PREFIX=/home/imml/git/research_2025/apple-harvest-eva/install/harvest_control
[3.690s] DEBUG:colcon.colcon_core.event_handler.log_command:Invoking command in '/home/imml/git/research_2025/apple-harvest-eva/build/harvest_control': CMAKE_PREFIX_PATH=/home/imml/git/research_2025/apple-harvest-eva/install/harvest_interfaces:/home/imml/git/research_2025/apple-harvest-eva/install/ur:/home/imml/git/research_2025/apple-harvest-eva/install/ur_calibration:/home/imml/git/research_2025/apple-harvest-eva/install/ur_robot_driver:/home/imml/git/research_2025/apple-harvest-eva/install/ur_moveit_config:/home/imml/git/research_2025/apple-harvest-eva/install/ur_bringup:/home/imml/git/research_2025/apple-harvest-eva/install/ur_description:/home/imml/git/research_2025/apple-harvest-eva/install/ur_controllers:/home/imml/git/research_2025/apple-harvest-eva/install/ur_dashboard_msgs:/home/imml/git/research_2025/apple-harvest-eva/install/realsense2_description:/home/imml/git/research_2025/apple-harvest-eva/install/realsense2_camera:/home/imml/git/research_2025/apple-harvest-eva/install/realsense2_camera_msgs:/home/imml/git/research_2025/apple-harvest-eva/install/harvest_control:/home/imml/git/research_2025/apple-harvest-eva/install/harvest:/home/imml/git/research_2025/apple-harvest-eva/install/ur5e_custom_hardware:/home/imml/git/research_2025/apple-harvest-eva/install/harvest_vision:/opt/ros/humble LD_LIBRARY_PATH=/home/imml/git/research_2025/apple-harvest-eva/install/harvest_interfaces/lib:/home/imml/git/research_2025/apple-harvest-eva/install/ur_robot_driver/lib:/home/imml/git/research_2025/apple-harvest-eva/install/ur_controllers/lib:/home/imml/git/research_2025/apple-harvest-eva/install/ur_dashboard_msgs/lib:/home/imml/git/research_2025/apple-harvest-eva/install/realsense2_camera/lib:/home/imml/git/research_2025/apple-harvest-eva/install/realsense2_camera_msgs/lib:/usr/local/cuda-12.9/lib64:/opt/ros/humble/opt/rviz_ogre_vendor/lib:/opt/ros/humble/lib/x86_64-linux-gnu:/opt/ros/humble/lib /usr/bin/cmake --build /home/imml/git/research_2025/apple-harvest-eva/build/harvest_control -- -j16 -l16
[3.745s] DEBUG:colcon.colcon_core.event_handler.log_command:Invoked command in '/home/imml/git/research_2025/apple-harvest-eva/build/harvest' returned '0': CMAKE_PREFIX_PATH=/home/imml/git/research_2025/apple-harvest-eva/install/harvest_interfaces:/home/imml/git/research_2025/apple-harvest-eva/install/ur:/home/imml/git/research_2025/apple-harvest-eva/install/ur_calibration:/home/imml/git/research_2025/apple-harvest-eva/install/ur_robot_driver:/home/imml/git/research_2025/apple-harvest-eva/install/ur_moveit_config:/home/imml/git/research_2025/apple-harvest-eva/install/ur_bringup:/home/imml/git/research_2025/apple-harvest-eva/install/ur_description:/home/imml/git/research_2025/apple-harvest-eva/install/ur_controllers:/home/imml/git/research_2025/apple-harvest-eva/install/ur_dashboard_msgs:/home/imml/git/research_2025/apple-harvest-eva/install/realsense2_description:/home/imml/git/research_2025/apple-harvest-eva/install/realsense2_camera:/home/imml/git/research_2025/apple-harvest-eva/install/realsense2_camera_msgs:/home/imml/git/research_2025/apple-harvest-eva/install/harvest_control:/home/imml/git/research_2025/apple-harvest-eva/install/harvest:/home/imml/git/research_2025/apple-harvest-eva/install/ur5e_custom_hardware:/home/imml/git/research_2025/apple-harvest-eva/install/harvest_vision:/opt/ros/humble LD_LIBRARY_PATH=/home/imml/git/research_2025/apple-harvest-eva/install/harvest_interfaces/lib:/home/imml/git/research_2025/apple-harvest-eva/install/ur_robot_driver/lib:/home/imml/git/research_2025/apple-harvest-eva/install/ur_controllers/lib:/home/imml/git/research_2025/apple-harvest-eva/install/ur_dashboard_msgs/lib:/home/imml/git/research_2025/apple-harvest-eva/install/realsense2_camera/lib:/home/imml/git/research_2025/apple-harvest-eva/install/realsense2_camera_msgs/lib:/usr/local/cuda-12.9/lib64:/opt/ros/humble/opt/rviz_ogre_vendor/lib:/opt/ros/humble/lib/x86_64-linux-gnu:/opt/ros/humble/lib /usr/bin/cmake /home/imml/git/research_2025/apple-harvest-eva/harvest -DAMENT_CMAKE_SYMLINK_INSTALL=1 -DCMAKE_INSTALL_PREFIX=/home/imml/git/research_2025/apple-harvest-eva/install/harvest
[3.748s] DEBUG:colcon.colcon_core.event_handler.log_command:Invoking command in '/home/imml/git/research_2025/apple-harvest-eva/build/harvest': CMAKE_PREFIX_PATH=/home/imml/git/research_2025/apple-harvest-eva/install/harvest_interfaces:/home/imml/git/research_2025/apple-harvest-eva/install/ur:/home/imml/git/research_2025/apple-harvest-eva/install/ur_calibration:/home/imml/git/research_2025/apple-harvest-eva/install/ur_robot_driver:/home/imml/git/research_2025/apple-harvest-eva/install/ur_moveit_config:/home/imml/git/research_2025/apple-harvest-eva/install/ur_bringup:/home/imml/git/research_2025/apple-harvest-eva/install/ur_description:/home/imml/git/research_2025/apple-harvest-eva/install/ur_controllers:/home/imml/git/research_2025/apple-harvest-eva/install/ur_dashboard_msgs:/home/imml/git/research_2025/apple-harvest-eva/install/realsense2_description:/home/imml/git/research_2025/apple-harvest-eva/install/realsense2_camera:/home/imml/git/research_2025/apple-harvest-eva/install/realsense2_camera_msgs:/home/imml/git/research_2025/apple-harvest-eva/install/harvest_control:/home/imml/git/research_2025/apple-harvest-eva/install/harvest:/home/imml/git/research_2025/apple-harvest-eva/install/ur5e_custom_hardware:/home/imml/git/research_2025/apple-harvest-eva/install/harvest_vision:/opt/ros/humble LD_LIBRARY_PATH=/home/imml/git/research_2025/apple-harvest-eva/install/harvest_interfaces/lib:/home/imml/git/research_2025/apple-harvest-eva/install/ur_robot_driver/lib:/home/imml/git/research_2025/apple-harvest-eva/install/ur_controllers/lib:/home/imml/git/research_2025/apple-harvest-eva/install/ur_dashboard_msgs/lib:/home/imml/git/research_2025/apple-harvest-eva/install/realsense2_camera/lib:/home/imml/git/research_2025/apple-harvest-eva/install/realsense2_camera_msgs/lib:/usr/local/cuda-12.9/lib64:/opt/ros/humble/opt/rviz_ogre_vendor/lib:/opt/ros/humble/lib/x86_64-linux-gnu:/opt/ros/humble/lib /usr/bin/cmake --build /home/imml/git/research_2025/apple-harvest-eva/build/harvest -- -j16 -l16
[3.851s] DEBUG:colcon.colcon_core.event_handler.log_command:Invoked command in '/home/imml/git/research_2025/apple-harvest-eva/build/ur_moveit_config' returned '0': CMAKE_PREFIX_PATH=/home/imml/git/research_2025/apple-harvest-eva/install/ur_description:/home/imml/git/research_2025/apple-harvest-eva/install/ur:/home/imml/git/research_2025/apple-harvest-eva/install/ur_calibration:/home/imml/git/research_2025/apple-harvest-eva/install/ur_robot_driver:/home/imml/git/research_2025/apple-harvest-eva/install/ur_moveit_config:/home/imml/git/research_2025/apple-harvest-eva/install/ur_bringup:/home/imml/git/research_2025/apple-harvest-eva/install/ur_controllers:/home/imml/git/research_2025/apple-harvest-eva/install/ur_dashboard_msgs:/home/imml/git/research_2025/apple-harvest-eva/install/realsense2_description:/home/imml/git/research_2025/apple-harvest-eva/install/realsense2_camera:/home/imml/git/research_2025/apple-harvest-eva/install/realsense2_camera_msgs:/home/imml/git/research_2025/apple-harvest-eva/install/harvest_control:/home/imml/git/research_2025/apple-harvest-eva/install/harvest:/home/imml/git/research_2025/apple-harvest-eva/install/harvest_interfaces:/home/imml/git/research_2025/apple-harvest-eva/install/ur5e_custom_hardware:/home/imml/git/research_2025/apple-harvest-eva/install/harvest_vision:/opt/ros/humble /usr/bin/cmake --build /home/imml/git/research_2025/apple-harvest-eva/build/ur_moveit_config -- -j16 -l16
[3.854s] DEBUG:colcon.colcon_core.event_handler.log_command:Invoking command in '/home/imml/git/research_2025/apple-harvest-eva/build/ur_moveit_config': CMAKE_PREFIX_PATH=/home/imml/git/research_2025/apple-harvest-eva/install/ur_description:/home/imml/git/research_2025/apple-harvest-eva/install/ur:/home/imml/git/research_2025/apple-harvest-eva/install/ur_calibration:/home/imml/git/research_2025/apple-harvest-eva/install/ur_robot_driver:/home/imml/git/research_2025/apple-harvest-eva/install/ur_moveit_config:/home/imml/git/research_2025/apple-harvest-eva/install/ur_bringup:/home/imml/git/research_2025/apple-harvest-eva/install/ur_controllers:/home/imml/git/research_2025/apple-harvest-eva/install/ur_dashboard_msgs:/home/imml/git/research_2025/apple-harvest-eva/install/realsense2_description:/home/imml/git/research_2025/apple-harvest-eva/install/realsense2_camera:/home/imml/git/research_2025/apple-harvest-eva/install/realsense2_camera_msgs:/home/imml/git/research_2025/apple-harvest-eva/install/harvest_control:/home/imml/git/research_2025/apple-harvest-eva/install/harvest:/home/imml/git/research_2025/apple-harvest-eva/install/harvest_interfaces:/home/imml/git/research_2025/apple-harvest-eva/install/ur5e_custom_hardware:/home/imml/git/research_2025/apple-harvest-eva/install/harvest_vision:/opt/ros/humble /usr/bin/cmake --install /home/imml/git/research_2025/apple-harvest-eva/build/ur_moveit_config
[3.907s] Level 1:colcon.colcon_core.shell:create_environment_hook('harvest_vision', 'pythonpath_develop')
[3.907s] INFO:colcon.colcon_core.shell:Creating environment hook '/home/imml/git/research_2025/apple-harvest-eva/build/harvest_vision/share/harvest_vision/hook/pythonpath_develop.ps1'
[3.907s] DEBUG:colcon.colcon_core.event_handler.log_command:Invoked command in '/home/imml/git/research_2025/apple-harvest-eva/build/harvest_vision' returned '0': CMAKE_PREFIX_PATH=/home/imml/git/research_2025/apple-harvest-eva/install/harvest_interfaces:/home/imml/git/research_2025/apple-harvest-eva/install/ur:/home/imml/git/research_2025/apple-harvest-eva/install/ur_calibration:/home/imml/git/research_2025/apple-harvest-eva/install/ur_robot_driver:/home/imml/git/research_2025/apple-harvest-eva/install/ur_moveit_config:/home/imml/git/research_2025/apple-harvest-eva/install/ur_bringup:/home/imml/git/research_2025/apple-harvest-eva/install/ur_description:/home/imml/git/research_2025/apple-harvest-eva/install/ur_controllers:/home/imml/git/research_2025/apple-harvest-eva/install/ur_dashboard_msgs:/home/imml/git/research_2025/apple-harvest-eva/install/realsense2_description:/home/imml/git/research_2025/apple-harvest-eva/install/realsense2_camera:/home/imml/git/research_2025/apple-harvest-eva/install/realsense2_camera_msgs:/home/imml/git/research_2025/apple-harvest-eva/install/harvest_control:/home/imml/git/research_2025/apple-harvest-eva/install/harvest LD_LIBRARY_PATH=/home/imml/git/research_2025/apple-harvest-eva/install/harvest_interfaces/lib:/home/imml/git/research_2025/apple-harvest-eva/install/ur_robot_driver/lib:/home/imml/git/research_2025/apple-harvest-eva/install/ur_controllers/lib:/home/imml/git/research_2025/apple-harvest-eva/install/ur_dashboard_msgs/lib:/home/imml/git/research_2025/apple-harvest-eva/install/realsense2_camera/lib:/home/imml/git/research_2025/apple-harvest-eva/install/realsense2_camera_msgs/lib:/usr/local/cuda-12.9/lib64:/opt/ros/humble/opt/rviz_ogre_vendor/lib:/opt/ros/humble/lib/x86_64-linux-gnu:/opt/ros/humble/lib PYTHONPATH=/home/imml/git/research_2025/apple-harvest-eva/build/harvest_vision/prefix_override:/usr/lib/python3/dist-packages/colcon_core/task/python/colcon_distutils_commands:/home/imml/git/research_2025/apple-harvest-eva/install/harvest_vision/lib/python3.10/site-packages:${PYTHONPATH} /usr/bin/python3 -W ignore:setup.py install is deprecated -W ignore:easy_install command is deprecated setup.py develop --editable --build-directory /home/imml/git/research_2025/apple-harvest-eva/build/harvest_vision/build --no-deps symlink_data --force
[3.908s] INFO:colcon.colcon_core.shell:Creating environment descriptor '/home/imml/git/research_2025/apple-harvest-eva/build/harvest_vision/share/harvest_vision/hook/pythonpath_develop.dsv'
[3.908s] INFO:colcon.colcon_core.shell:Creating environment hook '/home/imml/git/research_2025/apple-harvest-eva/build/harvest_vision/share/harvest_vision/hook/pythonpath_develop.sh'
[3.909s] Level 1:colcon.colcon_core.environment:checking '/home/imml/git/research_2025/apple-harvest-eva/install/harvest_vision' for CMake module files
[3.909s] Level 1:colcon.colcon_core.environment:checking '/home/imml/git/research_2025/apple-harvest-eva/install/harvest_vision' for CMake config files
[3.910s] Level 1:colcon.colcon_core.environment:checking '/home/imml/git/research_2025/apple-harvest-eva/install/harvest_vision/lib'
[3.910s] Level 1:colcon.colcon_core.environment:checking '/home/imml/git/research_2025/apple-harvest-eva/install/harvest_vision/bin'
[3.911s] Level 1:colcon.colcon_core.environment:checking '/home/imml/git/research_2025/apple-harvest-eva/install/harvest_vision/lib/pkgconfig/harvest_vision.pc'
[3.911s] Level 1:colcon.colcon_core.environment:checking '/home/imml/git/research_2025/apple-harvest-eva/install/harvest_vision/lib/python3.10/site-packages'
[3.911s] Level 1:colcon.colcon_core.shell:create_environment_hook('harvest_vision', 'pythonpath')
[3.911s] INFO:colcon.colcon_core.shell:Creating environment hook '/home/imml/git/research_2025/apple-harvest-eva/install/harvest_vision/share/harvest_vision/hook/pythonpath.ps1'
[3.911s] INFO:colcon.colcon_core.shell:Creating environment descriptor '/home/imml/git/research_2025/apple-harvest-eva/install/harvest_vision/share/harvest_vision/hook/pythonpath.dsv'
[3.912s] INFO:colcon.colcon_core.shell:Creating environment hook '/home/imml/git/research_2025/apple-harvest-eva/install/harvest_vision/share/harvest_vision/hook/pythonpath.sh'
[3.912s] Level 1:colcon.colcon_core.environment:checking '/home/imml/git/research_2025/apple-harvest-eva/install/harvest_vision/bin'
[3.912s] Level 1:colcon.colcon_core.environment:create_environment_scripts_only(harvest_vision)
[3.913s] INFO:colcon.colcon_core.shell:Creating package script '/home/imml/git/research_2025/apple-harvest-eva/install/harvest_vision/share/harvest_vision/package.ps1'
[3.913s] INFO:colcon.colcon_core.shell:Creating package descriptor '/home/imml/git/research_2025/apple-harvest-eva/install/harvest_vision/share/harvest_vision/package.dsv'
[3.914s] INFO:colcon.colcon_core.shell:Creating package script '/home/imml/git/research_2025/apple-harvest-eva/install/harvest_vision/share/harvest_vision/package.sh'
[3.914s] INFO:colcon.colcon_core.shell:Creating package script '/home/imml/git/research_2025/apple-harvest-eva/install/harvest_vision/share/harvest_vision/package.bash'
[3.914s] INFO:colcon.colcon_core.shell:Creating package script '/home/imml/git/research_2025/apple-harvest-eva/install/harvest_vision/share/harvest_vision/package.zsh'
[3.915s] Level 1:colcon.colcon_core.environment:create_file_with_runtime_dependencies(/home/imml/git/research_2025/apple-harvest-eva/install/harvest_vision/share/colcon-core/packages/harvest_vision)
[3.965s] Level 1:colcon.colcon_core.environment:create_environment_scripts_only(ur_moveit_config)
[3.966s] Level 1:colcon.colcon_core.environment:checking '/home/imml/git/research_2025/apple-harvest-eva/install/ur_moveit_config' for CMake module files
[3.966s] DEBUG:colcon.colcon_core.event_handler.log_command:Invoked command in '/home/imml/git/research_2025/apple-harvest-eva/build/ur_moveit_config' returned '0': CMAKE_PREFIX_PATH=/home/imml/git/research_2025/apple-harvest-eva/install/ur_description:/home/imml/git/research_2025/apple-harvest-eva/install/ur:/home/imml/git/research_2025/apple-harvest-eva/install/ur_calibration:/home/imml/git/research_2025/apple-harvest-eva/install/ur_robot_driver:/home/imml/git/research_2025/apple-harvest-eva/install/ur_moveit_config:/home/imml/git/research_2025/apple-harvest-eva/install/ur_bringup:/home/imml/git/research_2025/apple-harvest-eva/install/ur_controllers:/home/imml/git/research_2025/apple-harvest-eva/install/ur_dashboard_msgs:/home/imml/git/research_2025/apple-harvest-eva/install/realsense2_description:/home/imml/git/research_2025/apple-harvest-eva/install/realsense2_camera:/home/imml/git/research_2025/apple-harvest-eva/install/realsense2_camera_msgs:/home/imml/git/research_2025/apple-harvest-eva/install/harvest_control:/home/imml/git/research_2025/apple-harvest-eva/install/harvest:/home/imml/git/research_2025/apple-harvest-eva/install/harvest_interfaces:/home/imml/git/research_2025/apple-harvest-eva/install/ur5e_custom_hardware:/home/imml/git/research_2025/apple-harvest-eva/install/harvest_vision:/opt/ros/humble /usr/bin/cmake --install /home/imml/git/research_2025/apple-harvest-eva/build/ur_moveit_config
[3.967s] Level 1:colcon.colcon_core.environment:checking '/home/imml/git/research_2025/apple-harvest-eva/install/ur_moveit_config' for CMake config files
[3.967s] Level 1:colcon.colcon_core.shell:create_environment_hook('ur_moveit_config', 'cmake_prefix_path')
[3.967s] INFO:colcon.colcon_core.shell:Creating environment hook '/home/imml/git/research_2025/apple-harvest-eva/install/ur_moveit_config/share/ur_moveit_config/hook/cmake_prefix_path.ps1'
[3.968s] INFO:colcon.colcon_core.shell:Creating environment descriptor '/home/imml/git/research_2025/apple-harvest-eva/install/ur_moveit_config/share/ur_moveit_config/hook/cmake_prefix_path.dsv'
[3.968s] INFO:colcon.colcon_core.shell:Creating environment hook '/home/imml/git/research_2025/apple-harvest-eva/install/ur_moveit_config/share/ur_moveit_config/hook/cmake_prefix_path.sh'
[3.969s] Level 1:colcon.colcon_core.environment:checking '/home/imml/git/research_2025/apple-harvest-eva/install/ur_moveit_config/bin'
[3.969s] Level 1:colcon.colcon_core.environment:checking '/home/imml/git/research_2025/apple-harvest-eva/install/ur_moveit_config/lib/pkgconfig/ur_moveit_config.pc'
[3.969s] Level 1:colcon.colcon_core.environment:checking '/home/imml/git/research_2025/apple-harvest-eva/install/ur_moveit_config/lib/python3.10/site-packages'
[3.969s] Level 1:colcon.colcon_core.environment:checking '/home/imml/git/research_2025/apple-harvest-eva/install/ur_moveit_config/bin'
[3.970s] INFO:colcon.colcon_core.shell:Creating package script '/home/imml/git/research_2025/apple-harvest-eva/install/ur_moveit_config/share/ur_moveit_config/package.ps1'
[3.970s] INFO:colcon.colcon_core.shell:Creating package descriptor '/home/imml/git/research_2025/apple-harvest-eva/install/ur_moveit_config/share/ur_moveit_config/package.dsv'
[3.970s] INFO:colcon.colcon_core.shell:Creating package script '/home/imml/git/research_2025/apple-harvest-eva/install/ur_moveit_config/share/ur_moveit_config/package.sh'
[3.971s] INFO:colcon.colcon_core.shell:Creating package script '/home/imml/git/research_2025/apple-harvest-eva/install/ur_moveit_config/share/ur_moveit_config/package.bash'
[3.971s] INFO:colcon.colcon_core.shell:Creating package script '/home/imml/git/research_2025/apple-harvest-eva/install/ur_moveit_config/share/ur_moveit_config/package.zsh'
[3.971s] Level 1:colcon.colcon_core.environment:create_file_with_runtime_dependencies(/home/imml/git/research_2025/apple-harvest-eva/install/ur_moveit_config/share/colcon-core/packages/ur_moveit_config)
[3.972s] Level 1:colcon.colcon_core.environment:create_environment_scripts_only(ur_moveit_config)
[3.972s] Level 1:colcon.colcon_core.environment:checking '/home/imml/git/research_2025/apple-harvest-eva/install/ur_moveit_config' for CMake module files
[3.973s] Level 1:colcon.colcon_core.environment:checking '/home/imml/git/research_2025/apple-harvest-eva/install/ur_moveit_config' for CMake config files
[3.973s] Level 1:colcon.colcon_core.shell:create_environment_hook('ur_moveit_config', 'cmake_prefix_path')
[3.974s] INFO:colcon.colcon_core.shell:Creating environment hook '/home/imml/git/research_2025/apple-harvest-eva/install/ur_moveit_config/share/ur_moveit_config/hook/cmake_prefix_path.ps1'
[3.974s] INFO:colcon.colcon_core.shell:Creating environment descriptor '/home/imml/git/research_2025/apple-harvest-eva/install/ur_moveit_config/share/ur_moveit_config/hook/cmake_prefix_path.dsv'
[3.974s] INFO:colcon.colcon_core.shell:Creating environment hook '/home/imml/git/research_2025/apple-harvest-eva/install/ur_moveit_config/share/ur_moveit_config/hook/cmake_prefix_path.sh'
[3.975s] Level 1:colcon.colcon_core.environment:checking '/home/imml/git/research_2025/apple-harvest-eva/install/ur_moveit_config/bin'
[3.975s] Level 1:colcon.colcon_core.environment:checking '/home/imml/git/research_2025/apple-harvest-eva/install/ur_moveit_config/lib/pkgconfig/ur_moveit_config.pc'
[3.975s] Level 1:colcon.colcon_core.environment:checking '/home/imml/git/research_2025/apple-harvest-eva/install/ur_moveit_config/lib/python3.10/site-packages'
[3.975s] Level 1:colcon.colcon_core.environment:checking '/home/imml/git/research_2025/apple-harvest-eva/install/ur_moveit_config/bin'
[3.976s] INFO:colcon.colcon_core.shell:Creating package script '/home/imml/git/research_2025/apple-harvest-eva/install/ur_moveit_config/share/ur_moveit_config/package.ps1'
[3.976s] INFO:colcon.colcon_core.shell:Creating package descriptor '/home/imml/git/research_2025/apple-harvest-eva/install/ur_moveit_config/share/ur_moveit_config/package.dsv'
[3.977s] INFO:colcon.colcon_core.shell:Creating package script '/home/imml/git/research_2025/apple-harvest-eva/install/ur_moveit_config/share/ur_moveit_config/package.sh'
[3.977s] INFO:colcon.colcon_core.shell:Creating package script '/home/imml/git/research_2025/apple-harvest-eva/install/ur_moveit_config/share/ur_moveit_config/package.bash'
[3.977s] INFO:colcon.colcon_core.shell:Creating package script '/home/imml/git/research_2025/apple-harvest-eva/install/ur_moveit_config/share/ur_moveit_config/package.zsh'
[3.978s] Level 1:colcon.colcon_core.environment:create_file_with_runtime_dependencies(/home/imml/git/research_2025/apple-harvest-eva/install/ur_moveit_config/share/colcon-core/packages/ur_moveit_config)
[4.119s] DEBUG:colcon.colcon_core.event_handler.log_command:Invoked command in '/home/imml/git/research_2025/apple-harvest-eva/build/harvest_control' returned '0': CMAKE_PREFIX_PATH=/home/imml/git/research_2025/apple-harvest-eva/install/harvest_interfaces:/home/imml/git/research_2025/apple-harvest-eva/install/ur:/home/imml/git/research_2025/apple-harvest-eva/install/ur_calibration:/home/imml/git/research_2025/apple-harvest-eva/install/ur_robot_driver:/home/imml/git/research_2025/apple-harvest-eva/install/ur_moveit_config:/home/imml/git/research_2025/apple-harvest-eva/install/ur_bringup:/home/imml/git/research_2025/apple-harvest-eva/install/ur_description:/home/imml/git/research_2025/apple-harvest-eva/install/ur_controllers:/home/imml/git/research_2025/apple-harvest-eva/install/ur_dashboard_msgs:/home/imml/git/research_2025/apple-harvest-eva/install/realsense2_description:/home/imml/git/research_2025/apple-harvest-eva/install/realsense2_camera:/home/imml/git/research_2025/apple-harvest-eva/install/realsense2_camera_msgs:/home/imml/git/research_2025/apple-harvest-eva/install/harvest_control:/home/imml/git/research_2025/apple-harvest-eva/install/harvest:/home/imml/git/research_2025/apple-harvest-eva/install/ur5e_custom_hardware:/home/imml/git/research_2025/apple-harvest-eva/install/harvest_vision:/opt/ros/humble LD_LIBRARY_PATH=/home/imml/git/research_2025/apple-harvest-eva/install/harvest_interfaces/lib:/home/imml/git/research_2025/apple-harvest-eva/install/ur_robot_driver/lib:/home/imml/git/research_2025/apple-harvest-eva/install/ur_controllers/lib:/home/imml/git/research_2025/apple-harvest-eva/install/ur_dashboard_msgs/lib:/home/imml/git/research_2025/apple-harvest-eva/install/realsense2_camera/lib:/home/imml/git/research_2025/apple-harvest-eva/install/realsense2_camera_msgs/lib:/usr/local/cuda-12.9/lib64:/opt/ros/humble/opt/rviz_ogre_vendor/lib:/opt/ros/humble/lib/x86_64-linux-gnu:/opt/ros/humble/lib /usr/bin/cmake --build /home/imml/git/research_2025/apple-harvest-eva/build/harvest_control -- -j16 -l16
[4.121s] DEBUG:colcon.colcon_core.event_handler.log_command:Invoking command in '/home/imml/git/research_2025/apple-harvest-eva/build/harvest_control': CMAKE_PREFIX_PATH=/home/imml/git/research_2025/apple-harvest-eva/install/harvest_interfaces:/home/imml/git/research_2025/apple-harvest-eva/install/ur:/home/imml/git/research_2025/apple-harvest-eva/install/ur_calibration:/home/imml/git/research_2025/apple-harvest-eva/install/ur_robot_driver:/home/imml/git/research_2025/apple-harvest-eva/install/ur_moveit_config:/home/imml/git/research_2025/apple-harvest-eva/install/ur_bringup:/home/imml/git/research_2025/apple-harvest-eva/install/ur_description:/home/imml/git/research_2025/apple-harvest-eva/install/ur_controllers:/home/imml/git/research_2025/apple-harvest-eva/install/ur_dashboard_msgs:/home/imml/git/research_2025/apple-harvest-eva/install/realsense2_description:/home/imml/git/research_2025/apple-harvest-eva/install/realsense2_camera:/home/imml/git/research_2025/apple-harvest-eva/install/realsense2_camera_msgs:/home/imml/git/research_2025/apple-harvest-eva/install/harvest_control:/home/imml/git/research_2025/apple-harvest-eva/install/harvest:/home/imml/git/research_2025/apple-harvest-eva/install/ur5e_custom_hardware:/home/imml/git/research_2025/apple-harvest-eva/install/harvest_vision:/opt/ros/humble LD_LIBRARY_PATH=/home/imml/git/research_2025/apple-harvest-eva/install/harvest_interfaces/lib:/home/imml/git/research_2025/apple-harvest-eva/install/ur_robot_driver/lib:/home/imml/git/research_2025/apple-harvest-eva/install/ur_controllers/lib:/home/imml/git/research_2025/apple-harvest-eva/install/ur_dashboard_msgs/lib:/home/imml/git/research_2025/apple-harvest-eva/install/realsense2_camera/lib:/home/imml/git/research_2025/apple-harvest-eva/install/realsense2_camera_msgs/lib:/usr/local/cuda-12.9/lib64:/opt/ros/humble/opt/rviz_ogre_vendor/lib:/opt/ros/humble/lib/x86_64-linux-gnu:/opt/ros/humble/lib /usr/bin/cmake --install /home/imml/git/research_2025/apple-harvest-eva/build/harvest_control
[4.146s] DEBUG:colcon.colcon_core.event_handler.log_command:Invoked command in '/home/imml/git/research_2025/apple-harvest-eva/build/harvest' returned '0': CMAKE_PREFIX_PATH=/home/imml/git/research_2025/apple-harvest-eva/install/harvest_interfaces:/home/imml/git/research_2025/apple-harvest-eva/install/ur:/home/imml/git/research_2025/apple-harvest-eva/install/ur_calibration:/home/imml/git/research_2025/apple-harvest-eva/install/ur_robot_driver:/home/imml/git/research_2025/apple-harvest-eva/install/ur_moveit_config:/home/imml/git/research_2025/apple-harvest-eva/install/ur_bringup:/home/imml/git/research_2025/apple-harvest-eva/install/ur_description:/home/imml/git/research_2025/apple-harvest-eva/install/ur_controllers:/home/imml/git/research_2025/apple-harvest-eva/install/ur_dashboard_msgs:/home/imml/git/research_2025/apple-harvest-eva/install/realsense2_description:/home/imml/git/research_2025/apple-harvest-eva/install/realsense2_camera:/home/imml/git/research_2025/apple-harvest-eva/install/realsense2_camera_msgs:/home/imml/git/research_2025/apple-harvest-eva/install/harvest_control:/home/imml/git/research_2025/apple-harvest-eva/install/harvest:/home/imml/git/research_2025/apple-harvest-eva/install/ur5e_custom_hardware:/home/imml/git/research_2025/apple-harvest-eva/install/harvest_vision:/opt/ros/humble LD_LIBRARY_PATH=/home/imml/git/research_2025/apple-harvest-eva/install/harvest_interfaces/lib:/home/imml/git/research_2025/apple-harvest-eva/install/ur_robot_driver/lib:/home/imml/git/research_2025/apple-harvest-eva/install/ur_controllers/lib:/home/imml/git/research_2025/apple-harvest-eva/install/ur_dashboard_msgs/lib:/home/imml/git/research_2025/apple-harvest-eva/install/realsense2_camera/lib:/home/imml/git/research_2025/apple-harvest-eva/install/realsense2_camera_msgs/lib:/usr/local/cuda-12.9/lib64:/opt/ros/humble/opt/rviz_ogre_vendor/lib:/opt/ros/humble/lib/x86_64-linux-gnu:/opt/ros/humble/lib /usr/bin/cmake --build /home/imml/git/research_2025/apple-harvest-eva/build/harvest -- -j16 -l16
[4.148s] DEBUG:colcon.colcon_core.event_handler.log_command:Invoking command in '/home/imml/git/research_2025/apple-harvest-eva/build/harvest': CMAKE_PREFIX_PATH=/home/imml/git/research_2025/apple-harvest-eva/install/harvest_interfaces:/home/imml/git/research_2025/apple-harvest-eva/install/ur:/home/imml/git/research_2025/apple-harvest-eva/install/ur_calibration:/home/imml/git/research_2025/apple-harvest-eva/install/ur_robot_driver:/home/imml/git/research_2025/apple-harvest-eva/install/ur_moveit_config:/home/imml/git/research_2025/apple-harvest-eva/install/ur_bringup:/home/imml/git/research_2025/apple-harvest-eva/install/ur_description:/home/imml/git/research_2025/apple-harvest-eva/install/ur_controllers:/home/imml/git/research_2025/apple-harvest-eva/install/ur_dashboard_msgs:/home/imml/git/research_2025/apple-harvest-eva/install/realsense2_description:/home/imml/git/research_2025/apple-harvest-eva/install/realsense2_camera:/home/imml/git/research_2025/apple-harvest-eva/install/realsense2_camera_msgs:/home/imml/git/research_2025/apple-harvest-eva/install/harvest_control:/home/imml/git/research_2025/apple-harvest-eva/install/harvest:/home/imml/git/research_2025/apple-harvest-eva/install/ur5e_custom_hardware:/home/imml/git/research_2025/apple-harvest-eva/install/harvest_vision:/opt/ros/humble LD_LIBRARY_PATH=/home/imml/git/research_2025/apple-harvest-eva/install/harvest_interfaces/lib:/home/imml/git/research_2025/apple-harvest-eva/install/ur_robot_driver/lib:/home/imml/git/research_2025/apple-harvest-eva/install/ur_controllers/lib:/home/imml/git/research_2025/apple-harvest-eva/install/ur_dashboard_msgs/lib:/home/imml/git/research_2025/apple-harvest-eva/install/realsense2_camera/lib:/home/imml/git/research_2025/apple-harvest-eva/install/realsense2_camera_msgs/lib:/usr/local/cuda-12.9/lib64:/opt/ros/humble/opt/rviz_ogre_vendor/lib:/opt/ros/humble/lib/x86_64-linux-gnu:/opt/ros/humble/lib /usr/bin/cmake --install /home/imml/git/research_2025/apple-harvest-eva/build/harvest
[4.182s] Level 1:colcon.colcon_core.environment:create_environment_scripts_only(harvest_control)
[4.182s] Level 1:colcon.colcon_core.environment:checking '/home/imml/git/research_2025/apple-harvest-eva/install/harvest_control' for CMake module files
[4.183s] DEBUG:colcon.colcon_core.event_handler.log_command:Invoked command in '/home/imml/git/research_2025/apple-harvest-eva/build/harvest_control' returned '0': CMAKE_PREFIX_PATH=/home/imml/git/research_2025/apple-harvest-eva/install/harvest_interfaces:/home/imml/git/research_2025/apple-harvest-eva/install/ur:/home/imml/git/research_2025/apple-harvest-eva/install/ur_calibration:/home/imml/git/research_2025/apple-harvest-eva/install/ur_robot_driver:/home/imml/git/research_2025/apple-harvest-eva/install/ur_moveit_config:/home/imml/git/research_2025/apple-harvest-eva/install/ur_bringup:/home/imml/git/research_2025/apple-harvest-eva/install/ur_description:/home/imml/git/research_2025/apple-harvest-eva/install/ur_controllers:/home/imml/git/research_2025/apple-harvest-eva/install/ur_dashboard_msgs:/home/imml/git/research_2025/apple-harvest-eva/install/realsense2_description:/home/imml/git/research_2025/apple-harvest-eva/install/realsense2_camera:/home/imml/git/research_2025/apple-harvest-eva/install/realsense2_camera_msgs:/home/imml/git/research_2025/apple-harvest-eva/install/harvest_control:/home/imml/git/research_2025/apple-harvest-eva/install/harvest:/home/imml/git/research_2025/apple-harvest-eva/install/ur5e_custom_hardware:/home/imml/git/research_2025/apple-harvest-eva/install/harvest_vision:/opt/ros/humble LD_LIBRARY_PATH=/home/imml/git/research_2025/apple-harvest-eva/install/harvest_interfaces/lib:/home/imml/git/research_2025/apple-harvest-eva/install/ur_robot_driver/lib:/home/imml/git/research_2025/apple-harvest-eva/install/ur_controllers/lib:/home/imml/git/research_2025/apple-harvest-eva/install/ur_dashboard_msgs/lib:/home/imml/git/research_2025/apple-harvest-eva/install/realsense2_camera/lib:/home/imml/git/research_2025/apple-harvest-eva/install/realsense2_camera_msgs/lib:/usr/local/cuda-12.9/lib64:/opt/ros/humble/opt/rviz_ogre_vendor/lib:/opt/ros/humble/lib/x86_64-linux-gnu:/opt/ros/humble/lib /usr/bin/cmake --install /home/imml/git/research_2025/apple-harvest-eva/build/harvest_control
[4.183s] Level 1:colcon.colcon_core.environment:checking '/home/imml/git/research_2025/apple-harvest-eva/install/harvest_control' for CMake config files
[4.184s] Level 1:colcon.colcon_core.shell:create_environment_hook('harvest_control', 'cmake_prefix_path')
[4.184s] INFO:colcon.colcon_core.shell:Creating environment hook '/home/imml/git/research_2025/apple-harvest-eva/install/harvest_control/share/harvest_control/hook/cmake_prefix_path.ps1'
[4.185s] INFO:colcon.colcon_core.shell:Creating environment descriptor '/home/imml/git/research_2025/apple-harvest-eva/install/harvest_control/share/harvest_control/hook/cmake_prefix_path.dsv'
[4.185s] INFO:colcon.colcon_core.shell:Creating environment hook '/home/imml/git/research_2025/apple-harvest-eva/install/harvest_control/share/harvest_control/hook/cmake_prefix_path.sh'
[4.186s] Level 1:colcon.colcon_core.environment:checking '/home/imml/git/research_2025/apple-harvest-eva/install/harvest_control/lib'
[4.186s] Level 1:colcon.colcon_core.environment:checking '/home/imml/git/research_2025/apple-harvest-eva/install/harvest_control/bin'
[4.186s] Level 1:colcon.colcon_core.environment:checking '/home/imml/git/research_2025/apple-harvest-eva/install/harvest_control/lib/pkgconfig/harvest_control.pc'
[4.186s] Level 1:colcon.colcon_core.environment:checking '/home/imml/git/research_2025/apple-harvest-eva/install/harvest_control/lib/python3.10/site-packages'
[4.186s] Level 1:colcon.colcon_core.environment:checking '/home/imml/git/research_2025/apple-harvest-eva/install/harvest_control/bin'
[4.186s] INFO:colcon.colcon_core.shell:Creating package script '/home/imml/git/research_2025/apple-harvest-eva/install/harvest_control/share/harvest_control/package.ps1'
[4.187s] INFO:colcon.colcon_core.shell:Creating package descriptor '/home/imml/git/research_2025/apple-harvest-eva/install/harvest_control/share/harvest_control/package.dsv'
[4.187s] INFO:colcon.colcon_core.shell:Creating package script '/home/imml/git/research_2025/apple-harvest-eva/install/harvest_control/share/harvest_control/package.sh'
[4.188s] INFO:colcon.colcon_core.shell:Creating package script '/home/imml/git/research_2025/apple-harvest-eva/install/harvest_control/share/harvest_control/package.bash'
[4.188s] INFO:colcon.colcon_core.shell:Creating package script '/home/imml/git/research_2025/apple-harvest-eva/install/harvest_control/share/harvest_control/package.zsh'
[4.188s] Level 1:colcon.colcon_core.environment:create_file_with_runtime_dependencies(/home/imml/git/research_2025/apple-harvest-eva/install/harvest_control/share/colcon-core/packages/harvest_control)
[4.189s] Level 1:colcon.colcon_core.environment:create_environment_scripts_only(harvest_control)
[4.189s] Level 1:colcon.colcon_core.environment:checking '/home/imml/git/research_2025/apple-harvest-eva/install/harvest_control' for CMake module files
[4.190s] Level 1:colcon.colcon_core.environment:checking '/home/imml/git/research_2025/apple-harvest-eva/install/harvest_control' for CMake config files
[4.191s] Level 1:colcon.colcon_core.shell:create_environment_hook('harvest_control', 'cmake_prefix_path')
[4.191s] INFO:colcon.colcon_core.shell:Creating environment hook '/home/imml/git/research_2025/apple-harvest-eva/install/harvest_control/share/harvest_control/hook/cmake_prefix_path.ps1'
[4.191s] INFO:colcon.colcon_core.shell:Creating environment descriptor '/home/imml/git/research_2025/apple-harvest-eva/install/harvest_control/share/harvest_control/hook/cmake_prefix_path.dsv'
[4.192s] INFO:colcon.colcon_core.shell:Creating environment hook '/home/imml/git/research_2025/apple-harvest-eva/install/harvest_control/share/harvest_control/hook/cmake_prefix_path.sh'
[4.192s] Level 1:colcon.colcon_core.environment:checking '/home/imml/git/research_2025/apple-harvest-eva/install/harvest_control/lib'
[4.192s] Level 1:colcon.colcon_core.environment:checking '/home/imml/git/research_2025/apple-harvest-eva/install/harvest_control/bin'
[4.192s] Level 1:colcon.colcon_core.environment:checking '/home/imml/git/research_2025/apple-harvest-eva/install/harvest_control/lib/pkgconfig/harvest_control.pc'
[4.193s] Level 1:colcon.colcon_core.environment:checking '/home/imml/git/research_2025/apple-harvest-eva/install/harvest_control/lib/python3.10/site-packages'
[4.193s] Level 1:colcon.colcon_core.environment:checking '/home/imml/git/research_2025/apple-harvest-eva/install/harvest_control/bin'
[4.193s] INFO:colcon.colcon_core.shell:Creating package script '/home/imml/git/research_2025/apple-harvest-eva/install/harvest_control/share/harvest_control/package.ps1'
[4.194s] INFO:colcon.colcon_core.shell:Creating package descriptor '/home/imml/git/research_2025/apple-harvest-eva/install/harvest_control/share/harvest_control/package.dsv'
[4.194s] INFO:colcon.colcon_core.shell:Creating package script '/home/imml/git/research_2025/apple-harvest-eva/install/harvest_control/share/harvest_control/package.sh'
[4.195s] INFO:colcon.colcon_core.shell:Creating package script '/home/imml/git/research_2025/apple-harvest-eva/install/harvest_control/share/harvest_control/package.bash'
[4.195s] INFO:colcon.colcon_core.shell:Creating package script '/home/imml/git/research_2025/apple-harvest-eva/install/harvest_control/share/harvest_control/package.zsh'
[4.195s] Level 1:colcon.colcon_core.environment:create_file_with_runtime_dependencies(/home/imml/git/research_2025/apple-harvest-eva/install/harvest_control/share/colcon-core/packages/harvest_control)
[4.209s] Level 1:colcon.colcon_core.environment:create_environment_scripts_only(harvest)
[4.209s] Level 1:colcon.colcon_core.environment:checking '/home/imml/git/research_2025/apple-harvest-eva/install/harvest' for CMake module files
[4.209s] DEBUG:colcon.colcon_core.event_handler.log_command:Invoked command in '/home/imml/git/research_2025/apple-harvest-eva/build/harvest' returned '0': CMAKE_PREFIX_PATH=/home/imml/git/research_2025/apple-harvest-eva/install/harvest_interfaces:/home/imml/git/research_2025/apple-harvest-eva/install/ur:/home/imml/git/research_2025/apple-harvest-eva/install/ur_calibration:/home/imml/git/research_2025/apple-harvest-eva/install/ur_robot_driver:/home/imml/git/research_2025/apple-harvest-eva/install/ur_moveit_config:/home/imml/git/research_2025/apple-harvest-eva/install/ur_bringup:/home/imml/git/research_2025/apple-harvest-eva/install/ur_description:/home/imml/git/research_2025/apple-harvest-eva/install/ur_controllers:/home/imml/git/research_2025/apple-harvest-eva/install/ur_dashboard_msgs:/home/imml/git/research_2025/apple-harvest-eva/install/realsense2_description:/home/imml/git/research_2025/apple-harvest-eva/install/realsense2_camera:/home/imml/git/research_2025/apple-harvest-eva/install/realsense2_camera_msgs:/home/imml/git/research_2025/apple-harvest-eva/install/harvest_control:/home/imml/git/research_2025/apple-harvest-eva/install/harvest:/home/imml/git/research_2025/apple-harvest-eva/install/ur5e_custom_hardware:/home/imml/git/research_2025/apple-harvest-eva/install/harvest_vision:/opt/ros/humble LD_LIBRARY_PATH=/home/imml/git/research_2025/apple-harvest-eva/install/harvest_interfaces/lib:/home/imml/git/research_2025/apple-harvest-eva/install/ur_robot_driver/lib:/home/imml/git/research_2025/apple-harvest-eva/install/ur_controllers/lib:/home/imml/git/research_2025/apple-harvest-eva/install/ur_dashboard_msgs/lib:/home/imml/git/research_2025/apple-harvest-eva/install/realsense2_camera/lib:/home/imml/git/research_2025/apple-harvest-eva/install/realsense2_camera_msgs/lib:/usr/local/cuda-12.9/lib64:/opt/ros/humble/opt/rviz_ogre_vendor/lib:/opt/ros/humble/lib/x86_64-linux-gnu:/opt/ros/humble/lib /usr/bin/cmake --install /home/imml/git/research_2025/apple-harvest-eva/build/harvest
[4.210s] Level 1:colcon.colcon_core.environment:checking '/home/imml/git/research_2025/apple-harvest-eva/install/harvest' for CMake config files
[4.210s] Level 1:colcon.colcon_core.shell:create_environment_hook('harvest', 'cmake_prefix_path')
[4.211s] INFO:colcon.colcon_core.shell:Creating environment hook '/home/imml/git/research_2025/apple-harvest-eva/install/harvest/share/harvest/hook/cmake_prefix_path.ps1'
[4.211s] INFO:colcon.colcon_core.shell:Creating environment descriptor '/home/imml/git/research_2025/apple-harvest-eva/install/harvest/share/harvest/hook/cmake_prefix_path.dsv'
[4.211s] INFO:colcon.colcon_core.shell:Creating environment hook '/home/imml/git/research_2025/apple-harvest-eva/install/harvest/share/harvest/hook/cmake_prefix_path.sh'
[4.212s] Level 1:colcon.colcon_core.environment:checking '/home/imml/git/research_2025/apple-harvest-eva/install/harvest/lib'
[4.212s] Level 1:colcon.colcon_core.environment:checking '/home/imml/git/research_2025/apple-harvest-eva/install/harvest/bin'
[4.212s] Level 1:colcon.colcon_core.environment:checking '/home/imml/git/research_2025/apple-harvest-eva/install/harvest/lib/pkgconfig/harvest.pc'
[4.212s] Level 1:colcon.colcon_core.environment:checking '/home/imml/git/research_2025/apple-harvest-eva/install/harvest/lib/python3.10/site-packages'
[4.212s] Level 1:colcon.colcon_core.environment:checking '/home/imml/git/research_2025/apple-harvest-eva/install/harvest/bin'
[4.213s] INFO:colcon.colcon_core.shell:Creating package script '/home/imml/git/research_2025/apple-harvest-eva/install/harvest/share/harvest/package.ps1'
[4.213s] INFO:colcon.colcon_core.shell:Creating package descriptor '/home/imml/git/research_2025/apple-harvest-eva/install/harvest/share/harvest/package.dsv'
[4.213s] INFO:colcon.colcon_core.shell:Creating package script '/home/imml/git/research_2025/apple-harvest-eva/install/harvest/share/harvest/package.sh'
[4.214s] INFO:colcon.colcon_core.shell:Creating package script '/home/imml/git/research_2025/apple-harvest-eva/install/harvest/share/harvest/package.bash'
[4.214s] INFO:colcon.colcon_core.shell:Creating package script '/home/imml/git/research_2025/apple-harvest-eva/install/harvest/share/harvest/package.zsh'
[4.214s] Level 1:colcon.colcon_core.environment:create_file_with_runtime_dependencies(/home/imml/git/research_2025/apple-harvest-eva/install/harvest/share/colcon-core/packages/harvest)
[4.215s] Level 1:colcon.colcon_core.environment:create_environment_scripts_only(harvest)
[4.215s] Level 1:colcon.colcon_core.environment:checking '/home/imml/git/research_2025/apple-harvest-eva/install/harvest' for CMake module files
[4.215s] Level 1:colcon.colcon_core.environment:checking '/home/imml/git/research_2025/apple-harvest-eva/install/harvest' for CMake config files
[4.216s] Level 1:colcon.colcon_core.shell:create_environment_hook('harvest', 'cmake_prefix_path')
[4.216s] INFO:colcon.colcon_core.shell:Creating environment hook '/home/imml/git/research_2025/apple-harvest-eva/install/harvest/share/harvest/hook/cmake_prefix_path.ps1'
[4.216s] INFO:colcon.colcon_core.shell:Creating environment descriptor '/home/imml/git/research_2025/apple-harvest-eva/install/harvest/share/harvest/hook/cmake_prefix_path.dsv'
[4.216s] INFO:colcon.colcon_core.shell:Creating environment hook '/home/imml/git/research_2025/apple-harvest-eva/install/harvest/share/harvest/hook/cmake_prefix_path.sh'
[4.217s] Level 1:colcon.colcon_core.environment:checking '/home/imml/git/research_2025/apple-harvest-eva/install/harvest/lib'
[4.217s] Level 1:colcon.colcon_core.environment:checking '/home/imml/git/research_2025/apple-harvest-eva/install/harvest/bin'
[4.217s] Level 1:colcon.colcon_core.environment:checking '/home/imml/git/research_2025/apple-harvest-eva/install/harvest/lib/pkgconfig/harvest.pc'
[4.217s] Level 1:colcon.colcon_core.environment:checking '/home/imml/git/research_2025/apple-harvest-eva/install/harvest/lib/python3.10/site-packages'
[4.217s] Level 1:colcon.colcon_core.environment:checking '/home/imml/git/research_2025/apple-harvest-eva/install/harvest/bin'
[4.218s] INFO:colcon.colcon_core.shell:Creating package script '/home/imml/git/research_2025/apple-harvest-eva/install/harvest/share/harvest/package.ps1'
[4.218s] INFO:colcon.colcon_core.shell:Creating package descriptor '/home/imml/git/research_2025/apple-harvest-eva/install/harvest/share/harvest/package.dsv'
[4.218s] INFO:colcon.colcon_core.shell:Creating package script '/home/imml/git/research_2025/apple-harvest-eva/install/harvest/share/harvest/package.sh'
[4.219s] INFO:colcon.colcon_core.shell:Creating package script '/home/imml/git/research_2025/apple-harvest-eva/install/harvest/share/harvest/package.bash'
[4.219s] INFO:colcon.colcon_core.shell:Creating package script '/home/imml/git/research_2025/apple-harvest-eva/install/harvest/share/harvest/package.zsh'
[4.219s] Level 1:colcon.colcon_core.environment:create_file_with_runtime_dependencies(/home/imml/git/research_2025/apple-harvest-eva/install/harvest/share/colcon-core/packages/harvest)
[4.221s] DEBUG:colcon.colcon_core.event_handler.log_command:Invoked command in '/home/imml/git/research_2025/apple-harvest-eva/build/ur_robot_driver' returned '0': CMAKE_PREFIX_PATH=/home/imml/git/research_2025/apple-harvest-eva/install/ur_controllers:/home/imml/git/research_2025/apple-harvest-eva/install/ur_description:/home/imml/git/research_2025/apple-harvest-eva/install/ur_dashboard_msgs:/home/imml/git/research_2025/apple-harvest-eva/install/ur:/home/imml/git/research_2025/apple-harvest-eva/install/ur_calibration:/home/imml/git/research_2025/apple-harvest-eva/install/ur_robot_driver:/home/imml/git/research_2025/apple-harvest-eva/install/ur_moveit_config:/home/imml/git/research_2025/apple-harvest-eva/install/ur_bringup:/home/imml/git/research_2025/apple-harvest-eva/install/realsense2_description:/home/imml/git/research_2025/apple-harvest-eva/install/realsense2_camera:/home/imml/git/research_2025/apple-harvest-eva/install/realsense2_camera_msgs:/home/imml/git/research_2025/apple-harvest-eva/install/harvest_control:/home/imml/git/research_2025/apple-harvest-eva/install/harvest:/home/imml/git/research_2025/apple-harvest-eva/install/harvest_interfaces:/home/imml/git/research_2025/apple-harvest-eva/install/ur5e_custom_hardware:/home/imml/git/research_2025/apple-harvest-eva/install/harvest_vision:/opt/ros/humble LD_LIBRARY_PATH=/home/imml/git/research_2025/apple-harvest-eva/install/ur_controllers/lib:/home/imml/git/research_2025/apple-harvest-eva/install/ur_dashboard_msgs/lib:/home/imml/git/research_2025/apple-harvest-eva/install/ur_robot_driver/lib:/home/imml/git/research_2025/apple-harvest-eva/install/realsense2_camera/lib:/home/imml/git/research_2025/apple-harvest-eva/install/realsense2_camera_msgs/lib:/home/imml/git/research_2025/apple-harvest-eva/install/harvest_interfaces/lib:/usr/local/cuda-12.9/lib64:/opt/ros/humble/opt/rviz_ogre_vendor/lib:/opt/ros/humble/lib/x86_64-linux-gnu:/opt/ros/humble/lib /usr/bin/cmake /home/imml/git/research_2025/apple-harvest-eva/harvest_hardware/Universal_Robots_ROS2_Driver/ur_robot_driver -DAMENT_CMAKE_SYMLINK_INSTALL=1 -DCMAKE_INSTALL_PREFIX=/home/imml/git/research_2025/apple-harvest-eva/install/ur_robot_driver
[4.222s] DEBUG:colcon.colcon_core.event_handler.log_command:Invoking command in '/home/imml/git/research_2025/apple-harvest-eva/build/ur_robot_driver': CMAKE_PREFIX_PATH=/home/imml/git/research_2025/apple-harvest-eva/install/ur_controllers:/home/imml/git/research_2025/apple-harvest-eva/install/ur_description:/home/imml/git/research_2025/apple-harvest-eva/install/ur_dashboard_msgs:/home/imml/git/research_2025/apple-harvest-eva/install/ur:/home/imml/git/research_2025/apple-harvest-eva/install/ur_calibration:/home/imml/git/research_2025/apple-harvest-eva/install/ur_robot_driver:/home/imml/git/research_2025/apple-harvest-eva/install/ur_moveit_config:/home/imml/git/research_2025/apple-harvest-eva/install/ur_bringup:/home/imml/git/research_2025/apple-harvest-eva/install/realsense2_description:/home/imml/git/research_2025/apple-harvest-eva/install/realsense2_camera:/home/imml/git/research_2025/apple-harvest-eva/install/realsense2_camera_msgs:/home/imml/git/research_2025/apple-harvest-eva/install/harvest_control:/home/imml/git/research_2025/apple-harvest-eva/install/harvest:/home/imml/git/research_2025/apple-harvest-eva/install/harvest_interfaces:/home/imml/git/research_2025/apple-harvest-eva/install/ur5e_custom_hardware:/home/imml/git/research_2025/apple-harvest-eva/install/harvest_vision:/opt/ros/humble LD_LIBRARY_PATH=/home/imml/git/research_2025/apple-harvest-eva/install/ur_controllers/lib:/home/imml/git/research_2025/apple-harvest-eva/install/ur_dashboard_msgs/lib:/home/imml/git/research_2025/apple-harvest-eva/install/ur_robot_driver/lib:/home/imml/git/research_2025/apple-harvest-eva/install/realsense2_camera/lib:/home/imml/git/research_2025/apple-harvest-eva/install/realsense2_camera_msgs/lib:/home/imml/git/research_2025/apple-harvest-eva/install/harvest_interfaces/lib:/usr/local/cuda-12.9/lib64:/opt/ros/humble/opt/rviz_ogre_vendor/lib:/opt/ros/humble/lib/x86_64-linux-gnu:/opt/ros/humble/lib /usr/bin/cmake --build /home/imml/git/research_2025/apple-harvest-eva/build/ur_robot_driver -- -j16 -l16
[4.564s] DEBUG:colcon.colcon_core.event_handler.log_command:Invoked command in '/home/imml/git/research_2025/apple-harvest-eva/build/ur_robot_driver' returned '0': CMAKE_PREFIX_PATH=/home/imml/git/research_2025/apple-harvest-eva/install/ur_controllers:/home/imml/git/research_2025/apple-harvest-eva/install/ur_description:/home/imml/git/research_2025/apple-harvest-eva/install/ur_dashboard_msgs:/home/imml/git/research_2025/apple-harvest-eva/install/ur:/home/imml/git/research_2025/apple-harvest-eva/install/ur_calibration:/home/imml/git/research_2025/apple-harvest-eva/install/ur_robot_driver:/home/imml/git/research_2025/apple-harvest-eva/install/ur_moveit_config:/home/imml/git/research_2025/apple-harvest-eva/install/ur_bringup:/home/imml/git/research_2025/apple-harvest-eva/install/realsense2_description:/home/imml/git/research_2025/apple-harvest-eva/install/realsense2_camera:/home/imml/git/research_2025/apple-harvest-eva/install/realsense2_camera_msgs:/home/imml/git/research_2025/apple-harvest-eva/install/harvest_control:/home/imml/git/research_2025/apple-harvest-eva/install/harvest:/home/imml/git/research_2025/apple-harvest-eva/install/harvest_interfaces:/home/imml/git/research_2025/apple-harvest-eva/install/ur5e_custom_hardware:/home/imml/git/research_2025/apple-harvest-eva/install/harvest_vision:/opt/ros/humble LD_LIBRARY_PATH=/home/imml/git/research_2025/apple-harvest-eva/install/ur_controllers/lib:/home/imml/git/research_2025/apple-harvest-eva/install/ur_dashboard_msgs/lib:/home/imml/git/research_2025/apple-harvest-eva/install/ur_robot_driver/lib:/home/imml/git/research_2025/apple-harvest-eva/install/realsense2_camera/lib:/home/imml/git/research_2025/apple-harvest-eva/install/realsense2_camera_msgs/lib:/home/imml/git/research_2025/apple-harvest-eva/install/harvest_interfaces/lib:/usr/local/cuda-12.9/lib64:/opt/ros/humble/opt/rviz_ogre_vendor/lib:/opt/ros/humble/lib/x86_64-linux-gnu:/opt/ros/humble/lib /usr/bin/cmake --build /home/imml/git/research_2025/apple-harvest-eva/build/ur_robot_driver -- -j16 -l16
[4.566s] DEBUG:colcon.colcon_core.event_handler.log_command:Invoking command in '/home/imml/git/research_2025/apple-harvest-eva/build/ur_robot_driver': CMAKE_PREFIX_PATH=/home/imml/git/research_2025/apple-harvest-eva/install/ur_controllers:/home/imml/git/research_2025/apple-harvest-eva/install/ur_description:/home/imml/git/research_2025/apple-harvest-eva/install/ur_dashboard_msgs:/home/imml/git/research_2025/apple-harvest-eva/install/ur:/home/imml/git/research_2025/apple-harvest-eva/install/ur_calibration:/home/imml/git/research_2025/apple-harvest-eva/install/ur_robot_driver:/home/imml/git/research_2025/apple-harvest-eva/install/ur_moveit_config:/home/imml/git/research_2025/apple-harvest-eva/install/ur_bringup:/home/imml/git/research_2025/apple-harvest-eva/install/realsense2_description:/home/imml/git/research_2025/apple-harvest-eva/install/realsense2_camera:/home/imml/git/research_2025/apple-harvest-eva/install/realsense2_camera_msgs:/home/imml/git/research_2025/apple-harvest-eva/install/harvest_control:/home/imml/git/research_2025/apple-harvest-eva/install/harvest:/home/imml/git/research_2025/apple-harvest-eva/install/harvest_interfaces:/home/imml/git/research_2025/apple-harvest-eva/install/ur5e_custom_hardware:/home/imml/git/research_2025/apple-harvest-eva/install/harvest_vision:/opt/ros/humble LD_LIBRARY_PATH=/home/imml/git/research_2025/apple-harvest-eva/install/ur_controllers/lib:/home/imml/git/research_2025/apple-harvest-eva/install/ur_dashboard_msgs/lib:/home/imml/git/research_2025/apple-harvest-eva/install/ur_robot_driver/lib:/home/imml/git/research_2025/apple-harvest-eva/install/realsense2_camera/lib:/home/imml/git/research_2025/apple-harvest-eva/install/realsense2_camera_msgs/lib:/home/imml/git/research_2025/apple-harvest-eva/install/harvest_interfaces/lib:/usr/local/cuda-12.9/lib64:/opt/ros/humble/opt/rviz_ogre_vendor/lib:/opt/ros/humble/lib/x86_64-linux-gnu:/opt/ros/humble/lib /usr/bin/cmake --install /home/imml/git/research_2025/apple-harvest-eva/build/ur_robot_driver
[4.625s] Level 1:colcon.colcon_core.environment:create_environment_scripts_only(ur_robot_driver)
[4.626s] DEBUG:colcon.colcon_core.event_handler.log_command:Invoked command in '/home/imml/git/research_2025/apple-harvest-eva/build/ur_robot_driver' returned '0': CMAKE_PREFIX_PATH=/home/imml/git/research_2025/apple-harvest-eva/install/ur_controllers:/home/imml/git/research_2025/apple-harvest-eva/install/ur_description:/home/imml/git/research_2025/apple-harvest-eva/install/ur_dashboard_msgs:/home/imml/git/research_2025/apple-harvest-eva/install/ur:/home/imml/git/research_2025/apple-harvest-eva/install/ur_calibration:/home/imml/git/research_2025/apple-harvest-eva/install/ur_robot_driver:/home/imml/git/research_2025/apple-harvest-eva/install/ur_moveit_config:/home/imml/git/research_2025/apple-harvest-eva/install/ur_bringup:/home/imml/git/research_2025/apple-harvest-eva/install/realsense2_description:/home/imml/git/research_2025/apple-harvest-eva/install/realsense2_camera:/home/imml/git/research_2025/apple-harvest-eva/install/realsense2_camera_msgs:/home/imml/git/research_2025/apple-harvest-eva/install/harvest_control:/home/imml/git/research_2025/apple-harvest-eva/install/harvest:/home/imml/git/research_2025/apple-harvest-eva/install/harvest_interfaces:/home/imml/git/research_2025/apple-harvest-eva/install/ur5e_custom_hardware:/home/imml/git/research_2025/apple-harvest-eva/install/harvest_vision:/opt/ros/humble LD_LIBRARY_PATH=/home/imml/git/research_2025/apple-harvest-eva/install/ur_controllers/lib:/home/imml/git/research_2025/apple-harvest-eva/install/ur_dashboard_msgs/lib:/home/imml/git/research_2025/apple-harvest-eva/install/ur_robot_driver/lib:/home/imml/git/research_2025/apple-harvest-eva/install/realsense2_camera/lib:/home/imml/git/research_2025/apple-harvest-eva/install/realsense2_camera_msgs/lib:/home/imml/git/research_2025/apple-harvest-eva/install/harvest_interfaces/lib:/usr/local/cuda-12.9/lib64:/opt/ros/humble/opt/rviz_ogre_vendor/lib:/opt/ros/humble/lib/x86_64-linux-gnu:/opt/ros/humble/lib /usr/bin/cmake --install /home/imml/git/research_2025/apple-harvest-eva/build/ur_robot_driver
[4.626s] Level 1:colcon.colcon_core.environment:checking '/home/imml/git/research_2025/apple-harvest-eva/install/ur_robot_driver' for CMake module files
[4.627s] Level 1:colcon.colcon_core.environment:checking '/home/imml/git/research_2025/apple-harvest-eva/install/ur_robot_driver' for CMake config files
[4.627s] Level 1:colcon.colcon_core.shell:create_environment_hook('ur_robot_driver', 'cmake_prefix_path')
[4.628s] INFO:colcon.colcon_core.shell:Creating environment hook '/home/imml/git/research_2025/apple-harvest-eva/install/ur_robot_driver/share/ur_robot_driver/hook/cmake_prefix_path.ps1'
[4.628s] INFO:colcon.colcon_core.shell:Creating environment descriptor '/home/imml/git/research_2025/apple-harvest-eva/install/ur_robot_driver/share/ur_robot_driver/hook/cmake_prefix_path.dsv'
[4.628s] INFO:colcon.colcon_core.shell:Creating environment hook '/home/imml/git/research_2025/apple-harvest-eva/install/ur_robot_driver/share/ur_robot_driver/hook/cmake_prefix_path.sh'
[4.629s] Level 1:colcon.colcon_core.environment:checking '/home/imml/git/research_2025/apple-harvest-eva/install/ur_robot_driver/lib'
[4.629s] Level 1:colcon.colcon_core.shell:create_environment_hook('ur_robot_driver', 'ld_library_path_lib')
[4.629s] INFO:colcon.colcon_core.shell:Creating environment hook '/home/imml/git/research_2025/apple-harvest-eva/install/ur_robot_driver/share/ur_robot_driver/hook/ld_library_path_lib.ps1'
[4.629s] INFO:colcon.colcon_core.shell:Creating environment descriptor '/home/imml/git/research_2025/apple-harvest-eva/install/ur_robot_driver/share/ur_robot_driver/hook/ld_library_path_lib.dsv'
[4.629s] INFO:colcon.colcon_core.shell:Creating environment hook '/home/imml/git/research_2025/apple-harvest-eva/install/ur_robot_driver/share/ur_robot_driver/hook/ld_library_path_lib.sh'
[4.630s] Level 1:colcon.colcon_core.environment:checking '/home/imml/git/research_2025/apple-harvest-eva/install/ur_robot_driver/bin'
[4.630s] Level 1:colcon.colcon_core.shell:create_environment_hook('ur_robot_driver', 'path')
[4.630s] INFO:colcon.colcon_core.shell:Creating environment hook '/home/imml/git/research_2025/apple-harvest-eva/install/ur_robot_driver/share/ur_robot_driver/hook/path.ps1'
[4.630s] INFO:colcon.colcon_core.shell:Creating environment descriptor '/home/imml/git/research_2025/apple-harvest-eva/install/ur_robot_driver/share/ur_robot_driver/hook/path.dsv'
[4.631s] INFO:colcon.colcon_core.shell:Creating environment hook '/home/imml/git/research_2025/apple-harvest-eva/install/ur_robot_driver/share/ur_robot_driver/hook/path.sh'
[4.631s] Level 1:colcon.colcon_core.environment:checking '/home/imml/git/research_2025/apple-harvest-eva/install/ur_robot_driver/lib/pkgconfig/ur_robot_driver.pc'
[4.631s] Level 1:colcon.colcon_core.environment:checking '/home/imml/git/research_2025/apple-harvest-eva/install/ur_robot_driver/lib/python3.10/site-packages'
[4.631s] Level 1:colcon.colcon_core.environment:checking '/home/imml/git/research_2025/apple-harvest-eva/install/ur_robot_driver/bin'
[4.632s] Level 1:colcon.colcon_core.shell:create_environment_hook('ur_robot_driver', 'pythonscriptspath')
[4.632s] INFO:colcon.colcon_core.shell:Creating environment hook '/home/imml/git/research_2025/apple-harvest-eva/install/ur_robot_driver/share/ur_robot_driver/hook/pythonscriptspath.ps1'
[4.632s] INFO:colcon.colcon_core.shell:Creating environment descriptor '/home/imml/git/research_2025/apple-harvest-eva/install/ur_robot_driver/share/ur_robot_driver/hook/pythonscriptspath.dsv'
[4.632s] INFO:colcon.colcon_core.shell:Creating environment hook '/home/imml/git/research_2025/apple-harvest-eva/install/ur_robot_driver/share/ur_robot_driver/hook/pythonscriptspath.sh'
[4.633s] INFO:colcon.colcon_core.shell:Creating package script '/home/imml/git/research_2025/apple-harvest-eva/install/ur_robot_driver/share/ur_robot_driver/package.ps1'
[4.633s] INFO:colcon.colcon_core.shell:Creating package descriptor '/home/imml/git/research_2025/apple-harvest-eva/install/ur_robot_driver/share/ur_robot_driver/package.dsv'
[4.634s] INFO:colcon.colcon_core.shell:Creating package script '/home/imml/git/research_2025/apple-harvest-eva/install/ur_robot_driver/share/ur_robot_driver/package.sh'
[4.634s] INFO:colcon.colcon_core.shell:Creating package script '/home/imml/git/research_2025/apple-harvest-eva/install/ur_robot_driver/share/ur_robot_driver/package.bash'
[4.634s] INFO:colcon.colcon_core.shell:Creating package script '/home/imml/git/research_2025/apple-harvest-eva/install/ur_robot_driver/share/ur_robot_driver/package.zsh'
[4.635s] Level 1:colcon.colcon_core.environment:create_file_with_runtime_dependencies(/home/imml/git/research_2025/apple-harvest-eva/install/ur_robot_driver/share/colcon-core/packages/ur_robot_driver)
[4.635s] Level 1:colcon.colcon_core.environment:create_environment_scripts_only(ur_robot_driver)
[4.635s] Level 1:colcon.colcon_core.environment:checking '/home/imml/git/research_2025/apple-harvest-eva/install/ur_robot_driver' for CMake module files
[4.636s] Level 1:colcon.colcon_core.environment:checking '/home/imml/git/research_2025/apple-harvest-eva/install/ur_robot_driver' for CMake config files
[4.637s] Level 1:colcon.colcon_core.shell:create_environment_hook('ur_robot_driver', 'cmake_prefix_path')
[4.637s] INFO:colcon.colcon_core.shell:Creating environment hook '/home/imml/git/research_2025/apple-harvest-eva/install/ur_robot_driver/share/ur_robot_driver/hook/cmake_prefix_path.ps1'
[4.638s] INFO:colcon.colcon_core.shell:Creating environment descriptor '/home/imml/git/research_2025/apple-harvest-eva/install/ur_robot_driver/share/ur_robot_driver/hook/cmake_prefix_path.dsv'
[4.638s] INFO:colcon.colcon_core.shell:Creating environment hook '/home/imml/git/research_2025/apple-harvest-eva/install/ur_robot_driver/share/ur_robot_driver/hook/cmake_prefix_path.sh'
[4.638s] Level 1:colcon.colcon_core.environment:checking '/home/imml/git/research_2025/apple-harvest-eva/install/ur_robot_driver/lib'
[4.638s] Level 1:colcon.colcon_core.shell:create_environment_hook('ur_robot_driver', 'ld_library_path_lib')
[4.638s] INFO:colcon.colcon_core.shell:Creating environment hook '/home/imml/git/research_2025/apple-harvest-eva/install/ur_robot_driver/share/ur_robot_driver/hook/ld_library_path_lib.ps1'
[4.639s] INFO:colcon.colcon_core.shell:Creating environment descriptor '/home/imml/git/research_2025/apple-harvest-eva/install/ur_robot_driver/share/ur_robot_driver/hook/ld_library_path_lib.dsv'
[4.639s] INFO:colcon.colcon_core.shell:Creating environment hook '/home/imml/git/research_2025/apple-harvest-eva/install/ur_robot_driver/share/ur_robot_driver/hook/ld_library_path_lib.sh'
[4.639s] Level 1:colcon.colcon_core.environment:checking '/home/imml/git/research_2025/apple-harvest-eva/install/ur_robot_driver/bin'
[4.639s] Level 1:colcon.colcon_core.shell:create_environment_hook('ur_robot_driver', 'path')
[4.640s] INFO:colcon.colcon_core.shell:Creating environment hook '/home/imml/git/research_2025/apple-harvest-eva/install/ur_robot_driver/share/ur_robot_driver/hook/path.ps1'
[4.640s] INFO:colcon.colcon_core.shell:Creating environment descriptor '/home/imml/git/research_2025/apple-harvest-eva/install/ur_robot_driver/share/ur_robot_driver/hook/path.dsv'
[4.640s] INFO:colcon.colcon_core.shell:Creating environment hook '/home/imml/git/research_2025/apple-harvest-eva/install/ur_robot_driver/share/ur_robot_driver/hook/path.sh'
[4.640s] Level 1:colcon.colcon_core.environment:checking '/home/imml/git/research_2025/apple-harvest-eva/install/ur_robot_driver/lib/pkgconfig/ur_robot_driver.pc'
[4.641s] Level 1:colcon.colcon_core.environment:checking '/home/imml/git/research_2025/apple-harvest-eva/install/ur_robot_driver/lib/python3.10/site-packages'
[4.641s] Level 1:colcon.colcon_core.environment:checking '/home/imml/git/research_2025/apple-harvest-eva/install/ur_robot_driver/bin'
[4.641s] Level 1:colcon.colcon_core.shell:create_environment_hook('ur_robot_driver', 'pythonscriptspath')
[4.641s] INFO:colcon.colcon_core.shell:Creating environment hook '/home/imml/git/research_2025/apple-harvest-eva/install/ur_robot_driver/share/ur_robot_driver/hook/pythonscriptspath.ps1'
[4.641s] INFO:colcon.colcon_core.shell:Creating environment descriptor '/home/imml/git/research_2025/apple-harvest-eva/install/ur_robot_driver/share/ur_robot_driver/hook/pythonscriptspath.dsv'
[4.642s] INFO:colcon.colcon_core.shell:Creating environment hook '/home/imml/git/research_2025/apple-harvest-eva/install/ur_robot_driver/share/ur_robot_driver/hook/pythonscriptspath.sh'
[4.642s] INFO:colcon.colcon_core.shell:Creating package script '/home/imml/git/research_2025/apple-harvest-eva/install/ur_robot_driver/share/ur_robot_driver/package.ps1'
[4.643s] INFO:colcon.colcon_core.shell:Creating package descriptor '/home/imml/git/research_2025/apple-harvest-eva/install/ur_robot_driver/share/ur_robot_driver/package.dsv'
[4.643s] INFO:colcon.colcon_core.shell:Creating package script '/home/imml/git/research_2025/apple-harvest-eva/install/ur_robot_driver/share/ur_robot_driver/package.sh'
[4.643s] INFO:colcon.colcon_core.shell:Creating package script '/home/imml/git/research_2025/apple-harvest-eva/install/ur_robot_driver/share/ur_robot_driver/package.bash'
[4.644s] INFO:colcon.colcon_core.shell:Creating package script '/home/imml/git/research_2025/apple-harvest-eva/install/ur_robot_driver/share/ur_robot_driver/package.zsh'
[4.644s] Level 1:colcon.colcon_core.environment:create_file_with_runtime_dependencies(/home/imml/git/research_2025/apple-harvest-eva/install/ur_robot_driver/share/colcon-core/packages/ur_robot_driver)
[4.644s] INFO:colcon.colcon_ros.task.ament_cmake.build:Building ROS package in '/home/imml/git/research_2025/apple-harvest-eva/harvest_hardware/Universal_Robots_ROS2_Driver/ur_calibration' with build type 'ament_cmake'
[4.644s] INFO:colcon.colcon_cmake.task.cmake.build:Building CMake package in '/home/imml/git/research_2025/apple-harvest-eva/harvest_hardware/Universal_Robots_ROS2_Driver/ur_calibration'
[4.644s] INFO:colcon.colcon_core.shell:Skip shell extension 'powershell' for command environment: Not usable outside of PowerShell
[4.644s] DEBUG:colcon.colcon_core.shell:Skip shell extension 'dsv' for command environment
[4.661s] DEBUG:colcon.colcon_core.event_handler.log_command:Invoking command in '/home/imml/git/research_2025/apple-harvest-eva/build/ur_calibration': CMAKE_PREFIX_PATH=/home/imml/git/research_2025/apple-harvest-eva/install/ur_robot_driver:/home/imml/git/research_2025/apple-harvest-eva/install/ur_controllers:/home/imml/git/research_2025/apple-harvest-eva/install/ur_description:/home/imml/git/research_2025/apple-harvest-eva/install/ur_dashboard_msgs:/home/imml/git/research_2025/apple-harvest-eva/install/ur:/home/imml/git/research_2025/apple-harvest-eva/install/ur_calibration:/home/imml/git/research_2025/apple-harvest-eva/install/ur_moveit_config:/home/imml/git/research_2025/apple-harvest-eva/install/ur_bringup:/home/imml/git/research_2025/apple-harvest-eva/install/realsense2_description:/home/imml/git/research_2025/apple-harvest-eva/install/realsense2_camera:/home/imml/git/research_2025/apple-harvest-eva/install/realsense2_camera_msgs:/home/imml/git/research_2025/apple-harvest-eva/install/harvest_control:/home/imml/git/research_2025/apple-harvest-eva/install/harvest:/home/imml/git/research_2025/apple-harvest-eva/install/harvest_interfaces:/home/imml/git/research_2025/apple-harvest-eva/install/ur5e_custom_hardware:/home/imml/git/research_2025/apple-harvest-eva/install/harvest_vision:/opt/ros/humble /usr/bin/cmake /home/imml/git/research_2025/apple-harvest-eva/harvest_hardware/Universal_Robots_ROS2_Driver/ur_calibration -DAMENT_CMAKE_SYMLINK_INSTALL=1 -DCMAKE_INSTALL_PREFIX=/home/imml/git/research_2025/apple-harvest-eva/install/ur_calibration
[5.447s] DEBUG:colcon.colcon_core.event_handler.log_command:Invoked command in '/home/imml/git/research_2025/apple-harvest-eva/build/ur_calibration' returned '0': CMAKE_PREFIX_PATH=/home/imml/git/research_2025/apple-harvest-eva/install/ur_robot_driver:/home/imml/git/research_2025/apple-harvest-eva/install/ur_controllers:/home/imml/git/research_2025/apple-harvest-eva/install/ur_description:/home/imml/git/research_2025/apple-harvest-eva/install/ur_dashboard_msgs:/home/imml/git/research_2025/apple-harvest-eva/install/ur:/home/imml/git/research_2025/apple-harvest-eva/install/ur_calibration:/home/imml/git/research_2025/apple-harvest-eva/install/ur_moveit_config:/home/imml/git/research_2025/apple-harvest-eva/install/ur_bringup:/home/imml/git/research_2025/apple-harvest-eva/install/realsense2_description:/home/imml/git/research_2025/apple-harvest-eva/install/realsense2_camera:/home/imml/git/research_2025/apple-harvest-eva/install/realsense2_camera_msgs:/home/imml/git/research_2025/apple-harvest-eva/install/harvest_control:/home/imml/git/research_2025/apple-harvest-eva/install/harvest:/home/imml/git/research_2025/apple-harvest-eva/install/harvest_interfaces:/home/imml/git/research_2025/apple-harvest-eva/install/ur5e_custom_hardware:/home/imml/git/research_2025/apple-harvest-eva/install/harvest_vision:/opt/ros/humble /usr/bin/cmake /home/imml/git/research_2025/apple-harvest-eva/harvest_hardware/Universal_Robots_ROS2_Driver/ur_calibration -DAMENT_CMAKE_SYMLINK_INSTALL=1 -DCMAKE_INSTALL_PREFIX=/home/imml/git/research_2025/apple-harvest-eva/install/ur_calibration
[5.447s] DEBUG:colcon.colcon_core.event_handler.log_command:Invoking command in '/home/imml/git/research_2025/apple-harvest-eva/build/ur_calibration': CMAKE_PREFIX_PATH=/home/imml/git/research_2025/apple-harvest-eva/install/ur_robot_driver:/home/imml/git/research_2025/apple-harvest-eva/install/ur_controllers:/home/imml/git/research_2025/apple-harvest-eva/install/ur_description:/home/imml/git/research_2025/apple-harvest-eva/install/ur_dashboard_msgs:/home/imml/git/research_2025/apple-harvest-eva/install/ur:/home/imml/git/research_2025/apple-harvest-eva/install/ur_calibration:/home/imml/git/research_2025/apple-harvest-eva/install/ur_moveit_config:/home/imml/git/research_2025/apple-harvest-eva/install/ur_bringup:/home/imml/git/research_2025/apple-harvest-eva/install/realsense2_description:/home/imml/git/research_2025/apple-harvest-eva/install/realsense2_camera:/home/imml/git/research_2025/apple-harvest-eva/install/realsense2_camera_msgs:/home/imml/git/research_2025/apple-harvest-eva/install/harvest_control:/home/imml/git/research_2025/apple-harvest-eva/install/harvest:/home/imml/git/research_2025/apple-harvest-eva/install/harvest_interfaces:/home/imml/git/research_2025/apple-harvest-eva/install/ur5e_custom_hardware:/home/imml/git/research_2025/apple-harvest-eva/install/harvest_vision:/opt/ros/humble /usr/bin/cmake --build /home/imml/git/research_2025/apple-harvest-eva/build/ur_calibration -- -j16 -l16
[5.548s] DEBUG:colcon.colcon_core.event_handler.log_command:Invoked command in '/home/imml/git/research_2025/apple-harvest-eva/build/ur_calibration' returned '0': CMAKE_PREFIX_PATH=/home/imml/git/research_2025/apple-harvest-eva/install/ur_robot_driver:/home/imml/git/research_2025/apple-harvest-eva/install/ur_controllers:/home/imml/git/research_2025/apple-harvest-eva/install/ur_description:/home/imml/git/research_2025/apple-harvest-eva/install/ur_dashboard_msgs:/home/imml/git/research_2025/apple-harvest-eva/install/ur:/home/imml/git/research_2025/apple-harvest-eva/install/ur_calibration:/home/imml/git/research_2025/apple-harvest-eva/install/ur_moveit_config:/home/imml/git/research_2025/apple-harvest-eva/install/ur_bringup:/home/imml/git/research_2025/apple-harvest-eva/install/realsense2_description:/home/imml/git/research_2025/apple-harvest-eva/install/realsense2_camera:/home/imml/git/research_2025/apple-harvest-eva/install/realsense2_camera_msgs:/home/imml/git/research_2025/apple-harvest-eva/install/harvest_control:/home/imml/git/research_2025/apple-harvest-eva/install/harvest:/home/imml/git/research_2025/apple-harvest-eva/install/harvest_interfaces:/home/imml/git/research_2025/apple-harvest-eva/install/ur5e_custom_hardware:/home/imml/git/research_2025/apple-harvest-eva/install/harvest_vision:/opt/ros/humble /usr/bin/cmake --build /home/imml/git/research_2025/apple-harvest-eva/build/ur_calibration -- -j16 -l16
[5.549s] DEBUG:colcon.colcon_core.event_handler.log_command:Invoking command in '/home/imml/git/research_2025/apple-harvest-eva/build/ur_calibration': CMAKE_PREFIX_PATH=/home/imml/git/research_2025/apple-harvest-eva/install/ur_robot_driver:/home/imml/git/research_2025/apple-harvest-eva/install/ur_controllers:/home/imml/git/research_2025/apple-harvest-eva/install/ur_description:/home/imml/git/research_2025/apple-harvest-eva/install/ur_dashboard_msgs:/home/imml/git/research_2025/apple-harvest-eva/install/ur:/home/imml/git/research_2025/apple-harvest-eva/install/ur_calibration:/home/imml/git/research_2025/apple-harvest-eva/install/ur_moveit_config:/home/imml/git/research_2025/apple-harvest-eva/install/ur_bringup:/home/imml/git/research_2025/apple-harvest-eva/install/realsense2_description:/home/imml/git/research_2025/apple-harvest-eva/install/realsense2_camera:/home/imml/git/research_2025/apple-harvest-eva/install/realsense2_camera_msgs:/home/imml/git/research_2025/apple-harvest-eva/install/harvest_control:/home/imml/git/research_2025/apple-harvest-eva/install/harvest:/home/imml/git/research_2025/apple-harvest-eva/install/harvest_interfaces:/home/imml/git/research_2025/apple-harvest-eva/install/ur5e_custom_hardware:/home/imml/git/research_2025/apple-harvest-eva/install/harvest_vision:/opt/ros/humble /usr/bin/cmake --install /home/imml/git/research_2025/apple-harvest-eva/build/ur_calibration
[5.569s] Level 1:colcon.colcon_core.environment:create_environment_scripts_only(ur_calibration)
[5.569s] Level 1:colcon.colcon_core.environment:checking '/home/imml/git/research_2025/apple-harvest-eva/install/ur_calibration' for CMake module files
[5.570s] DEBUG:colcon.colcon_core.event_handler.log_command:Invoked command in '/home/imml/git/research_2025/apple-harvest-eva/build/ur_calibration' returned '0': CMAKE_PREFIX_PATH=/home/imml/git/research_2025/apple-harvest-eva/install/ur_robot_driver:/home/imml/git/research_2025/apple-harvest-eva/install/ur_controllers:/home/imml/git/research_2025/apple-harvest-eva/install/ur_description:/home/imml/git/research_2025/apple-harvest-eva/install/ur_dashboard_msgs:/home/imml/git/research_2025/apple-harvest-eva/install/ur:/home/imml/git/research_2025/apple-harvest-eva/install/ur_calibration:/home/imml/git/research_2025/apple-harvest-eva/install/ur_moveit_config:/home/imml/git/research_2025/apple-harvest-eva/install/ur_bringup:/home/imml/git/research_2025/apple-harvest-eva/install/realsense2_description:/home/imml/git/research_2025/apple-harvest-eva/install/realsense2_camera:/home/imml/git/research_2025/apple-harvest-eva/install/realsense2_camera_msgs:/home/imml/git/research_2025/apple-harvest-eva/install/harvest_control:/home/imml/git/research_2025/apple-harvest-eva/install/harvest:/home/imml/git/research_2025/apple-harvest-eva/install/harvest_interfaces:/home/imml/git/research_2025/apple-harvest-eva/install/ur5e_custom_hardware:/home/imml/git/research_2025/apple-harvest-eva/install/harvest_vision:/opt/ros/humble /usr/bin/cmake --install /home/imml/git/research_2025/apple-harvest-eva/build/ur_calibration
[5.570s] Level 1:colcon.colcon_core.environment:checking '/home/imml/git/research_2025/apple-harvest-eva/install/ur_calibration' for CMake config files
[5.570s] Level 1:colcon.colcon_core.shell:create_environment_hook('ur_calibration', 'cmake_prefix_path')
[5.570s] INFO:colcon.colcon_core.shell:Creating environment hook '/home/imml/git/research_2025/apple-harvest-eva/install/ur_calibration/share/ur_calibration/hook/cmake_prefix_path.ps1'
[5.571s] INFO:colcon.colcon_core.shell:Creating environment descriptor '/home/imml/git/research_2025/apple-harvest-eva/install/ur_calibration/share/ur_calibration/hook/cmake_prefix_path.dsv'
[5.571s] INFO:colcon.colcon_core.shell:Creating environment hook '/home/imml/git/research_2025/apple-harvest-eva/install/ur_calibration/share/ur_calibration/hook/cmake_prefix_path.sh'
[5.571s] Level 1:colcon.colcon_core.environment:checking '/home/imml/git/research_2025/apple-harvest-eva/install/ur_calibration/lib'
[5.572s] Level 1:colcon.colcon_core.environment:checking '/home/imml/git/research_2025/apple-harvest-eva/install/ur_calibration/bin'
[5.572s] Level 1:colcon.colcon_core.environment:checking '/home/imml/git/research_2025/apple-harvest-eva/install/ur_calibration/lib/pkgconfig/ur_calibration.pc'
[5.572s] Level 1:colcon.colcon_core.environment:checking '/home/imml/git/research_2025/apple-harvest-eva/install/ur_calibration/lib/python3.10/site-packages'
[5.572s] Level 1:colcon.colcon_core.environment:checking '/home/imml/git/research_2025/apple-harvest-eva/install/ur_calibration/bin'
[5.572s] INFO:colcon.colcon_core.shell:Creating package script '/home/imml/git/research_2025/apple-harvest-eva/install/ur_calibration/share/ur_calibration/package.ps1'
[5.572s] INFO:colcon.colcon_core.shell:Creating package descriptor '/home/imml/git/research_2025/apple-harvest-eva/install/ur_calibration/share/ur_calibration/package.dsv'
[5.573s] INFO:colcon.colcon_core.shell:Creating package script '/home/imml/git/research_2025/apple-harvest-eva/install/ur_calibration/share/ur_calibration/package.sh'
[5.573s] INFO:colcon.colcon_core.shell:Creating package script '/home/imml/git/research_2025/apple-harvest-eva/install/ur_calibration/share/ur_calibration/package.bash'
[5.573s] INFO:colcon.colcon_core.shell:Creating package script '/home/imml/git/research_2025/apple-harvest-eva/install/ur_calibration/share/ur_calibration/package.zsh'
[5.574s] Level 1:colcon.colcon_core.environment:create_file_with_runtime_dependencies(/home/imml/git/research_2025/apple-harvest-eva/install/ur_calibration/share/colcon-core/packages/ur_calibration)
[5.574s] Level 1:colcon.colcon_core.environment:create_environment_scripts_only(ur_calibration)
[5.574s] Level 1:colcon.colcon_core.environment:checking '/home/imml/git/research_2025/apple-harvest-eva/install/ur_calibration' for CMake module files
[5.574s] Level 1:colcon.colcon_core.environment:checking '/home/imml/git/research_2025/apple-harvest-eva/install/ur_calibration' for CMake config files
[5.575s] Level 1:colcon.colcon_core.shell:create_environment_hook('ur_calibration', 'cmake_prefix_path')
[5.575s] INFO:colcon.colcon_core.shell:Creating environment hook '/home/imml/git/research_2025/apple-harvest-eva/install/ur_calibration/share/ur_calibration/hook/cmake_prefix_path.ps1'
[5.575s] INFO:colcon.colcon_core.shell:Creating environment descriptor '/home/imml/git/research_2025/apple-harvest-eva/install/ur_calibration/share/ur_calibration/hook/cmake_prefix_path.dsv'
[5.576s] INFO:colcon.colcon_core.shell:Creating environment hook '/home/imml/git/research_2025/apple-harvest-eva/install/ur_calibration/share/ur_calibration/hook/cmake_prefix_path.sh'
[5.576s] Level 1:colcon.colcon_core.environment:checking '/home/imml/git/research_2025/apple-harvest-eva/install/ur_calibration/lib'
[5.576s] Level 1:colcon.colcon_core.environment:checking '/home/imml/git/research_2025/apple-harvest-eva/install/ur_calibration/bin'
[5.576s] Level 1:colcon.colcon_core.environment:checking '/home/imml/git/research_2025/apple-harvest-eva/install/ur_calibration/lib/pkgconfig/ur_calibration.pc'
[5.576s] Level 1:colcon.colcon_core.environment:checking '/home/imml/git/research_2025/apple-harvest-eva/install/ur_calibration/lib/python3.10/site-packages'
[5.576s] Level 1:colcon.colcon_core.environment:checking '/home/imml/git/research_2025/apple-harvest-eva/install/ur_calibration/bin'
[5.576s] INFO:colcon.colcon_core.shell:Creating package script '/home/imml/git/research_2025/apple-harvest-eva/install/ur_calibration/share/ur_calibration/package.ps1'
[5.577s] INFO:colcon.colcon_core.shell:Creating package descriptor '/home/imml/git/research_2025/apple-harvest-eva/install/ur_calibration/share/ur_calibration/package.dsv'
[5.577s] INFO:colcon.colcon_core.shell:Creating package script '/home/imml/git/research_2025/apple-harvest-eva/install/ur_calibration/share/ur_calibration/package.sh'
[5.577s] INFO:colcon.colcon_core.shell:Creating package script '/home/imml/git/research_2025/apple-harvest-eva/install/ur_calibration/share/ur_calibration/package.bash'
[5.578s] INFO:colcon.colcon_core.shell:Creating package script '/home/imml/git/research_2025/apple-harvest-eva/install/ur_calibration/share/ur_calibration/package.zsh'
[5.578s] Level 1:colcon.colcon_core.environment:create_file_with_runtime_dependencies(/home/imml/git/research_2025/apple-harvest-eva/install/ur_calibration/share/colcon-core/packages/ur_calibration)
[5.578s] INFO:colcon.colcon_ros.task.ament_cmake.build:Building ROS package in '/home/imml/git/research_2025/apple-harvest-eva/harvest_hardware/Universal_Robots_ROS2_Driver/ur' with build type 'ament_cmake'
[5.578s] INFO:colcon.colcon_cmake.task.cmake.build:Building CMake package in '/home/imml/git/research_2025/apple-harvest-eva/harvest_hardware/Universal_Robots_ROS2_Driver/ur'
[5.579s] INFO:colcon.colcon_core.shell:Skip shell extension 'powershell' for command environment: Not usable outside of PowerShell
[5.579s] DEBUG:colcon.colcon_core.shell:Skip shell extension 'dsv' for command environment
[5.595s] DEBUG:colcon.colcon_core.event_handler.log_command:Invoking command in '/home/imml/git/research_2025/apple-harvest-eva/build/ur': CMAKE_PREFIX_PATH=/home/imml/git/research_2025/apple-harvest-eva/install/ur_calibration:/home/imml/git/research_2025/apple-harvest-eva/install/ur_robot_driver:/home/imml/git/research_2025/apple-harvest-eva/install/ur_moveit_config:/home/imml/git/research_2025/apple-harvest-eva/install/ur_controllers:/home/imml/git/research_2025/apple-harvest-eva/install/ur_description:/home/imml/git/research_2025/apple-harvest-eva/install/ur_dashboard_msgs:/home/imml/git/research_2025/apple-harvest-eva/install/ur:/home/imml/git/research_2025/apple-harvest-eva/install/ur_bringup:/home/imml/git/research_2025/apple-harvest-eva/install/realsense2_description:/home/imml/git/research_2025/apple-harvest-eva/install/realsense2_camera:/home/imml/git/research_2025/apple-harvest-eva/install/realsense2_camera_msgs:/home/imml/git/research_2025/apple-harvest-eva/install/harvest_control:/home/imml/git/research_2025/apple-harvest-eva/install/harvest:/home/imml/git/research_2025/apple-harvest-eva/install/harvest_interfaces:/home/imml/git/research_2025/apple-harvest-eva/install/ur5e_custom_hardware:/home/imml/git/research_2025/apple-harvest-eva/install/harvest_vision:/opt/ros/humble /usr/bin/cmake /home/imml/git/research_2025/apple-harvest-eva/harvest_hardware/Universal_Robots_ROS2_Driver/ur -DAMENT_CMAKE_SYMLINK_INSTALL=1 -DCMAKE_INSTALL_PREFIX=/home/imml/git/research_2025/apple-harvest-eva/install/ur
[5.789s] DEBUG:colcon.colcon_core.event_handler.log_command:Invoked command in '/home/imml/git/research_2025/apple-harvest-eva/build/ur' returned '0': CMAKE_PREFIX_PATH=/home/imml/git/research_2025/apple-harvest-eva/install/ur_calibration:/home/imml/git/research_2025/apple-harvest-eva/install/ur_robot_driver:/home/imml/git/research_2025/apple-harvest-eva/install/ur_moveit_config:/home/imml/git/research_2025/apple-harvest-eva/install/ur_controllers:/home/imml/git/research_2025/apple-harvest-eva/install/ur_description:/home/imml/git/research_2025/apple-harvest-eva/install/ur_dashboard_msgs:/home/imml/git/research_2025/apple-harvest-eva/install/ur:/home/imml/git/research_2025/apple-harvest-eva/install/ur_bringup:/home/imml/git/research_2025/apple-harvest-eva/install/realsense2_description:/home/imml/git/research_2025/apple-harvest-eva/install/realsense2_camera:/home/imml/git/research_2025/apple-harvest-eva/install/realsense2_camera_msgs:/home/imml/git/research_2025/apple-harvest-eva/install/harvest_control:/home/imml/git/research_2025/apple-harvest-eva/install/harvest:/home/imml/git/research_2025/apple-harvest-eva/install/harvest_interfaces:/home/imml/git/research_2025/apple-harvest-eva/install/ur5e_custom_hardware:/home/imml/git/research_2025/apple-harvest-eva/install/harvest_vision:/opt/ros/humble /usr/bin/cmake /home/imml/git/research_2025/apple-harvest-eva/harvest_hardware/Universal_Robots_ROS2_Driver/ur -DAMENT_CMAKE_SYMLINK_INSTALL=1 -DCMAKE_INSTALL_PREFIX=/home/imml/git/research_2025/apple-harvest-eva/install/ur
[5.791s] DEBUG:colcon.colcon_core.event_handler.log_command:Invoking command in '/home/imml/git/research_2025/apple-harvest-eva/build/ur': CMAKE_PREFIX_PATH=/home/imml/git/research_2025/apple-harvest-eva/install/ur_calibration:/home/imml/git/research_2025/apple-harvest-eva/install/ur_robot_driver:/home/imml/git/research_2025/apple-harvest-eva/install/ur_moveit_config:/home/imml/git/research_2025/apple-harvest-eva/install/ur_controllers:/home/imml/git/research_2025/apple-harvest-eva/install/ur_description:/home/imml/git/research_2025/apple-harvest-eva/install/ur_dashboard_msgs:/home/imml/git/research_2025/apple-harvest-eva/install/ur:/home/imml/git/research_2025/apple-harvest-eva/install/ur_bringup:/home/imml/git/research_2025/apple-harvest-eva/install/realsense2_description:/home/imml/git/research_2025/apple-harvest-eva/install/realsense2_camera:/home/imml/git/research_2025/apple-harvest-eva/install/realsense2_camera_msgs:/home/imml/git/research_2025/apple-harvest-eva/install/harvest_control:/home/imml/git/research_2025/apple-harvest-eva/install/harvest:/home/imml/git/research_2025/apple-harvest-eva/install/harvest_interfaces:/home/imml/git/research_2025/apple-harvest-eva/install/ur5e_custom_hardware:/home/imml/git/research_2025/apple-harvest-eva/install/harvest_vision:/opt/ros/humble /usr/bin/cmake --build /home/imml/git/research_2025/apple-harvest-eva/build/ur -- -j16 -l16
[5.824s] DEBUG:colcon.colcon_core.event_handler.log_command:Invoked command in '/home/imml/git/research_2025/apple-harvest-eva/build/ur' returned '0': CMAKE_PREFIX_PATH=/home/imml/git/research_2025/apple-harvest-eva/install/ur_calibration:/home/imml/git/research_2025/apple-harvest-eva/install/ur_robot_driver:/home/imml/git/research_2025/apple-harvest-eva/install/ur_moveit_config:/home/imml/git/research_2025/apple-harvest-eva/install/ur_controllers:/home/imml/git/research_2025/apple-harvest-eva/install/ur_description:/home/imml/git/research_2025/apple-harvest-eva/install/ur_dashboard_msgs:/home/imml/git/research_2025/apple-harvest-eva/install/ur:/home/imml/git/research_2025/apple-harvest-eva/install/ur_bringup:/home/imml/git/research_2025/apple-harvest-eva/install/realsense2_description:/home/imml/git/research_2025/apple-harvest-eva/install/realsense2_camera:/home/imml/git/research_2025/apple-harvest-eva/install/realsense2_camera_msgs:/home/imml/git/research_2025/apple-harvest-eva/install/harvest_control:/home/imml/git/research_2025/apple-harvest-eva/install/harvest:/home/imml/git/research_2025/apple-harvest-eva/install/harvest_interfaces:/home/imml/git/research_2025/apple-harvest-eva/install/ur5e_custom_hardware:/home/imml/git/research_2025/apple-harvest-eva/install/harvest_vision:/opt/ros/humble /usr/bin/cmake --build /home/imml/git/research_2025/apple-harvest-eva/build/ur -- -j16 -l16
[5.825s] DEBUG:colcon.colcon_core.event_handler.log_command:Invoking command in '/home/imml/git/research_2025/apple-harvest-eva/build/ur': CMAKE_PREFIX_PATH=/home/imml/git/research_2025/apple-harvest-eva/install/ur_calibration:/home/imml/git/research_2025/apple-harvest-eva/install/ur_robot_driver:/home/imml/git/research_2025/apple-harvest-eva/install/ur_moveit_config:/home/imml/git/research_2025/apple-harvest-eva/install/ur_controllers:/home/imml/git/research_2025/apple-harvest-eva/install/ur_description:/home/imml/git/research_2025/apple-harvest-eva/install/ur_dashboard_msgs:/home/imml/git/research_2025/apple-harvest-eva/install/ur:/home/imml/git/research_2025/apple-harvest-eva/install/ur_bringup:/home/imml/git/research_2025/apple-harvest-eva/install/realsense2_description:/home/imml/git/research_2025/apple-harvest-eva/install/realsense2_camera:/home/imml/git/research_2025/apple-harvest-eva/install/realsense2_camera_msgs:/home/imml/git/research_2025/apple-harvest-eva/install/harvest_control:/home/imml/git/research_2025/apple-harvest-eva/install/harvest:/home/imml/git/research_2025/apple-harvest-eva/install/harvest_interfaces:/home/imml/git/research_2025/apple-harvest-eva/install/ur5e_custom_hardware:/home/imml/git/research_2025/apple-harvest-eva/install/harvest_vision:/opt/ros/humble /usr/bin/cmake --install /home/imml/git/research_2025/apple-harvest-eva/build/ur
[5.844s] Level 1:colcon.colcon_core.environment:create_environment_scripts_only(ur)
[5.844s] Level 1:colcon.colcon_core.environment:checking '/home/imml/git/research_2025/apple-harvest-eva/install/ur' for CMake module files
[5.844s] DEBUG:colcon.colcon_core.event_handler.log_command:Invoked command in '/home/imml/git/research_2025/apple-harvest-eva/build/ur' returned '0': CMAKE_PREFIX_PATH=/home/imml/git/research_2025/apple-harvest-eva/install/ur_calibration:/home/imml/git/research_2025/apple-harvest-eva/install/ur_robot_driver:/home/imml/git/research_2025/apple-harvest-eva/install/ur_moveit_config:/home/imml/git/research_2025/apple-harvest-eva/install/ur_controllers:/home/imml/git/research_2025/apple-harvest-eva/install/ur_description:/home/imml/git/research_2025/apple-harvest-eva/install/ur_dashboard_msgs:/home/imml/git/research_2025/apple-harvest-eva/install/ur:/home/imml/git/research_2025/apple-harvest-eva/install/ur_bringup:/home/imml/git/research_2025/apple-harvest-eva/install/realsense2_description:/home/imml/git/research_2025/apple-harvest-eva/install/realsense2_camera:/home/imml/git/research_2025/apple-harvest-eva/install/realsense2_camera_msgs:/home/imml/git/research_2025/apple-harvest-eva/install/harvest_control:/home/imml/git/research_2025/apple-harvest-eva/install/harvest:/home/imml/git/research_2025/apple-harvest-eva/install/harvest_interfaces:/home/imml/git/research_2025/apple-harvest-eva/install/ur5e_custom_hardware:/home/imml/git/research_2025/apple-harvest-eva/install/harvest_vision:/opt/ros/humble /usr/bin/cmake --install /home/imml/git/research_2025/apple-harvest-eva/build/ur
[5.845s] Level 1:colcon.colcon_core.environment:checking '/home/imml/git/research_2025/apple-harvest-eva/install/ur' for CMake config files
[5.845s] Level 1:colcon.colcon_core.shell:create_environment_hook('ur', 'cmake_prefix_path')
[5.845s] INFO:colcon.colcon_core.shell:Creating environment hook '/home/imml/git/research_2025/apple-harvest-eva/install/ur/share/ur/hook/cmake_prefix_path.ps1'
[5.845s] INFO:colcon.colcon_core.shell:Creating environment descriptor '/home/imml/git/research_2025/apple-harvest-eva/install/ur/share/ur/hook/cmake_prefix_path.dsv'
[5.846s] INFO:colcon.colcon_core.shell:Creating environment hook '/home/imml/git/research_2025/apple-harvest-eva/install/ur/share/ur/hook/cmake_prefix_path.sh'
[5.846s] Level 1:colcon.colcon_core.environment:checking '/home/imml/git/research_2025/apple-harvest-eva/install/ur/bin'
[5.846s] Level 1:colcon.colcon_core.environment:checking '/home/imml/git/research_2025/apple-harvest-eva/install/ur/lib/pkgconfig/ur.pc'
[5.846s] Level 1:colcon.colcon_core.environment:checking '/home/imml/git/research_2025/apple-harvest-eva/install/ur/lib/python3.10/site-packages'
[5.846s] Level 1:colcon.colcon_core.environment:checking '/home/imml/git/research_2025/apple-harvest-eva/install/ur/bin'
[5.847s] INFO:colcon.colcon_core.shell:Creating package script '/home/imml/git/research_2025/apple-harvest-eva/install/ur/share/ur/package.ps1'
[5.847s] INFO:colcon.colcon_core.shell:Creating package descriptor '/home/imml/git/research_2025/apple-harvest-eva/install/ur/share/ur/package.dsv'
[5.847s] INFO:colcon.colcon_core.shell:Creating package script '/home/imml/git/research_2025/apple-harvest-eva/install/ur/share/ur/package.sh'
[5.847s] INFO:colcon.colcon_core.shell:Creating package script '/home/imml/git/research_2025/apple-harvest-eva/install/ur/share/ur/package.bash'
[5.848s] INFO:colcon.colcon_core.shell:Creating package script '/home/imml/git/research_2025/apple-harvest-eva/install/ur/share/ur/package.zsh'
[5.848s] Level 1:colcon.colcon_core.environment:create_file_with_runtime_dependencies(/home/imml/git/research_2025/apple-harvest-eva/install/ur/share/colcon-core/packages/ur)
[5.848s] Level 1:colcon.colcon_core.environment:create_environment_scripts_only(ur)
[5.849s] Level 1:colcon.colcon_core.environment:checking '/home/imml/git/research_2025/apple-harvest-eva/install/ur' for CMake module files
[5.849s] Level 1:colcon.colcon_core.environment:checking '/home/imml/git/research_2025/apple-harvest-eva/install/ur' for CMake config files
[5.849s] Level 1:colcon.colcon_core.shell:create_environment_hook('ur', 'cmake_prefix_path')
[5.849s] INFO:colcon.colcon_core.shell:Creating environment hook '/home/imml/git/research_2025/apple-harvest-eva/install/ur/share/ur/hook/cmake_prefix_path.ps1'
[5.850s] INFO:colcon.colcon_core.shell:Creating environment descriptor '/home/imml/git/research_2025/apple-harvest-eva/install/ur/share/ur/hook/cmake_prefix_path.dsv'
[5.850s] INFO:colcon.colcon_core.shell:Creating environment hook '/home/imml/git/research_2025/apple-harvest-eva/install/ur/share/ur/hook/cmake_prefix_path.sh'
[5.850s] Level 1:colcon.colcon_core.environment:checking '/home/imml/git/research_2025/apple-harvest-eva/install/ur/bin'
[5.850s] Level 1:colcon.colcon_core.environment:checking '/home/imml/git/research_2025/apple-harvest-eva/install/ur/lib/pkgconfig/ur.pc'
[5.850s] Level 1:colcon.colcon_core.environment:checking '/home/imml/git/research_2025/apple-harvest-eva/install/ur/lib/python3.10/site-packages'
[5.851s] Level 1:colcon.colcon_core.environment:checking '/home/imml/git/research_2025/apple-harvest-eva/install/ur/bin'
[5.851s] INFO:colcon.colcon_core.shell:Creating package script '/home/imml/git/research_2025/apple-harvest-eva/install/ur/share/ur/package.ps1'
[5.851s] INFO:colcon.colcon_core.shell:Creating package descriptor '/home/imml/git/research_2025/apple-harvest-eva/install/ur/share/ur/package.dsv'
[5.851s] INFO:colcon.colcon_core.shell:Creating package script '/home/imml/git/research_2025/apple-harvest-eva/install/ur/share/ur/package.sh'
[5.852s] INFO:colcon.colcon_core.shell:Creating package script '/home/imml/git/research_2025/apple-harvest-eva/install/ur/share/ur/package.bash'
[5.852s] INFO:colcon.colcon_core.shell:Creating package script '/home/imml/git/research_2025/apple-harvest-eva/install/ur/share/ur/package.zsh'
[5.852s] Level 1:colcon.colcon_core.environment:create_file_with_runtime_dependencies(/home/imml/git/research_2025/apple-harvest-eva/install/ur/share/colcon-core/packages/ur)
[11.610s] DEBUG:colcon.colcon_core.event_handler.log_command:Invoked command in '/home/imml/git/research_2025/apple-harvest-eva/build/realsense2_camera' returned '0': CMAKE_PREFIX_PATH=/home/imml/git/research_2025/apple-harvest-eva/install/realsense2_camera_msgs:/home/imml/git/research_2025/apple-harvest-eva/install/ur:/home/imml/git/research_2025/apple-harvest-eva/install/ur_calibration:/home/imml/git/research_2025/apple-harvest-eva/install/ur_robot_driver:/home/imml/git/research_2025/apple-harvest-eva/install/ur_moveit_config:/home/imml/git/research_2025/apple-harvest-eva/install/ur_bringup:/home/imml/git/research_2025/apple-harvest-eva/install/ur_description:/home/imml/git/research_2025/apple-harvest-eva/install/ur_controllers:/home/imml/git/research_2025/apple-harvest-eva/install/ur_dashboard_msgs:/home/imml/git/research_2025/apple-harvest-eva/install/realsense2_description:/home/imml/git/research_2025/apple-harvest-eva/install/realsense2_camera:/home/imml/git/research_2025/apple-harvest-eva/install/harvest_control:/home/imml/git/research_2025/apple-harvest-eva/install/harvest:/home/imml/git/research_2025/apple-harvest-eva/install/harvest_interfaces:/home/imml/git/research_2025/apple-harvest-eva/install/ur5e_custom_hardware:/home/imml/git/research_2025/apple-harvest-eva/install/harvest_vision:/opt/ros/humble LD_LIBRARY_PATH=/home/imml/git/research_2025/apple-harvest-eva/install/realsense2_camera_msgs/lib:/home/imml/git/research_2025/apple-harvest-eva/install/ur_robot_driver/lib:/home/imml/git/research_2025/apple-harvest-eva/install/ur_controllers/lib:/home/imml/git/research_2025/apple-harvest-eva/install/ur_dashboard_msgs/lib:/home/imml/git/research_2025/apple-harvest-eva/install/realsense2_camera/lib:/home/imml/git/research_2025/apple-harvest-eva/install/harvest_interfaces/lib:/usr/local/cuda-12.9/lib64:/opt/ros/humble/opt/rviz_ogre_vendor/lib:/opt/ros/humble/lib/x86_64-linux-gnu:/opt/ros/humble/lib /usr/bin/cmake /home/imml/git/research_2025/apple-harvest-eva/harvest_hardware/realsense-ros/realsense2_camera -DAMENT_CMAKE_SYMLINK_INSTALL=1 -DCMAKE_INSTALL_PREFIX=/home/imml/git/research_2025/apple-harvest-eva/install/realsense2_camera
[11.611s] DEBUG:colcon.colcon_core.event_handler.log_command:Invoking command in '/home/imml/git/research_2025/apple-harvest-eva/build/realsense2_camera': CMAKE_PREFIX_PATH=/home/imml/git/research_2025/apple-harvest-eva/install/realsense2_camera_msgs:/home/imml/git/research_2025/apple-harvest-eva/install/ur:/home/imml/git/research_2025/apple-harvest-eva/install/ur_calibration:/home/imml/git/research_2025/apple-harvest-eva/install/ur_robot_driver:/home/imml/git/research_2025/apple-harvest-eva/install/ur_moveit_config:/home/imml/git/research_2025/apple-harvest-eva/install/ur_bringup:/home/imml/git/research_2025/apple-harvest-eva/install/ur_description:/home/imml/git/research_2025/apple-harvest-eva/install/ur_controllers:/home/imml/git/research_2025/apple-harvest-eva/install/ur_dashboard_msgs:/home/imml/git/research_2025/apple-harvest-eva/install/realsense2_description:/home/imml/git/research_2025/apple-harvest-eva/install/realsense2_camera:/home/imml/git/research_2025/apple-harvest-eva/install/harvest_control:/home/imml/git/research_2025/apple-harvest-eva/install/harvest:/home/imml/git/research_2025/apple-harvest-eva/install/harvest_interfaces:/home/imml/git/research_2025/apple-harvest-eva/install/ur5e_custom_hardware:/home/imml/git/research_2025/apple-harvest-eva/install/harvest_vision:/opt/ros/humble LD_LIBRARY_PATH=/home/imml/git/research_2025/apple-harvest-eva/install/realsense2_camera_msgs/lib:/home/imml/git/research_2025/apple-harvest-eva/install/ur_robot_driver/lib:/home/imml/git/research_2025/apple-harvest-eva/install/ur_controllers/lib:/home/imml/git/research_2025/apple-harvest-eva/install/ur_dashboard_msgs/lib:/home/imml/git/research_2025/apple-harvest-eva/install/realsense2_camera/lib:/home/imml/git/research_2025/apple-harvest-eva/install/harvest_interfaces/lib:/usr/local/cuda-12.9/lib64:/opt/ros/humble/opt/rviz_ogre_vendor/lib:/opt/ros/humble/lib/x86_64-linux-gnu:/opt/ros/humble/lib /usr/bin/cmake --build /home/imml/git/research_2025/apple-harvest-eva/build/realsense2_camera -- -j16 -l16
[11.719s] DEBUG:colcon.colcon_core.event_handler.log_command:Invoked command in '/home/imml/git/research_2025/apple-harvest-eva/build/realsense2_camera' returned '0': CMAKE_PREFIX_PATH=/home/imml/git/research_2025/apple-harvest-eva/install/realsense2_camera_msgs:/home/imml/git/research_2025/apple-harvest-eva/install/ur:/home/imml/git/research_2025/apple-harvest-eva/install/ur_calibration:/home/imml/git/research_2025/apple-harvest-eva/install/ur_robot_driver:/home/imml/git/research_2025/apple-harvest-eva/install/ur_moveit_config:/home/imml/git/research_2025/apple-harvest-eva/install/ur_bringup:/home/imml/git/research_2025/apple-harvest-eva/install/ur_description:/home/imml/git/research_2025/apple-harvest-eva/install/ur_controllers:/home/imml/git/research_2025/apple-harvest-eva/install/ur_dashboard_msgs:/home/imml/git/research_2025/apple-harvest-eva/install/realsense2_description:/home/imml/git/research_2025/apple-harvest-eva/install/realsense2_camera:/home/imml/git/research_2025/apple-harvest-eva/install/harvest_control:/home/imml/git/research_2025/apple-harvest-eva/install/harvest:/home/imml/git/research_2025/apple-harvest-eva/install/harvest_interfaces:/home/imml/git/research_2025/apple-harvest-eva/install/ur5e_custom_hardware:/home/imml/git/research_2025/apple-harvest-eva/install/harvest_vision:/opt/ros/humble LD_LIBRARY_PATH=/home/imml/git/research_2025/apple-harvest-eva/install/realsense2_camera_msgs/lib:/home/imml/git/research_2025/apple-harvest-eva/install/ur_robot_driver/lib:/home/imml/git/research_2025/apple-harvest-eva/install/ur_controllers/lib:/home/imml/git/research_2025/apple-harvest-eva/install/ur_dashboard_msgs/lib:/home/imml/git/research_2025/apple-harvest-eva/install/realsense2_camera/lib:/home/imml/git/research_2025/apple-harvest-eva/install/harvest_interfaces/lib:/usr/local/cuda-12.9/lib64:/opt/ros/humble/opt/rviz_ogre_vendor/lib:/opt/ros/humble/lib/x86_64-linux-gnu:/opt/ros/humble/lib /usr/bin/cmake --build /home/imml/git/research_2025/apple-harvest-eva/build/realsense2_camera -- -j16 -l16
[11.720s] DEBUG:colcon.colcon_core.event_handler.log_command:Invoking command in '/home/imml/git/research_2025/apple-harvest-eva/build/realsense2_camera': CMAKE_PREFIX_PATH=/home/imml/git/research_2025/apple-harvest-eva/install/realsense2_camera_msgs:/home/imml/git/research_2025/apple-harvest-eva/install/ur:/home/imml/git/research_2025/apple-harvest-eva/install/ur_calibration:/home/imml/git/research_2025/apple-harvest-eva/install/ur_robot_driver:/home/imml/git/research_2025/apple-harvest-eva/install/ur_moveit_config:/home/imml/git/research_2025/apple-harvest-eva/install/ur_bringup:/home/imml/git/research_2025/apple-harvest-eva/install/ur_description:/home/imml/git/research_2025/apple-harvest-eva/install/ur_controllers:/home/imml/git/research_2025/apple-harvest-eva/install/ur_dashboard_msgs:/home/imml/git/research_2025/apple-harvest-eva/install/realsense2_description:/home/imml/git/research_2025/apple-harvest-eva/install/realsense2_camera:/home/imml/git/research_2025/apple-harvest-eva/install/harvest_control:/home/imml/git/research_2025/apple-harvest-eva/install/harvest:/home/imml/git/research_2025/apple-harvest-eva/install/harvest_interfaces:/home/imml/git/research_2025/apple-harvest-eva/install/ur5e_custom_hardware:/home/imml/git/research_2025/apple-harvest-eva/install/harvest_vision:/opt/ros/humble LD_LIBRARY_PATH=/home/imml/git/research_2025/apple-harvest-eva/install/realsense2_camera_msgs/lib:/home/imml/git/research_2025/apple-harvest-eva/install/ur_robot_driver/lib:/home/imml/git/research_2025/apple-harvest-eva/install/ur_controllers/lib:/home/imml/git/research_2025/apple-harvest-eva/install/ur_dashboard_msgs/lib:/home/imml/git/research_2025/apple-harvest-eva/install/realsense2_camera/lib:/home/imml/git/research_2025/apple-harvest-eva/install/harvest_interfaces/lib:/usr/local/cuda-12.9/lib64:/opt/ros/humble/opt/rviz_ogre_vendor/lib:/opt/ros/humble/lib/x86_64-linux-gnu:/opt/ros/humble/lib /usr/bin/cmake --install /home/imml/git/research_2025/apple-harvest-eva/build/realsense2_camera
[11.743s] Level 1:colcon.colcon_core.environment:create_environment_scripts_only(realsense2_camera)
[11.743s] DEBUG:colcon.colcon_core.event_handler.log_command:Invoked command in '/home/imml/git/research_2025/apple-harvest-eva/build/realsense2_camera' returned '0': CMAKE_PREFIX_PATH=/home/imml/git/research_2025/apple-harvest-eva/install/realsense2_camera_msgs:/home/imml/git/research_2025/apple-harvest-eva/install/ur:/home/imml/git/research_2025/apple-harvest-eva/install/ur_calibration:/home/imml/git/research_2025/apple-harvest-eva/install/ur_robot_driver:/home/imml/git/research_2025/apple-harvest-eva/install/ur_moveit_config:/home/imml/git/research_2025/apple-harvest-eva/install/ur_bringup:/home/imml/git/research_2025/apple-harvest-eva/install/ur_description:/home/imml/git/research_2025/apple-harvest-eva/install/ur_controllers:/home/imml/git/research_2025/apple-harvest-eva/install/ur_dashboard_msgs:/home/imml/git/research_2025/apple-harvest-eva/install/realsense2_description:/home/imml/git/research_2025/apple-harvest-eva/install/realsense2_camera:/home/imml/git/research_2025/apple-harvest-eva/install/harvest_control:/home/imml/git/research_2025/apple-harvest-eva/install/harvest:/home/imml/git/research_2025/apple-harvest-eva/install/harvest_interfaces:/home/imml/git/research_2025/apple-harvest-eva/install/ur5e_custom_hardware:/home/imml/git/research_2025/apple-harvest-eva/install/harvest_vision:/opt/ros/humble LD_LIBRARY_PATH=/home/imml/git/research_2025/apple-harvest-eva/install/realsense2_camera_msgs/lib:/home/imml/git/research_2025/apple-harvest-eva/install/ur_robot_driver/lib:/home/imml/git/research_2025/apple-harvest-eva/install/ur_controllers/lib:/home/imml/git/research_2025/apple-harvest-eva/install/ur_dashboard_msgs/lib:/home/imml/git/research_2025/apple-harvest-eva/install/realsense2_camera/lib:/home/imml/git/research_2025/apple-harvest-eva/install/harvest_interfaces/lib:/usr/local/cuda-12.9/lib64:/opt/ros/humble/opt/rviz_ogre_vendor/lib:/opt/ros/humble/lib/x86_64-linux-gnu:/opt/ros/humble/lib /usr/bin/cmake --install /home/imml/git/research_2025/apple-harvest-eva/build/realsense2_camera
[11.743s] Level 1:colcon.colcon_core.environment:checking '/home/imml/git/research_2025/apple-harvest-eva/install/realsense2_camera' for CMake module files
[11.744s] Level 1:colcon.colcon_core.environment:checking '/home/imml/git/research_2025/apple-harvest-eva/install/realsense2_camera' for CMake config files
[11.744s] Level 1:colcon.colcon_core.shell:create_environment_hook('realsense2_camera', 'cmake_prefix_path')
[11.745s] INFO:colcon.colcon_core.shell:Creating environment hook '/home/imml/git/research_2025/apple-harvest-eva/install/realsense2_camera/share/realsense2_camera/hook/cmake_prefix_path.ps1'
[11.745s] INFO:colcon.colcon_core.shell:Creating environment descriptor '/home/imml/git/research_2025/apple-harvest-eva/install/realsense2_camera/share/realsense2_camera/hook/cmake_prefix_path.dsv'
[11.745s] INFO:colcon.colcon_core.shell:Creating environment hook '/home/imml/git/research_2025/apple-harvest-eva/install/realsense2_camera/share/realsense2_camera/hook/cmake_prefix_path.sh'
[11.746s] Level 1:colcon.colcon_core.environment:checking '/home/imml/git/research_2025/apple-harvest-eva/install/realsense2_camera/lib'
[11.746s] Level 1:colcon.colcon_core.shell:create_environment_hook('realsense2_camera', 'ld_library_path_lib')
[11.746s] INFO:colcon.colcon_core.shell:Creating environment hook '/home/imml/git/research_2025/apple-harvest-eva/install/realsense2_camera/share/realsense2_camera/hook/ld_library_path_lib.ps1'
[11.746s] INFO:colcon.colcon_core.shell:Creating environment descriptor '/home/imml/git/research_2025/apple-harvest-eva/install/realsense2_camera/share/realsense2_camera/hook/ld_library_path_lib.dsv'
[11.746s] INFO:colcon.colcon_core.shell:Creating environment hook '/home/imml/git/research_2025/apple-harvest-eva/install/realsense2_camera/share/realsense2_camera/hook/ld_library_path_lib.sh'
[11.747s] Level 1:colcon.colcon_core.environment:checking '/home/imml/git/research_2025/apple-harvest-eva/install/realsense2_camera/bin'
[11.747s] Level 1:colcon.colcon_core.environment:checking '/home/imml/git/research_2025/apple-harvest-eva/install/realsense2_camera/lib/pkgconfig/realsense2_camera.pc'
[11.747s] Level 1:colcon.colcon_core.environment:checking '/home/imml/git/research_2025/apple-harvest-eva/install/realsense2_camera/lib/python3.10/site-packages'
[11.747s] Level 1:colcon.colcon_core.environment:checking '/home/imml/git/research_2025/apple-harvest-eva/install/realsense2_camera/bin'
[11.747s] INFO:colcon.colcon_core.shell:Creating package script '/home/imml/git/research_2025/apple-harvest-eva/install/realsense2_camera/share/realsense2_camera/package.ps1'
[11.748s] INFO:colcon.colcon_core.shell:Creating package descriptor '/home/imml/git/research_2025/apple-harvest-eva/install/realsense2_camera/share/realsense2_camera/package.dsv'
[11.748s] INFO:colcon.colcon_core.shell:Creating package script '/home/imml/git/research_2025/apple-harvest-eva/install/realsense2_camera/share/realsense2_camera/package.sh'
[11.748s] INFO:colcon.colcon_core.shell:Creating package script '/home/imml/git/research_2025/apple-harvest-eva/install/realsense2_camera/share/realsense2_camera/package.bash'
[11.749s] INFO:colcon.colcon_core.shell:Creating package script '/home/imml/git/research_2025/apple-harvest-eva/install/realsense2_camera/share/realsense2_camera/package.zsh'
[11.749s] Level 1:colcon.colcon_core.environment:create_file_with_runtime_dependencies(/home/imml/git/research_2025/apple-harvest-eva/install/realsense2_camera/share/colcon-core/packages/realsense2_camera)
[11.749s] Level 1:colcon.colcon_core.environment:create_environment_scripts_only(realsense2_camera)
[11.750s] Level 1:colcon.colcon_core.environment:checking '/home/imml/git/research_2025/apple-harvest-eva/install/realsense2_camera' for CMake module files
[11.750s] Level 1:colcon.colcon_core.environment:checking '/home/imml/git/research_2025/apple-harvest-eva/install/realsense2_camera' for CMake config files
[11.750s] Level 1:colcon.colcon_core.shell:create_environment_hook('realsense2_camera', 'cmake_prefix_path')
[11.751s] INFO:colcon.colcon_core.shell:Creating environment hook '/home/imml/git/research_2025/apple-harvest-eva/install/realsense2_camera/share/realsense2_camera/hook/cmake_prefix_path.ps1'
[11.751s] INFO:colcon.colcon_core.shell:Creating environment descriptor '/home/imml/git/research_2025/apple-harvest-eva/install/realsense2_camera/share/realsense2_camera/hook/cmake_prefix_path.dsv'
[11.751s] INFO:colcon.colcon_core.shell:Creating environment hook '/home/imml/git/research_2025/apple-harvest-eva/install/realsense2_camera/share/realsense2_camera/hook/cmake_prefix_path.sh'
[11.752s] Level 1:colcon.colcon_core.environment:checking '/home/imml/git/research_2025/apple-harvest-eva/install/realsense2_camera/lib'
[11.752s] Level 1:colcon.colcon_core.shell:create_environment_hook('realsense2_camera', 'ld_library_path_lib')
[11.752s] INFO:colcon.colcon_core.shell:Creating environment hook '/home/imml/git/research_2025/apple-harvest-eva/install/realsense2_camera/share/realsense2_camera/hook/ld_library_path_lib.ps1'
[11.752s] INFO:colcon.colcon_core.shell:Creating environment descriptor '/home/imml/git/research_2025/apple-harvest-eva/install/realsense2_camera/share/realsense2_camera/hook/ld_library_path_lib.dsv'
[11.752s] INFO:colcon.colcon_core.shell:Creating environment hook '/home/imml/git/research_2025/apple-harvest-eva/install/realsense2_camera/share/realsense2_camera/hook/ld_library_path_lib.sh'
[11.753s] Level 1:colcon.colcon_core.environment:checking '/home/imml/git/research_2025/apple-harvest-eva/install/realsense2_camera/bin'
[11.753s] Level 1:colcon.colcon_core.environment:checking '/home/imml/git/research_2025/apple-harvest-eva/install/realsense2_camera/lib/pkgconfig/realsense2_camera.pc'
[11.753s] Level 1:colcon.colcon_core.environment:checking '/home/imml/git/research_2025/apple-harvest-eva/install/realsense2_camera/lib/python3.10/site-packages'
[11.753s] Level 1:colcon.colcon_core.environment:checking '/home/imml/git/research_2025/apple-harvest-eva/install/realsense2_camera/bin'
[11.753s] INFO:colcon.colcon_core.shell:Creating package script '/home/imml/git/research_2025/apple-harvest-eva/install/realsense2_camera/share/realsense2_camera/package.ps1'
[11.754s] INFO:colcon.colcon_core.shell:Creating package descriptor '/home/imml/git/research_2025/apple-harvest-eva/install/realsense2_camera/share/realsense2_camera/package.dsv'
[11.754s] INFO:colcon.colcon_core.shell:Creating package script '/home/imml/git/research_2025/apple-harvest-eva/install/realsense2_camera/share/realsense2_camera/package.sh'
[11.754s] INFO:colcon.colcon_core.shell:Creating package script '/home/imml/git/research_2025/apple-harvest-eva/install/realsense2_camera/share/realsense2_camera/package.bash'
[11.755s] INFO:colcon.colcon_core.shell:Creating package script '/home/imml/git/research_2025/apple-harvest-eva/install/realsense2_camera/share/realsense2_camera/package.zsh'
[11.755s] Level 1:colcon.colcon_core.environment:create_file_with_runtime_dependencies(/home/imml/git/research_2025/apple-harvest-eva/install/realsense2_camera/share/colcon-core/packages/realsense2_camera)
[11.755s] DEBUG:colcon.colcon_parallel_executor.executor.parallel:closing loop
[11.755s] DEBUG:colcon.colcon_parallel_executor.executor.parallel:loop closed
[11.755s] DEBUG:colcon.colcon_parallel_executor.executor.parallel:run_until_complete finished with '0'
[11.755s] DEBUG:colcon.colcon_core.event_reactor:joining thread
[11.760s] INFO:colcon.colcon_core.plugin_system:Skipping extension 'colcon_notification.desktop_notification.terminal_notifier': Not used on non-Darwin systems
[11.760s] INFO:colcon.colcon_core.plugin_system:Skipping extension 'colcon_notification.desktop_notification.win32': Not used on non-Windows systems
[11.760s] INFO:colcon.colcon_notification.desktop_notification:Sending desktop notification using 'notify2'
[11.769s] DEBUG:colcon.colcon_core.event_reactor:joined thread
[11.769s] INFO:colcon.colcon_core.shell:Creating prefix script '/home/imml/git/research_2025/apple-harvest-eva/install/local_setup.ps1'
[11.770s] INFO:colcon.colcon_core.shell:Creating prefix util module '/home/imml/git/research_2025/apple-harvest-eva/install/_local_setup_util_ps1.py'
[11.771s] INFO:colcon.colcon_core.shell:Creating prefix chain script '/home/imml/git/research_2025/apple-harvest-eva/install/setup.ps1'
[11.773s] INFO:colcon.colcon_core.shell:Creating prefix script '/home/imml/git/research_2025/apple-harvest-eva/install/local_setup.sh'
[11.773s] INFO:colcon.colcon_core.shell:Creating prefix util module '/home/imml/git/research_2025/apple-harvest-eva/install/_local_setup_util_sh.py'
[11.773s] INFO:colcon.colcon_core.shell:Creating prefix chain script '/home/imml/git/research_2025/apple-harvest-eva/install/setup.sh'
[11.775s] INFO:colcon.colcon_core.shell:Creating prefix script '/home/imml/git/research_2025/apple-harvest-eva/install/local_setup.bash'
[11.775s] INFO:colcon.colcon_core.shell:Creating prefix chain script '/home/imml/git/research_2025/apple-harvest-eva/install/setup.bash'
[11.776s] INFO:colcon.colcon_core.shell:Creating prefix script '/home/imml/git/research_2025/apple-harvest-eva/install/local_setup.zsh'
[11.777s] INFO:colcon.colcon_core.shell:Creating prefix chain script '/home/imml/git/research_2025/apple-harvest-eva/install/setup.zsh'
