[0.152s] DEBUG:colcon:Command line arguments: ['/usr/bin/colcon', 'build', '--symlink-install']
[0.152s] DEBUG:colcon:Parsed command line arguments: Namespace(log_base=None, log_level=None, verb_name='build', build_base='build', install_base='install', merge_install=False, symlink_install=True, test_result_base=None, continue_on_error=False, executor='parallel', parallel_workers=16, event_handlers=None, ignore_user_meta=False, metas=['./colcon.meta'], base_paths=['.'], packages_ignore=None, packages_ignore_regex=None, paths=None, packages_up_to=None, packages_up_to_regex=None, packages_above=None, packages_above_and_dependencies=None, packages_above_depth=None, packages_select_by_dep=None, packages_skip_by_dep=None, packages_skip_up_to=None, packages_select_build_failed=False, packages_skip_build_finished=False, packages_select_test_failures=False, packages_skip_test_passed=False, packages_select=None, packages_skip=None, packages_select_regex=None, packages_skip_regex=None, packages_start=None, packages_end=None, allow_overriding=[], cmake_args=None, cmake_target=None, cmake_target_skip_unavailable=False, cmake_clean_cache=False, cmake_clean_first=False, cmake_force_configure=False, ament_cmake_args=None, catkin_cmake_args=None, catkin_skip_building_tests=False, mixin_files=None, mixin=None, verb_parser=<colcon_mixin.mixin.mixin_argument.MixinArgumentDecorator object at 0x78ca29e73490>, verb_extension=<colcon_core.verb.build.BuildVerb object at 0x78ca29e72e30>, main=<bound method BuildVerb.main of <colcon_core.verb.build.BuildVerb object at 0x78ca29e72e30>>, mixin_verb=('build',))
[0.349s] Level 1:colcon.colcon_core.package_discovery:discover_packages(colcon_meta) check parameters
[0.349s] Level 1:colcon.colcon_core.package_discovery:discover_packages(recursive) check parameters
[0.349s] Level 1:colcon.colcon_core.package_discovery:discover_packages(ignore) check parameters
[0.349s] Level 1:colcon.colcon_core.package_discovery:discover_packages(path) check parameters
[0.349s] Level 1:colcon.colcon_core.package_discovery:discover_packages(colcon_meta) discover
[0.349s] Level 1:colcon.colcon_core.package_discovery:discover_packages(recursive) discover
[0.349s] INFO:colcon.colcon_core.package_discovery:Crawling recursively for packages in '/home/imml/git/research_2025/apple-harvest-eva'
[0.349s] Level 1:colcon.colcon_core.package_identification:_identify(.) by extensions ['ignore', 'ignore_ament_install']
[0.349s] Level 1:colcon.colcon_core.package_identification:_identify(.) by extension 'ignore'
[0.349s] Level 1:colcon.colcon_core.package_identification:_identify(.) by extension 'ignore_ament_install'
[0.349s] Level 1:colcon.colcon_core.package_identification:_identify(.) by extensions ['colcon_pkg']
[0.349s] Level 1:colcon.colcon_core.package_identification:_identify(.) by extension 'colcon_pkg'
[0.349s] Level 1:colcon.colcon_core.package_identification:_identify(.) by extensions ['colcon_meta']
[0.349s] Level 1:colcon.colcon_core.package_identification:_identify(.) by extension 'colcon_meta'
[0.349s] Level 1:colcon.colcon_core.package_identification:_identify(.) by extensions ['ros']
[0.349s] Level 1:colcon.colcon_core.package_identification:_identify(.) by extension 'ros'
[0.377s] Level 1:colcon.colcon_core.package_identification:_identify(.) by extensions ['cmake', 'python']
[0.377s] Level 1:colcon.colcon_core.package_identification:_identify(.) by extension 'cmake'
[0.377s] Level 1:colcon.colcon_core.package_identification:_identify(.) by extension 'python'
[0.377s] Level 1:colcon.colcon_core.package_identification:_identify(.) by extensions ['python_setup_py']
[0.377s] Level 1:colcon.colcon_core.package_identification:_identify(.) by extension 'python_setup_py'
[0.377s] Level 1:colcon.colcon_core.package_identification:_identify(build) by extensions ['ignore', 'ignore_ament_install']
[0.377s] Level 1:colcon.colcon_core.package_identification:_identify(build) by extension 'ignore'
[0.377s] Level 1:colcon.colcon_core.package_identification:_identify(build) ignored
[0.377s] Level 1:colcon.colcon_core.package_identification:_identify(harvest) by extensions ['ignore', 'ignore_ament_install']
[0.378s] Level 1:colcon.colcon_core.package_identification:_identify(harvest) by extension 'ignore'
[0.378s] Level 1:colcon.colcon_core.package_identification:_identify(harvest) by extension 'ignore_ament_install'
[0.378s] Level 1:colcon.colcon_core.package_identification:_identify(harvest) by extensions ['colcon_pkg']
[0.378s] Level 1:colcon.colcon_core.package_identification:_identify(harvest) by extension 'colcon_pkg'
[0.378s] Level 1:colcon.colcon_core.package_identification:_identify(harvest) by extensions ['colcon_meta']
[0.378s] Level 1:colcon.colcon_core.package_identification:_identify(harvest) by extension 'colcon_meta'
[0.378s] Level 1:colcon.colcon_core.package_identification:_identify(harvest) by extensions ['ros']
[0.378s] Level 1:colcon.colcon_core.package_identification:_identify(harvest) by extension 'ros'
[0.380s] DEBUG:colcon.colcon_core.package_identification:Package 'harvest' with type 'ros.ament_cmake' and name 'harvest'
[0.381s] Level 1:colcon.colcon_core.package_identification:_identify(harvest_control) by extensions ['ignore', 'ignore_ament_install']
[0.381s] Level 1:colcon.colcon_core.package_identification:_identify(harvest_control) by extension 'ignore'
[0.381s] Level 1:colcon.colcon_core.package_identification:_identify(harvest_control) by extension 'ignore_ament_install'
[0.381s] Level 1:colcon.colcon_core.package_identification:_identify(harvest_control) by extensions ['colcon_pkg']
[0.381s] Level 1:colcon.colcon_core.package_identification:_identify(harvest_control) by extension 'colcon_pkg'
[0.381s] Level 1:colcon.colcon_core.package_identification:_identify(harvest_control) by extensions ['colcon_meta']
[0.381s] Level 1:colcon.colcon_core.package_identification:_identify(harvest_control) by extension 'colcon_meta'
[0.381s] Level 1:colcon.colcon_core.package_identification:_identify(harvest_control) by extensions ['ros']
[0.381s] Level 1:colcon.colcon_core.package_identification:_identify(harvest_control) by extension 'ros'
[0.382s] DEBUG:colcon.colcon_core.package_identification:Package 'harvest_control' with type 'ros.ament_cmake' and name 'harvest_control'
[0.382s] Level 1:colcon.colcon_core.package_identification:_identify(harvest_hardware) by extensions ['ignore', 'ignore_ament_install']
[0.382s] Level 1:colcon.colcon_core.package_identification:_identify(harvest_hardware) by extension 'ignore'
[0.382s] Level 1:colcon.colcon_core.package_identification:_identify(harvest_hardware) by extension 'ignore_ament_install'
[0.382s] Level 1:colcon.colcon_core.package_identification:_identify(harvest_hardware) by extensions ['colcon_pkg']
[0.382s] Level 1:colcon.colcon_core.package_identification:_identify(harvest_hardware) by extension 'colcon_pkg'
[0.382s] Level 1:colcon.colcon_core.package_identification:_identify(harvest_hardware) by extensions ['colcon_meta']
[0.382s] Level 1:colcon.colcon_core.package_identification:_identify(harvest_hardware) by extension 'colcon_meta'
[0.382s] Level 1:colcon.colcon_core.package_identification:_identify(harvest_hardware) by extensions ['ros']
[0.382s] Level 1:colcon.colcon_core.package_identification:_identify(harvest_hardware) by extension 'ros'
[0.382s] Level 1:colcon.colcon_core.package_identification:_identify(harvest_hardware) by extensions ['cmake', 'python']
[0.382s] Level 1:colcon.colcon_core.package_identification:_identify(harvest_hardware) by extension 'cmake'
[0.382s] Level 1:colcon.colcon_core.package_identification:_identify(harvest_hardware) by extension 'python'
[0.382s] Level 1:colcon.colcon_core.package_identification:_identify(harvest_hardware) by extensions ['python_setup_py']
[0.382s] Level 1:colcon.colcon_core.package_identification:_identify(harvest_hardware) by extension 'python_setup_py'
[0.382s] Level 1:colcon.colcon_core.package_identification:_identify(harvest_hardware/Universal_Robots_ROS2_Description) by extensions ['ignore', 'ignore_ament_install']
[0.382s] Level 1:colcon.colcon_core.package_identification:_identify(harvest_hardware/Universal_Robots_ROS2_Description) by extension 'ignore'
[0.383s] Level 1:colcon.colcon_core.package_identification:_identify(harvest_hardware/Universal_Robots_ROS2_Description) by extension 'ignore_ament_install'
[0.383s] Level 1:colcon.colcon_core.package_identification:_identify(harvest_hardware/Universal_Robots_ROS2_Description) by extensions ['colcon_pkg']
[0.383s] Level 1:colcon.colcon_core.package_identification:_identify(harvest_hardware/Universal_Robots_ROS2_Description) by extension 'colcon_pkg'
[0.383s] Level 1:colcon.colcon_core.package_identification:_identify(harvest_hardware/Universal_Robots_ROS2_Description) by extensions ['colcon_meta']
[0.383s] Level 1:colcon.colcon_core.package_identification:_identify(harvest_hardware/Universal_Robots_ROS2_Description) by extension 'colcon_meta'
[0.383s] Level 1:colcon.colcon_core.package_identification:_identify(harvest_hardware/Universal_Robots_ROS2_Description) by extensions ['ros']
[0.383s] Level 1:colcon.colcon_core.package_identification:_identify(harvest_hardware/Universal_Robots_ROS2_Description) by extension 'ros'
[0.384s] DEBUG:colcon.colcon_core.package_identification:Package 'harvest_hardware/Universal_Robots_ROS2_Description' with type 'ros.ament_cmake' and name 'ur_description'
[0.384s] Level 1:colcon.colcon_core.package_identification:_identify(harvest_hardware/Universal_Robots_ROS2_Driver) by extensions ['ignore', 'ignore_ament_install']
[0.384s] Level 1:colcon.colcon_core.package_identification:_identify(harvest_hardware/Universal_Robots_ROS2_Driver) by extension 'ignore'
[0.384s] Level 1:colcon.colcon_core.package_identification:_identify(harvest_hardware/Universal_Robots_ROS2_Driver) by extension 'ignore_ament_install'
[0.384s] Level 1:colcon.colcon_core.package_identification:_identify(harvest_hardware/Universal_Robots_ROS2_Driver) by extensions ['colcon_pkg']
[0.384s] Level 1:colcon.colcon_core.package_identification:_identify(harvest_hardware/Universal_Robots_ROS2_Driver) by extension 'colcon_pkg'
[0.384s] Level 1:colcon.colcon_core.package_identification:_identify(harvest_hardware/Universal_Robots_ROS2_Driver) by extensions ['colcon_meta']
[0.384s] Level 1:colcon.colcon_core.package_identification:_identify(harvest_hardware/Universal_Robots_ROS2_Driver) by extension 'colcon_meta'
[0.384s] Level 1:colcon.colcon_core.package_identification:_identify(harvest_hardware/Universal_Robots_ROS2_Driver) by extensions ['ros']
[0.384s] Level 1:colcon.colcon_core.package_identification:_identify(harvest_hardware/Universal_Robots_ROS2_Driver) by extension 'ros'
[0.384s] Level 1:colcon.colcon_core.package_identification:_identify(harvest_hardware/Universal_Robots_ROS2_Driver) by extensions ['cmake', 'python']
[0.384s] Level 1:colcon.colcon_core.package_identification:_identify(harvest_hardware/Universal_Robots_ROS2_Driver) by extension 'cmake'
[0.384s] Level 1:colcon.colcon_core.package_identification:_identify(harvest_hardware/Universal_Robots_ROS2_Driver) by extension 'python'
[0.384s] Level 1:colcon.colcon_core.package_identification:_identify(harvest_hardware/Universal_Robots_ROS2_Driver) by extensions ['python_setup_py']
[0.384s] Level 1:colcon.colcon_core.package_identification:_identify(harvest_hardware/Universal_Robots_ROS2_Driver) by extension 'python_setup_py'
[0.385s] Level 1:colcon.colcon_core.package_identification:_identify(harvest_hardware/Universal_Robots_ROS2_Driver/ur) by extensions ['ignore', 'ignore_ament_install']
[0.385s] Level 1:colcon.colcon_core.package_identification:_identify(harvest_hardware/Universal_Robots_ROS2_Driver/ur) by extension 'ignore'
[0.385s] Level 1:colcon.colcon_core.package_identification:_identify(harvest_hardware/Universal_Robots_ROS2_Driver/ur) by extension 'ignore_ament_install'
[0.385s] Level 1:colcon.colcon_core.package_identification:_identify(harvest_hardware/Universal_Robots_ROS2_Driver/ur) by extensions ['colcon_pkg']
[0.385s] Level 1:colcon.colcon_core.package_identification:_identify(harvest_hardware/Universal_Robots_ROS2_Driver/ur) by extension 'colcon_pkg'
[0.385s] Level 1:colcon.colcon_core.package_identification:_identify(harvest_hardware/Universal_Robots_ROS2_Driver/ur) by extensions ['colcon_meta']
[0.385s] Level 1:colcon.colcon_core.package_identification:_identify(harvest_hardware/Universal_Robots_ROS2_Driver/ur) by extension 'colcon_meta'
[0.385s] Level 1:colcon.colcon_core.package_identification:_identify(harvest_hardware/Universal_Robots_ROS2_Driver/ur) by extensions ['ros']
[0.385s] Level 1:colcon.colcon_core.package_identification:_identify(harvest_hardware/Universal_Robots_ROS2_Driver/ur) by extension 'ros'
[0.385s] DEBUG:colcon.colcon_core.package_identification:Package 'harvest_hardware/Universal_Robots_ROS2_Driver/ur' with type 'ros.ament_cmake' and name 'ur'
[0.385s] Level 1:colcon.colcon_core.package_identification:_identify(harvest_hardware/Universal_Robots_ROS2_Driver/ur_bringup) by extensions ['ignore', 'ignore_ament_install']
[0.385s] Level 1:colcon.colcon_core.package_identification:_identify(harvest_hardware/Universal_Robots_ROS2_Driver/ur_bringup) by extension 'ignore'
[0.386s] Level 1:colcon.colcon_core.package_identification:_identify(harvest_hardware/Universal_Robots_ROS2_Driver/ur_bringup) by extension 'ignore_ament_install'
[0.386s] Level 1:colcon.colcon_core.package_identification:_identify(harvest_hardware/Universal_Robots_ROS2_Driver/ur_bringup) by extensions ['colcon_pkg']
[0.386s] Level 1:colcon.colcon_core.package_identification:_identify(harvest_hardware/Universal_Robots_ROS2_Driver/ur_bringup) by extension 'colcon_pkg'
[0.386s] Level 1:colcon.colcon_core.package_identification:_identify(harvest_hardware/Universal_Robots_ROS2_Driver/ur_bringup) by extensions ['colcon_meta']
[0.386s] Level 1:colcon.colcon_core.package_identification:_identify(harvest_hardware/Universal_Robots_ROS2_Driver/ur_bringup) by extension 'colcon_meta'
[0.386s] Level 1:colcon.colcon_core.package_identification:_identify(harvest_hardware/Universal_Robots_ROS2_Driver/ur_bringup) by extensions ['ros']
[0.386s] Level 1:colcon.colcon_core.package_identification:_identify(harvest_hardware/Universal_Robots_ROS2_Driver/ur_bringup) by extension 'ros'
[0.386s] DEBUG:colcon.colcon_core.package_identification:Package 'harvest_hardware/Universal_Robots_ROS2_Driver/ur_bringup' with type 'ros.ament_cmake' and name 'ur_bringup'
[0.386s] Level 1:colcon.colcon_core.package_identification:_identify(harvest_hardware/Universal_Robots_ROS2_Driver/ur_calibration) by extensions ['ignore', 'ignore_ament_install']
[0.387s] Level 1:colcon.colcon_core.package_identification:_identify(harvest_hardware/Universal_Robots_ROS2_Driver/ur_calibration) by extension 'ignore'
[0.387s] Level 1:colcon.colcon_core.package_identification:_identify(harvest_hardware/Universal_Robots_ROS2_Driver/ur_calibration) by extension 'ignore_ament_install'
[0.387s] Level 1:colcon.colcon_core.package_identification:_identify(harvest_hardware/Universal_Robots_ROS2_Driver/ur_calibration) by extensions ['colcon_pkg']
[0.387s] Level 1:colcon.colcon_core.package_identification:_identify(harvest_hardware/Universal_Robots_ROS2_Driver/ur_calibration) by extension 'colcon_pkg'
[0.387s] Level 1:colcon.colcon_core.package_identification:_identify(harvest_hardware/Universal_Robots_ROS2_Driver/ur_calibration) by extensions ['colcon_meta']
[0.387s] Level 1:colcon.colcon_core.package_identification:_identify(harvest_hardware/Universal_Robots_ROS2_Driver/ur_calibration) by extension 'colcon_meta'
[0.387s] Level 1:colcon.colcon_core.package_identification:_identify(harvest_hardware/Universal_Robots_ROS2_Driver/ur_calibration) by extensions ['ros']
[0.387s] Level 1:colcon.colcon_core.package_identification:_identify(harvest_hardware/Universal_Robots_ROS2_Driver/ur_calibration) by extension 'ros'
[0.388s] DEBUG:colcon.colcon_core.package_identification:Package 'harvest_hardware/Universal_Robots_ROS2_Driver/ur_calibration' with type 'ros.ament_cmake' and name 'ur_calibration'
[0.388s] Level 1:colcon.colcon_core.package_identification:_identify(harvest_hardware/Universal_Robots_ROS2_Driver/ur_controllers) by extensions ['ignore', 'ignore_ament_install']
[0.388s] Level 1:colcon.colcon_core.package_identification:_identify(harvest_hardware/Universal_Robots_ROS2_Driver/ur_controllers) by extension 'ignore'
[0.388s] Level 1:colcon.colcon_core.package_identification:_identify(harvest_hardware/Universal_Robots_ROS2_Driver/ur_controllers) by extension 'ignore_ament_install'
[0.388s] Level 1:colcon.colcon_core.package_identification:_identify(harvest_hardware/Universal_Robots_ROS2_Driver/ur_controllers) by extensions ['colcon_pkg']
[0.388s] Level 1:colcon.colcon_core.package_identification:_identify(harvest_hardware/Universal_Robots_ROS2_Driver/ur_controllers) by extension 'colcon_pkg'
[0.388s] Level 1:colcon.colcon_core.package_identification:_identify(harvest_hardware/Universal_Robots_ROS2_Driver/ur_controllers) by extensions ['colcon_meta']
[0.388s] Level 1:colcon.colcon_core.package_identification:_identify(harvest_hardware/Universal_Robots_ROS2_Driver/ur_controllers) by extension 'colcon_meta'
[0.388s] Level 1:colcon.colcon_core.package_identification:_identify(harvest_hardware/Universal_Robots_ROS2_Driver/ur_controllers) by extensions ['ros']
[0.388s] Level 1:colcon.colcon_core.package_identification:_identify(harvest_hardware/Universal_Robots_ROS2_Driver/ur_controllers) by extension 'ros'
[0.389s] DEBUG:colcon.colcon_core.package_identification:Package 'harvest_hardware/Universal_Robots_ROS2_Driver/ur_controllers' with type 'ros.ament_cmake' and name 'ur_controllers'
[0.389s] Level 1:colcon.colcon_core.package_identification:_identify(harvest_hardware/Universal_Robots_ROS2_Driver/ur_dashboard_msgs) by extensions ['ignore', 'ignore_ament_install']
[0.389s] Level 1:colcon.colcon_core.package_identification:_identify(harvest_hardware/Universal_Robots_ROS2_Driver/ur_dashboard_msgs) by extension 'ignore'
[0.389s] Level 1:colcon.colcon_core.package_identification:_identify(harvest_hardware/Universal_Robots_ROS2_Driver/ur_dashboard_msgs) by extension 'ignore_ament_install'
[0.389s] Level 1:colcon.colcon_core.package_identification:_identify(harvest_hardware/Universal_Robots_ROS2_Driver/ur_dashboard_msgs) by extensions ['colcon_pkg']
[0.389s] Level 1:colcon.colcon_core.package_identification:_identify(harvest_hardware/Universal_Robots_ROS2_Driver/ur_dashboard_msgs) by extension 'colcon_pkg'
[0.389s] Level 1:colcon.colcon_core.package_identification:_identify(harvest_hardware/Universal_Robots_ROS2_Driver/ur_dashboard_msgs) by extensions ['colcon_meta']
[0.389s] Level 1:colcon.colcon_core.package_identification:_identify(harvest_hardware/Universal_Robots_ROS2_Driver/ur_dashboard_msgs) by extension 'colcon_meta'
[0.389s] Level 1:colcon.colcon_core.package_identification:_identify(harvest_hardware/Universal_Robots_ROS2_Driver/ur_dashboard_msgs) by extensions ['ros']
[0.389s] Level 1:colcon.colcon_core.package_identification:_identify(harvest_hardware/Universal_Robots_ROS2_Driver/ur_dashboard_msgs) by extension 'ros'
[0.390s] DEBUG:colcon.colcon_core.package_identification:Package 'harvest_hardware/Universal_Robots_ROS2_Driver/ur_dashboard_msgs' with type 'ros.ament_cmake' and name 'ur_dashboard_msgs'
[0.390s] Level 1:colcon.colcon_core.package_identification:_identify(harvest_hardware/Universal_Robots_ROS2_Driver/ur_moveit_config) by extensions ['ignore', 'ignore_ament_install']
[0.390s] Level 1:colcon.colcon_core.package_identification:_identify(harvest_hardware/Universal_Robots_ROS2_Driver/ur_moveit_config) by extension 'ignore'
[0.390s] Level 1:colcon.colcon_core.package_identification:_identify(harvest_hardware/Universal_Robots_ROS2_Driver/ur_moveit_config) by extension 'ignore_ament_install'
[0.390s] Level 1:colcon.colcon_core.package_identification:_identify(harvest_hardware/Universal_Robots_ROS2_Driver/ur_moveit_config) by extensions ['colcon_pkg']
[0.390s] Level 1:colcon.colcon_core.package_identification:_identify(harvest_hardware/Universal_Robots_ROS2_Driver/ur_moveit_config) by extension 'colcon_pkg'
[0.390s] Level 1:colcon.colcon_core.package_identification:_identify(harvest_hardware/Universal_Robots_ROS2_Driver/ur_moveit_config) by extensions ['colcon_meta']
[0.390s] Level 1:colcon.colcon_core.package_identification:_identify(harvest_hardware/Universal_Robots_ROS2_Driver/ur_moveit_config) by extension 'colcon_meta'
[0.390s] Level 1:colcon.colcon_core.package_identification:_identify(harvest_hardware/Universal_Robots_ROS2_Driver/ur_moveit_config) by extensions ['ros']
[0.390s] Level 1:colcon.colcon_core.package_identification:_identify(harvest_hardware/Universal_Robots_ROS2_Driver/ur_moveit_config) by extension 'ros'
[0.391s] DEBUG:colcon.colcon_core.package_identification:Package 'harvest_hardware/Universal_Robots_ROS2_Driver/ur_moveit_config' with type 'ros.ament_cmake' and name 'ur_moveit_config'
[0.391s] Level 1:colcon.colcon_core.package_identification:_identify(harvest_hardware/Universal_Robots_ROS2_Driver/ur_robot_driver) by extensions ['ignore', 'ignore_ament_install']
[0.391s] Level 1:colcon.colcon_core.package_identification:_identify(harvest_hardware/Universal_Robots_ROS2_Driver/ur_robot_driver) by extension 'ignore'
[0.391s] Level 1:colcon.colcon_core.package_identification:_identify(harvest_hardware/Universal_Robots_ROS2_Driver/ur_robot_driver) by extension 'ignore_ament_install'
[0.391s] Level 1:colcon.colcon_core.package_identification:_identify(harvest_hardware/Universal_Robots_ROS2_Driver/ur_robot_driver) by extensions ['colcon_pkg']
[0.391s] Level 1:colcon.colcon_core.package_identification:_identify(harvest_hardware/Universal_Robots_ROS2_Driver/ur_robot_driver) by extension 'colcon_pkg'
[0.391s] Level 1:colcon.colcon_core.package_identification:_identify(harvest_hardware/Universal_Robots_ROS2_Driver/ur_robot_driver) by extensions ['colcon_meta']
[0.391s] Level 1:colcon.colcon_core.package_identification:_identify(harvest_hardware/Universal_Robots_ROS2_Driver/ur_robot_driver) by extension 'colcon_meta'
[0.391s] Level 1:colcon.colcon_core.package_identification:_identify(harvest_hardware/Universal_Robots_ROS2_Driver/ur_robot_driver) by extensions ['ros']
[0.391s] Level 1:colcon.colcon_core.package_identification:_identify(harvest_hardware/Universal_Robots_ROS2_Driver/ur_robot_driver) by extension 'ros'
[0.393s] DEBUG:colcon.colcon_core.package_identification:Package 'harvest_hardware/Universal_Robots_ROS2_Driver/ur_robot_driver' with type 'ros.ament_cmake' and name 'ur_robot_driver'
[0.393s] Level 1:colcon.colcon_core.package_identification:_identify(harvest_hardware/realsense-ros) by extensions ['ignore', 'ignore_ament_install']
[0.393s] Level 1:colcon.colcon_core.package_identification:_identify(harvest_hardware/realsense-ros) by extension 'ignore'
[0.393s] Level 1:colcon.colcon_core.package_identification:_identify(harvest_hardware/realsense-ros) by extension 'ignore_ament_install'
[0.393s] Level 1:colcon.colcon_core.package_identification:_identify(harvest_hardware/realsense-ros) by extensions ['colcon_pkg']
[0.393s] Level 1:colcon.colcon_core.package_identification:_identify(harvest_hardware/realsense-ros) by extension 'colcon_pkg'
[0.393s] Level 1:colcon.colcon_core.package_identification:_identify(harvest_hardware/realsense-ros) by extensions ['colcon_meta']
[0.393s] Level 1:colcon.colcon_core.package_identification:_identify(harvest_hardware/realsense-ros) by extension 'colcon_meta'
[0.393s] Level 1:colcon.colcon_core.package_identification:_identify(harvest_hardware/realsense-ros) by extensions ['ros']
[0.393s] Level 1:colcon.colcon_core.package_identification:_identify(harvest_hardware/realsense-ros) by extension 'ros'
[0.393s] Level 1:colcon.colcon_core.package_identification:_identify(harvest_hardware/realsense-ros) by extensions ['cmake', 'python']
[0.393s] Level 1:colcon.colcon_core.package_identification:_identify(harvest_hardware/realsense-ros) by extension 'cmake'
[0.394s] Level 1:colcon.colcon_core.package_identification:_identify(harvest_hardware/realsense-ros) by extension 'python'
[0.394s] Level 1:colcon.colcon_core.package_identification:_identify(harvest_hardware/realsense-ros) by extensions ['python_setup_py']
[0.394s] Level 1:colcon.colcon_core.package_identification:_identify(harvest_hardware/realsense-ros) by extension 'python_setup_py'
[0.394s] Level 1:colcon.colcon_core.package_identification:_identify(harvest_hardware/realsense-ros/realsense2_camera) by extensions ['ignore', 'ignore_ament_install']
[0.394s] Level 1:colcon.colcon_core.package_identification:_identify(harvest_hardware/realsense-ros/realsense2_camera) by extension 'ignore'
[0.394s] Level 1:colcon.colcon_core.package_identification:_identify(harvest_hardware/realsense-ros/realsense2_camera) by extension 'ignore_ament_install'
[0.394s] Level 1:colcon.colcon_core.package_identification:_identify(harvest_hardware/realsense-ros/realsense2_camera) by extensions ['colcon_pkg']
[0.394s] Level 1:colcon.colcon_core.package_identification:_identify(harvest_hardware/realsense-ros/realsense2_camera) by extension 'colcon_pkg'
[0.394s] Level 1:colcon.colcon_core.package_identification:_identify(harvest_hardware/realsense-ros/realsense2_camera) by extensions ['colcon_meta']
[0.394s] Level 1:colcon.colcon_core.package_identification:_identify(harvest_hardware/realsense-ros/realsense2_camera) by extension 'colcon_meta'
[0.394s] Level 1:colcon.colcon_core.package_identification:_identify(harvest_hardware/realsense-ros/realsense2_camera) by extensions ['ros']
[0.394s] Level 1:colcon.colcon_core.package_identification:_identify(harvest_hardware/realsense-ros/realsense2_camera) by extension 'ros'
[0.399s] DEBUG:colcon.colcon_core.package_identification:Package 'harvest_hardware/realsense-ros/realsense2_camera' with type 'ros.ament_cmake' and name 'realsense2_camera'
[0.399s] Level 1:colcon.colcon_core.package_identification:_identify(harvest_hardware/realsense-ros/realsense2_camera_msgs) by extensions ['ignore', 'ignore_ament_install']
[0.399s] Level 1:colcon.colcon_core.package_identification:_identify(harvest_hardware/realsense-ros/realsense2_camera_msgs) by extension 'ignore'
[0.399s] Level 1:colcon.colcon_core.package_identification:_identify(harvest_hardware/realsense-ros/realsense2_camera_msgs) by extension 'ignore_ament_install'
[0.399s] Level 1:colcon.colcon_core.package_identification:_identify(harvest_hardware/realsense-ros/realsense2_camera_msgs) by extensions ['colcon_pkg']
[0.399s] Level 1:colcon.colcon_core.package_identification:_identify(harvest_hardware/realsense-ros/realsense2_camera_msgs) by extension 'colcon_pkg'
[0.399s] Level 1:colcon.colcon_core.package_identification:_identify(harvest_hardware/realsense-ros/realsense2_camera_msgs) by extensions ['colcon_meta']
[0.399s] Level 1:colcon.colcon_core.package_identification:_identify(harvest_hardware/realsense-ros/realsense2_camera_msgs) by extension 'colcon_meta'
[0.399s] Level 1:colcon.colcon_core.package_identification:_identify(harvest_hardware/realsense-ros/realsense2_camera_msgs) by extensions ['ros']
[0.399s] Level 1:colcon.colcon_core.package_identification:_identify(harvest_hardware/realsense-ros/realsense2_camera_msgs) by extension 'ros'
[0.400s] DEBUG:colcon.colcon_core.package_identification:Package 'harvest_hardware/realsense-ros/realsense2_camera_msgs' with type 'ros.ament_cmake' and name 'realsense2_camera_msgs'
[0.400s] Level 1:colcon.colcon_core.package_identification:_identify(harvest_hardware/realsense-ros/realsense2_description) by extensions ['ignore', 'ignore_ament_install']
[0.400s] Level 1:colcon.colcon_core.package_identification:_identify(harvest_hardware/realsense-ros/realsense2_description) by extension 'ignore'
[0.400s] Level 1:colcon.colcon_core.package_identification:_identify(harvest_hardware/realsense-ros/realsense2_description) by extension 'ignore_ament_install'
[0.400s] Level 1:colcon.colcon_core.package_identification:_identify(harvest_hardware/realsense-ros/realsense2_description) by extensions ['colcon_pkg']
[0.400s] Level 1:colcon.colcon_core.package_identification:_identify(harvest_hardware/realsense-ros/realsense2_description) by extension 'colcon_pkg'
[0.400s] Level 1:colcon.colcon_core.package_identification:_identify(harvest_hardware/realsense-ros/realsense2_description) by extensions ['colcon_meta']
[0.400s] Level 1:colcon.colcon_core.package_identification:_identify(harvest_hardware/realsense-ros/realsense2_description) by extension 'colcon_meta'
[0.400s] Level 1:colcon.colcon_core.package_identification:_identify(harvest_hardware/realsense-ros/realsense2_description) by extensions ['ros']
[0.400s] Level 1:colcon.colcon_core.package_identification:_identify(harvest_hardware/realsense-ros/realsense2_description) by extension 'ros'
[0.401s] DEBUG:colcon.colcon_core.package_identification:Package 'harvest_hardware/realsense-ros/realsense2_description' with type 'ros.ament_cmake' and name 'realsense2_description'
[0.401s] Level 1:colcon.colcon_core.package_identification:_identify(harvest_hardware/realsense-ros/scripts) by extensions ['ignore', 'ignore_ament_install']
[0.401s] Level 1:colcon.colcon_core.package_identification:_identify(harvest_hardware/realsense-ros/scripts) by extension 'ignore'
[0.401s] Level 1:colcon.colcon_core.package_identification:_identify(harvest_hardware/realsense-ros/scripts) by extension 'ignore_ament_install'
[0.401s] Level 1:colcon.colcon_core.package_identification:_identify(harvest_hardware/realsense-ros/scripts) by extensions ['colcon_pkg']
[0.401s] Level 1:colcon.colcon_core.package_identification:_identify(harvest_hardware/realsense-ros/scripts) by extension 'colcon_pkg'
[0.401s] Level 1:colcon.colcon_core.package_identification:_identify(harvest_hardware/realsense-ros/scripts) by extensions ['colcon_meta']
[0.401s] Level 1:colcon.colcon_core.package_identification:_identify(harvest_hardware/realsense-ros/scripts) by extension 'colcon_meta'
[0.402s] Level 1:colcon.colcon_core.package_identification:_identify(harvest_hardware/realsense-ros/scripts) by extensions ['ros']
[0.402s] Level 1:colcon.colcon_core.package_identification:_identify(harvest_hardware/realsense-ros/scripts) by extension 'ros'
[0.402s] Level 1:colcon.colcon_core.package_identification:_identify(harvest_hardware/realsense-ros/scripts) by extensions ['cmake', 'python']
[0.402s] Level 1:colcon.colcon_core.package_identification:_identify(harvest_hardware/realsense-ros/scripts) by extension 'cmake'
[0.402s] Level 1:colcon.colcon_core.package_identification:_identify(harvest_hardware/realsense-ros/scripts) by extension 'python'
[0.402s] Level 1:colcon.colcon_core.package_identification:_identify(harvest_hardware/realsense-ros/scripts) by extensions ['python_setup_py']
[0.402s] Level 1:colcon.colcon_core.package_identification:_identify(harvest_hardware/realsense-ros/scripts) by extension 'python_setup_py'
[0.402s] Level 1:colcon.colcon_core.package_identification:_identify(harvest_hardware/ur5e_custom_hardware) by extensions ['ignore', 'ignore_ament_install']
[0.402s] Level 1:colcon.colcon_core.package_identification:_identify(harvest_hardware/ur5e_custom_hardware) by extension 'ignore'
[0.402s] Level 1:colcon.colcon_core.package_identification:_identify(harvest_hardware/ur5e_custom_hardware) by extension 'ignore_ament_install'
[0.402s] Level 1:colcon.colcon_core.package_identification:_identify(harvest_hardware/ur5e_custom_hardware) by extensions ['colcon_pkg']
[0.402s] Level 1:colcon.colcon_core.package_identification:_identify(harvest_hardware/ur5e_custom_hardware) by extension 'colcon_pkg'
[0.402s] Level 1:colcon.colcon_core.package_identification:_identify(harvest_hardware/ur5e_custom_hardware) by extensions ['colcon_meta']
[0.402s] Level 1:colcon.colcon_core.package_identification:_identify(harvest_hardware/ur5e_custom_hardware) by extension 'colcon_meta'
[0.402s] Level 1:colcon.colcon_core.package_identification:_identify(harvest_hardware/ur5e_custom_hardware) by extensions ['ros']
[0.402s] Level 1:colcon.colcon_core.package_identification:_identify(harvest_hardware/ur5e_custom_hardware) by extension 'ros'
[0.403s] DEBUG:colcon.colcon_core.package_identification:Package 'harvest_hardware/ur5e_custom_hardware' with type 'ros.ament_python' and name 'ur5e_custom_hardware'
[0.403s] Level 1:colcon.colcon_core.package_identification:_identify(harvest_interfaces) by extensions ['ignore', 'ignore_ament_install']
[0.403s] Level 1:colcon.colcon_core.package_identification:_identify(harvest_interfaces) by extension 'ignore'
[0.403s] Level 1:colcon.colcon_core.package_identification:_identify(harvest_interfaces) by extension 'ignore_ament_install'
[0.403s] Level 1:colcon.colcon_core.package_identification:_identify(harvest_interfaces) by extensions ['colcon_pkg']
[0.403s] Level 1:colcon.colcon_core.package_identification:_identify(harvest_interfaces) by extension 'colcon_pkg'
[0.403s] Level 1:colcon.colcon_core.package_identification:_identify(harvest_interfaces) by extensions ['colcon_meta']
[0.403s] Level 1:colcon.colcon_core.package_identification:_identify(harvest_interfaces) by extension 'colcon_meta'
[0.403s] Level 1:colcon.colcon_core.package_identification:_identify(harvest_interfaces) by extensions ['ros']
[0.403s] Level 1:colcon.colcon_core.package_identification:_identify(harvest_interfaces) by extension 'ros'
[0.404s] DEBUG:colcon.colcon_core.package_identification:Package 'harvest_interfaces' with type 'ros.ament_cmake' and name 'harvest_interfaces'
[0.404s] Level 1:colcon.colcon_core.package_identification:_identify(harvest_vision) by extensions ['ignore', 'ignore_ament_install']
[0.404s] Level 1:colcon.colcon_core.package_identification:_identify(harvest_vision) by extension 'ignore'
[0.404s] Level 1:colcon.colcon_core.package_identification:_identify(harvest_vision) by extension 'ignore_ament_install'
[0.404s] Level 1:colcon.colcon_core.package_identification:_identify(harvest_vision) by extensions ['colcon_pkg']
[0.404s] Level 1:colcon.colcon_core.package_identification:_identify(harvest_vision) by extension 'colcon_pkg'
[0.404s] Level 1:colcon.colcon_core.package_identification:_identify(harvest_vision) by extensions ['colcon_meta']
[0.404s] Level 1:colcon.colcon_core.package_identification:_identify(harvest_vision) by extension 'colcon_meta'
[0.405s] Level 1:colcon.colcon_core.package_identification:_identify(harvest_vision) by extensions ['ros']
[0.405s] Level 1:colcon.colcon_core.package_identification:_identify(harvest_vision) by extension 'ros'
[0.405s] DEBUG:colcon.colcon_core.package_identification:Package 'harvest_vision' with type 'ros.ament_python' and name 'harvest_vision'
[0.405s] Level 1:colcon.colcon_core.package_identification:_identify(install) by extensions ['ignore', 'ignore_ament_install']
[0.405s] Level 1:colcon.colcon_core.package_identification:_identify(install) by extension 'ignore'
[0.405s] Level 1:colcon.colcon_core.package_identification:_identify(install) ignored
[0.406s] Level 1:colcon.colcon_core.package_identification:_identify(log) by extensions ['ignore', 'ignore_ament_install']
[0.406s] Level 1:colcon.colcon_core.package_identification:_identify(log) by extension 'ignore'
[0.406s] Level 1:colcon.colcon_core.package_identification:_identify(log) ignored
[0.406s] Level 1:colcon.colcon_core.package_discovery:discover_packages(recursive) using defaults
[0.406s] Level 1:colcon.colcon_core.package_discovery:discover_packages(ignore) discover
[0.406s] Level 1:colcon.colcon_core.package_discovery:discover_packages(ignore) using defaults
[0.406s] Level 1:colcon.colcon_core.package_discovery:discover_packages(path) discover
[0.406s] Level 1:colcon.colcon_core.package_discovery:discover_packages(path) using defaults
[0.426s] Level 1:colcon.colcon_core.package_discovery:discover_packages(prefix_path) check parameters
[0.426s] Level 1:colcon.colcon_core.package_discovery:discover_packages(prefix_path) discover
[0.429s] DEBUG:colcon.colcon_installed_package_information.package_discovery:Found 399 installed packages in /opt/ros/humble
[0.430s] Level 1:colcon.colcon_core.package_discovery:discover_packages(prefix_path) using defaults
[0.467s] Level 5:colcon.colcon_core.verb:set package 'harvest_interfaces' build argument 'cmake_args' from command line to 'None'
[0.467s] Level 5:colcon.colcon_core.verb:set package 'harvest_interfaces' build argument 'cmake_target' from command line to 'None'
[0.467s] Level 5:colcon.colcon_core.verb:set package 'harvest_interfaces' build argument 'cmake_target_skip_unavailable' from command line to 'False'
[0.467s] Level 5:colcon.colcon_core.verb:set package 'harvest_interfaces' build argument 'cmake_clean_cache' from command line to 'False'
[0.467s] Level 5:colcon.colcon_core.verb:set package 'harvest_interfaces' build argument 'cmake_clean_first' from command line to 'False'
[0.467s] Level 5:colcon.colcon_core.verb:set package 'harvest_interfaces' build argument 'cmake_force_configure' from command line to 'False'
[0.467s] Level 5:colcon.colcon_core.verb:set package 'harvest_interfaces' build argument 'ament_cmake_args' from command line to 'None'
[0.467s] Level 5:colcon.colcon_core.verb:set package 'harvest_interfaces' build argument 'catkin_cmake_args' from command line to 'None'
[0.467s] Level 5:colcon.colcon_core.verb:set package 'harvest_interfaces' build argument 'catkin_skip_building_tests' from command line to 'False'
[0.467s] DEBUG:colcon.colcon_core.verb:Building package 'harvest_interfaces' with the following arguments: {'ament_cmake_args': None, 'build_base': '/home/imml/git/research_2025/apple-harvest-eva/build/harvest_interfaces', 'catkin_cmake_args': None, 'catkin_skip_building_tests': False, 'cmake_args': None, 'cmake_clean_cache': False, 'cmake_clean_first': False, 'cmake_force_configure': False, 'cmake_target': None, 'cmake_target_skip_unavailable': False, 'install_base': '/home/imml/git/research_2025/apple-harvest-eva/install/harvest_interfaces', 'merge_install': False, 'path': '/home/imml/git/research_2025/apple-harvest-eva/harvest_interfaces', 'symlink_install': True, 'test_result_base': None}
[0.467s] Level 5:colcon.colcon_core.verb:set package 'realsense2_camera_msgs' build argument 'cmake_args' from command line to 'None'
[0.467s] Level 5:colcon.colcon_core.verb:set package 'realsense2_camera_msgs' build argument 'cmake_target' from command line to 'None'
[0.467s] Level 5:colcon.colcon_core.verb:set package 'realsense2_camera_msgs' build argument 'cmake_target_skip_unavailable' from command line to 'False'
[0.467s] Level 5:colcon.colcon_core.verb:set package 'realsense2_camera_msgs' build argument 'cmake_clean_cache' from command line to 'False'
[0.467s] Level 5:colcon.colcon_core.verb:set package 'realsense2_camera_msgs' build argument 'cmake_clean_first' from command line to 'False'
[0.467s] Level 5:colcon.colcon_core.verb:set package 'realsense2_camera_msgs' build argument 'cmake_force_configure' from command line to 'False'
[0.467s] Level 5:colcon.colcon_core.verb:set package 'realsense2_camera_msgs' build argument 'ament_cmake_args' from command line to 'None'
[0.467s] Level 5:colcon.colcon_core.verb:set package 'realsense2_camera_msgs' build argument 'catkin_cmake_args' from command line to 'None'
[0.467s] Level 5:colcon.colcon_core.verb:set package 'realsense2_camera_msgs' build argument 'catkin_skip_building_tests' from command line to 'False'
[0.467s] DEBUG:colcon.colcon_core.verb:Building package 'realsense2_camera_msgs' with the following arguments: {'ament_cmake_args': None, 'build_base': '/home/imml/git/research_2025/apple-harvest-eva/build/realsense2_camera_msgs', 'catkin_cmake_args': None, 'catkin_skip_building_tests': False, 'cmake_args': None, 'cmake_clean_cache': False, 'cmake_clean_first': False, 'cmake_force_configure': False, 'cmake_target': None, 'cmake_target_skip_unavailable': False, 'install_base': '/home/imml/git/research_2025/apple-harvest-eva/install/realsense2_camera_msgs', 'merge_install': False, 'path': '/home/imml/git/research_2025/apple-harvest-eva/harvest_hardware/realsense-ros/realsense2_camera_msgs', 'symlink_install': True, 'test_result_base': None}
[0.468s] Level 5:colcon.colcon_core.verb:set package 'ur5e_custom_hardware' build argument 'cmake_args' from command line to 'None'
[0.468s] Level 5:colcon.colcon_core.verb:set package 'ur5e_custom_hardware' build argument 'cmake_target' from command line to 'None'
[0.468s] Level 5:colcon.colcon_core.verb:set package 'ur5e_custom_hardware' build argument 'cmake_target_skip_unavailable' from command line to 'False'
[0.468s] Level 5:colcon.colcon_core.verb:set package 'ur5e_custom_hardware' build argument 'cmake_clean_cache' from command line to 'False'
[0.468s] Level 5:colcon.colcon_core.verb:set package 'ur5e_custom_hardware' build argument 'cmake_clean_first' from command line to 'False'
[0.468s] Level 5:colcon.colcon_core.verb:set package 'ur5e_custom_hardware' build argument 'cmake_force_configure' from command line to 'False'
[0.468s] Level 5:colcon.colcon_core.verb:set package 'ur5e_custom_hardware' build argument 'ament_cmake_args' from command line to 'None'
[0.468s] Level 5:colcon.colcon_core.verb:set package 'ur5e_custom_hardware' build argument 'catkin_cmake_args' from command line to 'None'
[0.468s] Level 5:colcon.colcon_core.verb:set package 'ur5e_custom_hardware' build argument 'catkin_skip_building_tests' from command line to 'False'
[0.468s] DEBUG:colcon.colcon_core.verb:Building package 'ur5e_custom_hardware' with the following arguments: {'ament_cmake_args': None, 'build_base': '/home/imml/git/research_2025/apple-harvest-eva/build/ur5e_custom_hardware', 'catkin_cmake_args': None, 'catkin_skip_building_tests': False, 'cmake_args': None, 'cmake_clean_cache': False, 'cmake_clean_first': False, 'cmake_force_configure': False, 'cmake_target': None, 'cmake_target_skip_unavailable': False, 'install_base': '/home/imml/git/research_2025/apple-harvest-eva/install/ur5e_custom_hardware', 'merge_install': False, 'path': '/home/imml/git/research_2025/apple-harvest-eva/harvest_hardware/ur5e_custom_hardware', 'symlink_install': True, 'test_result_base': None}
[0.468s] Level 5:colcon.colcon_core.verb:set package 'ur_dashboard_msgs' build argument 'cmake_args' from command line to 'None'
[0.468s] Level 5:colcon.colcon_core.verb:set package 'ur_dashboard_msgs' build argument 'cmake_target' from command line to 'None'
[0.468s] Level 5:colcon.colcon_core.verb:set package 'ur_dashboard_msgs' build argument 'cmake_target_skip_unavailable' from command line to 'False'
[0.468s] Level 5:colcon.colcon_core.verb:set package 'ur_dashboard_msgs' build argument 'cmake_clean_cache' from command line to 'False'
[0.468s] Level 5:colcon.colcon_core.verb:set package 'ur_dashboard_msgs' build argument 'cmake_clean_first' from command line to 'False'
[0.468s] Level 5:colcon.colcon_core.verb:set package 'ur_dashboard_msgs' build argument 'cmake_force_configure' from command line to 'False'
[0.468s] Level 5:colcon.colcon_core.verb:set package 'ur_dashboard_msgs' build argument 'ament_cmake_args' from command line to 'None'
[0.468s] Level 5:colcon.colcon_core.verb:set package 'ur_dashboard_msgs' build argument 'catkin_cmake_args' from command line to 'None'
[0.468s] Level 5:colcon.colcon_core.verb:set package 'ur_dashboard_msgs' build argument 'catkin_skip_building_tests' from command line to 'False'
[0.468s] DEBUG:colcon.colcon_core.verb:Building package 'ur_dashboard_msgs' with the following arguments: {'ament_cmake_args': None, 'build_base': '/home/imml/git/research_2025/apple-harvest-eva/build/ur_dashboard_msgs', 'catkin_cmake_args': None, 'catkin_skip_building_tests': False, 'cmake_args': None, 'cmake_clean_cache': False, 'cmake_clean_first': False, 'cmake_force_configure': False, 'cmake_target': None, 'cmake_target_skip_unavailable': False, 'install_base': '/home/imml/git/research_2025/apple-harvest-eva/install/ur_dashboard_msgs', 'merge_install': False, 'path': '/home/imml/git/research_2025/apple-harvest-eva/harvest_hardware/Universal_Robots_ROS2_Driver/ur_dashboard_msgs', 'symlink_install': True, 'test_result_base': None}
[0.468s] Level 5:colcon.colcon_core.verb:set package 'ur_description' build argument 'cmake_args' from command line to 'None'
[0.468s] Level 5:colcon.colcon_core.verb:set package 'ur_description' build argument 'cmake_target' from command line to 'None'
[0.468s] Level 5:colcon.colcon_core.verb:set package 'ur_description' build argument 'cmake_target_skip_unavailable' from command line to 'False'
[0.468s] Level 5:colcon.colcon_core.verb:set package 'ur_description' build argument 'cmake_clean_cache' from command line to 'False'
[0.468s] Level 5:colcon.colcon_core.verb:set package 'ur_description' build argument 'cmake_clean_first' from command line to 'False'
[0.468s] Level 5:colcon.colcon_core.verb:set package 'ur_description' build argument 'cmake_force_configure' from command line to 'False'
[0.469s] Level 5:colcon.colcon_core.verb:set package 'ur_description' build argument 'ament_cmake_args' from command line to 'None'
[0.469s] Level 5:colcon.colcon_core.verb:set package 'ur_description' build argument 'catkin_cmake_args' from command line to 'None'
[0.469s] Level 5:colcon.colcon_core.verb:set package 'ur_description' build argument 'catkin_skip_building_tests' from command line to 'False'
[0.469s] DEBUG:colcon.colcon_core.verb:Building package 'ur_description' with the following arguments: {'ament_cmake_args': None, 'build_base': '/home/imml/git/research_2025/apple-harvest-eva/build/ur_description', 'catkin_cmake_args': None, 'catkin_skip_building_tests': False, 'cmake_args': None, 'cmake_clean_cache': False, 'cmake_clean_first': False, 'cmake_force_configure': False, 'cmake_target': None, 'cmake_target_skip_unavailable': False, 'install_base': '/home/imml/git/research_2025/apple-harvest-eva/install/ur_description', 'merge_install': False, 'path': '/home/imml/git/research_2025/apple-harvest-eva/harvest_hardware/Universal_Robots_ROS2_Description', 'symlink_install': True, 'test_result_base': None}
[0.469s] Level 5:colcon.colcon_core.verb:set package 'harvest' build argument 'cmake_args' from command line to 'None'
[0.469s] Level 5:colcon.colcon_core.verb:set package 'harvest' build argument 'cmake_target' from command line to 'None'
[0.469s] Level 5:colcon.colcon_core.verb:set package 'harvest' build argument 'cmake_target_skip_unavailable' from command line to 'False'
[0.469s] Level 5:colcon.colcon_core.verb:set package 'harvest' build argument 'cmake_clean_cache' from command line to 'False'
[0.469s] Level 5:colcon.colcon_core.verb:set package 'harvest' build argument 'cmake_clean_first' from command line to 'False'
[0.469s] Level 5:colcon.colcon_core.verb:set package 'harvest' build argument 'cmake_force_configure' from command line to 'False'
[0.469s] Level 5:colcon.colcon_core.verb:set package 'harvest' build argument 'ament_cmake_args' from command line to 'None'
[0.469s] Level 5:colcon.colcon_core.verb:set package 'harvest' build argument 'catkin_cmake_args' from command line to 'None'
[0.469s] Level 5:colcon.colcon_core.verb:set package 'harvest' build argument 'catkin_skip_building_tests' from command line to 'False'
[0.469s] DEBUG:colcon.colcon_core.verb:Building package 'harvest' with the following arguments: {'ament_cmake_args': None, 'build_base': '/home/imml/git/research_2025/apple-harvest-eva/build/harvest', 'catkin_cmake_args': None, 'catkin_skip_building_tests': False, 'cmake_args': None, 'cmake_clean_cache': False, 'cmake_clean_first': False, 'cmake_force_configure': False, 'cmake_target': None, 'cmake_target_skip_unavailable': False, 'install_base': '/home/imml/git/research_2025/apple-harvest-eva/install/harvest', 'merge_install': False, 'path': '/home/imml/git/research_2025/apple-harvest-eva/harvest', 'symlink_install': True, 'test_result_base': None}
[0.469s] Level 5:colcon.colcon_core.verb:set package 'harvest_control' build argument 'cmake_args' from command line to 'None'
[0.469s] Level 5:colcon.colcon_core.verb:set package 'harvest_control' build argument 'cmake_target' from command line to 'None'
[0.469s] Level 5:colcon.colcon_core.verb:set package 'harvest_control' build argument 'cmake_target_skip_unavailable' from command line to 'False'
[0.469s] Level 5:colcon.colcon_core.verb:set package 'harvest_control' build argument 'cmake_clean_cache' from command line to 'False'
[0.469s] Level 5:colcon.colcon_core.verb:set package 'harvest_control' build argument 'cmake_clean_first' from command line to 'False'
[0.469s] Level 5:colcon.colcon_core.verb:set package 'harvest_control' build argument 'cmake_force_configure' from command line to 'False'
[0.469s] Level 5:colcon.colcon_core.verb:set package 'harvest_control' build argument 'ament_cmake_args' from command line to 'None'
[0.469s] Level 5:colcon.colcon_core.verb:set package 'harvest_control' build argument 'catkin_cmake_args' from command line to 'None'
[0.469s] Level 5:colcon.colcon_core.verb:set package 'harvest_control' build argument 'catkin_skip_building_tests' from command line to 'False'
[0.469s] DEBUG:colcon.colcon_core.verb:Building package 'harvest_control' with the following arguments: {'ament_cmake_args': None, 'build_base': '/home/imml/git/research_2025/apple-harvest-eva/build/harvest_control', 'catkin_cmake_args': None, 'catkin_skip_building_tests': False, 'cmake_args': None, 'cmake_clean_cache': False, 'cmake_clean_first': False, 'cmake_force_configure': False, 'cmake_target': None, 'cmake_target_skip_unavailable': False, 'install_base': '/home/imml/git/research_2025/apple-harvest-eva/install/harvest_control', 'merge_install': False, 'path': '/home/imml/git/research_2025/apple-harvest-eva/harvest_control', 'symlink_install': True, 'test_result_base': None}
[0.470s] Level 5:colcon.colcon_core.verb:set package 'harvest_vision' build argument 'cmake_args' from command line to 'None'
[0.470s] Level 5:colcon.colcon_core.verb:set package 'harvest_vision' build argument 'cmake_target' from command line to 'None'
[0.470s] Level 5:colcon.colcon_core.verb:set package 'harvest_vision' build argument 'cmake_target_skip_unavailable' from command line to 'False'
[0.470s] Level 5:colcon.colcon_core.verb:set package 'harvest_vision' build argument 'cmake_clean_cache' from command line to 'False'
[0.470s] Level 5:colcon.colcon_core.verb:set package 'harvest_vision' build argument 'cmake_clean_first' from command line to 'False'
[0.470s] Level 5:colcon.colcon_core.verb:set package 'harvest_vision' build argument 'cmake_force_configure' from command line to 'False'
[0.470s] Level 5:colcon.colcon_core.verb:set package 'harvest_vision' build argument 'ament_cmake_args' from command line to 'None'
[0.470s] Level 5:colcon.colcon_core.verb:set package 'harvest_vision' build argument 'catkin_cmake_args' from command line to 'None'
[0.470s] Level 5:colcon.colcon_core.verb:set package 'harvest_vision' build argument 'catkin_skip_building_tests' from command line to 'False'
[0.470s] DEBUG:colcon.colcon_core.verb:Building package 'harvest_vision' with the following arguments: {'ament_cmake_args': None, 'build_base': '/home/imml/git/research_2025/apple-harvest-eva/build/harvest_vision', 'catkin_cmake_args': None, 'catkin_skip_building_tests': False, 'cmake_args': None, 'cmake_clean_cache': False, 'cmake_clean_first': False, 'cmake_force_configure': False, 'cmake_target': None, 'cmake_target_skip_unavailable': False, 'install_base': '/home/imml/git/research_2025/apple-harvest-eva/install/harvest_vision', 'merge_install': False, 'path': '/home/imml/git/research_2025/apple-harvest-eva/harvest_vision', 'symlink_install': True, 'test_result_base': None}
[0.470s] Level 5:colcon.colcon_core.verb:set package 'realsense2_camera' build argument 'cmake_args' from command line to 'None'
[0.470s] Level 5:colcon.colcon_core.verb:set package 'realsense2_camera' build argument 'cmake_target' from command line to 'None'
[0.470s] Level 5:colcon.colcon_core.verb:set package 'realsense2_camera' build argument 'cmake_target_skip_unavailable' from command line to 'False'
[0.470s] Level 5:colcon.colcon_core.verb:set package 'realsense2_camera' build argument 'cmake_clean_cache' from command line to 'False'
[0.470s] Level 5:colcon.colcon_core.verb:set package 'realsense2_camera' build argument 'cmake_clean_first' from command line to 'False'
[0.470s] Level 5:colcon.colcon_core.verb:set package 'realsense2_camera' build argument 'cmake_force_configure' from command line to 'False'
[0.470s] Level 5:colcon.colcon_core.verb:set package 'realsense2_camera' build argument 'ament_cmake_args' from command line to 'None'
[0.470s] Level 5:colcon.colcon_core.verb:set package 'realsense2_camera' build argument 'catkin_cmake_args' from command line to 'None'
[0.470s] Level 5:colcon.colcon_core.verb:set package 'realsense2_camera' build argument 'catkin_skip_building_tests' from command line to 'False'
[0.470s] DEBUG:colcon.colcon_core.verb:Building package 'realsense2_camera' with the following arguments: {'ament_cmake_args': None, 'build_base': '/home/imml/git/research_2025/apple-harvest-eva/build/realsense2_camera', 'catkin_cmake_args': None, 'catkin_skip_building_tests': False, 'cmake_args': None, 'cmake_clean_cache': False, 'cmake_clean_first': False, 'cmake_force_configure': False, 'cmake_target': None, 'cmake_target_skip_unavailable': False, 'install_base': '/home/imml/git/research_2025/apple-harvest-eva/install/realsense2_camera', 'merge_install': False, 'path': '/home/imml/git/research_2025/apple-harvest-eva/harvest_hardware/realsense-ros/realsense2_camera', 'symlink_install': True, 'test_result_base': None}
[0.470s] Level 5:colcon.colcon_core.verb:set package 'realsense2_description' build argument 'cmake_args' from command line to 'None'
[0.470s] Level 5:colcon.colcon_core.verb:set package 'realsense2_description' build argument 'cmake_target' from command line to 'None'
[0.470s] Level 5:colcon.colcon_core.verb:set package 'realsense2_description' build argument 'cmake_target_skip_unavailable' from command line to 'False'
[0.470s] Level 5:colcon.colcon_core.verb:set package 'realsense2_description' build argument 'cmake_clean_cache' from command line to 'False'
[0.471s] Level 5:colcon.colcon_core.verb:set package 'realsense2_description' build argument 'cmake_clean_first' from command line to 'False'
[0.471s] Level 5:colcon.colcon_core.verb:set package 'realsense2_description' build argument 'cmake_force_configure' from command line to 'False'
[0.471s] Level 5:colcon.colcon_core.verb:set package 'realsense2_description' build argument 'ament_cmake_args' from command line to 'None'
[0.471s] Level 5:colcon.colcon_core.verb:set package 'realsense2_description' build argument 'catkin_cmake_args' from command line to 'None'
[0.471s] Level 5:colcon.colcon_core.verb:set package 'realsense2_description' build argument 'catkin_skip_building_tests' from command line to 'False'
[0.471s] DEBUG:colcon.colcon_core.verb:Building package 'realsense2_description' with the following arguments: {'ament_cmake_args': None, 'build_base': '/home/imml/git/research_2025/apple-harvest-eva/build/realsense2_description', 'catkin_cmake_args': None, 'catkin_skip_building_tests': False, 'cmake_args': None, 'cmake_clean_cache': False, 'cmake_clean_first': False, 'cmake_force_configure': False, 'cmake_target': None, 'cmake_target_skip_unavailable': False, 'install_base': '/home/imml/git/research_2025/apple-harvest-eva/install/realsense2_description', 'merge_install': False, 'path': '/home/imml/git/research_2025/apple-harvest-eva/harvest_hardware/realsense-ros/realsense2_description', 'symlink_install': True, 'test_result_base': None}
[0.471s] Level 5:colcon.colcon_core.verb:set package 'ur_controllers' build argument 'cmake_args' from command line to 'None'
[0.471s] Level 5:colcon.colcon_core.verb:set package 'ur_controllers' build argument 'cmake_target' from command line to 'None'
[0.471s] Level 5:colcon.colcon_core.verb:set package 'ur_controllers' build argument 'cmake_target_skip_unavailable' from command line to 'False'
[0.471s] Level 5:colcon.colcon_core.verb:set package 'ur_controllers' build argument 'cmake_clean_cache' from command line to 'False'
[0.471s] Level 5:colcon.colcon_core.verb:set package 'ur_controllers' build argument 'cmake_clean_first' from command line to 'False'
[0.471s] Level 5:colcon.colcon_core.verb:set package 'ur_controllers' build argument 'cmake_force_configure' from command line to 'False'
[0.471s] Level 5:colcon.colcon_core.verb:set package 'ur_controllers' build argument 'ament_cmake_args' from command line to 'None'
[0.471s] Level 5:colcon.colcon_core.verb:set package 'ur_controllers' build argument 'catkin_cmake_args' from command line to 'None'
[0.471s] Level 5:colcon.colcon_core.verb:set package 'ur_controllers' build argument 'catkin_skip_building_tests' from command line to 'False'
[0.471s] DEBUG:colcon.colcon_core.verb:Building package 'ur_controllers' with the following arguments: {'ament_cmake_args': None, 'build_base': '/home/imml/git/research_2025/apple-harvest-eva/build/ur_controllers', 'catkin_cmake_args': None, 'catkin_skip_building_tests': False, 'cmake_args': None, 'cmake_clean_cache': False, 'cmake_clean_first': False, 'cmake_force_configure': False, 'cmake_target': None, 'cmake_target_skip_unavailable': False, 'install_base': '/home/imml/git/research_2025/apple-harvest-eva/install/ur_controllers', 'merge_install': False, 'path': '/home/imml/git/research_2025/apple-harvest-eva/harvest_hardware/Universal_Robots_ROS2_Driver/ur_controllers', 'symlink_install': True, 'test_result_base': None}
[0.471s] Level 5:colcon.colcon_core.verb:set package 'ur_moveit_config' build argument 'cmake_args' from command line to 'None'
[0.471s] Level 5:colcon.colcon_core.verb:set package 'ur_moveit_config' build argument 'cmake_target' from command line to 'None'
[0.471s] Level 5:colcon.colcon_core.verb:set package 'ur_moveit_config' build argument 'cmake_target_skip_unavailable' from command line to 'False'
[0.471s] Level 5:colcon.colcon_core.verb:set package 'ur_moveit_config' build argument 'cmake_clean_cache' from command line to 'False'
[0.471s] Level 5:colcon.colcon_core.verb:set package 'ur_moveit_config' build argument 'cmake_clean_first' from command line to 'False'
[0.471s] Level 5:colcon.colcon_core.verb:set package 'ur_moveit_config' build argument 'cmake_force_configure' from command line to 'False'
[0.471s] Level 5:colcon.colcon_core.verb:set package 'ur_moveit_config' build argument 'ament_cmake_args' from command line to 'None'
[0.471s] Level 5:colcon.colcon_core.verb:set package 'ur_moveit_config' build argument 'catkin_cmake_args' from command line to 'None'
[0.471s] Level 5:colcon.colcon_core.verb:set package 'ur_moveit_config' build argument 'catkin_skip_building_tests' from command line to 'False'
[0.471s] DEBUG:colcon.colcon_core.verb:Building package 'ur_moveit_config' with the following arguments: {'ament_cmake_args': None, 'build_base': '/home/imml/git/research_2025/apple-harvest-eva/build/ur_moveit_config', 'catkin_cmake_args': None, 'catkin_skip_building_tests': False, 'cmake_args': None, 'cmake_clean_cache': False, 'cmake_clean_first': False, 'cmake_force_configure': False, 'cmake_target': None, 'cmake_target_skip_unavailable': False, 'install_base': '/home/imml/git/research_2025/apple-harvest-eva/install/ur_moveit_config', 'merge_install': False, 'path': '/home/imml/git/research_2025/apple-harvest-eva/harvest_hardware/Universal_Robots_ROS2_Driver/ur_moveit_config', 'symlink_install': True, 'test_result_base': None}
[0.472s] Level 5:colcon.colcon_core.verb:set package 'ur_bringup' build argument 'cmake_args' from command line to 'None'
[0.472s] Level 5:colcon.colcon_core.verb:set package 'ur_bringup' build argument 'cmake_target' from command line to 'None'
[0.472s] Level 5:colcon.colcon_core.verb:set package 'ur_bringup' build argument 'cmake_target_skip_unavailable' from command line to 'False'
[0.472s] Level 5:colcon.colcon_core.verb:set package 'ur_bringup' build argument 'cmake_clean_cache' from command line to 'False'
[0.472s] Level 5:colcon.colcon_core.verb:set package 'ur_bringup' build argument 'cmake_clean_first' from command line to 'False'
[0.472s] Level 5:colcon.colcon_core.verb:set package 'ur_bringup' build argument 'cmake_force_configure' from command line to 'False'
[0.472s] Level 5:colcon.colcon_core.verb:set package 'ur_bringup' build argument 'ament_cmake_args' from command line to 'None'
[0.472s] Level 5:colcon.colcon_core.verb:set package 'ur_bringup' build argument 'catkin_cmake_args' from command line to 'None'
[0.472s] Level 5:colcon.colcon_core.verb:set package 'ur_bringup' build argument 'catkin_skip_building_tests' from command line to 'False'
[0.472s] DEBUG:colcon.colcon_core.verb:Building package 'ur_bringup' with the following arguments: {'ament_cmake_args': None, 'build_base': '/home/imml/git/research_2025/apple-harvest-eva/build/ur_bringup', 'catkin_cmake_args': None, 'catkin_skip_building_tests': False, 'cmake_args': None, 'cmake_clean_cache': False, 'cmake_clean_first': False, 'cmake_force_configure': False, 'cmake_target': None, 'cmake_target_skip_unavailable': False, 'install_base': '/home/imml/git/research_2025/apple-harvest-eva/install/ur_bringup', 'merge_install': False, 'path': '/home/imml/git/research_2025/apple-harvest-eva/harvest_hardware/Universal_Robots_ROS2_Driver/ur_bringup', 'symlink_install': True, 'test_result_base': None}
[0.472s] Level 5:colcon.colcon_core.verb:set package 'ur_robot_driver' build argument 'cmake_args' from command line to 'None'
[0.472s] Level 5:colcon.colcon_core.verb:set package 'ur_robot_driver' build argument 'cmake_target' from command line to 'None'
[0.472s] Level 5:colcon.colcon_core.verb:set package 'ur_robot_driver' build argument 'cmake_target_skip_unavailable' from command line to 'False'
[0.472s] Level 5:colcon.colcon_core.verb:set package 'ur_robot_driver' build argument 'cmake_clean_cache' from command line to 'False'
[0.472s] Level 5:colcon.colcon_core.verb:set package 'ur_robot_driver' build argument 'cmake_clean_first' from command line to 'False'
[0.472s] Level 5:colcon.colcon_core.verb:set package 'ur_robot_driver' build argument 'cmake_force_configure' from command line to 'False'
[0.472s] Level 5:colcon.colcon_core.verb:set package 'ur_robot_driver' build argument 'ament_cmake_args' from command line to 'None'
[0.472s] Level 5:colcon.colcon_core.verb:set package 'ur_robot_driver' build argument 'catkin_cmake_args' from command line to 'None'
[0.472s] Level 5:colcon.colcon_core.verb:set package 'ur_robot_driver' build argument 'catkin_skip_building_tests' from command line to 'False'
[0.472s] DEBUG:colcon.colcon_core.verb:Building package 'ur_robot_driver' with the following arguments: {'ament_cmake_args': None, 'build_base': '/home/imml/git/research_2025/apple-harvest-eva/build/ur_robot_driver', 'catkin_cmake_args': None, 'catkin_skip_building_tests': False, 'cmake_args': None, 'cmake_clean_cache': False, 'cmake_clean_first': False, 'cmake_force_configure': False, 'cmake_target': None, 'cmake_target_skip_unavailable': False, 'install_base': '/home/imml/git/research_2025/apple-harvest-eva/install/ur_robot_driver', 'merge_install': False, 'path': '/home/imml/git/research_2025/apple-harvest-eva/harvest_hardware/Universal_Robots_ROS2_Driver/ur_robot_driver', 'symlink_install': True, 'test_result_base': None}
[0.472s] Level 5:colcon.colcon_core.verb:set package 'ur_calibration' build argument 'cmake_args' from command line to 'None'
[0.472s] Level 5:colcon.colcon_core.verb:set package 'ur_calibration' build argument 'cmake_target' from command line to 'None'
[0.472s] Level 5:colcon.colcon_core.verb:set package 'ur_calibration' build argument 'cmake_target_skip_unavailable' from command line to 'False'
[0.473s] Level 5:colcon.colcon_core.verb:set package 'ur_calibration' build argument 'cmake_clean_cache' from command line to 'False'
[0.473s] Level 5:colcon.colcon_core.verb:set package 'ur_calibration' build argument 'cmake_clean_first' from command line to 'False'
[0.473s] Level 5:colcon.colcon_core.verb:set package 'ur_calibration' build argument 'cmake_force_configure' from command line to 'False'
[0.473s] Level 5:colcon.colcon_core.verb:set package 'ur_calibration' build argument 'ament_cmake_args' from command line to 'None'
[0.473s] Level 5:colcon.colcon_core.verb:set package 'ur_calibration' build argument 'catkin_cmake_args' from command line to 'None'
[0.473s] Level 5:colcon.colcon_core.verb:set package 'ur_calibration' build argument 'catkin_skip_building_tests' from command line to 'False'
[0.473s] DEBUG:colcon.colcon_core.verb:Building package 'ur_calibration' with the following arguments: {'ament_cmake_args': None, 'build_base': '/home/imml/git/research_2025/apple-harvest-eva/build/ur_calibration', 'catkin_cmake_args': None, 'catkin_skip_building_tests': False, 'cmake_args': None, 'cmake_clean_cache': False, 'cmake_clean_first': False, 'cmake_force_configure': False, 'cmake_target': None, 'cmake_target_skip_unavailable': False, 'install_base': '/home/imml/git/research_2025/apple-harvest-eva/install/ur_calibration', 'merge_install': False, 'path': '/home/imml/git/research_2025/apple-harvest-eva/harvest_hardware/Universal_Robots_ROS2_Driver/ur_calibration', 'symlink_install': True, 'test_result_base': None}
[0.473s] Level 5:colcon.colcon_core.verb:set package 'ur' build argument 'cmake_args' from command line to 'None'
[0.473s] Level 5:colcon.colcon_core.verb:set package 'ur' build argument 'cmake_target' from command line to 'None'
[0.473s] Level 5:colcon.colcon_core.verb:set package 'ur' build argument 'cmake_target_skip_unavailable' from command line to 'False'
[0.473s] Level 5:colcon.colcon_core.verb:set package 'ur' build argument 'cmake_clean_cache' from command line to 'False'
[0.473s] Level 5:colcon.colcon_core.verb:set package 'ur' build argument 'cmake_clean_first' from command line to 'False'
[0.473s] Level 5:colcon.colcon_core.verb:set package 'ur' build argument 'cmake_force_configure' from command line to 'False'
[0.473s] Level 5:colcon.colcon_core.verb:set package 'ur' build argument 'ament_cmake_args' from command line to 'None'
[0.473s] Level 5:colcon.colcon_core.verb:set package 'ur' build argument 'catkin_cmake_args' from command line to 'None'
[0.473s] Level 5:colcon.colcon_core.verb:set package 'ur' build argument 'catkin_skip_building_tests' from command line to 'False'
[0.473s] DEBUG:colcon.colcon_core.verb:Building package 'ur' with the following arguments: {'ament_cmake_args': None, 'build_base': '/home/imml/git/research_2025/apple-harvest-eva/build/ur', 'catkin_cmake_args': None, 'catkin_skip_building_tests': False, 'cmake_args': None, 'cmake_clean_cache': False, 'cmake_clean_first': False, 'cmake_force_configure': False, 'cmake_target': None, 'cmake_target_skip_unavailable': False, 'install_base': '/home/imml/git/research_2025/apple-harvest-eva/install/ur', 'merge_install': False, 'path': '/home/imml/git/research_2025/apple-harvest-eva/harvest_hardware/Universal_Robots_ROS2_Driver/ur', 'symlink_install': True, 'test_result_base': None}
[0.473s] INFO:colcon.colcon_core.executor:Executing jobs using 'parallel' executor
[0.474s] DEBUG:colcon.colcon_parallel_executor.executor.parallel:run_until_complete
[0.474s] INFO:colcon.colcon_ros.task.ament_cmake.build:Building ROS package in '/home/imml/git/research_2025/apple-harvest-eva/harvest_hardware/Universal_Robots_ROS2_Driver/ur_dashboard_msgs' with build type 'ament_cmake'
[0.474s] INFO:colcon.colcon_cmake.task.cmake.build:Building CMake package in '/home/imml/git/research_2025/apple-harvest-eva/harvest_hardware/Universal_Robots_ROS2_Driver/ur_dashboard_msgs'
[0.477s] INFO:colcon.colcon_core.plugin_system:Skipping extension 'colcon_core.shell.bat': Not used on non-Windows systems
[0.477s] INFO:colcon.colcon_core.shell:Skip shell extension 'powershell' for command environment: Not usable outside of PowerShell
[0.477s] DEBUG:colcon.colcon_core.shell:Skip shell extension 'dsv' for command environment
[0.480s] INFO:colcon.colcon_ros.task.ament_cmake.build:Building ROS package in '/home/imml/git/research_2025/apple-harvest-eva/harvest_hardware/Universal_Robots_ROS2_Description' with build type 'ament_cmake'
[0.480s] INFO:colcon.colcon_cmake.task.cmake.build:Building CMake package in '/home/imml/git/research_2025/apple-harvest-eva/harvest_hardware/Universal_Robots_ROS2_Description'
[0.480s] INFO:colcon.colcon_core.shell:Skip shell extension 'powershell' for command environment: Not usable outside of PowerShell
[0.480s] DEBUG:colcon.colcon_core.shell:Skip shell extension 'dsv' for command environment
[0.483s] INFO:colcon.colcon_ros.task.ament_cmake.build:Building ROS package in '/home/imml/git/research_2025/apple-harvest-eva/harvest_interfaces' with build type 'ament_cmake'
[0.483s] INFO:colcon.colcon_cmake.task.cmake.build:Building CMake package in '/home/imml/git/research_2025/apple-harvest-eva/harvest_interfaces'
[0.483s] INFO:colcon.colcon_core.shell:Skip shell extension 'powershell' for command environment: Not usable outside of PowerShell
[0.483s] DEBUG:colcon.colcon_core.shell:Skip shell extension 'dsv' for command environment
[0.485s] INFO:colcon.colcon_ros.task.ament_cmake.build:Building ROS package in '/home/imml/git/research_2025/apple-harvest-eva/harvest_hardware/realsense-ros/realsense2_camera_msgs' with build type 'ament_cmake'
[0.485s] INFO:colcon.colcon_cmake.task.cmake.build:Building CMake package in '/home/imml/git/research_2025/apple-harvest-eva/harvest_hardware/realsense-ros/realsense2_camera_msgs'
[0.486s] INFO:colcon.colcon_core.shell:Skip shell extension 'powershell' for command environment: Not usable outside of PowerShell
[0.486s] DEBUG:colcon.colcon_core.shell:Skip shell extension 'dsv' for command environment
[0.488s] INFO:colcon.colcon_ros.task.ament_python.build:Building ROS package in '/home/imml/git/research_2025/apple-harvest-eva/harvest_hardware/ur5e_custom_hardware' with build type 'ament_python'
[0.488s] Level 1:colcon.colcon_core.shell:create_environment_hook('ur5e_custom_hardware', 'ament_prefix_path')
[0.488s] INFO:colcon.colcon_core.shell:Creating environment hook '/home/imml/git/research_2025/apple-harvest-eva/install/ur5e_custom_hardware/share/ur5e_custom_hardware/hook/ament_prefix_path.ps1'
[0.489s] INFO:colcon.colcon_core.shell:Creating environment descriptor '/home/imml/git/research_2025/apple-harvest-eva/install/ur5e_custom_hardware/share/ur5e_custom_hardware/hook/ament_prefix_path.dsv'
[0.489s] INFO:colcon.colcon_core.shell:Creating environment hook '/home/imml/git/research_2025/apple-harvest-eva/install/ur5e_custom_hardware/share/ur5e_custom_hardware/hook/ament_prefix_path.sh'
[0.490s] INFO:colcon.colcon_core.shell:Skip shell extension 'powershell' for command environment: Not usable outside of PowerShell
[0.491s] DEBUG:colcon.colcon_core.shell:Skip shell extension 'dsv' for command environment
[0.496s] DEBUG:colcon.colcon_core.event_handler.log_command:Invoking command in '/home/imml/git/research_2025/apple-harvest-eva/build/ur_dashboard_msgs': CMAKE_PREFIX_PATH=/opt/ros/humble /usr/bin/cmake /home/imml/git/research_2025/apple-harvest-eva/harvest_hardware/Universal_Robots_ROS2_Driver/ur_dashboard_msgs -DAMENT_CMAKE_SYMLINK_INSTALL=1 -DCMAKE_INSTALL_PREFIX=/home/imml/git/research_2025/apple-harvest-eva/install/ur_dashboard_msgs
[0.499s] DEBUG:colcon.colcon_core.event_handler.log_command:Invoking command in '/home/imml/git/research_2025/apple-harvest-eva/build/ur_description': CMAKE_PREFIX_PATH=/opt/ros/humble /usr/bin/cmake /home/imml/git/research_2025/apple-harvest-eva/harvest_hardware/Universal_Robots_ROS2_Description -DAMENT_CMAKE_SYMLINK_INSTALL=1 -DCMAKE_INSTALL_PREFIX=/home/imml/git/research_2025/apple-harvest-eva/install/ur_description
[0.501s] DEBUG:colcon.colcon_core.event_handler.log_command:Invoking command in '/home/imml/git/research_2025/apple-harvest-eva/build/harvest_interfaces': CMAKE_PREFIX_PATH=/opt/ros/humble /usr/bin/cmake /home/imml/git/research_2025/apple-harvest-eva/harvest_interfaces -DAMENT_CMAKE_SYMLINK_INSTALL=1 -DCMAKE_INSTALL_PREFIX=/home/imml/git/research_2025/apple-harvest-eva/install/harvest_interfaces
[0.504s] DEBUG:colcon.colcon_core.event_handler.log_command:Invoking command in '/home/imml/git/research_2025/apple-harvest-eva/build/realsense2_camera_msgs': CMAKE_PREFIX_PATH=/opt/ros/humble /usr/bin/cmake /home/imml/git/research_2025/apple-harvest-eva/harvest_hardware/realsense-ros/realsense2_camera_msgs -DAMENT_CMAKE_SYMLINK_INSTALL=1 -DCMAKE_INSTALL_PREFIX=/home/imml/git/research_2025/apple-harvest-eva/install/realsense2_camera_msgs
[0.737s] INFO:colcon.colcon_core.task.python.build:Building Python package in '/home/imml/git/research_2025/apple-harvest-eva/harvest_hardware/ur5e_custom_hardware'
[0.737s] INFO:colcon.colcon_core.shell:Skip shell extension 'powershell' for command environment: Not usable outside of PowerShell
[0.737s] DEBUG:colcon.colcon_core.shell:Skip shell extension 'dsv' for command environment
[1.083s] DEBUG:colcon.colcon_core.task.python.build:While undoing a previous installation files outside the Python library path are being ignored: /home/imml/git/research_2025/apple-harvest-eva/install/ur5e_custom_hardware/share/ament_index/resource_index/packages/ur5e_custom_hardware
[1.083s] DEBUG:colcon.colcon_core.task.python.build:While undoing a previous installation files outside the Python library path are being ignored: /home/imml/git/research_2025/apple-harvest-eva/install/ur5e_custom_hardware/share/ur5e_custom_hardware/package.xml
[1.083s] DEBUG:colcon.colcon_core.task.python.build:While undoing a previous installation files outside the Python library path are being ignored: /home/imml/git/research_2025/apple-harvest-eva/install/ur5e_custom_hardware/share/ur5e_custom_hardware/launch
[1.084s] DEBUG:colcon.colcon_core.task.python.build:While undoing a previous installation files outside the Python library path are being ignored: /home/imml/git/research_2025/apple-harvest-eva/install/ur5e_custom_hardware/share/ur5e_custom_hardware/urdf/gripper.urdf.xacro
[1.084s] DEBUG:colcon.colcon_core.task.python.build:While undoing a previous installation files outside the Python library path are being ignored: /home/imml/git/research_2025/apple-harvest-eva/install/ur5e_custom_hardware/share/ur5e_custom_hardware/urdf/ur_gripper.urdf.xacro
[1.084s] DEBUG:colcon.colcon_core.task.python.build:While undoing a previous installation files outside the Python library path are being ignored: /home/imml/git/research_2025/apple-harvest-eva/install/ur5e_custom_hardware/share/ur5e_custom_hardware/meshes/03_mk3_full_assembly.STL
[1.084s] DEBUG:colcon.colcon_core.task.python.build:While undoing a previous installation files outside the Python library path are being ignored: /home/imml/git/research_2025/apple-harvest-eva/install/ur5e_custom_hardware/share/ur5e_custom_hardware/meshes/03_mk3_full_assembly_coarse.STL
[1.084s] DEBUG:colcon.colcon_core.task.python.build:While undoing a previous installation files outside the Python library path are being ignored: /home/imml/git/research_2025/apple-harvest-eva/install/ur5e_custom_hardware/share/ur5e_custom_hardware/meshes/03_mk3_full_assembly_(simplified_for_RVIZ).STL
[1.084s] DEBUG:colcon.colcon_core.task.python.build:While undoing a previous installation files outside the Python library path are being ignored: /home/imml/git/research_2025/apple-harvest-eva/install/ur5e_custom_hardware/lib/ur5e_custom_hardware/gripper_palm_camera
[1.086s] DEBUG:colcon.colcon_core.event_handler.log_command:Invoking command in '/home/imml/git/research_2025/apple-harvest-eva/build/ur5e_custom_hardware': PYTHONPATH=/home/imml/git/research_2025/apple-harvest-eva/build/ur5e_custom_hardware/prefix_override:/usr/lib/python3/dist-packages/colcon_core/task/python/colcon_distutils_commands:/home/imml/git/research_2025/apple-harvest-eva/install/ur5e_custom_hardware/lib/python3.10/site-packages:${PYTHONPATH} /usr/bin/python3 -W ignore:setup.py install is deprecated -W ignore:easy_install command is deprecated setup.py develop --editable --build-directory /home/imml/git/research_2025/apple-harvest-eva/build/ur5e_custom_hardware/build --no-deps symlink_data --force
[1.558s] Level 1:colcon.colcon_core.shell:create_environment_hook('ur5e_custom_hardware', 'pythonpath_develop')
[1.558s] INFO:colcon.colcon_core.shell:Creating environment hook '/home/imml/git/research_2025/apple-harvest-eva/build/ur5e_custom_hardware/share/ur5e_custom_hardware/hook/pythonpath_develop.ps1'
[1.559s] DEBUG:colcon.colcon_core.event_handler.log_command:Invoked command in '/home/imml/git/research_2025/apple-harvest-eva/build/ur5e_custom_hardware' returned '0': PYTHONPATH=/home/imml/git/research_2025/apple-harvest-eva/build/ur5e_custom_hardware/prefix_override:/usr/lib/python3/dist-packages/colcon_core/task/python/colcon_distutils_commands:/home/imml/git/research_2025/apple-harvest-eva/install/ur5e_custom_hardware/lib/python3.10/site-packages:${PYTHONPATH} /usr/bin/python3 -W ignore:setup.py install is deprecated -W ignore:easy_install command is deprecated setup.py develop --editable --build-directory /home/imml/git/research_2025/apple-harvest-eva/build/ur5e_custom_hardware/build --no-deps symlink_data --force
[1.559s] INFO:colcon.colcon_core.shell:Creating environment descriptor '/home/imml/git/research_2025/apple-harvest-eva/build/ur5e_custom_hardware/share/ur5e_custom_hardware/hook/pythonpath_develop.dsv'
[1.560s] INFO:colcon.colcon_core.shell:Creating environment hook '/home/imml/git/research_2025/apple-harvest-eva/build/ur5e_custom_hardware/share/ur5e_custom_hardware/hook/pythonpath_develop.sh'
[1.565s] Level 1:colcon.colcon_core.environment:checking '/home/imml/git/research_2025/apple-harvest-eva/install/ur5e_custom_hardware' for CMake module files
[1.566s] Level 1:colcon.colcon_core.environment:checking '/home/imml/git/research_2025/apple-harvest-eva/install/ur5e_custom_hardware' for CMake config files
[1.567s] Level 1:colcon.colcon_core.environment:checking '/home/imml/git/research_2025/apple-harvest-eva/install/ur5e_custom_hardware/lib'
[1.568s] Level 1:colcon.colcon_core.environment:checking '/home/imml/git/research_2025/apple-harvest-eva/install/ur5e_custom_hardware/bin'
[1.568s] Level 1:colcon.colcon_core.environment:checking '/home/imml/git/research_2025/apple-harvest-eva/install/ur5e_custom_hardware/lib/pkgconfig/ur5e_custom_hardware.pc'
[1.568s] Level 1:colcon.colcon_core.environment:checking '/home/imml/git/research_2025/apple-harvest-eva/install/ur5e_custom_hardware/lib/python3.10/site-packages'
[1.568s] Level 1:colcon.colcon_core.shell:create_environment_hook('ur5e_custom_hardware', 'pythonpath')
[1.568s] INFO:colcon.colcon_core.shell:Creating environment hook '/home/imml/git/research_2025/apple-harvest-eva/install/ur5e_custom_hardware/share/ur5e_custom_hardware/hook/pythonpath.ps1'
[1.569s] INFO:colcon.colcon_core.shell:Creating environment descriptor '/home/imml/git/research_2025/apple-harvest-eva/install/ur5e_custom_hardware/share/ur5e_custom_hardware/hook/pythonpath.dsv'
[1.570s] INFO:colcon.colcon_core.shell:Creating environment hook '/home/imml/git/research_2025/apple-harvest-eva/install/ur5e_custom_hardware/share/ur5e_custom_hardware/hook/pythonpath.sh'
[1.571s] Level 1:colcon.colcon_core.environment:checking '/home/imml/git/research_2025/apple-harvest-eva/install/ur5e_custom_hardware/bin'
[1.571s] Level 1:colcon.colcon_core.environment:create_environment_scripts_only(ur5e_custom_hardware)
[1.571s] INFO:colcon.colcon_core.shell:Creating package script '/home/imml/git/research_2025/apple-harvest-eva/install/ur5e_custom_hardware/share/ur5e_custom_hardware/package.ps1'
[1.573s] INFO:colcon.colcon_core.shell:Creating package descriptor '/home/imml/git/research_2025/apple-harvest-eva/install/ur5e_custom_hardware/share/ur5e_custom_hardware/package.dsv'
[1.574s] INFO:colcon.colcon_core.shell:Creating package script '/home/imml/git/research_2025/apple-harvest-eva/install/ur5e_custom_hardware/share/ur5e_custom_hardware/package.sh'
[1.575s] INFO:colcon.colcon_core.shell:Creating package script '/home/imml/git/research_2025/apple-harvest-eva/install/ur5e_custom_hardware/share/ur5e_custom_hardware/package.bash'
[1.576s] INFO:colcon.colcon_core.shell:Creating package script '/home/imml/git/research_2025/apple-harvest-eva/install/ur5e_custom_hardware/share/ur5e_custom_hardware/package.zsh'
[1.577s] Level 1:colcon.colcon_core.environment:create_file_with_runtime_dependencies(/home/imml/git/research_2025/apple-harvest-eva/install/ur5e_custom_hardware/share/colcon-core/packages/ur5e_custom_hardware)
[1.673s] DEBUG:colcon.colcon_core.event_handler.log_command:Invoked command in '/home/imml/git/research_2025/apple-harvest-eva/build/ur_dashboard_msgs' returned '0': CMAKE_PREFIX_PATH=/opt/ros/humble /usr/bin/cmake /home/imml/git/research_2025/apple-harvest-eva/harvest_hardware/Universal_Robots_ROS2_Driver/ur_dashboard_msgs -DAMENT_CMAKE_SYMLINK_INSTALL=1 -DCMAKE_INSTALL_PREFIX=/home/imml/git/research_2025/apple-harvest-eva/install/ur_dashboard_msgs
[1.675s] DEBUG:colcon.colcon_core.event_handler.log_command:Invoking command in '/home/imml/git/research_2025/apple-harvest-eva/build/ur_dashboard_msgs': CMAKE_PREFIX_PATH=/opt/ros/humble /usr/bin/cmake --build /home/imml/git/research_2025/apple-harvest-eva/build/ur_dashboard_msgs -- -j16 -l16
[1.919s] DEBUG:colcon.colcon_core.event_handler.log_command:Invoked command in '/home/imml/git/research_2025/apple-harvest-eva/build/realsense2_camera_msgs' returned '0': CMAKE_PREFIX_PATH=/opt/ros/humble /usr/bin/cmake /home/imml/git/research_2025/apple-harvest-eva/harvest_hardware/realsense-ros/realsense2_camera_msgs -DAMENT_CMAKE_SYMLINK_INSTALL=1 -DCMAKE_INSTALL_PREFIX=/home/imml/git/research_2025/apple-harvest-eva/install/realsense2_camera_msgs
[1.921s] DEBUG:colcon.colcon_core.event_handler.log_command:Invoking command in '/home/imml/git/research_2025/apple-harvest-eva/build/realsense2_camera_msgs': CMAKE_PREFIX_PATH=/opt/ros/humble /usr/bin/cmake --build /home/imml/git/research_2025/apple-harvest-eva/build/realsense2_camera_msgs -- -j16 -l16
[2.097s] DEBUG:colcon.colcon_core.event_handler.log_command:Invoked command in '/home/imml/git/research_2025/apple-harvest-eva/build/ur_dashboard_msgs' returned '0': CMAKE_PREFIX_PATH=/opt/ros/humble /usr/bin/cmake --build /home/imml/git/research_2025/apple-harvest-eva/build/ur_dashboard_msgs -- -j16 -l16
[2.108s] DEBUG:colcon.colcon_core.event_handler.log_command:Invoking command in '/home/imml/git/research_2025/apple-harvest-eva/build/ur_dashboard_msgs': CMAKE_PREFIX_PATH=/opt/ros/humble /usr/bin/cmake --install /home/imml/git/research_2025/apple-harvest-eva/build/ur_dashboard_msgs
[2.230s] Level 1:colcon.colcon_core.environment:create_environment_scripts_only(ur_dashboard_msgs)
[2.230s] Level 1:colcon.colcon_core.environment:checking '/home/imml/git/research_2025/apple-harvest-eva/install/ur_dashboard_msgs' for CMake module files
[2.231s] DEBUG:colcon.colcon_core.event_handler.log_command:Invoked command in '/home/imml/git/research_2025/apple-harvest-eva/build/ur_dashboard_msgs' returned '0': CMAKE_PREFIX_PATH=/opt/ros/humble /usr/bin/cmake --install /home/imml/git/research_2025/apple-harvest-eva/build/ur_dashboard_msgs
[2.231s] Level 1:colcon.colcon_core.environment:checking '/home/imml/git/research_2025/apple-harvest-eva/install/ur_dashboard_msgs' for CMake config files
[2.234s] Level 1:colcon.colcon_core.shell:create_environment_hook('ur_dashboard_msgs', 'cmake_prefix_path')
[2.234s] INFO:colcon.colcon_core.shell:Creating environment hook '/home/imml/git/research_2025/apple-harvest-eva/install/ur_dashboard_msgs/share/ur_dashboard_msgs/hook/cmake_prefix_path.ps1'
[2.235s] INFO:colcon.colcon_core.shell:Creating environment descriptor '/home/imml/git/research_2025/apple-harvest-eva/install/ur_dashboard_msgs/share/ur_dashboard_msgs/hook/cmake_prefix_path.dsv'
[2.235s] INFO:colcon.colcon_core.shell:Creating environment hook '/home/imml/git/research_2025/apple-harvest-eva/install/ur_dashboard_msgs/share/ur_dashboard_msgs/hook/cmake_prefix_path.sh'
[2.236s] Level 1:colcon.colcon_core.environment:checking '/home/imml/git/research_2025/apple-harvest-eva/install/ur_dashboard_msgs/lib'
[2.236s] Level 1:colcon.colcon_core.shell:create_environment_hook('ur_dashboard_msgs', 'ld_library_path_lib')
[2.236s] INFO:colcon.colcon_core.shell:Creating environment hook '/home/imml/git/research_2025/apple-harvest-eva/install/ur_dashboard_msgs/share/ur_dashboard_msgs/hook/ld_library_path_lib.ps1'
[2.236s] INFO:colcon.colcon_core.shell:Creating environment descriptor '/home/imml/git/research_2025/apple-harvest-eva/install/ur_dashboard_msgs/share/ur_dashboard_msgs/hook/ld_library_path_lib.dsv'
[2.237s] INFO:colcon.colcon_core.shell:Creating environment hook '/home/imml/git/research_2025/apple-harvest-eva/install/ur_dashboard_msgs/share/ur_dashboard_msgs/hook/ld_library_path_lib.sh'
[2.237s] Level 1:colcon.colcon_core.environment:checking '/home/imml/git/research_2025/apple-harvest-eva/install/ur_dashboard_msgs/bin'
[2.237s] Level 1:colcon.colcon_core.environment:checking '/home/imml/git/research_2025/apple-harvest-eva/install/ur_dashboard_msgs/lib/pkgconfig/ur_dashboard_msgs.pc'
[2.237s] Level 1:colcon.colcon_core.environment:checking '/home/imml/git/research_2025/apple-harvest-eva/install/ur_dashboard_msgs/lib/python3.10/site-packages'
[2.238s] Level 1:colcon.colcon_core.environment:checking '/home/imml/git/research_2025/apple-harvest-eva/install/ur_dashboard_msgs/bin'
[2.238s] INFO:colcon.colcon_core.shell:Creating package script '/home/imml/git/research_2025/apple-harvest-eva/install/ur_dashboard_msgs/share/ur_dashboard_msgs/package.ps1'
[2.238s] INFO:colcon.colcon_core.shell:Creating package descriptor '/home/imml/git/research_2025/apple-harvest-eva/install/ur_dashboard_msgs/share/ur_dashboard_msgs/package.dsv'
[2.239s] INFO:colcon.colcon_core.shell:Creating package script '/home/imml/git/research_2025/apple-harvest-eva/install/ur_dashboard_msgs/share/ur_dashboard_msgs/package.sh'
[2.239s] INFO:colcon.colcon_core.shell:Creating package script '/home/imml/git/research_2025/apple-harvest-eva/install/ur_dashboard_msgs/share/ur_dashboard_msgs/package.bash'
[2.239s] INFO:colcon.colcon_core.shell:Creating package script '/home/imml/git/research_2025/apple-harvest-eva/install/ur_dashboard_msgs/share/ur_dashboard_msgs/package.zsh'
[2.240s] Level 1:colcon.colcon_core.environment:create_file_with_runtime_dependencies(/home/imml/git/research_2025/apple-harvest-eva/install/ur_dashboard_msgs/share/colcon-core/packages/ur_dashboard_msgs)
[2.240s] Level 1:colcon.colcon_core.environment:create_environment_scripts_only(ur_dashboard_msgs)
[2.240s] Level 1:colcon.colcon_core.environment:checking '/home/imml/git/research_2025/apple-harvest-eva/install/ur_dashboard_msgs' for CMake module files
[2.241s] Level 1:colcon.colcon_core.environment:checking '/home/imml/git/research_2025/apple-harvest-eva/install/ur_dashboard_msgs' for CMake config files
[2.243s] Level 1:colcon.colcon_core.shell:create_environment_hook('ur_dashboard_msgs', 'cmake_prefix_path')
[2.244s] INFO:colcon.colcon_core.shell:Creating environment hook '/home/imml/git/research_2025/apple-harvest-eva/install/ur_dashboard_msgs/share/ur_dashboard_msgs/hook/cmake_prefix_path.ps1'
[2.244s] INFO:colcon.colcon_core.shell:Creating environment descriptor '/home/imml/git/research_2025/apple-harvest-eva/install/ur_dashboard_msgs/share/ur_dashboard_msgs/hook/cmake_prefix_path.dsv'
[2.244s] INFO:colcon.colcon_core.shell:Creating environment hook '/home/imml/git/research_2025/apple-harvest-eva/install/ur_dashboard_msgs/share/ur_dashboard_msgs/hook/cmake_prefix_path.sh'
[2.245s] Level 1:colcon.colcon_core.environment:checking '/home/imml/git/research_2025/apple-harvest-eva/install/ur_dashboard_msgs/lib'
[2.245s] Level 1:colcon.colcon_core.shell:create_environment_hook('ur_dashboard_msgs', 'ld_library_path_lib')
[2.245s] INFO:colcon.colcon_core.shell:Creating environment hook '/home/imml/git/research_2025/apple-harvest-eva/install/ur_dashboard_msgs/share/ur_dashboard_msgs/hook/ld_library_path_lib.ps1'
[2.246s] INFO:colcon.colcon_core.shell:Creating environment descriptor '/home/imml/git/research_2025/apple-harvest-eva/install/ur_dashboard_msgs/share/ur_dashboard_msgs/hook/ld_library_path_lib.dsv'
[2.246s] INFO:colcon.colcon_core.shell:Creating environment hook '/home/imml/git/research_2025/apple-harvest-eva/install/ur_dashboard_msgs/share/ur_dashboard_msgs/hook/ld_library_path_lib.sh'
[2.246s] Level 1:colcon.colcon_core.environment:checking '/home/imml/git/research_2025/apple-harvest-eva/install/ur_dashboard_msgs/bin'
[2.246s] Level 1:colcon.colcon_core.environment:checking '/home/imml/git/research_2025/apple-harvest-eva/install/ur_dashboard_msgs/lib/pkgconfig/ur_dashboard_msgs.pc'
[2.246s] Level 1:colcon.colcon_core.environment:checking '/home/imml/git/research_2025/apple-harvest-eva/install/ur_dashboard_msgs/lib/python3.10/site-packages'
[2.247s] Level 1:colcon.colcon_core.environment:checking '/home/imml/git/research_2025/apple-harvest-eva/install/ur_dashboard_msgs/bin'
[2.247s] INFO:colcon.colcon_core.shell:Creating package script '/home/imml/git/research_2025/apple-harvest-eva/install/ur_dashboard_msgs/share/ur_dashboard_msgs/package.ps1'
[2.247s] INFO:colcon.colcon_core.shell:Creating package descriptor '/home/imml/git/research_2025/apple-harvest-eva/install/ur_dashboard_msgs/share/ur_dashboard_msgs/package.dsv'
[2.248s] INFO:colcon.colcon_core.shell:Creating package script '/home/imml/git/research_2025/apple-harvest-eva/install/ur_dashboard_msgs/share/ur_dashboard_msgs/package.sh'
[2.248s] INFO:colcon.colcon_core.shell:Creating package script '/home/imml/git/research_2025/apple-harvest-eva/install/ur_dashboard_msgs/share/ur_dashboard_msgs/package.bash'
[2.249s] INFO:colcon.colcon_core.shell:Creating package script '/home/imml/git/research_2025/apple-harvest-eva/install/ur_dashboard_msgs/share/ur_dashboard_msgs/package.zsh'
[2.249s] Level 1:colcon.colcon_core.environment:create_file_with_runtime_dependencies(/home/imml/git/research_2025/apple-harvest-eva/install/ur_dashboard_msgs/share/colcon-core/packages/ur_dashboard_msgs)
[2.249s] INFO:colcon.colcon_ros.task.ament_cmake.build:Building ROS package in '/home/imml/git/research_2025/apple-harvest-eva/harvest_hardware/Universal_Robots_ROS2_Driver/ur_controllers' with build type 'ament_cmake'
[2.250s] INFO:colcon.colcon_cmake.task.cmake.build:Building CMake package in '/home/imml/git/research_2025/apple-harvest-eva/harvest_hardware/Universal_Robots_ROS2_Driver/ur_controllers'
[2.250s] INFO:colcon.colcon_core.shell:Skip shell extension 'powershell' for command environment: Not usable outside of PowerShell
[2.250s] DEBUG:colcon.colcon_core.shell:Skip shell extension 'dsv' for command environment
[2.260s] DEBUG:colcon.colcon_core.event_handler.log_command:Invoking command in '/home/imml/git/research_2025/apple-harvest-eva/build/ur_controllers': AMENT_PREFIX_PATH=/home/imml/git/research_2025/apple-harvest-eva/install/ur_dashboard_msgs:${AMENT_PREFIX_PATH} CMAKE_PREFIX_PATH=/home/imml/git/research_2025/apple-harvest-eva/install/ur_dashboard_msgs:/opt/ros/humble LD_LIBRARY_PATH=/home/imml/git/research_2025/apple-harvest-eva/install/ur_dashboard_msgs/lib:${LD_LIBRARY_PATH} PYTHONPATH=/home/imml/git/research_2025/apple-harvest-eva/install/ur_dashboard_msgs/local/lib/python3.10/dist-packages:${PYTHONPATH} /usr/bin/cmake /home/imml/git/research_2025/apple-harvest-eva/harvest_hardware/Universal_Robots_ROS2_Driver/ur_controllers -DAMENT_CMAKE_SYMLINK_INSTALL=1 -DCMAKE_INSTALL_PREFIX=/home/imml/git/research_2025/apple-harvest-eva/install/ur_controllers
[2.263s] DEBUG:colcon.colcon_core.event_handler.log_command:Invoked command in '/home/imml/git/research_2025/apple-harvest-eva/build/harvest_interfaces' returned '0': CMAKE_PREFIX_PATH=/opt/ros/humble /usr/bin/cmake /home/imml/git/research_2025/apple-harvest-eva/harvest_interfaces -DAMENT_CMAKE_SYMLINK_INSTALL=1 -DCMAKE_INSTALL_PREFIX=/home/imml/git/research_2025/apple-harvest-eva/install/harvest_interfaces
[2.265s] DEBUG:colcon.colcon_core.event_handler.log_command:Invoking command in '/home/imml/git/research_2025/apple-harvest-eva/build/harvest_interfaces': CMAKE_PREFIX_PATH=/opt/ros/humble /usr/bin/cmake --build /home/imml/git/research_2025/apple-harvest-eva/build/harvest_interfaces -- -j16 -l16
[2.341s] DEBUG:colcon.colcon_core.event_handler.log_command:Invoked command in '/home/imml/git/research_2025/apple-harvest-eva/build/realsense2_camera_msgs' returned '0': CMAKE_PREFIX_PATH=/opt/ros/humble /usr/bin/cmake --build /home/imml/git/research_2025/apple-harvest-eva/build/realsense2_camera_msgs -- -j16 -l16
[2.342s] DEBUG:colcon.colcon_core.event_handler.log_command:Invoking command in '/home/imml/git/research_2025/apple-harvest-eva/build/realsense2_camera_msgs': CMAKE_PREFIX_PATH=/opt/ros/humble /usr/bin/cmake --install /home/imml/git/research_2025/apple-harvest-eva/build/realsense2_camera_msgs
[2.462s] Level 1:colcon.colcon_core.environment:create_environment_scripts_only(realsense2_camera_msgs)
[2.463s] Level 1:colcon.colcon_core.environment:checking '/home/imml/git/research_2025/apple-harvest-eva/install/realsense2_camera_msgs' for CMake module files
[2.463s] DEBUG:colcon.colcon_core.event_handler.log_command:Invoked command in '/home/imml/git/research_2025/apple-harvest-eva/build/realsense2_camera_msgs' returned '0': CMAKE_PREFIX_PATH=/opt/ros/humble /usr/bin/cmake --install /home/imml/git/research_2025/apple-harvest-eva/build/realsense2_camera_msgs
[2.464s] Level 1:colcon.colcon_core.environment:checking '/home/imml/git/research_2025/apple-harvest-eva/install/realsense2_camera_msgs' for CMake config files
[2.465s] Level 1:colcon.colcon_core.shell:create_environment_hook('realsense2_camera_msgs', 'cmake_prefix_path')
[2.466s] INFO:colcon.colcon_core.shell:Creating environment hook '/home/imml/git/research_2025/apple-harvest-eva/install/realsense2_camera_msgs/share/realsense2_camera_msgs/hook/cmake_prefix_path.ps1'
[2.466s] INFO:colcon.colcon_core.shell:Creating environment descriptor '/home/imml/git/research_2025/apple-harvest-eva/install/realsense2_camera_msgs/share/realsense2_camera_msgs/hook/cmake_prefix_path.dsv'
[2.467s] INFO:colcon.colcon_core.shell:Creating environment hook '/home/imml/git/research_2025/apple-harvest-eva/install/realsense2_camera_msgs/share/realsense2_camera_msgs/hook/cmake_prefix_path.sh'
[2.468s] Level 1:colcon.colcon_core.environment:checking '/home/imml/git/research_2025/apple-harvest-eva/install/realsense2_camera_msgs/lib'
[2.468s] Level 1:colcon.colcon_core.shell:create_environment_hook('realsense2_camera_msgs', 'ld_library_path_lib')
[2.468s] INFO:colcon.colcon_core.shell:Creating environment hook '/home/imml/git/research_2025/apple-harvest-eva/install/realsense2_camera_msgs/share/realsense2_camera_msgs/hook/ld_library_path_lib.ps1'
[2.469s] INFO:colcon.colcon_core.shell:Creating environment descriptor '/home/imml/git/research_2025/apple-harvest-eva/install/realsense2_camera_msgs/share/realsense2_camera_msgs/hook/ld_library_path_lib.dsv'
[2.470s] INFO:colcon.colcon_core.shell:Creating environment hook '/home/imml/git/research_2025/apple-harvest-eva/install/realsense2_camera_msgs/share/realsense2_camera_msgs/hook/ld_library_path_lib.sh'
[2.470s] Level 1:colcon.colcon_core.environment:checking '/home/imml/git/research_2025/apple-harvest-eva/install/realsense2_camera_msgs/bin'
[2.470s] Level 1:colcon.colcon_core.environment:checking '/home/imml/git/research_2025/apple-harvest-eva/install/realsense2_camera_msgs/lib/pkgconfig/realsense2_camera_msgs.pc'
[2.470s] Level 1:colcon.colcon_core.environment:checking '/home/imml/git/research_2025/apple-harvest-eva/install/realsense2_camera_msgs/lib/python3.10/site-packages'
[2.471s] Level 1:colcon.colcon_core.environment:checking '/home/imml/git/research_2025/apple-harvest-eva/install/realsense2_camera_msgs/bin'
[2.471s] INFO:colcon.colcon_core.shell:Creating package script '/home/imml/git/research_2025/apple-harvest-eva/install/realsense2_camera_msgs/share/realsense2_camera_msgs/package.ps1'
[2.472s] INFO:colcon.colcon_core.shell:Creating package descriptor '/home/imml/git/research_2025/apple-harvest-eva/install/realsense2_camera_msgs/share/realsense2_camera_msgs/package.dsv'
[2.472s] INFO:colcon.colcon_core.shell:Creating package script '/home/imml/git/research_2025/apple-harvest-eva/install/realsense2_camera_msgs/share/realsense2_camera_msgs/package.sh'
[2.473s] INFO:colcon.colcon_core.shell:Creating package script '/home/imml/git/research_2025/apple-harvest-eva/install/realsense2_camera_msgs/share/realsense2_camera_msgs/package.bash'
[2.473s] INFO:colcon.colcon_core.shell:Creating package script '/home/imml/git/research_2025/apple-harvest-eva/install/realsense2_camera_msgs/share/realsense2_camera_msgs/package.zsh'
[2.474s] Level 1:colcon.colcon_core.environment:create_file_with_runtime_dependencies(/home/imml/git/research_2025/apple-harvest-eva/install/realsense2_camera_msgs/share/colcon-core/packages/realsense2_camera_msgs)
[2.475s] Level 1:colcon.colcon_core.environment:create_environment_scripts_only(realsense2_camera_msgs)
[2.475s] Level 1:colcon.colcon_core.environment:checking '/home/imml/git/research_2025/apple-harvest-eva/install/realsense2_camera_msgs' for CMake module files
[2.476s] Level 1:colcon.colcon_core.environment:checking '/home/imml/git/research_2025/apple-harvest-eva/install/realsense2_camera_msgs' for CMake config files
[2.477s] Level 1:colcon.colcon_core.shell:create_environment_hook('realsense2_camera_msgs', 'cmake_prefix_path')
[2.477s] INFO:colcon.colcon_core.shell:Creating environment hook '/home/imml/git/research_2025/apple-harvest-eva/install/realsense2_camera_msgs/share/realsense2_camera_msgs/hook/cmake_prefix_path.ps1'
[2.478s] INFO:colcon.colcon_core.shell:Creating environment descriptor '/home/imml/git/research_2025/apple-harvest-eva/install/realsense2_camera_msgs/share/realsense2_camera_msgs/hook/cmake_prefix_path.dsv'
[2.478s] INFO:colcon.colcon_core.shell:Creating environment hook '/home/imml/git/research_2025/apple-harvest-eva/install/realsense2_camera_msgs/share/realsense2_camera_msgs/hook/cmake_prefix_path.sh'
[2.479s] Level 1:colcon.colcon_core.environment:checking '/home/imml/git/research_2025/apple-harvest-eva/install/realsense2_camera_msgs/lib'
[2.479s] Level 1:colcon.colcon_core.shell:create_environment_hook('realsense2_camera_msgs', 'ld_library_path_lib')
[2.479s] INFO:colcon.colcon_core.shell:Creating environment hook '/home/imml/git/research_2025/apple-harvest-eva/install/realsense2_camera_msgs/share/realsense2_camera_msgs/hook/ld_library_path_lib.ps1'
[2.480s] INFO:colcon.colcon_core.shell:Creating environment descriptor '/home/imml/git/research_2025/apple-harvest-eva/install/realsense2_camera_msgs/share/realsense2_camera_msgs/hook/ld_library_path_lib.dsv'
[2.480s] INFO:colcon.colcon_core.shell:Creating environment hook '/home/imml/git/research_2025/apple-harvest-eva/install/realsense2_camera_msgs/share/realsense2_camera_msgs/hook/ld_library_path_lib.sh'
[2.480s] Level 1:colcon.colcon_core.environment:checking '/home/imml/git/research_2025/apple-harvest-eva/install/realsense2_camera_msgs/bin'
[2.481s] Level 1:colcon.colcon_core.environment:checking '/home/imml/git/research_2025/apple-harvest-eva/install/realsense2_camera_msgs/lib/pkgconfig/realsense2_camera_msgs.pc'
[2.481s] Level 1:colcon.colcon_core.environment:checking '/home/imml/git/research_2025/apple-harvest-eva/install/realsense2_camera_msgs/lib/python3.10/site-packages'
[2.481s] Level 1:colcon.colcon_core.environment:checking '/home/imml/git/research_2025/apple-harvest-eva/install/realsense2_camera_msgs/bin'
[2.481s] INFO:colcon.colcon_core.shell:Creating package script '/home/imml/git/research_2025/apple-harvest-eva/install/realsense2_camera_msgs/share/realsense2_camera_msgs/package.ps1'
[2.482s] INFO:colcon.colcon_core.shell:Creating package descriptor '/home/imml/git/research_2025/apple-harvest-eva/install/realsense2_camera_msgs/share/realsense2_camera_msgs/package.dsv'
[2.482s] INFO:colcon.colcon_core.shell:Creating package script '/home/imml/git/research_2025/apple-harvest-eva/install/realsense2_camera_msgs/share/realsense2_camera_msgs/package.sh'
[2.483s] INFO:colcon.colcon_core.shell:Creating package script '/home/imml/git/research_2025/apple-harvest-eva/install/realsense2_camera_msgs/share/realsense2_camera_msgs/package.bash'
[2.484s] INFO:colcon.colcon_core.shell:Creating package script '/home/imml/git/research_2025/apple-harvest-eva/install/realsense2_camera_msgs/share/realsense2_camera_msgs/package.zsh'
[2.484s] Level 1:colcon.colcon_core.environment:create_file_with_runtime_dependencies(/home/imml/git/research_2025/apple-harvest-eva/install/realsense2_camera_msgs/share/colcon-core/packages/realsense2_camera_msgs)
[2.485s] INFO:colcon.colcon_ros.task.ament_cmake.build:Building ROS package in '/home/imml/git/research_2025/apple-harvest-eva/harvest_hardware/realsense-ros/realsense2_camera' with build type 'ament_cmake'
[2.485s] INFO:colcon.colcon_cmake.task.cmake.build:Building CMake package in '/home/imml/git/research_2025/apple-harvest-eva/harvest_hardware/realsense-ros/realsense2_camera'
[2.485s] INFO:colcon.colcon_core.shell:Skip shell extension 'powershell' for command environment: Not usable outside of PowerShell
[2.485s] DEBUG:colcon.colcon_core.shell:Skip shell extension 'dsv' for command environment
[2.490s] INFO:colcon.colcon_ros.task.ament_cmake.build:Building ROS package in '/home/imml/git/research_2025/apple-harvest-eva/harvest_hardware/realsense-ros/realsense2_description' with build type 'ament_cmake'
[2.490s] INFO:colcon.colcon_cmake.task.cmake.build:Building CMake package in '/home/imml/git/research_2025/apple-harvest-eva/harvest_hardware/realsense-ros/realsense2_description'
[2.490s] INFO:colcon.colcon_core.shell:Skip shell extension 'powershell' for command environment: Not usable outside of PowerShell
[2.491s] DEBUG:colcon.colcon_core.shell:Skip shell extension 'dsv' for command environment
[2.501s] DEBUG:colcon.colcon_core.event_handler.log_command:Invoking command in '/home/imml/git/research_2025/apple-harvest-eva/build/realsense2_camera': AMENT_PREFIX_PATH=/home/imml/git/research_2025/apple-harvest-eva/install/realsense2_camera_msgs:${AMENT_PREFIX_PATH} CMAKE_PREFIX_PATH=/home/imml/git/research_2025/apple-harvest-eva/install/realsense2_camera_msgs:/opt/ros/humble LD_LIBRARY_PATH=/home/imml/git/research_2025/apple-harvest-eva/install/realsense2_camera_msgs/lib:${LD_LIBRARY_PATH} PYTHONPATH=/home/imml/git/research_2025/apple-harvest-eva/install/realsense2_camera_msgs/local/lib/python3.10/dist-packages:${PYTHONPATH} /usr/bin/cmake /home/imml/git/research_2025/apple-harvest-eva/harvest_hardware/realsense-ros/realsense2_camera -DAMENT_CMAKE_SYMLINK_INSTALL=1 -DCMAKE_INSTALL_PREFIX=/home/imml/git/research_2025/apple-harvest-eva/install/realsense2_camera
[2.505s] DEBUG:colcon.colcon_core.event_handler.log_command:Invoking command in '/home/imml/git/research_2025/apple-harvest-eva/build/realsense2_description': AMENT_PREFIX_PATH=/home/imml/git/research_2025/apple-harvest-eva/install/realsense2_camera_msgs:${AMENT_PREFIX_PATH} CMAKE_PREFIX_PATH=/home/imml/git/research_2025/apple-harvest-eva/install/realsense2_camera_msgs:/opt/ros/humble LD_LIBRARY_PATH=/home/imml/git/research_2025/apple-harvest-eva/install/realsense2_camera_msgs/lib:${LD_LIBRARY_PATH} PYTHONPATH=/home/imml/git/research_2025/apple-harvest-eva/install/realsense2_camera_msgs/local/lib/python3.10/dist-packages:${PYTHONPATH} /usr/bin/cmake /home/imml/git/research_2025/apple-harvest-eva/harvest_hardware/realsense-ros/realsense2_description -DAMENT_CMAKE_SYMLINK_INSTALL=1 -DCMAKE_INSTALL_PREFIX=/home/imml/git/research_2025/apple-harvest-eva/install/realsense2_description
[2.797s] DEBUG:colcon.colcon_core.event_handler.log_command:Invoked command in '/home/imml/git/research_2025/apple-harvest-eva/build/harvest_interfaces' returned '0': CMAKE_PREFIX_PATH=/opt/ros/humble /usr/bin/cmake --build /home/imml/git/research_2025/apple-harvest-eva/build/harvest_interfaces -- -j16 -l16
[2.800s] DEBUG:colcon.colcon_core.event_handler.log_command:Invoking command in '/home/imml/git/research_2025/apple-harvest-eva/build/harvest_interfaces': CMAKE_PREFIX_PATH=/opt/ros/humble /usr/bin/cmake --install /home/imml/git/research_2025/apple-harvest-eva/build/harvest_interfaces
[2.834s] DEBUG:colcon.colcon_core.event_handler.log_command:Invoked command in '/home/imml/git/research_2025/apple-harvest-eva/build/realsense2_description' returned '0': AMENT_PREFIX_PATH=/home/imml/git/research_2025/apple-harvest-eva/install/realsense2_camera_msgs:${AMENT_PREFIX_PATH} CMAKE_PREFIX_PATH=/home/imml/git/research_2025/apple-harvest-eva/install/realsense2_camera_msgs:/opt/ros/humble LD_LIBRARY_PATH=/home/imml/git/research_2025/apple-harvest-eva/install/realsense2_camera_msgs/lib:${LD_LIBRARY_PATH} PYTHONPATH=/home/imml/git/research_2025/apple-harvest-eva/install/realsense2_camera_msgs/local/lib/python3.10/dist-packages:${PYTHONPATH} /usr/bin/cmake /home/imml/git/research_2025/apple-harvest-eva/harvest_hardware/realsense-ros/realsense2_description -DAMENT_CMAKE_SYMLINK_INSTALL=1 -DCMAKE_INSTALL_PREFIX=/home/imml/git/research_2025/apple-harvest-eva/install/realsense2_description
[2.836s] DEBUG:colcon.colcon_core.event_handler.log_command:Invoking command in '/home/imml/git/research_2025/apple-harvest-eva/build/realsense2_description': AMENT_PREFIX_PATH=/home/imml/git/research_2025/apple-harvest-eva/install/realsense2_camera_msgs:${AMENT_PREFIX_PATH} CMAKE_PREFIX_PATH=/home/imml/git/research_2025/apple-harvest-eva/install/realsense2_camera_msgs:/opt/ros/humble LD_LIBRARY_PATH=/home/imml/git/research_2025/apple-harvest-eva/install/realsense2_camera_msgs/lib:${LD_LIBRARY_PATH} PYTHONPATH=/home/imml/git/research_2025/apple-harvest-eva/install/realsense2_camera_msgs/local/lib/python3.10/dist-packages:${PYTHONPATH} /usr/bin/cmake --build /home/imml/git/research_2025/apple-harvest-eva/build/realsense2_description -- -j16 -l16
[2.884s] DEBUG:colcon.colcon_core.event_handler.log_command:Invoked command in '/home/imml/git/research_2025/apple-harvest-eva/build/realsense2_description' returned '0': AMENT_PREFIX_PATH=/home/imml/git/research_2025/apple-harvest-eva/install/realsense2_camera_msgs:${AMENT_PREFIX_PATH} CMAKE_PREFIX_PATH=/home/imml/git/research_2025/apple-harvest-eva/install/realsense2_camera_msgs:/opt/ros/humble LD_LIBRARY_PATH=/home/imml/git/research_2025/apple-harvest-eva/install/realsense2_camera_msgs/lib:${LD_LIBRARY_PATH} PYTHONPATH=/home/imml/git/research_2025/apple-harvest-eva/install/realsense2_camera_msgs/local/lib/python3.10/dist-packages:${PYTHONPATH} /usr/bin/cmake --build /home/imml/git/research_2025/apple-harvest-eva/build/realsense2_description -- -j16 -l16
[2.886s] DEBUG:colcon.colcon_core.event_handler.log_command:Invoking command in '/home/imml/git/research_2025/apple-harvest-eva/build/realsense2_description': AMENT_PREFIX_PATH=/home/imml/git/research_2025/apple-harvest-eva/install/realsense2_camera_msgs:${AMENT_PREFIX_PATH} CMAKE_PREFIX_PATH=/home/imml/git/research_2025/apple-harvest-eva/install/realsense2_camera_msgs:/opt/ros/humble LD_LIBRARY_PATH=/home/imml/git/research_2025/apple-harvest-eva/install/realsense2_camera_msgs/lib:${LD_LIBRARY_PATH} PYTHONPATH=/home/imml/git/research_2025/apple-harvest-eva/install/realsense2_camera_msgs/local/lib/python3.10/dist-packages:${PYTHONPATH} /usr/bin/cmake --install /home/imml/git/research_2025/apple-harvest-eva/build/realsense2_description
[2.917s] Level 1:colcon.colcon_core.environment:create_environment_scripts_only(realsense2_description)
[2.918s] Level 1:colcon.colcon_core.environment:checking '/home/imml/git/research_2025/apple-harvest-eva/install/realsense2_description' for CMake module files
[2.919s] DEBUG:colcon.colcon_core.event_handler.log_command:Invoked command in '/home/imml/git/research_2025/apple-harvest-eva/build/realsense2_description' returned '0': AMENT_PREFIX_PATH=/home/imml/git/research_2025/apple-harvest-eva/install/realsense2_camera_msgs:${AMENT_PREFIX_PATH} CMAKE_PREFIX_PATH=/home/imml/git/research_2025/apple-harvest-eva/install/realsense2_camera_msgs:/opt/ros/humble LD_LIBRARY_PATH=/home/imml/git/research_2025/apple-harvest-eva/install/realsense2_camera_msgs/lib:${LD_LIBRARY_PATH} PYTHONPATH=/home/imml/git/research_2025/apple-harvest-eva/install/realsense2_camera_msgs/local/lib/python3.10/dist-packages:${PYTHONPATH} /usr/bin/cmake --install /home/imml/git/research_2025/apple-harvest-eva/build/realsense2_description
[2.919s] Level 1:colcon.colcon_core.environment:checking '/home/imml/git/research_2025/apple-harvest-eva/install/realsense2_description' for CMake config files
[2.920s] Level 1:colcon.colcon_core.shell:create_environment_hook('realsense2_description', 'cmake_prefix_path')
[2.920s] INFO:colcon.colcon_core.shell:Creating environment hook '/home/imml/git/research_2025/apple-harvest-eva/install/realsense2_description/share/realsense2_description/hook/cmake_prefix_path.ps1'
[2.921s] INFO:colcon.colcon_core.shell:Creating environment descriptor '/home/imml/git/research_2025/apple-harvest-eva/install/realsense2_description/share/realsense2_description/hook/cmake_prefix_path.dsv'
[2.922s] INFO:colcon.colcon_core.shell:Creating environment hook '/home/imml/git/research_2025/apple-harvest-eva/install/realsense2_description/share/realsense2_description/hook/cmake_prefix_path.sh'
[2.923s] Level 1:colcon.colcon_core.environment:checking '/home/imml/git/research_2025/apple-harvest-eva/install/realsense2_description/bin'
[2.923s] Level 1:colcon.colcon_core.environment:checking '/home/imml/git/research_2025/apple-harvest-eva/install/realsense2_description/lib/pkgconfig/realsense2_description.pc'
[2.923s] Level 1:colcon.colcon_core.environment:checking '/home/imml/git/research_2025/apple-harvest-eva/install/realsense2_description/lib/python3.10/site-packages'
[2.924s] Level 1:colcon.colcon_core.environment:checking '/home/imml/git/research_2025/apple-harvest-eva/install/realsense2_description/bin'
[2.924s] INFO:colcon.colcon_core.shell:Creating package script '/home/imml/git/research_2025/apple-harvest-eva/install/realsense2_description/share/realsense2_description/package.ps1'
[2.925s] INFO:colcon.colcon_core.shell:Creating package descriptor '/home/imml/git/research_2025/apple-harvest-eva/install/realsense2_description/share/realsense2_description/package.dsv'
[2.926s] INFO:colcon.colcon_core.shell:Creating package script '/home/imml/git/research_2025/apple-harvest-eva/install/realsense2_description/share/realsense2_description/package.sh'
[2.926s] INFO:colcon.colcon_core.shell:Creating package script '/home/imml/git/research_2025/apple-harvest-eva/install/realsense2_description/share/realsense2_description/package.bash'
[2.927s] INFO:colcon.colcon_core.shell:Creating package script '/home/imml/git/research_2025/apple-harvest-eva/install/realsense2_description/share/realsense2_description/package.zsh'
[2.927s] Level 1:colcon.colcon_core.environment:create_file_with_runtime_dependencies(/home/imml/git/research_2025/apple-harvest-eva/install/realsense2_description/share/colcon-core/packages/realsense2_description)
[2.928s] Level 1:colcon.colcon_core.environment:create_environment_scripts_only(realsense2_description)
[2.928s] Level 1:colcon.colcon_core.environment:checking '/home/imml/git/research_2025/apple-harvest-eva/install/realsense2_description' for CMake module files
[2.929s] Level 1:colcon.colcon_core.environment:checking '/home/imml/git/research_2025/apple-harvest-eva/install/realsense2_description' for CMake config files
[2.930s] Level 1:colcon.colcon_core.shell:create_environment_hook('realsense2_description', 'cmake_prefix_path')
[2.930s] INFO:colcon.colcon_core.shell:Creating environment hook '/home/imml/git/research_2025/apple-harvest-eva/install/realsense2_description/share/realsense2_description/hook/cmake_prefix_path.ps1'
[2.931s] INFO:colcon.colcon_core.shell:Creating environment descriptor '/home/imml/git/research_2025/apple-harvest-eva/install/realsense2_description/share/realsense2_description/hook/cmake_prefix_path.dsv'
[2.933s] INFO:colcon.colcon_core.shell:Creating environment hook '/home/imml/git/research_2025/apple-harvest-eva/install/realsense2_description/share/realsense2_description/hook/cmake_prefix_path.sh'
[2.934s] Level 1:colcon.colcon_core.environment:checking '/home/imml/git/research_2025/apple-harvest-eva/install/realsense2_description/bin'
[2.934s] Level 1:colcon.colcon_core.environment:checking '/home/imml/git/research_2025/apple-harvest-eva/install/realsense2_description/lib/pkgconfig/realsense2_description.pc'
[2.934s] Level 1:colcon.colcon_core.environment:checking '/home/imml/git/research_2025/apple-harvest-eva/install/realsense2_description/lib/python3.10/site-packages'
[2.934s] Level 1:colcon.colcon_core.environment:checking '/home/imml/git/research_2025/apple-harvest-eva/install/realsense2_description/bin'
[2.935s] INFO:colcon.colcon_core.shell:Creating package script '/home/imml/git/research_2025/apple-harvest-eva/install/realsense2_description/share/realsense2_description/package.ps1'
[2.935s] INFO:colcon.colcon_core.shell:Creating package descriptor '/home/imml/git/research_2025/apple-harvest-eva/install/realsense2_description/share/realsense2_description/package.dsv'
[2.936s] INFO:colcon.colcon_core.shell:Creating package script '/home/imml/git/research_2025/apple-harvest-eva/install/realsense2_description/share/realsense2_description/package.sh'
[2.937s] INFO:colcon.colcon_core.shell:Creating package script '/home/imml/git/research_2025/apple-harvest-eva/install/realsense2_description/share/realsense2_description/package.bash'
[2.937s] INFO:colcon.colcon_core.shell:Creating package script '/home/imml/git/research_2025/apple-harvest-eva/install/realsense2_description/share/realsense2_description/package.zsh'
[2.937s] Level 1:colcon.colcon_core.environment:create_file_with_runtime_dependencies(/home/imml/git/research_2025/apple-harvest-eva/install/realsense2_description/share/colcon-core/packages/realsense2_description)
[2.939s] Level 1:colcon.colcon_core.environment:create_environment_scripts_only(harvest_interfaces)
[2.939s] Level 1:colcon.colcon_core.environment:checking '/home/imml/git/research_2025/apple-harvest-eva/install/harvest_interfaces' for CMake module files
[2.940s] DEBUG:colcon.colcon_core.event_handler.log_command:Invoked command in '/home/imml/git/research_2025/apple-harvest-eva/build/harvest_interfaces' returned '0': CMAKE_PREFIX_PATH=/opt/ros/humble /usr/bin/cmake --install /home/imml/git/research_2025/apple-harvest-eva/build/harvest_interfaces
[2.940s] Level 1:colcon.colcon_core.environment:checking '/home/imml/git/research_2025/apple-harvest-eva/install/harvest_interfaces' for CMake config files
[2.944s] Level 1:colcon.colcon_core.shell:create_environment_hook('harvest_interfaces', 'cmake_prefix_path')
[2.944s] INFO:colcon.colcon_core.shell:Creating environment hook '/home/imml/git/research_2025/apple-harvest-eva/install/harvest_interfaces/share/harvest_interfaces/hook/cmake_prefix_path.ps1'
[2.945s] INFO:colcon.colcon_core.shell:Creating environment descriptor '/home/imml/git/research_2025/apple-harvest-eva/install/harvest_interfaces/share/harvest_interfaces/hook/cmake_prefix_path.dsv'
[2.946s] INFO:colcon.colcon_core.shell:Creating environment hook '/home/imml/git/research_2025/apple-harvest-eva/install/harvest_interfaces/share/harvest_interfaces/hook/cmake_prefix_path.sh'
[2.946s] Level 1:colcon.colcon_core.environment:checking '/home/imml/git/research_2025/apple-harvest-eva/install/harvest_interfaces/lib'
[2.946s] Level 1:colcon.colcon_core.shell:create_environment_hook('harvest_interfaces', 'ld_library_path_lib')
[2.947s] INFO:colcon.colcon_core.shell:Creating environment hook '/home/imml/git/research_2025/apple-harvest-eva/install/harvest_interfaces/share/harvest_interfaces/hook/ld_library_path_lib.ps1'
[2.947s] INFO:colcon.colcon_core.shell:Creating environment descriptor '/home/imml/git/research_2025/apple-harvest-eva/install/harvest_interfaces/share/harvest_interfaces/hook/ld_library_path_lib.dsv'
[2.947s] INFO:colcon.colcon_core.shell:Creating environment hook '/home/imml/git/research_2025/apple-harvest-eva/install/harvest_interfaces/share/harvest_interfaces/hook/ld_library_path_lib.sh'
[2.948s] Level 1:colcon.colcon_core.environment:checking '/home/imml/git/research_2025/apple-harvest-eva/install/harvest_interfaces/bin'
[2.948s] Level 1:colcon.colcon_core.environment:checking '/home/imml/git/research_2025/apple-harvest-eva/install/harvest_interfaces/lib/pkgconfig/harvest_interfaces.pc'
[2.948s] Level 1:colcon.colcon_core.environment:checking '/home/imml/git/research_2025/apple-harvest-eva/install/harvest_interfaces/lib/python3.10/site-packages'
[2.948s] Level 1:colcon.colcon_core.environment:checking '/home/imml/git/research_2025/apple-harvest-eva/install/harvest_interfaces/bin'
[2.949s] INFO:colcon.colcon_core.shell:Creating package script '/home/imml/git/research_2025/apple-harvest-eva/install/harvest_interfaces/share/harvest_interfaces/package.ps1'
[2.949s] INFO:colcon.colcon_core.shell:Creating package descriptor '/home/imml/git/research_2025/apple-harvest-eva/install/harvest_interfaces/share/harvest_interfaces/package.dsv'
[2.950s] INFO:colcon.colcon_core.shell:Creating package script '/home/imml/git/research_2025/apple-harvest-eva/install/harvest_interfaces/share/harvest_interfaces/package.sh'
[2.950s] INFO:colcon.colcon_core.shell:Creating package script '/home/imml/git/research_2025/apple-harvest-eva/install/harvest_interfaces/share/harvest_interfaces/package.bash'
[2.950s] INFO:colcon.colcon_core.shell:Creating package script '/home/imml/git/research_2025/apple-harvest-eva/install/harvest_interfaces/share/harvest_interfaces/package.zsh'
[2.951s] Level 1:colcon.colcon_core.environment:create_file_with_runtime_dependencies(/home/imml/git/research_2025/apple-harvest-eva/install/harvest_interfaces/share/colcon-core/packages/harvest_interfaces)
[2.951s] Level 1:colcon.colcon_core.environment:create_environment_scripts_only(harvest_interfaces)
[2.952s] Level 1:colcon.colcon_core.environment:checking '/home/imml/git/research_2025/apple-harvest-eva/install/harvest_interfaces' for CMake module files
[2.952s] Level 1:colcon.colcon_core.environment:checking '/home/imml/git/research_2025/apple-harvest-eva/install/harvest_interfaces' for CMake config files
[2.955s] Level 1:colcon.colcon_core.shell:create_environment_hook('harvest_interfaces', 'cmake_prefix_path')
[2.955s] INFO:colcon.colcon_core.shell:Creating environment hook '/home/imml/git/research_2025/apple-harvest-eva/install/harvest_interfaces/share/harvest_interfaces/hook/cmake_prefix_path.ps1'
[2.956s] INFO:colcon.colcon_core.shell:Creating environment descriptor '/home/imml/git/research_2025/apple-harvest-eva/install/harvest_interfaces/share/harvest_interfaces/hook/cmake_prefix_path.dsv'
[2.956s] INFO:colcon.colcon_core.shell:Creating environment hook '/home/imml/git/research_2025/apple-harvest-eva/install/harvest_interfaces/share/harvest_interfaces/hook/cmake_prefix_path.sh'
[2.957s] Level 1:colcon.colcon_core.environment:checking '/home/imml/git/research_2025/apple-harvest-eva/install/harvest_interfaces/lib'
[2.957s] Level 1:colcon.colcon_core.shell:create_environment_hook('harvest_interfaces', 'ld_library_path_lib')
[2.957s] INFO:colcon.colcon_core.shell:Creating environment hook '/home/imml/git/research_2025/apple-harvest-eva/install/harvest_interfaces/share/harvest_interfaces/hook/ld_library_path_lib.ps1'
[2.957s] INFO:colcon.colcon_core.shell:Creating environment descriptor '/home/imml/git/research_2025/apple-harvest-eva/install/harvest_interfaces/share/harvest_interfaces/hook/ld_library_path_lib.dsv'
[2.958s] INFO:colcon.colcon_core.shell:Creating environment hook '/home/imml/git/research_2025/apple-harvest-eva/install/harvest_interfaces/share/harvest_interfaces/hook/ld_library_path_lib.sh'
[2.958s] Level 1:colcon.colcon_core.environment:checking '/home/imml/git/research_2025/apple-harvest-eva/install/harvest_interfaces/bin'
[2.958s] Level 1:colcon.colcon_core.environment:checking '/home/imml/git/research_2025/apple-harvest-eva/install/harvest_interfaces/lib/pkgconfig/harvest_interfaces.pc'
[2.959s] Level 1:colcon.colcon_core.environment:checking '/home/imml/git/research_2025/apple-harvest-eva/install/harvest_interfaces/lib/python3.10/site-packages'
[2.959s] Level 1:colcon.colcon_core.environment:checking '/home/imml/git/research_2025/apple-harvest-eva/install/harvest_interfaces/bin'
[2.959s] INFO:colcon.colcon_core.shell:Creating package script '/home/imml/git/research_2025/apple-harvest-eva/install/harvest_interfaces/share/harvest_interfaces/package.ps1'
[2.960s] INFO:colcon.colcon_core.shell:Creating package descriptor '/home/imml/git/research_2025/apple-harvest-eva/install/harvest_interfaces/share/harvest_interfaces/package.dsv'
[2.961s] INFO:colcon.colcon_core.shell:Creating package script '/home/imml/git/research_2025/apple-harvest-eva/install/harvest_interfaces/share/harvest_interfaces/package.sh'
[2.961s] INFO:colcon.colcon_core.shell:Creating package script '/home/imml/git/research_2025/apple-harvest-eva/install/harvest_interfaces/share/harvest_interfaces/package.bash'
[2.962s] INFO:colcon.colcon_core.shell:Creating package script '/home/imml/git/research_2025/apple-harvest-eva/install/harvest_interfaces/share/harvest_interfaces/package.zsh'
[2.962s] Level 1:colcon.colcon_core.environment:create_file_with_runtime_dependencies(/home/imml/git/research_2025/apple-harvest-eva/install/harvest_interfaces/share/colcon-core/packages/harvest_interfaces)
[2.963s] INFO:colcon.colcon_ros.task.ament_cmake.build:Building ROS package in '/home/imml/git/research_2025/apple-harvest-eva/harvest' with build type 'ament_cmake'
[2.963s] INFO:colcon.colcon_cmake.task.cmake.build:Building CMake package in '/home/imml/git/research_2025/apple-harvest-eva/harvest'
[2.963s] INFO:colcon.colcon_core.shell:Skip shell extension 'powershell' for command environment: Not usable outside of PowerShell
[2.963s] DEBUG:colcon.colcon_core.shell:Skip shell extension 'dsv' for command environment
[2.969s] INFO:colcon.colcon_ros.task.ament_cmake.build:Building ROS package in '/home/imml/git/research_2025/apple-harvest-eva/harvest_control' with build type 'ament_cmake'
[2.970s] INFO:colcon.colcon_cmake.task.cmake.build:Building CMake package in '/home/imml/git/research_2025/apple-harvest-eva/harvest_control'
[2.970s] INFO:colcon.colcon_core.shell:Skip shell extension 'powershell' for command environment: Not usable outside of PowerShell
[2.970s] DEBUG:colcon.colcon_core.shell:Skip shell extension 'dsv' for command environment
[2.975s] INFO:colcon.colcon_ros.task.ament_python.build:Building ROS package in '/home/imml/git/research_2025/apple-harvest-eva/harvest_vision' with build type 'ament_python'
[2.976s] Level 1:colcon.colcon_core.shell:create_environment_hook('harvest_vision', 'ament_prefix_path')
[2.976s] INFO:colcon.colcon_core.shell:Creating environment hook '/home/imml/git/research_2025/apple-harvest-eva/install/harvest_vision/share/harvest_vision/hook/ament_prefix_path.ps1'
[2.977s] INFO:colcon.colcon_core.shell:Creating environment descriptor '/home/imml/git/research_2025/apple-harvest-eva/install/harvest_vision/share/harvest_vision/hook/ament_prefix_path.dsv'
[2.977s] INFO:colcon.colcon_core.shell:Creating environment hook '/home/imml/git/research_2025/apple-harvest-eva/install/harvest_vision/share/harvest_vision/hook/ament_prefix_path.sh'
[2.978s] INFO:colcon.colcon_core.shell:Skip shell extension 'powershell' for command environment: Not usable outside of PowerShell
[2.979s] DEBUG:colcon.colcon_core.shell:Skip shell extension 'dsv' for command environment
[2.990s] DEBUG:colcon.colcon_core.event_handler.log_command:Invoking command in '/home/imml/git/research_2025/apple-harvest-eva/build/harvest': AMENT_PREFIX_PATH=/home/imml/git/research_2025/apple-harvest-eva/install/harvest_interfaces:${AMENT_PREFIX_PATH} CMAKE_PREFIX_PATH=/home/imml/git/research_2025/apple-harvest-eva/install/harvest_interfaces:/opt/ros/humble LD_LIBRARY_PATH=/home/imml/git/research_2025/apple-harvest-eva/install/harvest_interfaces/lib:${LD_LIBRARY_PATH} PYTHONPATH=/home/imml/git/research_2025/apple-harvest-eva/install/harvest_interfaces/local/lib/python3.10/dist-packages:${PYTHONPATH} /usr/bin/cmake /home/imml/git/research_2025/apple-harvest-eva/harvest -DAMENT_CMAKE_SYMLINK_INSTALL=1 -DCMAKE_INSTALL_PREFIX=/home/imml/git/research_2025/apple-harvest-eva/install/harvest
[2.993s] DEBUG:colcon.colcon_core.event_handler.log_command:Invoking command in '/home/imml/git/research_2025/apple-harvest-eva/build/harvest_control': AMENT_PREFIX_PATH=/home/imml/git/research_2025/apple-harvest-eva/install/harvest_interfaces:${AMENT_PREFIX_PATH} CMAKE_PREFIX_PATH=/home/imml/git/research_2025/apple-harvest-eva/install/harvest_interfaces:/opt/ros/humble LD_LIBRARY_PATH=/home/imml/git/research_2025/apple-harvest-eva/install/harvest_interfaces/lib:${LD_LIBRARY_PATH} PYTHONPATH=/home/imml/git/research_2025/apple-harvest-eva/install/harvest_interfaces/local/lib/python3.10/dist-packages:${PYTHONPATH} /usr/bin/cmake /home/imml/git/research_2025/apple-harvest-eva/harvest_control -DAMENT_CMAKE_SYMLINK_INSTALL=1 -DCMAKE_INSTALL_PREFIX=/home/imml/git/research_2025/apple-harvest-eva/install/harvest_control
[3.362s] INFO:colcon.colcon_core.task.python.build:Building Python package in '/home/imml/git/research_2025/apple-harvest-eva/harvest_vision'
[3.363s] INFO:colcon.colcon_core.shell:Skip shell extension 'powershell' for command environment: Not usable outside of PowerShell
[3.363s] DEBUG:colcon.colcon_core.shell:Skip shell extension 'dsv' for command environment
[3.368s] DEBUG:colcon.colcon_core.event_handler.log_command:Invoked command in '/home/imml/git/research_2025/apple-harvest-eva/build/ur_controllers' returned '0': AMENT_PREFIX_PATH=/home/imml/git/research_2025/apple-harvest-eva/install/ur_dashboard_msgs:${AMENT_PREFIX_PATH} CMAKE_PREFIX_PATH=/home/imml/git/research_2025/apple-harvest-eva/install/ur_dashboard_msgs:/opt/ros/humble LD_LIBRARY_PATH=/home/imml/git/research_2025/apple-harvest-eva/install/ur_dashboard_msgs/lib:${LD_LIBRARY_PATH} PYTHONPATH=/home/imml/git/research_2025/apple-harvest-eva/install/ur_dashboard_msgs/local/lib/python3.10/dist-packages:${PYTHONPATH} /usr/bin/cmake /home/imml/git/research_2025/apple-harvest-eva/harvest_hardware/Universal_Robots_ROS2_Driver/ur_controllers -DAMENT_CMAKE_SYMLINK_INSTALL=1 -DCMAKE_INSTALL_PREFIX=/home/imml/git/research_2025/apple-harvest-eva/install/ur_controllers
[3.372s] DEBUG:colcon.colcon_core.event_handler.log_command:Invoking command in '/home/imml/git/research_2025/apple-harvest-eva/build/ur_controllers': AMENT_PREFIX_PATH=/home/imml/git/research_2025/apple-harvest-eva/install/ur_dashboard_msgs:${AMENT_PREFIX_PATH} CMAKE_PREFIX_PATH=/home/imml/git/research_2025/apple-harvest-eva/install/ur_dashboard_msgs:/opt/ros/humble LD_LIBRARY_PATH=/home/imml/git/research_2025/apple-harvest-eva/install/ur_dashboard_msgs/lib:${LD_LIBRARY_PATH} PYTHONPATH=/home/imml/git/research_2025/apple-harvest-eva/install/ur_dashboard_msgs/local/lib/python3.10/dist-packages:${PYTHONPATH} /usr/bin/cmake --build /home/imml/git/research_2025/apple-harvest-eva/build/ur_controllers -- -j16 -l16
[3.532s] DEBUG:colcon.colcon_core.event_handler.log_command:Invoked command in '/home/imml/git/research_2025/apple-harvest-eva/build/ur_controllers' returned '0': AMENT_PREFIX_PATH=/home/imml/git/research_2025/apple-harvest-eva/install/ur_dashboard_msgs:${AMENT_PREFIX_PATH} CMAKE_PREFIX_PATH=/home/imml/git/research_2025/apple-harvest-eva/install/ur_dashboard_msgs:/opt/ros/humble LD_LIBRARY_PATH=/home/imml/git/research_2025/apple-harvest-eva/install/ur_dashboard_msgs/lib:${LD_LIBRARY_PATH} PYTHONPATH=/home/imml/git/research_2025/apple-harvest-eva/install/ur_dashboard_msgs/local/lib/python3.10/dist-packages:${PYTHONPATH} /usr/bin/cmake --build /home/imml/git/research_2025/apple-harvest-eva/build/ur_controllers -- -j16 -l16
[3.535s] DEBUG:colcon.colcon_core.event_handler.log_command:Invoking command in '/home/imml/git/research_2025/apple-harvest-eva/build/ur_controllers': AMENT_PREFIX_PATH=/home/imml/git/research_2025/apple-harvest-eva/install/ur_dashboard_msgs:${AMENT_PREFIX_PATH} CMAKE_PREFIX_PATH=/home/imml/git/research_2025/apple-harvest-eva/install/ur_dashboard_msgs:/opt/ros/humble LD_LIBRARY_PATH=/home/imml/git/research_2025/apple-harvest-eva/install/ur_dashboard_msgs/lib:${LD_LIBRARY_PATH} PYTHONPATH=/home/imml/git/research_2025/apple-harvest-eva/install/ur_dashboard_msgs/local/lib/python3.10/dist-packages:${PYTHONPATH} /usr/bin/cmake --install /home/imml/git/research_2025/apple-harvest-eva/build/ur_controllers
[3.566s] Level 1:colcon.colcon_core.environment:create_environment_scripts_only(ur_controllers)
[3.567s] Level 1:colcon.colcon_core.environment:checking '/home/imml/git/research_2025/apple-harvest-eva/install/ur_controllers' for CMake module files
[3.567s] DEBUG:colcon.colcon_core.event_handler.log_command:Invoked command in '/home/imml/git/research_2025/apple-harvest-eva/build/ur_controllers' returned '0': AMENT_PREFIX_PATH=/home/imml/git/research_2025/apple-harvest-eva/install/ur_dashboard_msgs:${AMENT_PREFIX_PATH} CMAKE_PREFIX_PATH=/home/imml/git/research_2025/apple-harvest-eva/install/ur_dashboard_msgs:/opt/ros/humble LD_LIBRARY_PATH=/home/imml/git/research_2025/apple-harvest-eva/install/ur_dashboard_msgs/lib:${LD_LIBRARY_PATH} PYTHONPATH=/home/imml/git/research_2025/apple-harvest-eva/install/ur_dashboard_msgs/local/lib/python3.10/dist-packages:${PYTHONPATH} /usr/bin/cmake --install /home/imml/git/research_2025/apple-harvest-eva/build/ur_controllers
[3.568s] Level 1:colcon.colcon_core.environment:checking '/home/imml/git/research_2025/apple-harvest-eva/install/ur_controllers' for CMake config files
[3.569s] Level 1:colcon.colcon_core.shell:create_environment_hook('ur_controllers', 'cmake_prefix_path')
[3.569s] INFO:colcon.colcon_core.shell:Creating environment hook '/home/imml/git/research_2025/apple-harvest-eva/install/ur_controllers/share/ur_controllers/hook/cmake_prefix_path.ps1'
[3.570s] INFO:colcon.colcon_core.shell:Creating environment descriptor '/home/imml/git/research_2025/apple-harvest-eva/install/ur_controllers/share/ur_controllers/hook/cmake_prefix_path.dsv'
[3.570s] INFO:colcon.colcon_core.shell:Creating environment hook '/home/imml/git/research_2025/apple-harvest-eva/install/ur_controllers/share/ur_controllers/hook/cmake_prefix_path.sh'
[3.571s] Level 1:colcon.colcon_core.environment:checking '/home/imml/git/research_2025/apple-harvest-eva/install/ur_controllers/lib'
[3.571s] Level 1:colcon.colcon_core.shell:create_environment_hook('ur_controllers', 'ld_library_path_lib')
[3.571s] INFO:colcon.colcon_core.shell:Creating environment hook '/home/imml/git/research_2025/apple-harvest-eva/install/ur_controllers/share/ur_controllers/hook/ld_library_path_lib.ps1'
[3.572s] INFO:colcon.colcon_core.shell:Creating environment descriptor '/home/imml/git/research_2025/apple-harvest-eva/install/ur_controllers/share/ur_controllers/hook/ld_library_path_lib.dsv'
[3.572s] INFO:colcon.colcon_core.shell:Creating environment hook '/home/imml/git/research_2025/apple-harvest-eva/install/ur_controllers/share/ur_controllers/hook/ld_library_path_lib.sh'
[3.573s] Level 1:colcon.colcon_core.environment:checking '/home/imml/git/research_2025/apple-harvest-eva/install/ur_controllers/bin'
[3.573s] Level 1:colcon.colcon_core.environment:checking '/home/imml/git/research_2025/apple-harvest-eva/install/ur_controllers/lib/pkgconfig/ur_controllers.pc'
[3.573s] Level 1:colcon.colcon_core.environment:checking '/home/imml/git/research_2025/apple-harvest-eva/install/ur_controllers/lib/python3.10/site-packages'
[3.573s] Level 1:colcon.colcon_core.environment:checking '/home/imml/git/research_2025/apple-harvest-eva/install/ur_controllers/bin'
[3.574s] INFO:colcon.colcon_core.shell:Creating package script '/home/imml/git/research_2025/apple-harvest-eva/install/ur_controllers/share/ur_controllers/package.ps1'
[3.574s] INFO:colcon.colcon_core.shell:Creating package descriptor '/home/imml/git/research_2025/apple-harvest-eva/install/ur_controllers/share/ur_controllers/package.dsv'
[3.575s] INFO:colcon.colcon_core.shell:Creating package script '/home/imml/git/research_2025/apple-harvest-eva/install/ur_controllers/share/ur_controllers/package.sh'
[3.575s] INFO:colcon.colcon_core.shell:Creating package script '/home/imml/git/research_2025/apple-harvest-eva/install/ur_controllers/share/ur_controllers/package.bash'
[3.576s] INFO:colcon.colcon_core.shell:Creating package script '/home/imml/git/research_2025/apple-harvest-eva/install/ur_controllers/share/ur_controllers/package.zsh'
[3.576s] Level 1:colcon.colcon_core.environment:create_file_with_runtime_dependencies(/home/imml/git/research_2025/apple-harvest-eva/install/ur_controllers/share/colcon-core/packages/ur_controllers)
[3.577s] Level 1:colcon.colcon_core.environment:create_environment_scripts_only(ur_controllers)
[3.577s] Level 1:colcon.colcon_core.environment:checking '/home/imml/git/research_2025/apple-harvest-eva/install/ur_controllers' for CMake module files
[3.578s] Level 1:colcon.colcon_core.environment:checking '/home/imml/git/research_2025/apple-harvest-eva/install/ur_controllers' for CMake config files
[3.578s] Level 1:colcon.colcon_core.shell:create_environment_hook('ur_controllers', 'cmake_prefix_path')
[3.578s] INFO:colcon.colcon_core.shell:Creating environment hook '/home/imml/git/research_2025/apple-harvest-eva/install/ur_controllers/share/ur_controllers/hook/cmake_prefix_path.ps1'
[3.579s] INFO:colcon.colcon_core.shell:Creating environment descriptor '/home/imml/git/research_2025/apple-harvest-eva/install/ur_controllers/share/ur_controllers/hook/cmake_prefix_path.dsv'
[3.579s] INFO:colcon.colcon_core.shell:Creating environment hook '/home/imml/git/research_2025/apple-harvest-eva/install/ur_controllers/share/ur_controllers/hook/cmake_prefix_path.sh'
[3.580s] Level 1:colcon.colcon_core.environment:checking '/home/imml/git/research_2025/apple-harvest-eva/install/ur_controllers/lib'
[3.580s] Level 1:colcon.colcon_core.shell:create_environment_hook('ur_controllers', 'ld_library_path_lib')
[3.580s] INFO:colcon.colcon_core.shell:Creating environment hook '/home/imml/git/research_2025/apple-harvest-eva/install/ur_controllers/share/ur_controllers/hook/ld_library_path_lib.ps1'
[3.581s] INFO:colcon.colcon_core.shell:Creating environment descriptor '/home/imml/git/research_2025/apple-harvest-eva/install/ur_controllers/share/ur_controllers/hook/ld_library_path_lib.dsv'
[3.581s] INFO:colcon.colcon_core.shell:Creating environment hook '/home/imml/git/research_2025/apple-harvest-eva/install/ur_controllers/share/ur_controllers/hook/ld_library_path_lib.sh'
[3.581s] Level 1:colcon.colcon_core.environment:checking '/home/imml/git/research_2025/apple-harvest-eva/install/ur_controllers/bin'
[3.581s] Level 1:colcon.colcon_core.environment:checking '/home/imml/git/research_2025/apple-harvest-eva/install/ur_controllers/lib/pkgconfig/ur_controllers.pc'
[3.582s] Level 1:colcon.colcon_core.environment:checking '/home/imml/git/research_2025/apple-harvest-eva/install/ur_controllers/lib/python3.10/site-packages'
[3.582s] Level 1:colcon.colcon_core.environment:checking '/home/imml/git/research_2025/apple-harvest-eva/install/ur_controllers/bin'
[3.582s] INFO:colcon.colcon_core.shell:Creating package script '/home/imml/git/research_2025/apple-harvest-eva/install/ur_controllers/share/ur_controllers/package.ps1'
[3.583s] INFO:colcon.colcon_core.shell:Creating package descriptor '/home/imml/git/research_2025/apple-harvest-eva/install/ur_controllers/share/ur_controllers/package.dsv'
[3.583s] INFO:colcon.colcon_core.shell:Creating package script '/home/imml/git/research_2025/apple-harvest-eva/install/ur_controllers/share/ur_controllers/package.sh'
[3.584s] INFO:colcon.colcon_core.shell:Creating package script '/home/imml/git/research_2025/apple-harvest-eva/install/ur_controllers/share/ur_controllers/package.bash'
[3.584s] INFO:colcon.colcon_core.shell:Creating package script '/home/imml/git/research_2025/apple-harvest-eva/install/ur_controllers/share/ur_controllers/package.zsh'
[3.585s] Level 1:colcon.colcon_core.environment:create_file_with_runtime_dependencies(/home/imml/git/research_2025/apple-harvest-eva/install/ur_controllers/share/colcon-core/packages/ur_controllers)
[3.760s] DEBUG:colcon.colcon_core.event_handler.log_command:Invoked command in '/home/imml/git/research_2025/apple-harvest-eva/build/ur_description' returned '0': CMAKE_PREFIX_PATH=/opt/ros/humble /usr/bin/cmake /home/imml/git/research_2025/apple-harvest-eva/harvest_hardware/Universal_Robots_ROS2_Description -DAMENT_CMAKE_SYMLINK_INSTALL=1 -DCMAKE_INSTALL_PREFIX=/home/imml/git/research_2025/apple-harvest-eva/install/ur_description
[3.762s] DEBUG:colcon.colcon_core.event_handler.log_command:Invoking command in '/home/imml/git/research_2025/apple-harvest-eva/build/ur_description': CMAKE_PREFIX_PATH=/opt/ros/humble /usr/bin/cmake --build /home/imml/git/research_2025/apple-harvest-eva/build/ur_description -- -j16 -l16
[3.802s] DEBUG:colcon.colcon_core.task.python.build:While undoing a previous installation files outside the Python library path are being ignored: /home/imml/git/research_2025/apple-harvest-eva/install/harvest_vision/share/ament_index/resource_index/packages/harvest_vision
[3.802s] DEBUG:colcon.colcon_core.task.python.build:While undoing a previous installation files outside the Python library path are being ignored: /home/imml/git/research_2025/apple-harvest-eva/install/harvest_vision/share/harvest_vision/package.xml
[3.802s] DEBUG:colcon.colcon_core.task.python.build:While undoing a previous installation files outside the Python library path are being ignored: /home/imml/git/research_2025/apple-harvest-eva/install/harvest_vision/share/harvest_vision/launch
[3.802s] DEBUG:colcon.colcon_core.task.python.build:While undoing a previous installation files outside the Python library path are being ignored: /home/imml/git/research_2025/apple-harvest-eva/install/harvest_vision/share/harvest_vision/yolo_networks/best-merged-apples-thlo-merged-wsu-v8s.pt
[3.802s] DEBUG:colcon.colcon_core.task.python.build:While undoing a previous installation files outside the Python library path are being ignored: /home/imml/git/research_2025/apple-harvest-eva/install/harvest_vision/share/harvest_vision/yolo_networks/best-merged-apples-thlo-merged-wsu-v8m.pt
[3.802s] DEBUG:colcon.colcon_core.task.python.build:While undoing a previous installation files outside the Python library path are being ignored: /home/imml/git/research_2025/apple-harvest-eva/install/harvest_vision/share/harvest_vision/yolo_networks/best-merged-apples-thlo-merged-wsu-v9c.pt
[3.802s] DEBUG:colcon.colcon_core.task.python.build:While undoing a previous installation files outside the Python library path are being ignored: /home/imml/git/research_2025/apple-harvest-eva/install/harvest_vision/share/harvest_vision/yolo_networks/best-merged-apples-thlo-merged-wsu-v8n.pt
[3.802s] DEBUG:colcon.colcon_core.task.python.build:While undoing a previous installation files outside the Python library path are being ignored: /home/imml/git/research_2025/apple-harvest-eva/install/harvest_vision/share/harvest_vision/yolo_networks/best_segmentation.pt
[3.802s] DEBUG:colcon.colcon_core.task.python.build:While undoing a previous installation files outside the Python library path are being ignored: /home/imml/git/research_2025/apple-harvest-eva/install/harvest_vision/share/harvest_vision/yolo_networks/best-merged-apples-thlo-merged-wsu-v8l.pt
[3.802s] DEBUG:colcon.colcon_core.task.python.build:While undoing a previous installation files outside the Python library path are being ignored: /home/imml/git/research_2025/apple-harvest-eva/install/harvest_vision/share/harvest_vision/data/prosser_a/depth_to_color.png
[3.802s] DEBUG:colcon.colcon_core.task.python.build:While undoing a previous installation files outside the Python library path are being ignored: /home/imml/git/research_2025/apple-harvest-eva/install/harvest_vision/share/harvest_vision/data/prosser_a/pointcloud.ply
[3.802s] DEBUG:colcon.colcon_core.task.python.build:While undoing a previous installation files outside the Python library path are being ignored: /home/imml/git/research_2025/apple-harvest-eva/install/harvest_vision/share/harvest_vision/data/prosser_a/color_raw.png
[3.802s] DEBUG:colcon.colcon_core.task.python.build:While undoing a previous installation files outside the Python library path are being ignored: /home/imml/git/research_2025/apple-harvest-eva/install/harvest_vision/share/harvest_vision/data/prosser_b/depth_to_color.png
[3.802s] DEBUG:colcon.colcon_core.task.python.build:While undoing a previous installation files outside the Python library path are being ignored: /home/imml/git/research_2025/apple-harvest-eva/install/harvest_vision/share/harvest_vision/data/prosser_b/pointcloud.ply
[3.802s] DEBUG:colcon.colcon_core.task.python.build:While undoing a previous installation files outside the Python library path are being ignored: /home/imml/git/research_2025/apple-harvest-eva/install/harvest_vision/share/harvest_vision/data/prosser_b/color_raw.png
[3.802s] DEBUG:colcon.colcon_core.task.python.build:While undoing a previous installation files outside the Python library path are being ignored: /home/imml/git/research_2025/apple-harvest-eva/install/harvest_vision/share/harvest_vision/data/prosser_c/depth_to_color.png
[3.802s] DEBUG:colcon.colcon_core.task.python.build:While undoing a previous installation files outside the Python library path are being ignored: /home/imml/git/research_2025/apple-harvest-eva/install/harvest_vision/share/harvest_vision/data/prosser_c/pointcloud.ply
[3.802s] DEBUG:colcon.colcon_core.task.python.build:While undoing a previous installation files outside the Python library path are being ignored: /home/imml/git/research_2025/apple-harvest-eva/install/harvest_vision/share/harvest_vision/data/prosser_c/color_raw.png
[3.802s] DEBUG:colcon.colcon_core.task.python.build:While undoing a previous installation files outside the Python library path are being ignored: /home/imml/git/research_2025/apple-harvest-eva/install/harvest_vision/share/harvest_vision/data/prosser_d/depth_to_color.png
[3.803s] DEBUG:colcon.colcon_core.task.python.build:While undoing a previous installation files outside the Python library path are being ignored: /home/imml/git/research_2025/apple-harvest-eva/install/harvest_vision/share/harvest_vision/data/prosser_d/pointcloud.ply
[3.803s] DEBUG:colcon.colcon_core.task.python.build:While undoing a previous installation files outside the Python library path are being ignored: /home/imml/git/research_2025/apple-harvest-eva/install/harvest_vision/share/harvest_vision/data/prosser_d/color_raw.png
[3.803s] DEBUG:colcon.colcon_core.task.python.build:While undoing a previous installation files outside the Python library path are being ignored: /home/imml/git/research_2025/apple-harvest-eva/install/harvest_vision/share/harvest_vision/data/prosser_e/depth_to_color.png
[3.803s] DEBUG:colcon.colcon_core.task.python.build:While undoing a previous installation files outside the Python library path are being ignored: /home/imml/git/research_2025/apple-harvest-eva/install/harvest_vision/share/harvest_vision/data/prosser_e/pointcloud.ply
[3.803s] DEBUG:colcon.colcon_core.task.python.build:While undoing a previous installation files outside the Python library path are being ignored: /home/imml/git/research_2025/apple-harvest-eva/install/harvest_vision/share/harvest_vision/data/prosser_e/color_raw.png
[3.803s] DEBUG:colcon.colcon_core.task.python.build:While undoing a previous installation files outside the Python library path are being ignored: /home/imml/git/research_2025/apple-harvest-eva/install/harvest_vision/share/harvest_vision/data/prosser_f/depth_to_color.png
[3.803s] DEBUG:colcon.colcon_core.task.python.build:While undoing a previous installation files outside the Python library path are being ignored: /home/imml/git/research_2025/apple-harvest-eva/install/harvest_vision/share/harvest_vision/data/prosser_f/pointcloud.ply
[3.803s] DEBUG:colcon.colcon_core.task.python.build:While undoing a previous installation files outside the Python library path are being ignored: /home/imml/git/research_2025/apple-harvest-eva/install/harvest_vision/share/harvest_vision/data/prosser_f/color_raw.png
[3.803s] DEBUG:colcon.colcon_core.task.python.build:While undoing a previous installation files outside the Python library path are being ignored: /home/imml/git/research_2025/apple-harvest-eva/install/harvest_vision/share/harvest_vision/data/prosser_g/depth_to_color.png
[3.803s] DEBUG:colcon.colcon_core.task.python.build:While undoing a previous installation files outside the Python library path are being ignored: /home/imml/git/research_2025/apple-harvest-eva/install/harvest_vision/share/harvest_vision/data/prosser_g/pointcloud.ply
[3.803s] DEBUG:colcon.colcon_core.task.python.build:While undoing a previous installation files outside the Python library path are being ignored: /home/imml/git/research_2025/apple-harvest-eva/install/harvest_vision/share/harvest_vision/data/prosser_g/color_raw.png
[3.803s] DEBUG:colcon.colcon_core.task.python.build:While undoing a previous installation files outside the Python library path are being ignored: /home/imml/git/research_2025/apple-harvest-eva/install/harvest_vision/share/harvest_vision/data/prosser_h/depth_to_color.png
[3.803s] DEBUG:colcon.colcon_core.task.python.build:While undoing a previous installation files outside the Python library path are being ignored: /home/imml/git/research_2025/apple-harvest-eva/install/harvest_vision/share/harvest_vision/data/prosser_h/pointcloud.ply
[3.803s] DEBUG:colcon.colcon_core.task.python.build:While undoing a previous installation files outside the Python library path are being ignored: /home/imml/git/research_2025/apple-harvest-eva/install/harvest_vision/share/harvest_vision/data/prosser_h/color_raw.png
[3.803s] DEBUG:colcon.colcon_core.task.python.build:While undoing a previous installation files outside the Python library path are being ignored: /home/imml/git/research_2025/apple-harvest-eva/install/harvest_vision/share/harvest_vision/data/prosser_i/depth_to_color.png
[3.803s] DEBUG:colcon.colcon_core.task.python.build:While undoing a previous installation files outside the Python library path are being ignored: /home/imml/git/research_2025/apple-harvest-eva/install/harvest_vision/share/harvest_vision/data/prosser_i/pointcloud.ply
[3.803s] DEBUG:colcon.colcon_core.task.python.build:While undoing a previous installation files outside the Python library path are being ignored: /home/imml/git/research_2025/apple-harvest-eva/install/harvest_vision/share/harvest_vision/data/prosser_i/color_raw.png
[3.803s] DEBUG:colcon.colcon_core.task.python.build:While undoing a previous installation files outside the Python library path are being ignored: /home/imml/git/research_2025/apple-harvest-eva/install/harvest_vision/share/harvest_vision/data/prosser_j/depth_to_color.png
[3.803s] DEBUG:colcon.colcon_core.task.python.build:While undoing a previous installation files outside the Python library path are being ignored: /home/imml/git/research_2025/apple-harvest-eva/install/harvest_vision/share/harvest_vision/data/prosser_j/pointcloud.ply
[3.803s] DEBUG:colcon.colcon_core.task.python.build:While undoing a previous installation files outside the Python library path are being ignored: /home/imml/git/research_2025/apple-harvest-eva/install/harvest_vision/share/harvest_vision/data/prosser_j/color_raw.png
[3.803s] DEBUG:colcon.colcon_core.task.python.build:While undoing a previous installation files outside the Python library path are being ignored: /home/imml/git/research_2025/apple-harvest-eva/install/harvest_vision/lib/harvest_vision/apple_prediction
[3.803s] DEBUG:colcon.colcon_core.task.python.build:While undoing a previous installation files outside the Python library path are being ignored: /home/imml/git/research_2025/apple-harvest-eva/install/harvest_vision/lib/harvest_vision/apple_prediction_presaved_images
[3.803s] DEBUG:colcon.colcon_core.task.python.build:While undoing a previous installation files outside the Python library path are being ignored: /home/imml/git/research_2025/apple-harvest-eva/install/harvest_vision/lib/harvest_vision/voxelize_scan
[3.807s] DEBUG:colcon.colcon_core.event_handler.log_command:Invoking command in '/home/imml/git/research_2025/apple-harvest-eva/build/harvest_vision': AMENT_PREFIX_PATH=/home/imml/git/research_2025/apple-harvest-eva/install/harvest_interfaces:${AMENT_PREFIX_PATH} CMAKE_PREFIX_PATH=/home/imml/git/research_2025/apple-harvest-eva/install/harvest_interfaces LD_LIBRARY_PATH=/home/imml/git/research_2025/apple-harvest-eva/install/harvest_interfaces/lib:${LD_LIBRARY_PATH} PYTHONPATH=/home/imml/git/research_2025/apple-harvest-eva/build/harvest_vision/prefix_override:/usr/lib/python3/dist-packages/colcon_core/task/python/colcon_distutils_commands:/home/imml/git/research_2025/apple-harvest-eva/install/harvest_vision/lib/python3.10/site-packages:/home/imml/git/research_2025/apple-harvest-eva/install/harvest_interfaces/local/lib/python3.10/dist-packages:${PYTHONPATH} /usr/bin/python3 -W ignore:setup.py install is deprecated -W ignore:easy_install command is deprecated setup.py develop --editable --build-directory /home/imml/git/research_2025/apple-harvest-eva/build/harvest_vision/build --no-deps symlink_data --force
[3.808s] DEBUG:colcon.colcon_core.event_handler.log_command:Invoked command in '/home/imml/git/research_2025/apple-harvest-eva/build/ur_description' returned '0': CMAKE_PREFIX_PATH=/opt/ros/humble /usr/bin/cmake --build /home/imml/git/research_2025/apple-harvest-eva/build/ur_description -- -j16 -l16
[3.809s] DEBUG:colcon.colcon_core.event_handler.log_command:Invoking command in '/home/imml/git/research_2025/apple-harvest-eva/build/ur_description': CMAKE_PREFIX_PATH=/opt/ros/humble /usr/bin/cmake --install /home/imml/git/research_2025/apple-harvest-eva/build/ur_description
[3.856s] Level 1:colcon.colcon_core.environment:create_environment_scripts_only(ur_description)
[3.857s] Level 1:colcon.colcon_core.environment:checking '/home/imml/git/research_2025/apple-harvest-eva/install/ur_description' for CMake module files
[3.858s] DEBUG:colcon.colcon_core.event_handler.log_command:Invoked command in '/home/imml/git/research_2025/apple-harvest-eva/build/ur_description' returned '0': CMAKE_PREFIX_PATH=/opt/ros/humble /usr/bin/cmake --install /home/imml/git/research_2025/apple-harvest-eva/build/ur_description
[3.858s] Level 1:colcon.colcon_core.environment:checking '/home/imml/git/research_2025/apple-harvest-eva/install/ur_description' for CMake config files
[3.861s] Level 1:colcon.colcon_core.shell:create_environment_hook('ur_description', 'cmake_prefix_path')
[3.862s] INFO:colcon.colcon_core.shell:Creating environment hook '/home/imml/git/research_2025/apple-harvest-eva/install/ur_description/share/ur_description/hook/cmake_prefix_path.ps1'
[3.863s] INFO:colcon.colcon_core.shell:Creating environment descriptor '/home/imml/git/research_2025/apple-harvest-eva/install/ur_description/share/ur_description/hook/cmake_prefix_path.dsv'
[3.864s] INFO:colcon.colcon_core.shell:Creating environment hook '/home/imml/git/research_2025/apple-harvest-eva/install/ur_description/share/ur_description/hook/cmake_prefix_path.sh'
[3.864s] Level 1:colcon.colcon_core.environment:checking '/home/imml/git/research_2025/apple-harvest-eva/install/ur_description/bin'
[3.865s] Level 1:colcon.colcon_core.environment:checking '/home/imml/git/research_2025/apple-harvest-eva/install/ur_description/lib/pkgconfig/ur_description.pc'
[3.865s] Level 1:colcon.colcon_core.environment:checking '/home/imml/git/research_2025/apple-harvest-eva/install/ur_description/lib/python3.10/site-packages'
[3.865s] Level 1:colcon.colcon_core.environment:checking '/home/imml/git/research_2025/apple-harvest-eva/install/ur_description/bin'
[3.866s] INFO:colcon.colcon_core.shell:Creating package script '/home/imml/git/research_2025/apple-harvest-eva/install/ur_description/share/ur_description/package.ps1'
[3.866s] INFO:colcon.colcon_core.shell:Creating package descriptor '/home/imml/git/research_2025/apple-harvest-eva/install/ur_description/share/ur_description/package.dsv'
[3.867s] INFO:colcon.colcon_core.shell:Creating package script '/home/imml/git/research_2025/apple-harvest-eva/install/ur_description/share/ur_description/package.sh'
[3.867s] INFO:colcon.colcon_core.shell:Creating package script '/home/imml/git/research_2025/apple-harvest-eva/install/ur_description/share/ur_description/package.bash'
[3.868s] INFO:colcon.colcon_core.shell:Creating package script '/home/imml/git/research_2025/apple-harvest-eva/install/ur_description/share/ur_description/package.zsh'
[3.868s] Level 1:colcon.colcon_core.environment:create_file_with_runtime_dependencies(/home/imml/git/research_2025/apple-harvest-eva/install/ur_description/share/colcon-core/packages/ur_description)
[3.869s] Level 1:colcon.colcon_core.environment:create_environment_scripts_only(ur_description)
[3.869s] Level 1:colcon.colcon_core.environment:checking '/home/imml/git/research_2025/apple-harvest-eva/install/ur_description' for CMake module files
[3.870s] Level 1:colcon.colcon_core.environment:checking '/home/imml/git/research_2025/apple-harvest-eva/install/ur_description' for CMake config files
[3.872s] Level 1:colcon.colcon_core.shell:create_environment_hook('ur_description', 'cmake_prefix_path')
[3.872s] INFO:colcon.colcon_core.shell:Creating environment hook '/home/imml/git/research_2025/apple-harvest-eva/install/ur_description/share/ur_description/hook/cmake_prefix_path.ps1'
[3.873s] INFO:colcon.colcon_core.shell:Creating environment descriptor '/home/imml/git/research_2025/apple-harvest-eva/install/ur_description/share/ur_description/hook/cmake_prefix_path.dsv'
[3.874s] INFO:colcon.colcon_core.shell:Creating environment hook '/home/imml/git/research_2025/apple-harvest-eva/install/ur_description/share/ur_description/hook/cmake_prefix_path.sh'
[3.875s] Level 1:colcon.colcon_core.environment:checking '/home/imml/git/research_2025/apple-harvest-eva/install/ur_description/bin'
[3.875s] Level 1:colcon.colcon_core.environment:checking '/home/imml/git/research_2025/apple-harvest-eva/install/ur_description/lib/pkgconfig/ur_description.pc'
[3.875s] Level 1:colcon.colcon_core.environment:checking '/home/imml/git/research_2025/apple-harvest-eva/install/ur_description/lib/python3.10/site-packages'
[3.875s] Level 1:colcon.colcon_core.environment:checking '/home/imml/git/research_2025/apple-harvest-eva/install/ur_description/bin'
[3.876s] INFO:colcon.colcon_core.shell:Creating package script '/home/imml/git/research_2025/apple-harvest-eva/install/ur_description/share/ur_description/package.ps1'
[3.876s] INFO:colcon.colcon_core.shell:Creating package descriptor '/home/imml/git/research_2025/apple-harvest-eva/install/ur_description/share/ur_description/package.dsv'
[3.877s] INFO:colcon.colcon_core.shell:Creating package script '/home/imml/git/research_2025/apple-harvest-eva/install/ur_description/share/ur_description/package.sh'
[3.877s] INFO:colcon.colcon_core.shell:Creating package script '/home/imml/git/research_2025/apple-harvest-eva/install/ur_description/share/ur_description/package.bash'
[3.878s] INFO:colcon.colcon_core.shell:Creating package script '/home/imml/git/research_2025/apple-harvest-eva/install/ur_description/share/ur_description/package.zsh'
[3.878s] Level 1:colcon.colcon_core.environment:create_file_with_runtime_dependencies(/home/imml/git/research_2025/apple-harvest-eva/install/ur_description/share/colcon-core/packages/ur_description)
[3.879s] INFO:colcon.colcon_ros.task.ament_cmake.build:Building ROS package in '/home/imml/git/research_2025/apple-harvest-eva/harvest_hardware/Universal_Robots_ROS2_Driver/ur_robot_driver' with build type 'ament_cmake'
[3.879s] INFO:colcon.colcon_cmake.task.cmake.build:Building CMake package in '/home/imml/git/research_2025/apple-harvest-eva/harvest_hardware/Universal_Robots_ROS2_Driver/ur_robot_driver'
[3.879s] INFO:colcon.colcon_core.shell:Skip shell extension 'powershell' for command environment: Not usable outside of PowerShell
[3.880s] DEBUG:colcon.colcon_core.shell:Skip shell extension 'dsv' for command environment
[3.885s] INFO:colcon.colcon_ros.task.ament_cmake.build:Building ROS package in '/home/imml/git/research_2025/apple-harvest-eva/harvest_hardware/Universal_Robots_ROS2_Driver/ur_moveit_config' with build type 'ament_cmake'
[3.885s] INFO:colcon.colcon_cmake.task.cmake.build:Building CMake package in '/home/imml/git/research_2025/apple-harvest-eva/harvest_hardware/Universal_Robots_ROS2_Driver/ur_moveit_config'
[3.886s] INFO:colcon.colcon_core.shell:Skip shell extension 'powershell' for command environment: Not usable outside of PowerShell
[3.886s] DEBUG:colcon.colcon_core.shell:Skip shell extension 'dsv' for command environment
[3.890s] INFO:colcon.colcon_ros.task.ament_cmake.build:Building ROS package in '/home/imml/git/research_2025/apple-harvest-eva/harvest_hardware/Universal_Robots_ROS2_Driver/ur_bringup' with build type 'ament_cmake'
[3.890s] INFO:colcon.colcon_cmake.task.cmake.build:Building CMake package in '/home/imml/git/research_2025/apple-harvest-eva/harvest_hardware/Universal_Robots_ROS2_Driver/ur_bringup'
[3.890s] INFO:colcon.colcon_core.shell:Skip shell extension 'powershell' for command environment: Not usable outside of PowerShell
[3.890s] DEBUG:colcon.colcon_core.shell:Skip shell extension 'dsv' for command environment
[3.901s] DEBUG:colcon.colcon_core.event_handler.log_command:Invoking command in '/home/imml/git/research_2025/apple-harvest-eva/build/ur_robot_driver': AMENT_PREFIX_PATH=/home/imml/git/research_2025/apple-harvest-eva/install/ur_controllers:/home/imml/git/research_2025/apple-harvest-eva/install/ur_description:/home/imml/git/research_2025/apple-harvest-eva/install/ur_dashboard_msgs:${AMENT_PREFIX_PATH} CMAKE_PREFIX_PATH=/home/imml/git/research_2025/apple-harvest-eva/install/ur_controllers:/home/imml/git/research_2025/apple-harvest-eva/install/ur_description:/home/imml/git/research_2025/apple-harvest-eva/install/ur_dashboard_msgs:/opt/ros/humble LD_LIBRARY_PATH=/home/imml/git/research_2025/apple-harvest-eva/install/ur_controllers/lib:/home/imml/git/research_2025/apple-harvest-eva/install/ur_dashboard_msgs/lib:${LD_LIBRARY_PATH} PYTHONPATH=/home/imml/git/research_2025/apple-harvest-eva/install/ur_dashboard_msgs/local/lib/python3.10/dist-packages:${PYTHONPATH} /usr/bin/cmake /home/imml/git/research_2025/apple-harvest-eva/harvest_hardware/Universal_Robots_ROS2_Driver/ur_robot_driver -DAMENT_CMAKE_SYMLINK_INSTALL=1 -DCMAKE_INSTALL_PREFIX=/home/imml/git/research_2025/apple-harvest-eva/install/ur_robot_driver
[3.906s] DEBUG:colcon.colcon_core.event_handler.log_command:Invoking command in '/home/imml/git/research_2025/apple-harvest-eva/build/ur_moveit_config': AMENT_PREFIX_PATH=/home/imml/git/research_2025/apple-harvest-eva/install/ur_description:${AMENT_PREFIX_PATH} CMAKE_PREFIX_PATH=/home/imml/git/research_2025/apple-harvest-eva/install/ur_description:/opt/ros/humble /usr/bin/cmake /home/imml/git/research_2025/apple-harvest-eva/harvest_hardware/Universal_Robots_ROS2_Driver/ur_moveit_config -DAMENT_CMAKE_SYMLINK_INSTALL=1 -DCMAKE_INSTALL_PREFIX=/home/imml/git/research_2025/apple-harvest-eva/install/ur_moveit_config
[3.910s] DEBUG:colcon.colcon_core.event_handler.log_command:Invoking command in '/home/imml/git/research_2025/apple-harvest-eva/build/ur_bringup': AMENT_PREFIX_PATH=/home/imml/git/research_2025/apple-harvest-eva/install/ur_controllers:/home/imml/git/research_2025/apple-harvest-eva/install/ur_description:/home/imml/git/research_2025/apple-harvest-eva/install/ur_dashboard_msgs:${AMENT_PREFIX_PATH} CMAKE_PREFIX_PATH=/home/imml/git/research_2025/apple-harvest-eva/install/ur_controllers:/home/imml/git/research_2025/apple-harvest-eva/install/ur_description:/home/imml/git/research_2025/apple-harvest-eva/install/ur_dashboard_msgs:/opt/ros/humble LD_LIBRARY_PATH=/home/imml/git/research_2025/apple-harvest-eva/install/ur_controllers/lib:/home/imml/git/research_2025/apple-harvest-eva/install/ur_dashboard_msgs/lib:${LD_LIBRARY_PATH} PYTHONPATH=/home/imml/git/research_2025/apple-harvest-eva/install/ur_dashboard_msgs/local/lib/python3.10/dist-packages:${PYTHONPATH} /usr/bin/cmake /home/imml/git/research_2025/apple-harvest-eva/harvest_hardware/Universal_Robots_ROS2_Driver/ur_bringup -DAMENT_CMAKE_SYMLINK_INSTALL=1 -DCMAKE_INSTALL_PREFIX=/home/imml/git/research_2025/apple-harvest-eva/install/ur_bringup
[4.206s] DEBUG:colcon.colcon_core.event_handler.log_command:Invoked command in '/home/imml/git/research_2025/apple-harvest-eva/build/ur_bringup' returned '0': AMENT_PREFIX_PATH=/home/imml/git/research_2025/apple-harvest-eva/install/ur_controllers:/home/imml/git/research_2025/apple-harvest-eva/install/ur_description:/home/imml/git/research_2025/apple-harvest-eva/install/ur_dashboard_msgs:${AMENT_PREFIX_PATH} CMAKE_PREFIX_PATH=/home/imml/git/research_2025/apple-harvest-eva/install/ur_controllers:/home/imml/git/research_2025/apple-harvest-eva/install/ur_description:/home/imml/git/research_2025/apple-harvest-eva/install/ur_dashboard_msgs:/opt/ros/humble LD_LIBRARY_PATH=/home/imml/git/research_2025/apple-harvest-eva/install/ur_controllers/lib:/home/imml/git/research_2025/apple-harvest-eva/install/ur_dashboard_msgs/lib:${LD_LIBRARY_PATH} PYTHONPATH=/home/imml/git/research_2025/apple-harvest-eva/install/ur_dashboard_msgs/local/lib/python3.10/dist-packages:${PYTHONPATH} /usr/bin/cmake /home/imml/git/research_2025/apple-harvest-eva/harvest_hardware/Universal_Robots_ROS2_Driver/ur_bringup -DAMENT_CMAKE_SYMLINK_INSTALL=1 -DCMAKE_INSTALL_PREFIX=/home/imml/git/research_2025/apple-harvest-eva/install/ur_bringup
[4.208s] DEBUG:colcon.colcon_core.event_handler.log_command:Invoking command in '/home/imml/git/research_2025/apple-harvest-eva/build/ur_bringup': AMENT_PREFIX_PATH=/home/imml/git/research_2025/apple-harvest-eva/install/ur_controllers:/home/imml/git/research_2025/apple-harvest-eva/install/ur_description:/home/imml/git/research_2025/apple-harvest-eva/install/ur_dashboard_msgs:${AMENT_PREFIX_PATH} CMAKE_PREFIX_PATH=/home/imml/git/research_2025/apple-harvest-eva/install/ur_controllers:/home/imml/git/research_2025/apple-harvest-eva/install/ur_description:/home/imml/git/research_2025/apple-harvest-eva/install/ur_dashboard_msgs:/opt/ros/humble LD_LIBRARY_PATH=/home/imml/git/research_2025/apple-harvest-eva/install/ur_controllers/lib:/home/imml/git/research_2025/apple-harvest-eva/install/ur_dashboard_msgs/lib:${LD_LIBRARY_PATH} PYTHONPATH=/home/imml/git/research_2025/apple-harvest-eva/install/ur_dashboard_msgs/local/lib/python3.10/dist-packages:${PYTHONPATH} /usr/bin/cmake --build /home/imml/git/research_2025/apple-harvest-eva/build/ur_bringup -- -j16 -l16
[4.256s] DEBUG:colcon.colcon_core.event_handler.log_command:Invoked command in '/home/imml/git/research_2025/apple-harvest-eva/build/ur_bringup' returned '0': AMENT_PREFIX_PATH=/home/imml/git/research_2025/apple-harvest-eva/install/ur_controllers:/home/imml/git/research_2025/apple-harvest-eva/install/ur_description:/home/imml/git/research_2025/apple-harvest-eva/install/ur_dashboard_msgs:${AMENT_PREFIX_PATH} CMAKE_PREFIX_PATH=/home/imml/git/research_2025/apple-harvest-eva/install/ur_controllers:/home/imml/git/research_2025/apple-harvest-eva/install/ur_description:/home/imml/git/research_2025/apple-harvest-eva/install/ur_dashboard_msgs:/opt/ros/humble LD_LIBRARY_PATH=/home/imml/git/research_2025/apple-harvest-eva/install/ur_controllers/lib:/home/imml/git/research_2025/apple-harvest-eva/install/ur_dashboard_msgs/lib:${LD_LIBRARY_PATH} PYTHONPATH=/home/imml/git/research_2025/apple-harvest-eva/install/ur_dashboard_msgs/local/lib/python3.10/dist-packages:${PYTHONPATH} /usr/bin/cmake --build /home/imml/git/research_2025/apple-harvest-eva/build/ur_bringup -- -j16 -l16
[4.258s] DEBUG:colcon.colcon_core.event_handler.log_command:Invoking command in '/home/imml/git/research_2025/apple-harvest-eva/build/ur_bringup': AMENT_PREFIX_PATH=/home/imml/git/research_2025/apple-harvest-eva/install/ur_controllers:/home/imml/git/research_2025/apple-harvest-eva/install/ur_description:/home/imml/git/research_2025/apple-harvest-eva/install/ur_dashboard_msgs:${AMENT_PREFIX_PATH} CMAKE_PREFIX_PATH=/home/imml/git/research_2025/apple-harvest-eva/install/ur_controllers:/home/imml/git/research_2025/apple-harvest-eva/install/ur_description:/home/imml/git/research_2025/apple-harvest-eva/install/ur_dashboard_msgs:/opt/ros/humble LD_LIBRARY_PATH=/home/imml/git/research_2025/apple-harvest-eva/install/ur_controllers/lib:/home/imml/git/research_2025/apple-harvest-eva/install/ur_dashboard_msgs/lib:${LD_LIBRARY_PATH} PYTHONPATH=/home/imml/git/research_2025/apple-harvest-eva/install/ur_dashboard_msgs/local/lib/python3.10/dist-packages:${PYTHONPATH} /usr/bin/cmake --install /home/imml/git/research_2025/apple-harvest-eva/build/ur_bringup
[4.281s] DEBUG:colcon.colcon_core.event_handler.log_command:Invoked command in '/home/imml/git/research_2025/apple-harvest-eva/build/ur_moveit_config' returned '0': AMENT_PREFIX_PATH=/home/imml/git/research_2025/apple-harvest-eva/install/ur_description:${AMENT_PREFIX_PATH} CMAKE_PREFIX_PATH=/home/imml/git/research_2025/apple-harvest-eva/install/ur_description:/opt/ros/humble /usr/bin/cmake /home/imml/git/research_2025/apple-harvest-eva/harvest_hardware/Universal_Robots_ROS2_Driver/ur_moveit_config -DAMENT_CMAKE_SYMLINK_INSTALL=1 -DCMAKE_INSTALL_PREFIX=/home/imml/git/research_2025/apple-harvest-eva/install/ur_moveit_config
[4.283s] DEBUG:colcon.colcon_core.event_handler.log_command:Invoking command in '/home/imml/git/research_2025/apple-harvest-eva/build/ur_moveit_config': AMENT_PREFIX_PATH=/home/imml/git/research_2025/apple-harvest-eva/install/ur_description:${AMENT_PREFIX_PATH} CMAKE_PREFIX_PATH=/home/imml/git/research_2025/apple-harvest-eva/install/ur_description:/opt/ros/humble /usr/bin/cmake --build /home/imml/git/research_2025/apple-harvest-eva/build/ur_moveit_config -- -j16 -l16
[4.286s] Level 1:colcon.colcon_core.environment:create_environment_scripts_only(ur_bringup)
[4.287s] Level 1:colcon.colcon_core.environment:checking '/home/imml/git/research_2025/apple-harvest-eva/install/ur_bringup' for CMake module files
[4.287s] DEBUG:colcon.colcon_core.event_handler.log_command:Invoked command in '/home/imml/git/research_2025/apple-harvest-eva/build/ur_bringup' returned '0': AMENT_PREFIX_PATH=/home/imml/git/research_2025/apple-harvest-eva/install/ur_controllers:/home/imml/git/research_2025/apple-harvest-eva/install/ur_description:/home/imml/git/research_2025/apple-harvest-eva/install/ur_dashboard_msgs:${AMENT_PREFIX_PATH} CMAKE_PREFIX_PATH=/home/imml/git/research_2025/apple-harvest-eva/install/ur_controllers:/home/imml/git/research_2025/apple-harvest-eva/install/ur_description:/home/imml/git/research_2025/apple-harvest-eva/install/ur_dashboard_msgs:/opt/ros/humble LD_LIBRARY_PATH=/home/imml/git/research_2025/apple-harvest-eva/install/ur_controllers/lib:/home/imml/git/research_2025/apple-harvest-eva/install/ur_dashboard_msgs/lib:${LD_LIBRARY_PATH} PYTHONPATH=/home/imml/git/research_2025/apple-harvest-eva/install/ur_dashboard_msgs/local/lib/python3.10/dist-packages:${PYTHONPATH} /usr/bin/cmake --install /home/imml/git/research_2025/apple-harvest-eva/build/ur_bringup
[4.288s] Level 1:colcon.colcon_core.environment:checking '/home/imml/git/research_2025/apple-harvest-eva/install/ur_bringup' for CMake config files
[4.289s] Level 1:colcon.colcon_core.shell:create_environment_hook('ur_bringup', 'cmake_prefix_path')
[4.289s] INFO:colcon.colcon_core.shell:Creating environment hook '/home/imml/git/research_2025/apple-harvest-eva/install/ur_bringup/share/ur_bringup/hook/cmake_prefix_path.ps1'
[4.289s] INFO:colcon.colcon_core.shell:Creating environment descriptor '/home/imml/git/research_2025/apple-harvest-eva/install/ur_bringup/share/ur_bringup/hook/cmake_prefix_path.dsv'
[4.290s] INFO:colcon.colcon_core.shell:Creating environment hook '/home/imml/git/research_2025/apple-harvest-eva/install/ur_bringup/share/ur_bringup/hook/cmake_prefix_path.sh'
[4.290s] Level 1:colcon.colcon_core.environment:checking '/home/imml/git/research_2025/apple-harvest-eva/install/ur_bringup/lib'
[4.291s] Level 1:colcon.colcon_core.environment:checking '/home/imml/git/research_2025/apple-harvest-eva/install/ur_bringup/bin'
[4.291s] Level 1:colcon.colcon_core.environment:checking '/home/imml/git/research_2025/apple-harvest-eva/install/ur_bringup/lib/pkgconfig/ur_bringup.pc'
[4.291s] Level 1:colcon.colcon_core.environment:checking '/home/imml/git/research_2025/apple-harvest-eva/install/ur_bringup/lib/python3.10/site-packages'
[4.291s] Level 1:colcon.colcon_core.environment:checking '/home/imml/git/research_2025/apple-harvest-eva/install/ur_bringup/bin'
[4.291s] INFO:colcon.colcon_core.shell:Creating package script '/home/imml/git/research_2025/apple-harvest-eva/install/ur_bringup/share/ur_bringup/package.ps1'
[4.292s] INFO:colcon.colcon_core.shell:Creating package descriptor '/home/imml/git/research_2025/apple-harvest-eva/install/ur_bringup/share/ur_bringup/package.dsv'
[4.292s] INFO:colcon.colcon_core.shell:Creating package script '/home/imml/git/research_2025/apple-harvest-eva/install/ur_bringup/share/ur_bringup/package.sh'
[4.292s] INFO:colcon.colcon_core.shell:Creating package script '/home/imml/git/research_2025/apple-harvest-eva/install/ur_bringup/share/ur_bringup/package.bash'
[4.293s] INFO:colcon.colcon_core.shell:Creating package script '/home/imml/git/research_2025/apple-harvest-eva/install/ur_bringup/share/ur_bringup/package.zsh'
[4.293s] Level 1:colcon.colcon_core.environment:create_file_with_runtime_dependencies(/home/imml/git/research_2025/apple-harvest-eva/install/ur_bringup/share/colcon-core/packages/ur_bringup)
[4.294s] Level 1:colcon.colcon_core.environment:create_environment_scripts_only(ur_bringup)
[4.294s] Level 1:colcon.colcon_core.environment:checking '/home/imml/git/research_2025/apple-harvest-eva/install/ur_bringup' for CMake module files
[4.294s] Level 1:colcon.colcon_core.environment:checking '/home/imml/git/research_2025/apple-harvest-eva/install/ur_bringup' for CMake config files
[4.295s] Level 1:colcon.colcon_core.shell:create_environment_hook('ur_bringup', 'cmake_prefix_path')
[4.295s] INFO:colcon.colcon_core.shell:Creating environment hook '/home/imml/git/research_2025/apple-harvest-eva/install/ur_bringup/share/ur_bringup/hook/cmake_prefix_path.ps1'
[4.296s] INFO:colcon.colcon_core.shell:Creating environment descriptor '/home/imml/git/research_2025/apple-harvest-eva/install/ur_bringup/share/ur_bringup/hook/cmake_prefix_path.dsv'
[4.296s] INFO:colcon.colcon_core.shell:Creating environment hook '/home/imml/git/research_2025/apple-harvest-eva/install/ur_bringup/share/ur_bringup/hook/cmake_prefix_path.sh'
[4.297s] Level 1:colcon.colcon_core.environment:checking '/home/imml/git/research_2025/apple-harvest-eva/install/ur_bringup/lib'
[4.297s] Level 1:colcon.colcon_core.environment:checking '/home/imml/git/research_2025/apple-harvest-eva/install/ur_bringup/bin'
[4.297s] Level 1:colcon.colcon_core.environment:checking '/home/imml/git/research_2025/apple-harvest-eva/install/ur_bringup/lib/pkgconfig/ur_bringup.pc'
[4.297s] Level 1:colcon.colcon_core.environment:checking '/home/imml/git/research_2025/apple-harvest-eva/install/ur_bringup/lib/python3.10/site-packages'
[4.298s] Level 1:colcon.colcon_core.environment:checking '/home/imml/git/research_2025/apple-harvest-eva/install/ur_bringup/bin'
[4.298s] INFO:colcon.colcon_core.shell:Creating package script '/home/imml/git/research_2025/apple-harvest-eva/install/ur_bringup/share/ur_bringup/package.ps1'
[4.298s] INFO:colcon.colcon_core.shell:Creating package descriptor '/home/imml/git/research_2025/apple-harvest-eva/install/ur_bringup/share/ur_bringup/package.dsv'
[4.299s] INFO:colcon.colcon_core.shell:Creating package script '/home/imml/git/research_2025/apple-harvest-eva/install/ur_bringup/share/ur_bringup/package.sh'
[4.299s] INFO:colcon.colcon_core.shell:Creating package script '/home/imml/git/research_2025/apple-harvest-eva/install/ur_bringup/share/ur_bringup/package.bash'
[4.300s] INFO:colcon.colcon_core.shell:Creating package script '/home/imml/git/research_2025/apple-harvest-eva/install/ur_bringup/share/ur_bringup/package.zsh'
[4.300s] Level 1:colcon.colcon_core.environment:create_file_with_runtime_dependencies(/home/imml/git/research_2025/apple-harvest-eva/install/ur_bringup/share/colcon-core/packages/ur_bringup)
[4.344s] DEBUG:colcon.colcon_core.event_handler.log_command:Invoked command in '/home/imml/git/research_2025/apple-harvest-eva/build/harvest' returned '0': AMENT_PREFIX_PATH=/home/imml/git/research_2025/apple-harvest-eva/install/harvest_interfaces:${AMENT_PREFIX_PATH} CMAKE_PREFIX_PATH=/home/imml/git/research_2025/apple-harvest-eva/install/harvest_interfaces:/opt/ros/humble LD_LIBRARY_PATH=/home/imml/git/research_2025/apple-harvest-eva/install/harvest_interfaces/lib:${LD_LIBRARY_PATH} PYTHONPATH=/home/imml/git/research_2025/apple-harvest-eva/install/harvest_interfaces/local/lib/python3.10/dist-packages:${PYTHONPATH} /usr/bin/cmake /home/imml/git/research_2025/apple-harvest-eva/harvest -DAMENT_CMAKE_SYMLINK_INSTALL=1 -DCMAKE_INSTALL_PREFIX=/home/imml/git/research_2025/apple-harvest-eva/install/harvest
[4.345s] DEBUG:colcon.colcon_core.event_handler.log_command:Invoking command in '/home/imml/git/research_2025/apple-harvest-eva/build/harvest': AMENT_PREFIX_PATH=/home/imml/git/research_2025/apple-harvest-eva/install/harvest_interfaces:${AMENT_PREFIX_PATH} CMAKE_PREFIX_PATH=/home/imml/git/research_2025/apple-harvest-eva/install/harvest_interfaces:/opt/ros/humble LD_LIBRARY_PATH=/home/imml/git/research_2025/apple-harvest-eva/install/harvest_interfaces/lib:${LD_LIBRARY_PATH} PYTHONPATH=/home/imml/git/research_2025/apple-harvest-eva/install/harvest_interfaces/local/lib/python3.10/dist-packages:${PYTHONPATH} /usr/bin/cmake --build /home/imml/git/research_2025/apple-harvest-eva/build/harvest -- -j16 -l16
[4.429s] Level 1:colcon.colcon_core.shell:create_environment_hook('harvest_vision', 'pythonpath_develop')
[4.429s] INFO:colcon.colcon_core.shell:Creating environment hook '/home/imml/git/research_2025/apple-harvest-eva/build/harvest_vision/share/harvest_vision/hook/pythonpath_develop.ps1'
[4.430s] DEBUG:colcon.colcon_core.event_handler.log_command:Invoked command in '/home/imml/git/research_2025/apple-harvest-eva/build/harvest_vision' returned '0': AMENT_PREFIX_PATH=/home/imml/git/research_2025/apple-harvest-eva/install/harvest_interfaces:${AMENT_PREFIX_PATH} CMAKE_PREFIX_PATH=/home/imml/git/research_2025/apple-harvest-eva/install/harvest_interfaces LD_LIBRARY_PATH=/home/imml/git/research_2025/apple-harvest-eva/install/harvest_interfaces/lib:${LD_LIBRARY_PATH} PYTHONPATH=/home/imml/git/research_2025/apple-harvest-eva/build/harvest_vision/prefix_override:/usr/lib/python3/dist-packages/colcon_core/task/python/colcon_distutils_commands:/home/imml/git/research_2025/apple-harvest-eva/install/harvest_vision/lib/python3.10/site-packages:/home/imml/git/research_2025/apple-harvest-eva/install/harvest_interfaces/local/lib/python3.10/dist-packages:${PYTHONPATH} /usr/bin/python3 -W ignore:setup.py install is deprecated -W ignore:easy_install command is deprecated setup.py develop --editable --build-directory /home/imml/git/research_2025/apple-harvest-eva/build/harvest_vision/build --no-deps symlink_data --force
[4.431s] INFO:colcon.colcon_core.shell:Creating environment descriptor '/home/imml/git/research_2025/apple-harvest-eva/build/harvest_vision/share/harvest_vision/hook/pythonpath_develop.dsv'
[4.431s] INFO:colcon.colcon_core.shell:Creating environment hook '/home/imml/git/research_2025/apple-harvest-eva/build/harvest_vision/share/harvest_vision/hook/pythonpath_develop.sh'
[4.432s] Level 1:colcon.colcon_core.environment:checking '/home/imml/git/research_2025/apple-harvest-eva/install/harvest_vision' for CMake module files
[4.433s] Level 1:colcon.colcon_core.environment:checking '/home/imml/git/research_2025/apple-harvest-eva/install/harvest_vision' for CMake config files
[4.434s] Level 1:colcon.colcon_core.environment:checking '/home/imml/git/research_2025/apple-harvest-eva/install/harvest_vision/lib'
[4.434s] Level 1:colcon.colcon_core.environment:checking '/home/imml/git/research_2025/apple-harvest-eva/install/harvest_vision/bin'
[4.434s] Level 1:colcon.colcon_core.environment:checking '/home/imml/git/research_2025/apple-harvest-eva/install/harvest_vision/lib/pkgconfig/harvest_vision.pc'
[4.435s] Level 1:colcon.colcon_core.environment:checking '/home/imml/git/research_2025/apple-harvest-eva/install/harvest_vision/lib/python3.10/site-packages'
[4.435s] Level 1:colcon.colcon_core.shell:create_environment_hook('harvest_vision', 'pythonpath')
[4.435s] INFO:colcon.colcon_core.shell:Creating environment hook '/home/imml/git/research_2025/apple-harvest-eva/install/harvest_vision/share/harvest_vision/hook/pythonpath.ps1'
[4.435s] INFO:colcon.colcon_core.shell:Creating environment descriptor '/home/imml/git/research_2025/apple-harvest-eva/install/harvest_vision/share/harvest_vision/hook/pythonpath.dsv'
[4.436s] INFO:colcon.colcon_core.shell:Creating environment hook '/home/imml/git/research_2025/apple-harvest-eva/install/harvest_vision/share/harvest_vision/hook/pythonpath.sh'
[4.436s] Level 1:colcon.colcon_core.environment:checking '/home/imml/git/research_2025/apple-harvest-eva/install/harvest_vision/bin'
[4.436s] Level 1:colcon.colcon_core.environment:create_environment_scripts_only(harvest_vision)
[4.437s] INFO:colcon.colcon_core.shell:Creating package script '/home/imml/git/research_2025/apple-harvest-eva/install/harvest_vision/share/harvest_vision/package.ps1'
[4.437s] INFO:colcon.colcon_core.shell:Creating package descriptor '/home/imml/git/research_2025/apple-harvest-eva/install/harvest_vision/share/harvest_vision/package.dsv'
[4.438s] INFO:colcon.colcon_core.shell:Creating package script '/home/imml/git/research_2025/apple-harvest-eva/install/harvest_vision/share/harvest_vision/package.sh'
[4.438s] INFO:colcon.colcon_core.shell:Creating package script '/home/imml/git/research_2025/apple-harvest-eva/install/harvest_vision/share/harvest_vision/package.bash'
[4.438s] INFO:colcon.colcon_core.shell:Creating package script '/home/imml/git/research_2025/apple-harvest-eva/install/harvest_vision/share/harvest_vision/package.zsh'
[4.439s] Level 1:colcon.colcon_core.environment:create_file_with_runtime_dependencies(/home/imml/git/research_2025/apple-harvest-eva/install/harvest_vision/share/colcon-core/packages/harvest_vision)
[4.441s] DEBUG:colcon.colcon_core.event_handler.log_command:Invoked command in '/home/imml/git/research_2025/apple-harvest-eva/build/harvest_control' returned '0': AMENT_PREFIX_PATH=/home/imml/git/research_2025/apple-harvest-eva/install/harvest_interfaces:${AMENT_PREFIX_PATH} CMAKE_PREFIX_PATH=/home/imml/git/research_2025/apple-harvest-eva/install/harvest_interfaces:/opt/ros/humble LD_LIBRARY_PATH=/home/imml/git/research_2025/apple-harvest-eva/install/harvest_interfaces/lib:${LD_LIBRARY_PATH} PYTHONPATH=/home/imml/git/research_2025/apple-harvest-eva/install/harvest_interfaces/local/lib/python3.10/dist-packages:${PYTHONPATH} /usr/bin/cmake /home/imml/git/research_2025/apple-harvest-eva/harvest_control -DAMENT_CMAKE_SYMLINK_INSTALL=1 -DCMAKE_INSTALL_PREFIX=/home/imml/git/research_2025/apple-harvest-eva/install/harvest_control
[4.442s] DEBUG:colcon.colcon_core.event_handler.log_command:Invoking command in '/home/imml/git/research_2025/apple-harvest-eva/build/harvest_control': AMENT_PREFIX_PATH=/home/imml/git/research_2025/apple-harvest-eva/install/harvest_interfaces:${AMENT_PREFIX_PATH} CMAKE_PREFIX_PATH=/home/imml/git/research_2025/apple-harvest-eva/install/harvest_interfaces:/opt/ros/humble LD_LIBRARY_PATH=/home/imml/git/research_2025/apple-harvest-eva/install/harvest_interfaces/lib:${LD_LIBRARY_PATH} PYTHONPATH=/home/imml/git/research_2025/apple-harvest-eva/install/harvest_interfaces/local/lib/python3.10/dist-packages:${PYTHONPATH} /usr/bin/cmake --build /home/imml/git/research_2025/apple-harvest-eva/build/harvest_control -- -j16 -l16
[4.636s] DEBUG:colcon.colcon_core.event_handler.log_command:Invoked command in '/home/imml/git/research_2025/apple-harvest-eva/build/ur_moveit_config' returned '0': AMENT_PREFIX_PATH=/home/imml/git/research_2025/apple-harvest-eva/install/ur_description:${AMENT_PREFIX_PATH} CMAKE_PREFIX_PATH=/home/imml/git/research_2025/apple-harvest-eva/install/ur_description:/opt/ros/humble /usr/bin/cmake --build /home/imml/git/research_2025/apple-harvest-eva/build/ur_moveit_config -- -j16 -l16
[4.638s] DEBUG:colcon.colcon_core.event_handler.log_command:Invoking command in '/home/imml/git/research_2025/apple-harvest-eva/build/ur_moveit_config': AMENT_PREFIX_PATH=/home/imml/git/research_2025/apple-harvest-eva/install/ur_description:${AMENT_PREFIX_PATH} CMAKE_PREFIX_PATH=/home/imml/git/research_2025/apple-harvest-eva/install/ur_description:/opt/ros/humble /usr/bin/cmake --install /home/imml/git/research_2025/apple-harvest-eva/build/ur_moveit_config
[4.710s] DEBUG:colcon.colcon_core.event_handler.log_command:Invoked command in '/home/imml/git/research_2025/apple-harvest-eva/build/harvest' returned '0': AMENT_PREFIX_PATH=/home/imml/git/research_2025/apple-harvest-eva/install/harvest_interfaces:${AMENT_PREFIX_PATH} CMAKE_PREFIX_PATH=/home/imml/git/research_2025/apple-harvest-eva/install/harvest_interfaces:/opt/ros/humble LD_LIBRARY_PATH=/home/imml/git/research_2025/apple-harvest-eva/install/harvest_interfaces/lib:${LD_LIBRARY_PATH} PYTHONPATH=/home/imml/git/research_2025/apple-harvest-eva/install/harvest_interfaces/local/lib/python3.10/dist-packages:${PYTHONPATH} /usr/bin/cmake --build /home/imml/git/research_2025/apple-harvest-eva/build/harvest -- -j16 -l16
[4.711s] DEBUG:colcon.colcon_core.event_handler.log_command:Invoking command in '/home/imml/git/research_2025/apple-harvest-eva/build/harvest': AMENT_PREFIX_PATH=/home/imml/git/research_2025/apple-harvest-eva/install/harvest_interfaces:${AMENT_PREFIX_PATH} CMAKE_PREFIX_PATH=/home/imml/git/research_2025/apple-harvest-eva/install/harvest_interfaces:/opt/ros/humble LD_LIBRARY_PATH=/home/imml/git/research_2025/apple-harvest-eva/install/harvest_interfaces/lib:${LD_LIBRARY_PATH} PYTHONPATH=/home/imml/git/research_2025/apple-harvest-eva/install/harvest_interfaces/local/lib/python3.10/dist-packages:${PYTHONPATH} /usr/bin/cmake --install /home/imml/git/research_2025/apple-harvest-eva/build/harvest
[4.728s] Level 1:colcon.colcon_core.environment:create_environment_scripts_only(ur_moveit_config)
[4.728s] Level 1:colcon.colcon_core.environment:checking '/home/imml/git/research_2025/apple-harvest-eva/install/ur_moveit_config' for CMake module files
[4.729s] DEBUG:colcon.colcon_core.event_handler.log_command:Invoked command in '/home/imml/git/research_2025/apple-harvest-eva/build/ur_moveit_config' returned '0': AMENT_PREFIX_PATH=/home/imml/git/research_2025/apple-harvest-eva/install/ur_description:${AMENT_PREFIX_PATH} CMAKE_PREFIX_PATH=/home/imml/git/research_2025/apple-harvest-eva/install/ur_description:/opt/ros/humble /usr/bin/cmake --install /home/imml/git/research_2025/apple-harvest-eva/build/ur_moveit_config
[4.729s] Level 1:colcon.colcon_core.environment:checking '/home/imml/git/research_2025/apple-harvest-eva/install/ur_moveit_config' for CMake config files
[4.730s] Level 1:colcon.colcon_core.shell:create_environment_hook('ur_moveit_config', 'cmake_prefix_path')
[4.730s] INFO:colcon.colcon_core.shell:Creating environment hook '/home/imml/git/research_2025/apple-harvest-eva/install/ur_moveit_config/share/ur_moveit_config/hook/cmake_prefix_path.ps1'
[4.731s] INFO:colcon.colcon_core.shell:Creating environment descriptor '/home/imml/git/research_2025/apple-harvest-eva/install/ur_moveit_config/share/ur_moveit_config/hook/cmake_prefix_path.dsv'
[4.731s] INFO:colcon.colcon_core.shell:Creating environment hook '/home/imml/git/research_2025/apple-harvest-eva/install/ur_moveit_config/share/ur_moveit_config/hook/cmake_prefix_path.sh'
[4.732s] Level 1:colcon.colcon_core.environment:checking '/home/imml/git/research_2025/apple-harvest-eva/install/ur_moveit_config/bin'
[4.732s] Level 1:colcon.colcon_core.environment:checking '/home/imml/git/research_2025/apple-harvest-eva/install/ur_moveit_config/lib/pkgconfig/ur_moveit_config.pc'
[4.732s] Level 1:colcon.colcon_core.environment:checking '/home/imml/git/research_2025/apple-harvest-eva/install/ur_moveit_config/lib/python3.10/site-packages'
[4.732s] Level 1:colcon.colcon_core.environment:checking '/home/imml/git/research_2025/apple-harvest-eva/install/ur_moveit_config/bin'
[4.732s] INFO:colcon.colcon_core.shell:Creating package script '/home/imml/git/research_2025/apple-harvest-eva/install/ur_moveit_config/share/ur_moveit_config/package.ps1'
[4.733s] INFO:colcon.colcon_core.shell:Creating package descriptor '/home/imml/git/research_2025/apple-harvest-eva/install/ur_moveit_config/share/ur_moveit_config/package.dsv'
[4.733s] INFO:colcon.colcon_core.shell:Creating package script '/home/imml/git/research_2025/apple-harvest-eva/install/ur_moveit_config/share/ur_moveit_config/package.sh'
[4.733s] INFO:colcon.colcon_core.shell:Creating package script '/home/imml/git/research_2025/apple-harvest-eva/install/ur_moveit_config/share/ur_moveit_config/package.bash'
[4.734s] INFO:colcon.colcon_core.shell:Creating package script '/home/imml/git/research_2025/apple-harvest-eva/install/ur_moveit_config/share/ur_moveit_config/package.zsh'
[4.735s] Level 1:colcon.colcon_core.environment:create_file_with_runtime_dependencies(/home/imml/git/research_2025/apple-harvest-eva/install/ur_moveit_config/share/colcon-core/packages/ur_moveit_config)
[4.735s] Level 1:colcon.colcon_core.environment:create_environment_scripts_only(ur_moveit_config)
[4.735s] Level 1:colcon.colcon_core.environment:checking '/home/imml/git/research_2025/apple-harvest-eva/install/ur_moveit_config' for CMake module files
[4.736s] Level 1:colcon.colcon_core.environment:checking '/home/imml/git/research_2025/apple-harvest-eva/install/ur_moveit_config' for CMake config files
[4.736s] Level 1:colcon.colcon_core.shell:create_environment_hook('ur_moveit_config', 'cmake_prefix_path')
[4.737s] INFO:colcon.colcon_core.shell:Creating environment hook '/home/imml/git/research_2025/apple-harvest-eva/install/ur_moveit_config/share/ur_moveit_config/hook/cmake_prefix_path.ps1'
[4.737s] INFO:colcon.colcon_core.shell:Creating environment descriptor '/home/imml/git/research_2025/apple-harvest-eva/install/ur_moveit_config/share/ur_moveit_config/hook/cmake_prefix_path.dsv'
[4.737s] INFO:colcon.colcon_core.shell:Creating environment hook '/home/imml/git/research_2025/apple-harvest-eva/install/ur_moveit_config/share/ur_moveit_config/hook/cmake_prefix_path.sh'
[4.738s] Level 1:colcon.colcon_core.environment:checking '/home/imml/git/research_2025/apple-harvest-eva/install/ur_moveit_config/bin'
[4.738s] Level 1:colcon.colcon_core.environment:checking '/home/imml/git/research_2025/apple-harvest-eva/install/ur_moveit_config/lib/pkgconfig/ur_moveit_config.pc'
[4.738s] Level 1:colcon.colcon_core.environment:checking '/home/imml/git/research_2025/apple-harvest-eva/install/ur_moveit_config/lib/python3.10/site-packages'
[4.738s] Level 1:colcon.colcon_core.environment:checking '/home/imml/git/research_2025/apple-harvest-eva/install/ur_moveit_config/bin'
[4.738s] INFO:colcon.colcon_core.shell:Creating package script '/home/imml/git/research_2025/apple-harvest-eva/install/ur_moveit_config/share/ur_moveit_config/package.ps1'
[4.739s] INFO:colcon.colcon_core.shell:Creating package descriptor '/home/imml/git/research_2025/apple-harvest-eva/install/ur_moveit_config/share/ur_moveit_config/package.dsv'
[4.739s] INFO:colcon.colcon_core.shell:Creating package script '/home/imml/git/research_2025/apple-harvest-eva/install/ur_moveit_config/share/ur_moveit_config/package.sh'
[4.740s] INFO:colcon.colcon_core.shell:Creating package script '/home/imml/git/research_2025/apple-harvest-eva/install/ur_moveit_config/share/ur_moveit_config/package.bash'
[4.740s] INFO:colcon.colcon_core.shell:Creating package script '/home/imml/git/research_2025/apple-harvest-eva/install/ur_moveit_config/share/ur_moveit_config/package.zsh'
[4.740s] Level 1:colcon.colcon_core.environment:create_file_with_runtime_dependencies(/home/imml/git/research_2025/apple-harvest-eva/install/ur_moveit_config/share/colcon-core/packages/ur_moveit_config)
[4.768s] Level 1:colcon.colcon_core.environment:create_environment_scripts_only(harvest)
[4.768s] Level 1:colcon.colcon_core.environment:checking '/home/imml/git/research_2025/apple-harvest-eva/install/harvest' for CMake module files
[4.769s] DEBUG:colcon.colcon_core.event_handler.log_command:Invoked command in '/home/imml/git/research_2025/apple-harvest-eva/build/harvest' returned '0': AMENT_PREFIX_PATH=/home/imml/git/research_2025/apple-harvest-eva/install/harvest_interfaces:${AMENT_PREFIX_PATH} CMAKE_PREFIX_PATH=/home/imml/git/research_2025/apple-harvest-eva/install/harvest_interfaces:/opt/ros/humble LD_LIBRARY_PATH=/home/imml/git/research_2025/apple-harvest-eva/install/harvest_interfaces/lib:${LD_LIBRARY_PATH} PYTHONPATH=/home/imml/git/research_2025/apple-harvest-eva/install/harvest_interfaces/local/lib/python3.10/dist-packages:${PYTHONPATH} /usr/bin/cmake --install /home/imml/git/research_2025/apple-harvest-eva/build/harvest
[4.769s] Level 1:colcon.colcon_core.environment:checking '/home/imml/git/research_2025/apple-harvest-eva/install/harvest' for CMake config files
[4.770s] Level 1:colcon.colcon_core.shell:create_environment_hook('harvest', 'cmake_prefix_path')
[4.770s] INFO:colcon.colcon_core.shell:Creating environment hook '/home/imml/git/research_2025/apple-harvest-eva/install/harvest/share/harvest/hook/cmake_prefix_path.ps1'
[4.771s] INFO:colcon.colcon_core.shell:Creating environment descriptor '/home/imml/git/research_2025/apple-harvest-eva/install/harvest/share/harvest/hook/cmake_prefix_path.dsv'
[4.771s] INFO:colcon.colcon_core.shell:Creating environment hook '/home/imml/git/research_2025/apple-harvest-eva/install/harvest/share/harvest/hook/cmake_prefix_path.sh'
[4.772s] Level 1:colcon.colcon_core.environment:checking '/home/imml/git/research_2025/apple-harvest-eva/install/harvest/lib'
[4.772s] Level 1:colcon.colcon_core.environment:checking '/home/imml/git/research_2025/apple-harvest-eva/install/harvest/bin'
[4.772s] Level 1:colcon.colcon_core.environment:checking '/home/imml/git/research_2025/apple-harvest-eva/install/harvest/lib/pkgconfig/harvest.pc'
[4.772s] Level 1:colcon.colcon_core.environment:checking '/home/imml/git/research_2025/apple-harvest-eva/install/harvest/lib/python3.10/site-packages'
[4.772s] Level 1:colcon.colcon_core.environment:checking '/home/imml/git/research_2025/apple-harvest-eva/install/harvest/bin'
[4.773s] INFO:colcon.colcon_core.shell:Creating package script '/home/imml/git/research_2025/apple-harvest-eva/install/harvest/share/harvest/package.ps1'
[4.773s] INFO:colcon.colcon_core.shell:Creating package descriptor '/home/imml/git/research_2025/apple-harvest-eva/install/harvest/share/harvest/package.dsv'
[4.773s] INFO:colcon.colcon_core.shell:Creating package script '/home/imml/git/research_2025/apple-harvest-eva/install/harvest/share/harvest/package.sh'
[4.774s] INFO:colcon.colcon_core.shell:Creating package script '/home/imml/git/research_2025/apple-harvest-eva/install/harvest/share/harvest/package.bash'
[4.774s] INFO:colcon.colcon_core.shell:Creating package script '/home/imml/git/research_2025/apple-harvest-eva/install/harvest/share/harvest/package.zsh'
[4.774s] Level 1:colcon.colcon_core.environment:create_file_with_runtime_dependencies(/home/imml/git/research_2025/apple-harvest-eva/install/harvest/share/colcon-core/packages/harvest)
[4.775s] Level 1:colcon.colcon_core.environment:create_environment_scripts_only(harvest)
[4.775s] Level 1:colcon.colcon_core.environment:checking '/home/imml/git/research_2025/apple-harvest-eva/install/harvest' for CMake module files
[4.775s] Level 1:colcon.colcon_core.environment:checking '/home/imml/git/research_2025/apple-harvest-eva/install/harvest' for CMake config files
[4.776s] Level 1:colcon.colcon_core.shell:create_environment_hook('harvest', 'cmake_prefix_path')
[4.776s] INFO:colcon.colcon_core.shell:Creating environment hook '/home/imml/git/research_2025/apple-harvest-eva/install/harvest/share/harvest/hook/cmake_prefix_path.ps1'
[4.777s] INFO:colcon.colcon_core.shell:Creating environment descriptor '/home/imml/git/research_2025/apple-harvest-eva/install/harvest/share/harvest/hook/cmake_prefix_path.dsv'
[4.777s] INFO:colcon.colcon_core.shell:Creating environment hook '/home/imml/git/research_2025/apple-harvest-eva/install/harvest/share/harvest/hook/cmake_prefix_path.sh'
[4.777s] Level 1:colcon.colcon_core.environment:checking '/home/imml/git/research_2025/apple-harvest-eva/install/harvest/lib'
[4.777s] Level 1:colcon.colcon_core.environment:checking '/home/imml/git/research_2025/apple-harvest-eva/install/harvest/bin'
[4.777s] Level 1:colcon.colcon_core.environment:checking '/home/imml/git/research_2025/apple-harvest-eva/install/harvest/lib/pkgconfig/harvest.pc'
[4.778s] Level 1:colcon.colcon_core.environment:checking '/home/imml/git/research_2025/apple-harvest-eva/install/harvest/lib/python3.10/site-packages'
[4.778s] Level 1:colcon.colcon_core.environment:checking '/home/imml/git/research_2025/apple-harvest-eva/install/harvest/bin'
[4.778s] INFO:colcon.colcon_core.shell:Creating package script '/home/imml/git/research_2025/apple-harvest-eva/install/harvest/share/harvest/package.ps1'
[4.778s] INFO:colcon.colcon_core.shell:Creating package descriptor '/home/imml/git/research_2025/apple-harvest-eva/install/harvest/share/harvest/package.dsv'
[4.779s] INFO:colcon.colcon_core.shell:Creating package script '/home/imml/git/research_2025/apple-harvest-eva/install/harvest/share/harvest/package.sh'
[4.779s] INFO:colcon.colcon_core.shell:Creating package script '/home/imml/git/research_2025/apple-harvest-eva/install/harvest/share/harvest/package.bash'
[4.779s] INFO:colcon.colcon_core.shell:Creating package script '/home/imml/git/research_2025/apple-harvest-eva/install/harvest/share/harvest/package.zsh'
[4.780s] Level 1:colcon.colcon_core.environment:create_file_with_runtime_dependencies(/home/imml/git/research_2025/apple-harvest-eva/install/harvest/share/colcon-core/packages/harvest)
[4.795s] DEBUG:colcon.colcon_core.event_handler.log_command:Invoked command in '/home/imml/git/research_2025/apple-harvest-eva/build/harvest_control' returned '0': AMENT_PREFIX_PATH=/home/imml/git/research_2025/apple-harvest-eva/install/harvest_interfaces:${AMENT_PREFIX_PATH} CMAKE_PREFIX_PATH=/home/imml/git/research_2025/apple-harvest-eva/install/harvest_interfaces:/opt/ros/humble LD_LIBRARY_PATH=/home/imml/git/research_2025/apple-harvest-eva/install/harvest_interfaces/lib:${LD_LIBRARY_PATH} PYTHONPATH=/home/imml/git/research_2025/apple-harvest-eva/install/harvest_interfaces/local/lib/python3.10/dist-packages:${PYTHONPATH} /usr/bin/cmake --build /home/imml/git/research_2025/apple-harvest-eva/build/harvest_control -- -j16 -l16
[4.797s] DEBUG:colcon.colcon_core.event_handler.log_command:Invoking command in '/home/imml/git/research_2025/apple-harvest-eva/build/harvest_control': AMENT_PREFIX_PATH=/home/imml/git/research_2025/apple-harvest-eva/install/harvest_interfaces:${AMENT_PREFIX_PATH} CMAKE_PREFIX_PATH=/home/imml/git/research_2025/apple-harvest-eva/install/harvest_interfaces:/opt/ros/humble LD_LIBRARY_PATH=/home/imml/git/research_2025/apple-harvest-eva/install/harvest_interfaces/lib:${LD_LIBRARY_PATH} PYTHONPATH=/home/imml/git/research_2025/apple-harvest-eva/install/harvest_interfaces/local/lib/python3.10/dist-packages:${PYTHONPATH} /usr/bin/cmake --install /home/imml/git/research_2025/apple-harvest-eva/build/harvest_control
[4.852s] Level 1:colcon.colcon_core.environment:create_environment_scripts_only(harvest_control)
[4.852s] Level 1:colcon.colcon_core.environment:checking '/home/imml/git/research_2025/apple-harvest-eva/install/harvest_control' for CMake module files
[4.853s] DEBUG:colcon.colcon_core.event_handler.log_command:Invoked command in '/home/imml/git/research_2025/apple-harvest-eva/build/harvest_control' returned '0': AMENT_PREFIX_PATH=/home/imml/git/research_2025/apple-harvest-eva/install/harvest_interfaces:${AMENT_PREFIX_PATH} CMAKE_PREFIX_PATH=/home/imml/git/research_2025/apple-harvest-eva/install/harvest_interfaces:/opt/ros/humble LD_LIBRARY_PATH=/home/imml/git/research_2025/apple-harvest-eva/install/harvest_interfaces/lib:${LD_LIBRARY_PATH} PYTHONPATH=/home/imml/git/research_2025/apple-harvest-eva/install/harvest_interfaces/local/lib/python3.10/dist-packages:${PYTHONPATH} /usr/bin/cmake --install /home/imml/git/research_2025/apple-harvest-eva/build/harvest_control
[4.853s] Level 1:colcon.colcon_core.environment:checking '/home/imml/git/research_2025/apple-harvest-eva/install/harvest_control' for CMake config files
[4.853s] Level 1:colcon.colcon_core.shell:create_environment_hook('harvest_control', 'cmake_prefix_path')
[4.854s] INFO:colcon.colcon_core.shell:Creating environment hook '/home/imml/git/research_2025/apple-harvest-eva/install/harvest_control/share/harvest_control/hook/cmake_prefix_path.ps1'
[4.854s] INFO:colcon.colcon_core.shell:Creating environment descriptor '/home/imml/git/research_2025/apple-harvest-eva/install/harvest_control/share/harvest_control/hook/cmake_prefix_path.dsv'
[4.854s] INFO:colcon.colcon_core.shell:Creating environment hook '/home/imml/git/research_2025/apple-harvest-eva/install/harvest_control/share/harvest_control/hook/cmake_prefix_path.sh'
[4.855s] Level 1:colcon.colcon_core.environment:checking '/home/imml/git/research_2025/apple-harvest-eva/install/harvest_control/lib'
[4.855s] Level 1:colcon.colcon_core.environment:checking '/home/imml/git/research_2025/apple-harvest-eva/install/harvest_control/bin'
[4.855s] Level 1:colcon.colcon_core.environment:checking '/home/imml/git/research_2025/apple-harvest-eva/install/harvest_control/lib/pkgconfig/harvest_control.pc'
[4.855s] Level 1:colcon.colcon_core.environment:checking '/home/imml/git/research_2025/apple-harvest-eva/install/harvest_control/lib/python3.10/site-packages'
[4.855s] Level 1:colcon.colcon_core.environment:checking '/home/imml/git/research_2025/apple-harvest-eva/install/harvest_control/bin'
[4.856s] INFO:colcon.colcon_core.shell:Creating package script '/home/imml/git/research_2025/apple-harvest-eva/install/harvest_control/share/harvest_control/package.ps1'
[4.856s] INFO:colcon.colcon_core.shell:Creating package descriptor '/home/imml/git/research_2025/apple-harvest-eva/install/harvest_control/share/harvest_control/package.dsv'
[4.856s] INFO:colcon.colcon_core.shell:Creating package script '/home/imml/git/research_2025/apple-harvest-eva/install/harvest_control/share/harvest_control/package.sh'
[4.857s] INFO:colcon.colcon_core.shell:Creating package script '/home/imml/git/research_2025/apple-harvest-eva/install/harvest_control/share/harvest_control/package.bash'
[4.857s] INFO:colcon.colcon_core.shell:Creating package script '/home/imml/git/research_2025/apple-harvest-eva/install/harvest_control/share/harvest_control/package.zsh'
[4.857s] Level 1:colcon.colcon_core.environment:create_file_with_runtime_dependencies(/home/imml/git/research_2025/apple-harvest-eva/install/harvest_control/share/colcon-core/packages/harvest_control)
[4.858s] Level 1:colcon.colcon_core.environment:create_environment_scripts_only(harvest_control)
[4.858s] Level 1:colcon.colcon_core.environment:checking '/home/imml/git/research_2025/apple-harvest-eva/install/harvest_control' for CMake module files
[4.858s] Level 1:colcon.colcon_core.environment:checking '/home/imml/git/research_2025/apple-harvest-eva/install/harvest_control' for CMake config files
[4.859s] Level 1:colcon.colcon_core.shell:create_environment_hook('harvest_control', 'cmake_prefix_path')
[4.859s] INFO:colcon.colcon_core.shell:Creating environment hook '/home/imml/git/research_2025/apple-harvest-eva/install/harvest_control/share/harvest_control/hook/cmake_prefix_path.ps1'
[4.859s] INFO:colcon.colcon_core.shell:Creating environment descriptor '/home/imml/git/research_2025/apple-harvest-eva/install/harvest_control/share/harvest_control/hook/cmake_prefix_path.dsv'
[4.859s] INFO:colcon.colcon_core.shell:Creating environment hook '/home/imml/git/research_2025/apple-harvest-eva/install/harvest_control/share/harvest_control/hook/cmake_prefix_path.sh'
[4.860s] Level 1:colcon.colcon_core.environment:checking '/home/imml/git/research_2025/apple-harvest-eva/install/harvest_control/lib'
[4.860s] Level 1:colcon.colcon_core.environment:checking '/home/imml/git/research_2025/apple-harvest-eva/install/harvest_control/bin'
[4.860s] Level 1:colcon.colcon_core.environment:checking '/home/imml/git/research_2025/apple-harvest-eva/install/harvest_control/lib/pkgconfig/harvest_control.pc'
[4.860s] Level 1:colcon.colcon_core.environment:checking '/home/imml/git/research_2025/apple-harvest-eva/install/harvest_control/lib/python3.10/site-packages'
[4.860s] Level 1:colcon.colcon_core.environment:checking '/home/imml/git/research_2025/apple-harvest-eva/install/harvest_control/bin'
[4.861s] INFO:colcon.colcon_core.shell:Creating package script '/home/imml/git/research_2025/apple-harvest-eva/install/harvest_control/share/harvest_control/package.ps1'
[4.861s] INFO:colcon.colcon_core.shell:Creating package descriptor '/home/imml/git/research_2025/apple-harvest-eva/install/harvest_control/share/harvest_control/package.dsv'
[4.861s] INFO:colcon.colcon_core.shell:Creating package script '/home/imml/git/research_2025/apple-harvest-eva/install/harvest_control/share/harvest_control/package.sh'
[4.862s] INFO:colcon.colcon_core.shell:Creating package script '/home/imml/git/research_2025/apple-harvest-eva/install/harvest_control/share/harvest_control/package.bash'
[4.862s] INFO:colcon.colcon_core.shell:Creating package script '/home/imml/git/research_2025/apple-harvest-eva/install/harvest_control/share/harvest_control/package.zsh'
[4.862s] Level 1:colcon.colcon_core.environment:create_file_with_runtime_dependencies(/home/imml/git/research_2025/apple-harvest-eva/install/harvest_control/share/colcon-core/packages/harvest_control)
[4.996s] DEBUG:colcon.colcon_core.event_handler.log_command:Invoked command in '/home/imml/git/research_2025/apple-harvest-eva/build/ur_robot_driver' returned '0': AMENT_PREFIX_PATH=/home/imml/git/research_2025/apple-harvest-eva/install/ur_controllers:/home/imml/git/research_2025/apple-harvest-eva/install/ur_description:/home/imml/git/research_2025/apple-harvest-eva/install/ur_dashboard_msgs:${AMENT_PREFIX_PATH} CMAKE_PREFIX_PATH=/home/imml/git/research_2025/apple-harvest-eva/install/ur_controllers:/home/imml/git/research_2025/apple-harvest-eva/install/ur_description:/home/imml/git/research_2025/apple-harvest-eva/install/ur_dashboard_msgs:/opt/ros/humble LD_LIBRARY_PATH=/home/imml/git/research_2025/apple-harvest-eva/install/ur_controllers/lib:/home/imml/git/research_2025/apple-harvest-eva/install/ur_dashboard_msgs/lib:${LD_LIBRARY_PATH} PYTHONPATH=/home/imml/git/research_2025/apple-harvest-eva/install/ur_dashboard_msgs/local/lib/python3.10/dist-packages:${PYTHONPATH} /usr/bin/cmake /home/imml/git/research_2025/apple-harvest-eva/harvest_hardware/Universal_Robots_ROS2_Driver/ur_robot_driver -DAMENT_CMAKE_SYMLINK_INSTALL=1 -DCMAKE_INSTALL_PREFIX=/home/imml/git/research_2025/apple-harvest-eva/install/ur_robot_driver
[4.997s] DEBUG:colcon.colcon_core.event_handler.log_command:Invoking command in '/home/imml/git/research_2025/apple-harvest-eva/build/ur_robot_driver': AMENT_PREFIX_PATH=/home/imml/git/research_2025/apple-harvest-eva/install/ur_controllers:/home/imml/git/research_2025/apple-harvest-eva/install/ur_description:/home/imml/git/research_2025/apple-harvest-eva/install/ur_dashboard_msgs:${AMENT_PREFIX_PATH} CMAKE_PREFIX_PATH=/home/imml/git/research_2025/apple-harvest-eva/install/ur_controllers:/home/imml/git/research_2025/apple-harvest-eva/install/ur_description:/home/imml/git/research_2025/apple-harvest-eva/install/ur_dashboard_msgs:/opt/ros/humble LD_LIBRARY_PATH=/home/imml/git/research_2025/apple-harvest-eva/install/ur_controllers/lib:/home/imml/git/research_2025/apple-harvest-eva/install/ur_dashboard_msgs/lib:${LD_LIBRARY_PATH} PYTHONPATH=/home/imml/git/research_2025/apple-harvest-eva/install/ur_dashboard_msgs/local/lib/python3.10/dist-packages:${PYTHONPATH} /usr/bin/cmake --build /home/imml/git/research_2025/apple-harvest-eva/build/ur_robot_driver -- -j16 -l16
[5.321s] DEBUG:colcon.colcon_core.event_handler.log_command:Invoked command in '/home/imml/git/research_2025/apple-harvest-eva/build/ur_robot_driver' returned '0': AMENT_PREFIX_PATH=/home/imml/git/research_2025/apple-harvest-eva/install/ur_controllers:/home/imml/git/research_2025/apple-harvest-eva/install/ur_description:/home/imml/git/research_2025/apple-harvest-eva/install/ur_dashboard_msgs:${AMENT_PREFIX_PATH} CMAKE_PREFIX_PATH=/home/imml/git/research_2025/apple-harvest-eva/install/ur_controllers:/home/imml/git/research_2025/apple-harvest-eva/install/ur_description:/home/imml/git/research_2025/apple-harvest-eva/install/ur_dashboard_msgs:/opt/ros/humble LD_LIBRARY_PATH=/home/imml/git/research_2025/apple-harvest-eva/install/ur_controllers/lib:/home/imml/git/research_2025/apple-harvest-eva/install/ur_dashboard_msgs/lib:${LD_LIBRARY_PATH} PYTHONPATH=/home/imml/git/research_2025/apple-harvest-eva/install/ur_dashboard_msgs/local/lib/python3.10/dist-packages:${PYTHONPATH} /usr/bin/cmake --build /home/imml/git/research_2025/apple-harvest-eva/build/ur_robot_driver -- -j16 -l16
[5.332s] DEBUG:colcon.colcon_core.event_handler.log_command:Invoking command in '/home/imml/git/research_2025/apple-harvest-eva/build/ur_robot_driver': AMENT_PREFIX_PATH=/home/imml/git/research_2025/apple-harvest-eva/install/ur_controllers:/home/imml/git/research_2025/apple-harvest-eva/install/ur_description:/home/imml/git/research_2025/apple-harvest-eva/install/ur_dashboard_msgs:${AMENT_PREFIX_PATH} CMAKE_PREFIX_PATH=/home/imml/git/research_2025/apple-harvest-eva/install/ur_controllers:/home/imml/git/research_2025/apple-harvest-eva/install/ur_description:/home/imml/git/research_2025/apple-harvest-eva/install/ur_dashboard_msgs:/opt/ros/humble LD_LIBRARY_PATH=/home/imml/git/research_2025/apple-harvest-eva/install/ur_controllers/lib:/home/imml/git/research_2025/apple-harvest-eva/install/ur_dashboard_msgs/lib:${LD_LIBRARY_PATH} PYTHONPATH=/home/imml/git/research_2025/apple-harvest-eva/install/ur_dashboard_msgs/local/lib/python3.10/dist-packages:${PYTHONPATH} /usr/bin/cmake --install /home/imml/git/research_2025/apple-harvest-eva/build/ur_robot_driver
[5.393s] Level 1:colcon.colcon_core.environment:create_environment_scripts_only(ur_robot_driver)
[5.393s] Level 1:colcon.colcon_core.environment:checking '/home/imml/git/research_2025/apple-harvest-eva/install/ur_robot_driver' for CMake module files
[5.394s] DEBUG:colcon.colcon_core.event_handler.log_command:Invoked command in '/home/imml/git/research_2025/apple-harvest-eva/build/ur_robot_driver' returned '0': AMENT_PREFIX_PATH=/home/imml/git/research_2025/apple-harvest-eva/install/ur_controllers:/home/imml/git/research_2025/apple-harvest-eva/install/ur_description:/home/imml/git/research_2025/apple-harvest-eva/install/ur_dashboard_msgs:${AMENT_PREFIX_PATH} CMAKE_PREFIX_PATH=/home/imml/git/research_2025/apple-harvest-eva/install/ur_controllers:/home/imml/git/research_2025/apple-harvest-eva/install/ur_description:/home/imml/git/research_2025/apple-harvest-eva/install/ur_dashboard_msgs:/opt/ros/humble LD_LIBRARY_PATH=/home/imml/git/research_2025/apple-harvest-eva/install/ur_controllers/lib:/home/imml/git/research_2025/apple-harvest-eva/install/ur_dashboard_msgs/lib:${LD_LIBRARY_PATH} PYTHONPATH=/home/imml/git/research_2025/apple-harvest-eva/install/ur_dashboard_msgs/local/lib/python3.10/dist-packages:${PYTHONPATH} /usr/bin/cmake --install /home/imml/git/research_2025/apple-harvest-eva/build/ur_robot_driver
[5.395s] Level 1:colcon.colcon_core.environment:checking '/home/imml/git/research_2025/apple-harvest-eva/install/ur_robot_driver' for CMake config files
[5.395s] Level 1:colcon.colcon_core.shell:create_environment_hook('ur_robot_driver', 'cmake_prefix_path')
[5.395s] INFO:colcon.colcon_core.shell:Creating environment hook '/home/imml/git/research_2025/apple-harvest-eva/install/ur_robot_driver/share/ur_robot_driver/hook/cmake_prefix_path.ps1'
[5.396s] INFO:colcon.colcon_core.shell:Creating environment descriptor '/home/imml/git/research_2025/apple-harvest-eva/install/ur_robot_driver/share/ur_robot_driver/hook/cmake_prefix_path.dsv'
[5.396s] INFO:colcon.colcon_core.shell:Creating environment hook '/home/imml/git/research_2025/apple-harvest-eva/install/ur_robot_driver/share/ur_robot_driver/hook/cmake_prefix_path.sh'
[5.397s] Level 1:colcon.colcon_core.environment:checking '/home/imml/git/research_2025/apple-harvest-eva/install/ur_robot_driver/lib'
[5.397s] Level 1:colcon.colcon_core.shell:create_environment_hook('ur_robot_driver', 'ld_library_path_lib')
[5.397s] INFO:colcon.colcon_core.shell:Creating environment hook '/home/imml/git/research_2025/apple-harvest-eva/install/ur_robot_driver/share/ur_robot_driver/hook/ld_library_path_lib.ps1'
[5.397s] INFO:colcon.colcon_core.shell:Creating environment descriptor '/home/imml/git/research_2025/apple-harvest-eva/install/ur_robot_driver/share/ur_robot_driver/hook/ld_library_path_lib.dsv'
[5.398s] INFO:colcon.colcon_core.shell:Creating environment hook '/home/imml/git/research_2025/apple-harvest-eva/install/ur_robot_driver/share/ur_robot_driver/hook/ld_library_path_lib.sh'
[5.398s] Level 1:colcon.colcon_core.environment:checking '/home/imml/git/research_2025/apple-harvest-eva/install/ur_robot_driver/bin'
[5.398s] Level 1:colcon.colcon_core.shell:create_environment_hook('ur_robot_driver', 'path')
[5.398s] INFO:colcon.colcon_core.shell:Creating environment hook '/home/imml/git/research_2025/apple-harvest-eva/install/ur_robot_driver/share/ur_robot_driver/hook/path.ps1'
[5.399s] INFO:colcon.colcon_core.shell:Creating environment descriptor '/home/imml/git/research_2025/apple-harvest-eva/install/ur_robot_driver/share/ur_robot_driver/hook/path.dsv'
[5.399s] INFO:colcon.colcon_core.shell:Creating environment hook '/home/imml/git/research_2025/apple-harvest-eva/install/ur_robot_driver/share/ur_robot_driver/hook/path.sh'
[5.400s] Level 1:colcon.colcon_core.environment:checking '/home/imml/git/research_2025/apple-harvest-eva/install/ur_robot_driver/lib/pkgconfig/ur_robot_driver.pc'
[5.400s] Level 1:colcon.colcon_core.environment:checking '/home/imml/git/research_2025/apple-harvest-eva/install/ur_robot_driver/lib/python3.10/site-packages'
[5.400s] Level 1:colcon.colcon_core.environment:checking '/home/imml/git/research_2025/apple-harvest-eva/install/ur_robot_driver/bin'
[5.400s] Level 1:colcon.colcon_core.shell:create_environment_hook('ur_robot_driver', 'pythonscriptspath')
[5.400s] INFO:colcon.colcon_core.shell:Creating environment hook '/home/imml/git/research_2025/apple-harvest-eva/install/ur_robot_driver/share/ur_robot_driver/hook/pythonscriptspath.ps1'
[5.400s] INFO:colcon.colcon_core.shell:Creating environment descriptor '/home/imml/git/research_2025/apple-harvest-eva/install/ur_robot_driver/share/ur_robot_driver/hook/pythonscriptspath.dsv'
[5.401s] INFO:colcon.colcon_core.shell:Creating environment hook '/home/imml/git/research_2025/apple-harvest-eva/install/ur_robot_driver/share/ur_robot_driver/hook/pythonscriptspath.sh'
[5.401s] INFO:colcon.colcon_core.shell:Creating package script '/home/imml/git/research_2025/apple-harvest-eva/install/ur_robot_driver/share/ur_robot_driver/package.ps1'
[5.402s] INFO:colcon.colcon_core.shell:Creating package descriptor '/home/imml/git/research_2025/apple-harvest-eva/install/ur_robot_driver/share/ur_robot_driver/package.dsv'
[5.402s] INFO:colcon.colcon_core.shell:Creating package script '/home/imml/git/research_2025/apple-harvest-eva/install/ur_robot_driver/share/ur_robot_driver/package.sh'
[5.403s] INFO:colcon.colcon_core.shell:Creating package script '/home/imml/git/research_2025/apple-harvest-eva/install/ur_robot_driver/share/ur_robot_driver/package.bash'
[5.403s] INFO:colcon.colcon_core.shell:Creating package script '/home/imml/git/research_2025/apple-harvest-eva/install/ur_robot_driver/share/ur_robot_driver/package.zsh'
[5.403s] Level 1:colcon.colcon_core.environment:create_file_with_runtime_dependencies(/home/imml/git/research_2025/apple-harvest-eva/install/ur_robot_driver/share/colcon-core/packages/ur_robot_driver)
[5.404s] Level 1:colcon.colcon_core.environment:create_environment_scripts_only(ur_robot_driver)
[5.404s] Level 1:colcon.colcon_core.environment:checking '/home/imml/git/research_2025/apple-harvest-eva/install/ur_robot_driver' for CMake module files
[5.404s] Level 1:colcon.colcon_core.environment:checking '/home/imml/git/research_2025/apple-harvest-eva/install/ur_robot_driver' for CMake config files
[5.405s] Level 1:colcon.colcon_core.shell:create_environment_hook('ur_robot_driver', 'cmake_prefix_path')
[5.405s] INFO:colcon.colcon_core.shell:Creating environment hook '/home/imml/git/research_2025/apple-harvest-eva/install/ur_robot_driver/share/ur_robot_driver/hook/cmake_prefix_path.ps1'
[5.406s] INFO:colcon.colcon_core.shell:Creating environment descriptor '/home/imml/git/research_2025/apple-harvest-eva/install/ur_robot_driver/share/ur_robot_driver/hook/cmake_prefix_path.dsv'
[5.406s] INFO:colcon.colcon_core.shell:Creating environment hook '/home/imml/git/research_2025/apple-harvest-eva/install/ur_robot_driver/share/ur_robot_driver/hook/cmake_prefix_path.sh'
[5.407s] Level 1:colcon.colcon_core.environment:checking '/home/imml/git/research_2025/apple-harvest-eva/install/ur_robot_driver/lib'
[5.407s] Level 1:colcon.colcon_core.shell:create_environment_hook('ur_robot_driver', 'ld_library_path_lib')
[5.407s] INFO:colcon.colcon_core.shell:Creating environment hook '/home/imml/git/research_2025/apple-harvest-eva/install/ur_robot_driver/share/ur_robot_driver/hook/ld_library_path_lib.ps1'
[5.407s] INFO:colcon.colcon_core.shell:Creating environment descriptor '/home/imml/git/research_2025/apple-harvest-eva/install/ur_robot_driver/share/ur_robot_driver/hook/ld_library_path_lib.dsv'
[5.407s] INFO:colcon.colcon_core.shell:Creating environment hook '/home/imml/git/research_2025/apple-harvest-eva/install/ur_robot_driver/share/ur_robot_driver/hook/ld_library_path_lib.sh'
[5.408s] Level 1:colcon.colcon_core.environment:checking '/home/imml/git/research_2025/apple-harvest-eva/install/ur_robot_driver/bin'
[5.408s] Level 1:colcon.colcon_core.shell:create_environment_hook('ur_robot_driver', 'path')
[5.408s] INFO:colcon.colcon_core.shell:Creating environment hook '/home/imml/git/research_2025/apple-harvest-eva/install/ur_robot_driver/share/ur_robot_driver/hook/path.ps1'
[5.408s] INFO:colcon.colcon_core.shell:Creating environment descriptor '/home/imml/git/research_2025/apple-harvest-eva/install/ur_robot_driver/share/ur_robot_driver/hook/path.dsv'
[5.409s] INFO:colcon.colcon_core.shell:Creating environment hook '/home/imml/git/research_2025/apple-harvest-eva/install/ur_robot_driver/share/ur_robot_driver/hook/path.sh'
[5.409s] Level 1:colcon.colcon_core.environment:checking '/home/imml/git/research_2025/apple-harvest-eva/install/ur_robot_driver/lib/pkgconfig/ur_robot_driver.pc'
[5.409s] Level 1:colcon.colcon_core.environment:checking '/home/imml/git/research_2025/apple-harvest-eva/install/ur_robot_driver/lib/python3.10/site-packages'
[5.409s] Level 1:colcon.colcon_core.environment:checking '/home/imml/git/research_2025/apple-harvest-eva/install/ur_robot_driver/bin'
[5.409s] Level 1:colcon.colcon_core.shell:create_environment_hook('ur_robot_driver', 'pythonscriptspath')
[5.409s] INFO:colcon.colcon_core.shell:Creating environment hook '/home/imml/git/research_2025/apple-harvest-eva/install/ur_robot_driver/share/ur_robot_driver/hook/pythonscriptspath.ps1'
[5.410s] INFO:colcon.colcon_core.shell:Creating environment descriptor '/home/imml/git/research_2025/apple-harvest-eva/install/ur_robot_driver/share/ur_robot_driver/hook/pythonscriptspath.dsv'
[5.410s] INFO:colcon.colcon_core.shell:Creating environment hook '/home/imml/git/research_2025/apple-harvest-eva/install/ur_robot_driver/share/ur_robot_driver/hook/pythonscriptspath.sh'
[5.410s] INFO:colcon.colcon_core.shell:Creating package script '/home/imml/git/research_2025/apple-harvest-eva/install/ur_robot_driver/share/ur_robot_driver/package.ps1'
[5.411s] INFO:colcon.colcon_core.shell:Creating package descriptor '/home/imml/git/research_2025/apple-harvest-eva/install/ur_robot_driver/share/ur_robot_driver/package.dsv'
[5.411s] INFO:colcon.colcon_core.shell:Creating package script '/home/imml/git/research_2025/apple-harvest-eva/install/ur_robot_driver/share/ur_robot_driver/package.sh'
[5.412s] INFO:colcon.colcon_core.shell:Creating package script '/home/imml/git/research_2025/apple-harvest-eva/install/ur_robot_driver/share/ur_robot_driver/package.bash'
[5.412s] INFO:colcon.colcon_core.shell:Creating package script '/home/imml/git/research_2025/apple-harvest-eva/install/ur_robot_driver/share/ur_robot_driver/package.zsh'
[5.412s] Level 1:colcon.colcon_core.environment:create_file_with_runtime_dependencies(/home/imml/git/research_2025/apple-harvest-eva/install/ur_robot_driver/share/colcon-core/packages/ur_robot_driver)
[5.413s] INFO:colcon.colcon_ros.task.ament_cmake.build:Building ROS package in '/home/imml/git/research_2025/apple-harvest-eva/harvest_hardware/Universal_Robots_ROS2_Driver/ur_calibration' with build type 'ament_cmake'
[5.413s] INFO:colcon.colcon_cmake.task.cmake.build:Building CMake package in '/home/imml/git/research_2025/apple-harvest-eva/harvest_hardware/Universal_Robots_ROS2_Driver/ur_calibration'
[5.413s] INFO:colcon.colcon_core.shell:Skip shell extension 'powershell' for command environment: Not usable outside of PowerShell
[5.413s] DEBUG:colcon.colcon_core.shell:Skip shell extension 'dsv' for command environment
[5.427s] DEBUG:colcon.colcon_core.event_handler.log_command:Invoking command in '/home/imml/git/research_2025/apple-harvest-eva/build/ur_calibration': AMENT_PREFIX_PATH=/home/imml/git/research_2025/apple-harvest-eva/install/ur_robot_driver:/home/imml/git/research_2025/apple-harvest-eva/install/ur_controllers:/home/imml/git/research_2025/apple-harvest-eva/install/ur_description:/home/imml/git/research_2025/apple-harvest-eva/install/ur_dashboard_msgs:${AMENT_PREFIX_PATH} CMAKE_PREFIX_PATH=/home/imml/git/research_2025/apple-harvest-eva/install/ur_robot_driver:/home/imml/git/research_2025/apple-harvest-eva/install/ur_controllers:/home/imml/git/research_2025/apple-harvest-eva/install/ur_description:/home/imml/git/research_2025/apple-harvest-eva/install/ur_dashboard_msgs:/opt/ros/humble LD_LIBRARY_PATH=/home/imml/git/research_2025/apple-harvest-eva/install/ur_robot_driver/lib:/home/imml/git/research_2025/apple-harvest-eva/install/ur_controllers/lib:/home/imml/git/research_2025/apple-harvest-eva/install/ur_dashboard_msgs/lib:${LD_LIBRARY_PATH} PATH=/home/imml/git/research_2025/apple-harvest-eva/install/ur_robot_driver/bin:${PATH} PYTHONPATH=/home/imml/git/research_2025/apple-harvest-eva/install/ur_robot_driver/local/lib/python3.10/dist-packages:/home/imml/git/research_2025/apple-harvest-eva/install/ur_dashboard_msgs/local/lib/python3.10/dist-packages:${PYTHONPATH} /usr/bin/cmake /home/imml/git/research_2025/apple-harvest-eva/harvest_hardware/Universal_Robots_ROS2_Driver/ur_calibration -DAMENT_CMAKE_SYMLINK_INSTALL=1 -DCMAKE_INSTALL_PREFIX=/home/imml/git/research_2025/apple-harvest-eva/install/ur_calibration
[6.232s] DEBUG:colcon.colcon_core.event_handler.log_command:Invoked command in '/home/imml/git/research_2025/apple-harvest-eva/build/ur_calibration' returned '0': AMENT_PREFIX_PATH=/home/imml/git/research_2025/apple-harvest-eva/install/ur_robot_driver:/home/imml/git/research_2025/apple-harvest-eva/install/ur_controllers:/home/imml/git/research_2025/apple-harvest-eva/install/ur_description:/home/imml/git/research_2025/apple-harvest-eva/install/ur_dashboard_msgs:${AMENT_PREFIX_PATH} CMAKE_PREFIX_PATH=/home/imml/git/research_2025/apple-harvest-eva/install/ur_robot_driver:/home/imml/git/research_2025/apple-harvest-eva/install/ur_controllers:/home/imml/git/research_2025/apple-harvest-eva/install/ur_description:/home/imml/git/research_2025/apple-harvest-eva/install/ur_dashboard_msgs:/opt/ros/humble LD_LIBRARY_PATH=/home/imml/git/research_2025/apple-harvest-eva/install/ur_robot_driver/lib:/home/imml/git/research_2025/apple-harvest-eva/install/ur_controllers/lib:/home/imml/git/research_2025/apple-harvest-eva/install/ur_dashboard_msgs/lib:${LD_LIBRARY_PATH} PATH=/home/imml/git/research_2025/apple-harvest-eva/install/ur_robot_driver/bin:${PATH} PYTHONPATH=/home/imml/git/research_2025/apple-harvest-eva/install/ur_robot_driver/local/lib/python3.10/dist-packages:/home/imml/git/research_2025/apple-harvest-eva/install/ur_dashboard_msgs/local/lib/python3.10/dist-packages:${PYTHONPATH} /usr/bin/cmake /home/imml/git/research_2025/apple-harvest-eva/harvest_hardware/Universal_Robots_ROS2_Driver/ur_calibration -DAMENT_CMAKE_SYMLINK_INSTALL=1 -DCMAKE_INSTALL_PREFIX=/home/imml/git/research_2025/apple-harvest-eva/install/ur_calibration
[6.234s] DEBUG:colcon.colcon_core.event_handler.log_command:Invoking command in '/home/imml/git/research_2025/apple-harvest-eva/build/ur_calibration': AMENT_PREFIX_PATH=/home/imml/git/research_2025/apple-harvest-eva/install/ur_robot_driver:/home/imml/git/research_2025/apple-harvest-eva/install/ur_controllers:/home/imml/git/research_2025/apple-harvest-eva/install/ur_description:/home/imml/git/research_2025/apple-harvest-eva/install/ur_dashboard_msgs:${AMENT_PREFIX_PATH} CMAKE_PREFIX_PATH=/home/imml/git/research_2025/apple-harvest-eva/install/ur_robot_driver:/home/imml/git/research_2025/apple-harvest-eva/install/ur_controllers:/home/imml/git/research_2025/apple-harvest-eva/install/ur_description:/home/imml/git/research_2025/apple-harvest-eva/install/ur_dashboard_msgs:/opt/ros/humble LD_LIBRARY_PATH=/home/imml/git/research_2025/apple-harvest-eva/install/ur_robot_driver/lib:/home/imml/git/research_2025/apple-harvest-eva/install/ur_controllers/lib:/home/imml/git/research_2025/apple-harvest-eva/install/ur_dashboard_msgs/lib:${LD_LIBRARY_PATH} PATH=/home/imml/git/research_2025/apple-harvest-eva/install/ur_robot_driver/bin:${PATH} PYTHONPATH=/home/imml/git/research_2025/apple-harvest-eva/install/ur_robot_driver/local/lib/python3.10/dist-packages:/home/imml/git/research_2025/apple-harvest-eva/install/ur_dashboard_msgs/local/lib/python3.10/dist-packages:${PYTHONPATH} /usr/bin/cmake --build /home/imml/git/research_2025/apple-harvest-eva/build/ur_calibration -- -j16 -l16
[6.340s] DEBUG:colcon.colcon_core.event_handler.log_command:Invoked command in '/home/imml/git/research_2025/apple-harvest-eva/build/ur_calibration' returned '0': AMENT_PREFIX_PATH=/home/imml/git/research_2025/apple-harvest-eva/install/ur_robot_driver:/home/imml/git/research_2025/apple-harvest-eva/install/ur_controllers:/home/imml/git/research_2025/apple-harvest-eva/install/ur_description:/home/imml/git/research_2025/apple-harvest-eva/install/ur_dashboard_msgs:${AMENT_PREFIX_PATH} CMAKE_PREFIX_PATH=/home/imml/git/research_2025/apple-harvest-eva/install/ur_robot_driver:/home/imml/git/research_2025/apple-harvest-eva/install/ur_controllers:/home/imml/git/research_2025/apple-harvest-eva/install/ur_description:/home/imml/git/research_2025/apple-harvest-eva/install/ur_dashboard_msgs:/opt/ros/humble LD_LIBRARY_PATH=/home/imml/git/research_2025/apple-harvest-eva/install/ur_robot_driver/lib:/home/imml/git/research_2025/apple-harvest-eva/install/ur_controllers/lib:/home/imml/git/research_2025/apple-harvest-eva/install/ur_dashboard_msgs/lib:${LD_LIBRARY_PATH} PATH=/home/imml/git/research_2025/apple-harvest-eva/install/ur_robot_driver/bin:${PATH} PYTHONPATH=/home/imml/git/research_2025/apple-harvest-eva/install/ur_robot_driver/local/lib/python3.10/dist-packages:/home/imml/git/research_2025/apple-harvest-eva/install/ur_dashboard_msgs/local/lib/python3.10/dist-packages:${PYTHONPATH} /usr/bin/cmake --build /home/imml/git/research_2025/apple-harvest-eva/build/ur_calibration -- -j16 -l16
[6.341s] DEBUG:colcon.colcon_core.event_handler.log_command:Invoking command in '/home/imml/git/research_2025/apple-harvest-eva/build/ur_calibration': AMENT_PREFIX_PATH=/home/imml/git/research_2025/apple-harvest-eva/install/ur_robot_driver:/home/imml/git/research_2025/apple-harvest-eva/install/ur_controllers:/home/imml/git/research_2025/apple-harvest-eva/install/ur_description:/home/imml/git/research_2025/apple-harvest-eva/install/ur_dashboard_msgs:${AMENT_PREFIX_PATH} CMAKE_PREFIX_PATH=/home/imml/git/research_2025/apple-harvest-eva/install/ur_robot_driver:/home/imml/git/research_2025/apple-harvest-eva/install/ur_controllers:/home/imml/git/research_2025/apple-harvest-eva/install/ur_description:/home/imml/git/research_2025/apple-harvest-eva/install/ur_dashboard_msgs:/opt/ros/humble LD_LIBRARY_PATH=/home/imml/git/research_2025/apple-harvest-eva/install/ur_robot_driver/lib:/home/imml/git/research_2025/apple-harvest-eva/install/ur_controllers/lib:/home/imml/git/research_2025/apple-harvest-eva/install/ur_dashboard_msgs/lib:${LD_LIBRARY_PATH} PATH=/home/imml/git/research_2025/apple-harvest-eva/install/ur_robot_driver/bin:${PATH} PYTHONPATH=/home/imml/git/research_2025/apple-harvest-eva/install/ur_robot_driver/local/lib/python3.10/dist-packages:/home/imml/git/research_2025/apple-harvest-eva/install/ur_dashboard_msgs/local/lib/python3.10/dist-packages:${PYTHONPATH} /usr/bin/cmake --install /home/imml/git/research_2025/apple-harvest-eva/build/ur_calibration
[6.362s] Level 1:colcon.colcon_core.environment:create_environment_scripts_only(ur_calibration)
[6.362s] Level 1:colcon.colcon_core.environment:checking '/home/imml/git/research_2025/apple-harvest-eva/install/ur_calibration' for CMake module files
[6.363s] DEBUG:colcon.colcon_core.event_handler.log_command:Invoked command in '/home/imml/git/research_2025/apple-harvest-eva/build/ur_calibration' returned '0': AMENT_PREFIX_PATH=/home/imml/git/research_2025/apple-harvest-eva/install/ur_robot_driver:/home/imml/git/research_2025/apple-harvest-eva/install/ur_controllers:/home/imml/git/research_2025/apple-harvest-eva/install/ur_description:/home/imml/git/research_2025/apple-harvest-eva/install/ur_dashboard_msgs:${AMENT_PREFIX_PATH} CMAKE_PREFIX_PATH=/home/imml/git/research_2025/apple-harvest-eva/install/ur_robot_driver:/home/imml/git/research_2025/apple-harvest-eva/install/ur_controllers:/home/imml/git/research_2025/apple-harvest-eva/install/ur_description:/home/imml/git/research_2025/apple-harvest-eva/install/ur_dashboard_msgs:/opt/ros/humble LD_LIBRARY_PATH=/home/imml/git/research_2025/apple-harvest-eva/install/ur_robot_driver/lib:/home/imml/git/research_2025/apple-harvest-eva/install/ur_controllers/lib:/home/imml/git/research_2025/apple-harvest-eva/install/ur_dashboard_msgs/lib:${LD_LIBRARY_PATH} PATH=/home/imml/git/research_2025/apple-harvest-eva/install/ur_robot_driver/bin:${PATH} PYTHONPATH=/home/imml/git/research_2025/apple-harvest-eva/install/ur_robot_driver/local/lib/python3.10/dist-packages:/home/imml/git/research_2025/apple-harvest-eva/install/ur_dashboard_msgs/local/lib/python3.10/dist-packages:${PYTHONPATH} /usr/bin/cmake --install /home/imml/git/research_2025/apple-harvest-eva/build/ur_calibration
[6.363s] Level 1:colcon.colcon_core.environment:checking '/home/imml/git/research_2025/apple-harvest-eva/install/ur_calibration' for CMake config files
[6.363s] Level 1:colcon.colcon_core.shell:create_environment_hook('ur_calibration', 'cmake_prefix_path')
[6.363s] INFO:colcon.colcon_core.shell:Creating environment hook '/home/imml/git/research_2025/apple-harvest-eva/install/ur_calibration/share/ur_calibration/hook/cmake_prefix_path.ps1'
[6.364s] INFO:colcon.colcon_core.shell:Creating environment descriptor '/home/imml/git/research_2025/apple-harvest-eva/install/ur_calibration/share/ur_calibration/hook/cmake_prefix_path.dsv'
[6.364s] INFO:colcon.colcon_core.shell:Creating environment hook '/home/imml/git/research_2025/apple-harvest-eva/install/ur_calibration/share/ur_calibration/hook/cmake_prefix_path.sh'
[6.365s] Level 1:colcon.colcon_core.environment:checking '/home/imml/git/research_2025/apple-harvest-eva/install/ur_calibration/lib'
[6.365s] Level 1:colcon.colcon_core.environment:checking '/home/imml/git/research_2025/apple-harvest-eva/install/ur_calibration/bin'
[6.365s] Level 1:colcon.colcon_core.environment:checking '/home/imml/git/research_2025/apple-harvest-eva/install/ur_calibration/lib/pkgconfig/ur_calibration.pc'
[6.365s] Level 1:colcon.colcon_core.environment:checking '/home/imml/git/research_2025/apple-harvest-eva/install/ur_calibration/lib/python3.10/site-packages'
[6.365s] Level 1:colcon.colcon_core.environment:checking '/home/imml/git/research_2025/apple-harvest-eva/install/ur_calibration/bin'
[6.365s] INFO:colcon.colcon_core.shell:Creating package script '/home/imml/git/research_2025/apple-harvest-eva/install/ur_calibration/share/ur_calibration/package.ps1'
[6.366s] INFO:colcon.colcon_core.shell:Creating package descriptor '/home/imml/git/research_2025/apple-harvest-eva/install/ur_calibration/share/ur_calibration/package.dsv'
[6.366s] INFO:colcon.colcon_core.shell:Creating package script '/home/imml/git/research_2025/apple-harvest-eva/install/ur_calibration/share/ur_calibration/package.sh'
[6.366s] INFO:colcon.colcon_core.shell:Creating package script '/home/imml/git/research_2025/apple-harvest-eva/install/ur_calibration/share/ur_calibration/package.bash'
[6.366s] INFO:colcon.colcon_core.shell:Creating package script '/home/imml/git/research_2025/apple-harvest-eva/install/ur_calibration/share/ur_calibration/package.zsh'
[6.367s] Level 1:colcon.colcon_core.environment:create_file_with_runtime_dependencies(/home/imml/git/research_2025/apple-harvest-eva/install/ur_calibration/share/colcon-core/packages/ur_calibration)
[6.367s] Level 1:colcon.colcon_core.environment:create_environment_scripts_only(ur_calibration)
[6.367s] Level 1:colcon.colcon_core.environment:checking '/home/imml/git/research_2025/apple-harvest-eva/install/ur_calibration' for CMake module files
[6.368s] Level 1:colcon.colcon_core.environment:checking '/home/imml/git/research_2025/apple-harvest-eva/install/ur_calibration' for CMake config files
[6.368s] Level 1:colcon.colcon_core.shell:create_environment_hook('ur_calibration', 'cmake_prefix_path')
[6.368s] INFO:colcon.colcon_core.shell:Creating environment hook '/home/imml/git/research_2025/apple-harvest-eva/install/ur_calibration/share/ur_calibration/hook/cmake_prefix_path.ps1'
[6.369s] INFO:colcon.colcon_core.shell:Creating environment descriptor '/home/imml/git/research_2025/apple-harvest-eva/install/ur_calibration/share/ur_calibration/hook/cmake_prefix_path.dsv'
[6.369s] INFO:colcon.colcon_core.shell:Creating environment hook '/home/imml/git/research_2025/apple-harvest-eva/install/ur_calibration/share/ur_calibration/hook/cmake_prefix_path.sh'
[6.370s] Level 1:colcon.colcon_core.environment:checking '/home/imml/git/research_2025/apple-harvest-eva/install/ur_calibration/lib'
[6.370s] Level 1:colcon.colcon_core.environment:checking '/home/imml/git/research_2025/apple-harvest-eva/install/ur_calibration/bin'
[6.370s] Level 1:colcon.colcon_core.environment:checking '/home/imml/git/research_2025/apple-harvest-eva/install/ur_calibration/lib/pkgconfig/ur_calibration.pc'
[6.370s] Level 1:colcon.colcon_core.environment:checking '/home/imml/git/research_2025/apple-harvest-eva/install/ur_calibration/lib/python3.10/site-packages'
[6.370s] Level 1:colcon.colcon_core.environment:checking '/home/imml/git/research_2025/apple-harvest-eva/install/ur_calibration/bin'
[6.370s] INFO:colcon.colcon_core.shell:Creating package script '/home/imml/git/research_2025/apple-harvest-eva/install/ur_calibration/share/ur_calibration/package.ps1'
[6.371s] INFO:colcon.colcon_core.shell:Creating package descriptor '/home/imml/git/research_2025/apple-harvest-eva/install/ur_calibration/share/ur_calibration/package.dsv'
[6.371s] INFO:colcon.colcon_core.shell:Creating package script '/home/imml/git/research_2025/apple-harvest-eva/install/ur_calibration/share/ur_calibration/package.sh'
[6.371s] INFO:colcon.colcon_core.shell:Creating package script '/home/imml/git/research_2025/apple-harvest-eva/install/ur_calibration/share/ur_calibration/package.bash'
[6.372s] INFO:colcon.colcon_core.shell:Creating package script '/home/imml/git/research_2025/apple-harvest-eva/install/ur_calibration/share/ur_calibration/package.zsh'
[6.372s] Level 1:colcon.colcon_core.environment:create_file_with_runtime_dependencies(/home/imml/git/research_2025/apple-harvest-eva/install/ur_calibration/share/colcon-core/packages/ur_calibration)
[6.372s] INFO:colcon.colcon_ros.task.ament_cmake.build:Building ROS package in '/home/imml/git/research_2025/apple-harvest-eva/harvest_hardware/Universal_Robots_ROS2_Driver/ur' with build type 'ament_cmake'
[6.372s] INFO:colcon.colcon_cmake.task.cmake.build:Building CMake package in '/home/imml/git/research_2025/apple-harvest-eva/harvest_hardware/Universal_Robots_ROS2_Driver/ur'
[6.372s] INFO:colcon.colcon_core.shell:Skip shell extension 'powershell' for command environment: Not usable outside of PowerShell
[6.372s] DEBUG:colcon.colcon_core.shell:Skip shell extension 'dsv' for command environment
[6.390s] DEBUG:colcon.colcon_core.event_handler.log_command:Invoking command in '/home/imml/git/research_2025/apple-harvest-eva/build/ur': AMENT_PREFIX_PATH=/home/imml/git/research_2025/apple-harvest-eva/install/ur_calibration:/home/imml/git/research_2025/apple-harvest-eva/install/ur_robot_driver:/home/imml/git/research_2025/apple-harvest-eva/install/ur_moveit_config:/home/imml/git/research_2025/apple-harvest-eva/install/ur_controllers:/home/imml/git/research_2025/apple-harvest-eva/install/ur_description:/home/imml/git/research_2025/apple-harvest-eva/install/ur_dashboard_msgs:${AMENT_PREFIX_PATH} CMAKE_PREFIX_PATH=/home/imml/git/research_2025/apple-harvest-eva/install/ur_calibration:/home/imml/git/research_2025/apple-harvest-eva/install/ur_robot_driver:/home/imml/git/research_2025/apple-harvest-eva/install/ur_moveit_config:/home/imml/git/research_2025/apple-harvest-eva/install/ur_controllers:/home/imml/git/research_2025/apple-harvest-eva/install/ur_description:/home/imml/git/research_2025/apple-harvest-eva/install/ur_dashboard_msgs:/opt/ros/humble LD_LIBRARY_PATH=/home/imml/git/research_2025/apple-harvest-eva/install/ur_robot_driver/lib:/home/imml/git/research_2025/apple-harvest-eva/install/ur_controllers/lib:/home/imml/git/research_2025/apple-harvest-eva/install/ur_dashboard_msgs/lib:${LD_LIBRARY_PATH} PATH=/home/imml/git/research_2025/apple-harvest-eva/install/ur_robot_driver/bin:${PATH} PYTHONPATH=/home/imml/git/research_2025/apple-harvest-eva/install/ur_robot_driver/local/lib/python3.10/dist-packages:/home/imml/git/research_2025/apple-harvest-eva/install/ur_moveit_config/local/lib/python3.10/dist-packages:/home/imml/git/research_2025/apple-harvest-eva/install/ur_dashboard_msgs/local/lib/python3.10/dist-packages:${PYTHONPATH} /usr/bin/cmake /home/imml/git/research_2025/apple-harvest-eva/harvest_hardware/Universal_Robots_ROS2_Driver/ur -DAMENT_CMAKE_SYMLINK_INSTALL=1 -DCMAKE_INSTALL_PREFIX=/home/imml/git/research_2025/apple-harvest-eva/install/ur
[6.623s] DEBUG:colcon.colcon_core.event_handler.log_command:Invoked command in '/home/imml/git/research_2025/apple-harvest-eva/build/ur' returned '0': AMENT_PREFIX_PATH=/home/imml/git/research_2025/apple-harvest-eva/install/ur_calibration:/home/imml/git/research_2025/apple-harvest-eva/install/ur_robot_driver:/home/imml/git/research_2025/apple-harvest-eva/install/ur_moveit_config:/home/imml/git/research_2025/apple-harvest-eva/install/ur_controllers:/home/imml/git/research_2025/apple-harvest-eva/install/ur_description:/home/imml/git/research_2025/apple-harvest-eva/install/ur_dashboard_msgs:${AMENT_PREFIX_PATH} CMAKE_PREFIX_PATH=/home/imml/git/research_2025/apple-harvest-eva/install/ur_calibration:/home/imml/git/research_2025/apple-harvest-eva/install/ur_robot_driver:/home/imml/git/research_2025/apple-harvest-eva/install/ur_moveit_config:/home/imml/git/research_2025/apple-harvest-eva/install/ur_controllers:/home/imml/git/research_2025/apple-harvest-eva/install/ur_description:/home/imml/git/research_2025/apple-harvest-eva/install/ur_dashboard_msgs:/opt/ros/humble LD_LIBRARY_PATH=/home/imml/git/research_2025/apple-harvest-eva/install/ur_robot_driver/lib:/home/imml/git/research_2025/apple-harvest-eva/install/ur_controllers/lib:/home/imml/git/research_2025/apple-harvest-eva/install/ur_dashboard_msgs/lib:${LD_LIBRARY_PATH} PATH=/home/imml/git/research_2025/apple-harvest-eva/install/ur_robot_driver/bin:${PATH} PYTHONPATH=/home/imml/git/research_2025/apple-harvest-eva/install/ur_robot_driver/local/lib/python3.10/dist-packages:/home/imml/git/research_2025/apple-harvest-eva/install/ur_moveit_config/local/lib/python3.10/dist-packages:/home/imml/git/research_2025/apple-harvest-eva/install/ur_dashboard_msgs/local/lib/python3.10/dist-packages:${PYTHONPATH} /usr/bin/cmake /home/imml/git/research_2025/apple-harvest-eva/harvest_hardware/Universal_Robots_ROS2_Driver/ur -DAMENT_CMAKE_SYMLINK_INSTALL=1 -DCMAKE_INSTALL_PREFIX=/home/imml/git/research_2025/apple-harvest-eva/install/ur
[6.624s] DEBUG:colcon.colcon_core.event_handler.log_command:Invoking command in '/home/imml/git/research_2025/apple-harvest-eva/build/ur': AMENT_PREFIX_PATH=/home/imml/git/research_2025/apple-harvest-eva/install/ur_calibration:/home/imml/git/research_2025/apple-harvest-eva/install/ur_robot_driver:/home/imml/git/research_2025/apple-harvest-eva/install/ur_moveit_config:/home/imml/git/research_2025/apple-harvest-eva/install/ur_controllers:/home/imml/git/research_2025/apple-harvest-eva/install/ur_description:/home/imml/git/research_2025/apple-harvest-eva/install/ur_dashboard_msgs:${AMENT_PREFIX_PATH} CMAKE_PREFIX_PATH=/home/imml/git/research_2025/apple-harvest-eva/install/ur_calibration:/home/imml/git/research_2025/apple-harvest-eva/install/ur_robot_driver:/home/imml/git/research_2025/apple-harvest-eva/install/ur_moveit_config:/home/imml/git/research_2025/apple-harvest-eva/install/ur_controllers:/home/imml/git/research_2025/apple-harvest-eva/install/ur_description:/home/imml/git/research_2025/apple-harvest-eva/install/ur_dashboard_msgs:/opt/ros/humble LD_LIBRARY_PATH=/home/imml/git/research_2025/apple-harvest-eva/install/ur_robot_driver/lib:/home/imml/git/research_2025/apple-harvest-eva/install/ur_controllers/lib:/home/imml/git/research_2025/apple-harvest-eva/install/ur_dashboard_msgs/lib:${LD_LIBRARY_PATH} PATH=/home/imml/git/research_2025/apple-harvest-eva/install/ur_robot_driver/bin:${PATH} PYTHONPATH=/home/imml/git/research_2025/apple-harvest-eva/install/ur_robot_driver/local/lib/python3.10/dist-packages:/home/imml/git/research_2025/apple-harvest-eva/install/ur_moveit_config/local/lib/python3.10/dist-packages:/home/imml/git/research_2025/apple-harvest-eva/install/ur_dashboard_msgs/local/lib/python3.10/dist-packages:${PYTHONPATH} /usr/bin/cmake --build /home/imml/git/research_2025/apple-harvest-eva/build/ur -- -j16 -l16
[6.662s] DEBUG:colcon.colcon_core.event_handler.log_command:Invoked command in '/home/imml/git/research_2025/apple-harvest-eva/build/ur' returned '0': AMENT_PREFIX_PATH=/home/imml/git/research_2025/apple-harvest-eva/install/ur_calibration:/home/imml/git/research_2025/apple-harvest-eva/install/ur_robot_driver:/home/imml/git/research_2025/apple-harvest-eva/install/ur_moveit_config:/home/imml/git/research_2025/apple-harvest-eva/install/ur_controllers:/home/imml/git/research_2025/apple-harvest-eva/install/ur_description:/home/imml/git/research_2025/apple-harvest-eva/install/ur_dashboard_msgs:${AMENT_PREFIX_PATH} CMAKE_PREFIX_PATH=/home/imml/git/research_2025/apple-harvest-eva/install/ur_calibration:/home/imml/git/research_2025/apple-harvest-eva/install/ur_robot_driver:/home/imml/git/research_2025/apple-harvest-eva/install/ur_moveit_config:/home/imml/git/research_2025/apple-harvest-eva/install/ur_controllers:/home/imml/git/research_2025/apple-harvest-eva/install/ur_description:/home/imml/git/research_2025/apple-harvest-eva/install/ur_dashboard_msgs:/opt/ros/humble LD_LIBRARY_PATH=/home/imml/git/research_2025/apple-harvest-eva/install/ur_robot_driver/lib:/home/imml/git/research_2025/apple-harvest-eva/install/ur_controllers/lib:/home/imml/git/research_2025/apple-harvest-eva/install/ur_dashboard_msgs/lib:${LD_LIBRARY_PATH} PATH=/home/imml/git/research_2025/apple-harvest-eva/install/ur_robot_driver/bin:${PATH} PYTHONPATH=/home/imml/git/research_2025/apple-harvest-eva/install/ur_robot_driver/local/lib/python3.10/dist-packages:/home/imml/git/research_2025/apple-harvest-eva/install/ur_moveit_config/local/lib/python3.10/dist-packages:/home/imml/git/research_2025/apple-harvest-eva/install/ur_dashboard_msgs/local/lib/python3.10/dist-packages:${PYTHONPATH} /usr/bin/cmake --build /home/imml/git/research_2025/apple-harvest-eva/build/ur -- -j16 -l16
[6.663s] DEBUG:colcon.colcon_core.event_handler.log_command:Invoking command in '/home/imml/git/research_2025/apple-harvest-eva/build/ur': AMENT_PREFIX_PATH=/home/imml/git/research_2025/apple-harvest-eva/install/ur_calibration:/home/imml/git/research_2025/apple-harvest-eva/install/ur_robot_driver:/home/imml/git/research_2025/apple-harvest-eva/install/ur_moveit_config:/home/imml/git/research_2025/apple-harvest-eva/install/ur_controllers:/home/imml/git/research_2025/apple-harvest-eva/install/ur_description:/home/imml/git/research_2025/apple-harvest-eva/install/ur_dashboard_msgs:${AMENT_PREFIX_PATH} CMAKE_PREFIX_PATH=/home/imml/git/research_2025/apple-harvest-eva/install/ur_calibration:/home/imml/git/research_2025/apple-harvest-eva/install/ur_robot_driver:/home/imml/git/research_2025/apple-harvest-eva/install/ur_moveit_config:/home/imml/git/research_2025/apple-harvest-eva/install/ur_controllers:/home/imml/git/research_2025/apple-harvest-eva/install/ur_description:/home/imml/git/research_2025/apple-harvest-eva/install/ur_dashboard_msgs:/opt/ros/humble LD_LIBRARY_PATH=/home/imml/git/research_2025/apple-harvest-eva/install/ur_robot_driver/lib:/home/imml/git/research_2025/apple-harvest-eva/install/ur_controllers/lib:/home/imml/git/research_2025/apple-harvest-eva/install/ur_dashboard_msgs/lib:${LD_LIBRARY_PATH} PATH=/home/imml/git/research_2025/apple-harvest-eva/install/ur_robot_driver/bin:${PATH} PYTHONPATH=/home/imml/git/research_2025/apple-harvest-eva/install/ur_robot_driver/local/lib/python3.10/dist-packages:/home/imml/git/research_2025/apple-harvest-eva/install/ur_moveit_config/local/lib/python3.10/dist-packages:/home/imml/git/research_2025/apple-harvest-eva/install/ur_dashboard_msgs/local/lib/python3.10/dist-packages:${PYTHONPATH} /usr/bin/cmake --install /home/imml/git/research_2025/apple-harvest-eva/build/ur
[6.684s] Level 1:colcon.colcon_core.environment:create_environment_scripts_only(ur)
[6.684s] Level 1:colcon.colcon_core.environment:checking '/home/imml/git/research_2025/apple-harvest-eva/install/ur' for CMake module files
[6.685s] DEBUG:colcon.colcon_core.event_handler.log_command:Invoked command in '/home/imml/git/research_2025/apple-harvest-eva/build/ur' returned '0': AMENT_PREFIX_PATH=/home/imml/git/research_2025/apple-harvest-eva/install/ur_calibration:/home/imml/git/research_2025/apple-harvest-eva/install/ur_robot_driver:/home/imml/git/research_2025/apple-harvest-eva/install/ur_moveit_config:/home/imml/git/research_2025/apple-harvest-eva/install/ur_controllers:/home/imml/git/research_2025/apple-harvest-eva/install/ur_description:/home/imml/git/research_2025/apple-harvest-eva/install/ur_dashboard_msgs:${AMENT_PREFIX_PATH} CMAKE_PREFIX_PATH=/home/imml/git/research_2025/apple-harvest-eva/install/ur_calibration:/home/imml/git/research_2025/apple-harvest-eva/install/ur_robot_driver:/home/imml/git/research_2025/apple-harvest-eva/install/ur_moveit_config:/home/imml/git/research_2025/apple-harvest-eva/install/ur_controllers:/home/imml/git/research_2025/apple-harvest-eva/install/ur_description:/home/imml/git/research_2025/apple-harvest-eva/install/ur_dashboard_msgs:/opt/ros/humble LD_LIBRARY_PATH=/home/imml/git/research_2025/apple-harvest-eva/install/ur_robot_driver/lib:/home/imml/git/research_2025/apple-harvest-eva/install/ur_controllers/lib:/home/imml/git/research_2025/apple-harvest-eva/install/ur_dashboard_msgs/lib:${LD_LIBRARY_PATH} PATH=/home/imml/git/research_2025/apple-harvest-eva/install/ur_robot_driver/bin:${PATH} PYTHONPATH=/home/imml/git/research_2025/apple-harvest-eva/install/ur_robot_driver/local/lib/python3.10/dist-packages:/home/imml/git/research_2025/apple-harvest-eva/install/ur_moveit_config/local/lib/python3.10/dist-packages:/home/imml/git/research_2025/apple-harvest-eva/install/ur_dashboard_msgs/local/lib/python3.10/dist-packages:${PYTHONPATH} /usr/bin/cmake --install /home/imml/git/research_2025/apple-harvest-eva/build/ur
[6.685s] Level 1:colcon.colcon_core.environment:checking '/home/imml/git/research_2025/apple-harvest-eva/install/ur' for CMake config files
[6.685s] Level 1:colcon.colcon_core.shell:create_environment_hook('ur', 'cmake_prefix_path')
[6.685s] INFO:colcon.colcon_core.shell:Creating environment hook '/home/imml/git/research_2025/apple-harvest-eva/install/ur/share/ur/hook/cmake_prefix_path.ps1'
[6.686s] INFO:colcon.colcon_core.shell:Creating environment descriptor '/home/imml/git/research_2025/apple-harvest-eva/install/ur/share/ur/hook/cmake_prefix_path.dsv'
[6.686s] INFO:colcon.colcon_core.shell:Creating environment hook '/home/imml/git/research_2025/apple-harvest-eva/install/ur/share/ur/hook/cmake_prefix_path.sh'
[6.687s] Level 1:colcon.colcon_core.environment:checking '/home/imml/git/research_2025/apple-harvest-eva/install/ur/bin'
[6.687s] Level 1:colcon.colcon_core.environment:checking '/home/imml/git/research_2025/apple-harvest-eva/install/ur/lib/pkgconfig/ur.pc'
[6.687s] Level 1:colcon.colcon_core.environment:checking '/home/imml/git/research_2025/apple-harvest-eva/install/ur/lib/python3.10/site-packages'
[6.687s] Level 1:colcon.colcon_core.environment:checking '/home/imml/git/research_2025/apple-harvest-eva/install/ur/bin'
[6.687s] INFO:colcon.colcon_core.shell:Creating package script '/home/imml/git/research_2025/apple-harvest-eva/install/ur/share/ur/package.ps1'
[6.687s] INFO:colcon.colcon_core.shell:Creating package descriptor '/home/imml/git/research_2025/apple-harvest-eva/install/ur/share/ur/package.dsv'
[6.688s] INFO:colcon.colcon_core.shell:Creating package script '/home/imml/git/research_2025/apple-harvest-eva/install/ur/share/ur/package.sh'
[6.688s] INFO:colcon.colcon_core.shell:Creating package script '/home/imml/git/research_2025/apple-harvest-eva/install/ur/share/ur/package.bash'
[6.689s] INFO:colcon.colcon_core.shell:Creating package script '/home/imml/git/research_2025/apple-harvest-eva/install/ur/share/ur/package.zsh'
[6.689s] Level 1:colcon.colcon_core.environment:create_file_with_runtime_dependencies(/home/imml/git/research_2025/apple-harvest-eva/install/ur/share/colcon-core/packages/ur)
[6.689s] Level 1:colcon.colcon_core.environment:create_environment_scripts_only(ur)
[6.690s] Level 1:colcon.colcon_core.environment:checking '/home/imml/git/research_2025/apple-harvest-eva/install/ur' for CMake module files
[6.690s] Level 1:colcon.colcon_core.environment:checking '/home/imml/git/research_2025/apple-harvest-eva/install/ur' for CMake config files
[6.690s] Level 1:colcon.colcon_core.shell:create_environment_hook('ur', 'cmake_prefix_path')
[6.690s] INFO:colcon.colcon_core.shell:Creating environment hook '/home/imml/git/research_2025/apple-harvest-eva/install/ur/share/ur/hook/cmake_prefix_path.ps1'
[6.691s] INFO:colcon.colcon_core.shell:Creating environment descriptor '/home/imml/git/research_2025/apple-harvest-eva/install/ur/share/ur/hook/cmake_prefix_path.dsv'
[6.691s] INFO:colcon.colcon_core.shell:Creating environment hook '/home/imml/git/research_2025/apple-harvest-eva/install/ur/share/ur/hook/cmake_prefix_path.sh'
[6.692s] Level 1:colcon.colcon_core.environment:checking '/home/imml/git/research_2025/apple-harvest-eva/install/ur/bin'
[6.692s] Level 1:colcon.colcon_core.environment:checking '/home/imml/git/research_2025/apple-harvest-eva/install/ur/lib/pkgconfig/ur.pc'
[6.692s] Level 1:colcon.colcon_core.environment:checking '/home/imml/git/research_2025/apple-harvest-eva/install/ur/lib/python3.10/site-packages'
[6.692s] Level 1:colcon.colcon_core.environment:checking '/home/imml/git/research_2025/apple-harvest-eva/install/ur/bin'
[6.692s] INFO:colcon.colcon_core.shell:Creating package script '/home/imml/git/research_2025/apple-harvest-eva/install/ur/share/ur/package.ps1'
[6.693s] INFO:colcon.colcon_core.shell:Creating package descriptor '/home/imml/git/research_2025/apple-harvest-eva/install/ur/share/ur/package.dsv'
[6.693s] INFO:colcon.colcon_core.shell:Creating package script '/home/imml/git/research_2025/apple-harvest-eva/install/ur/share/ur/package.sh'
[6.693s] INFO:colcon.colcon_core.shell:Creating package script '/home/imml/git/research_2025/apple-harvest-eva/install/ur/share/ur/package.bash'
[6.694s] INFO:colcon.colcon_core.shell:Creating package script '/home/imml/git/research_2025/apple-harvest-eva/install/ur/share/ur/package.zsh'
[6.694s] Level 1:colcon.colcon_core.environment:create_file_with_runtime_dependencies(/home/imml/git/research_2025/apple-harvest-eva/install/ur/share/colcon-core/packages/ur)
[12.422s] DEBUG:colcon.colcon_core.event_handler.log_command:Invoked command in '/home/imml/git/research_2025/apple-harvest-eva/build/realsense2_camera' returned '0': AMENT_PREFIX_PATH=/home/imml/git/research_2025/apple-harvest-eva/install/realsense2_camera_msgs:${AMENT_PREFIX_PATH} CMAKE_PREFIX_PATH=/home/imml/git/research_2025/apple-harvest-eva/install/realsense2_camera_msgs:/opt/ros/humble LD_LIBRARY_PATH=/home/imml/git/research_2025/apple-harvest-eva/install/realsense2_camera_msgs/lib:${LD_LIBRARY_PATH} PYTHONPATH=/home/imml/git/research_2025/apple-harvest-eva/install/realsense2_camera_msgs/local/lib/python3.10/dist-packages:${PYTHONPATH} /usr/bin/cmake /home/imml/git/research_2025/apple-harvest-eva/harvest_hardware/realsense-ros/realsense2_camera -DAMENT_CMAKE_SYMLINK_INSTALL=1 -DCMAKE_INSTALL_PREFIX=/home/imml/git/research_2025/apple-harvest-eva/install/realsense2_camera
[12.423s] DEBUG:colcon.colcon_core.event_handler.log_command:Invoking command in '/home/imml/git/research_2025/apple-harvest-eva/build/realsense2_camera': AMENT_PREFIX_PATH=/home/imml/git/research_2025/apple-harvest-eva/install/realsense2_camera_msgs:${AMENT_PREFIX_PATH} CMAKE_PREFIX_PATH=/home/imml/git/research_2025/apple-harvest-eva/install/realsense2_camera_msgs:/opt/ros/humble LD_LIBRARY_PATH=/home/imml/git/research_2025/apple-harvest-eva/install/realsense2_camera_msgs/lib:${LD_LIBRARY_PATH} PYTHONPATH=/home/imml/git/research_2025/apple-harvest-eva/install/realsense2_camera_msgs/local/lib/python3.10/dist-packages:${PYTHONPATH} /usr/bin/cmake --build /home/imml/git/research_2025/apple-harvest-eva/build/realsense2_camera -- -j16 -l16
[12.536s] DEBUG:colcon.colcon_core.event_handler.log_command:Invoked command in '/home/imml/git/research_2025/apple-harvest-eva/build/realsense2_camera' returned '0': AMENT_PREFIX_PATH=/home/imml/git/research_2025/apple-harvest-eva/install/realsense2_camera_msgs:${AMENT_PREFIX_PATH} CMAKE_PREFIX_PATH=/home/imml/git/research_2025/apple-harvest-eva/install/realsense2_camera_msgs:/opt/ros/humble LD_LIBRARY_PATH=/home/imml/git/research_2025/apple-harvest-eva/install/realsense2_camera_msgs/lib:${LD_LIBRARY_PATH} PYTHONPATH=/home/imml/git/research_2025/apple-harvest-eva/install/realsense2_camera_msgs/local/lib/python3.10/dist-packages:${PYTHONPATH} /usr/bin/cmake --build /home/imml/git/research_2025/apple-harvest-eva/build/realsense2_camera -- -j16 -l16
[12.538s] DEBUG:colcon.colcon_core.event_handler.log_command:Invoking command in '/home/imml/git/research_2025/apple-harvest-eva/build/realsense2_camera': AMENT_PREFIX_PATH=/home/imml/git/research_2025/apple-harvest-eva/install/realsense2_camera_msgs:${AMENT_PREFIX_PATH} CMAKE_PREFIX_PATH=/home/imml/git/research_2025/apple-harvest-eva/install/realsense2_camera_msgs:/opt/ros/humble LD_LIBRARY_PATH=/home/imml/git/research_2025/apple-harvest-eva/install/realsense2_camera_msgs/lib:${LD_LIBRARY_PATH} PYTHONPATH=/home/imml/git/research_2025/apple-harvest-eva/install/realsense2_camera_msgs/local/lib/python3.10/dist-packages:${PYTHONPATH} /usr/bin/cmake --install /home/imml/git/research_2025/apple-harvest-eva/build/realsense2_camera
[12.563s] Level 1:colcon.colcon_core.environment:create_environment_scripts_only(realsense2_camera)
[12.563s] Level 1:colcon.colcon_core.environment:checking '/home/imml/git/research_2025/apple-harvest-eva/install/realsense2_camera' for CMake module files
[12.564s] DEBUG:colcon.colcon_core.event_handler.log_command:Invoked command in '/home/imml/git/research_2025/apple-harvest-eva/build/realsense2_camera' returned '0': AMENT_PREFIX_PATH=/home/imml/git/research_2025/apple-harvest-eva/install/realsense2_camera_msgs:${AMENT_PREFIX_PATH} CMAKE_PREFIX_PATH=/home/imml/git/research_2025/apple-harvest-eva/install/realsense2_camera_msgs:/opt/ros/humble LD_LIBRARY_PATH=/home/imml/git/research_2025/apple-harvest-eva/install/realsense2_camera_msgs/lib:${LD_LIBRARY_PATH} PYTHONPATH=/home/imml/git/research_2025/apple-harvest-eva/install/realsense2_camera_msgs/local/lib/python3.10/dist-packages:${PYTHONPATH} /usr/bin/cmake --install /home/imml/git/research_2025/apple-harvest-eva/build/realsense2_camera
[12.564s] Level 1:colcon.colcon_core.environment:checking '/home/imml/git/research_2025/apple-harvest-eva/install/realsense2_camera' for CMake config files
[12.565s] Level 1:colcon.colcon_core.shell:create_environment_hook('realsense2_camera', 'cmake_prefix_path')
[12.565s] INFO:colcon.colcon_core.shell:Creating environment hook '/home/imml/git/research_2025/apple-harvest-eva/install/realsense2_camera/share/realsense2_camera/hook/cmake_prefix_path.ps1'
[12.566s] INFO:colcon.colcon_core.shell:Creating environment descriptor '/home/imml/git/research_2025/apple-harvest-eva/install/realsense2_camera/share/realsense2_camera/hook/cmake_prefix_path.dsv'
[12.566s] INFO:colcon.colcon_core.shell:Creating environment hook '/home/imml/git/research_2025/apple-harvest-eva/install/realsense2_camera/share/realsense2_camera/hook/cmake_prefix_path.sh'
[12.566s] Level 1:colcon.colcon_core.environment:checking '/home/imml/git/research_2025/apple-harvest-eva/install/realsense2_camera/lib'
[12.566s] Level 1:colcon.colcon_core.shell:create_environment_hook('realsense2_camera', 'ld_library_path_lib')
[12.567s] INFO:colcon.colcon_core.shell:Creating environment hook '/home/imml/git/research_2025/apple-harvest-eva/install/realsense2_camera/share/realsense2_camera/hook/ld_library_path_lib.ps1'
[12.567s] INFO:colcon.colcon_core.shell:Creating environment descriptor '/home/imml/git/research_2025/apple-harvest-eva/install/realsense2_camera/share/realsense2_camera/hook/ld_library_path_lib.dsv'
[12.567s] INFO:colcon.colcon_core.shell:Creating environment hook '/home/imml/git/research_2025/apple-harvest-eva/install/realsense2_camera/share/realsense2_camera/hook/ld_library_path_lib.sh'
[12.568s] Level 1:colcon.colcon_core.environment:checking '/home/imml/git/research_2025/apple-harvest-eva/install/realsense2_camera/bin'
[12.568s] Level 1:colcon.colcon_core.environment:checking '/home/imml/git/research_2025/apple-harvest-eva/install/realsense2_camera/lib/pkgconfig/realsense2_camera.pc'
[12.568s] Level 1:colcon.colcon_core.environment:checking '/home/imml/git/research_2025/apple-harvest-eva/install/realsense2_camera/lib/python3.10/site-packages'
[12.568s] Level 1:colcon.colcon_core.environment:checking '/home/imml/git/research_2025/apple-harvest-eva/install/realsense2_camera/bin'
[12.568s] INFO:colcon.colcon_core.shell:Creating package script '/home/imml/git/research_2025/apple-harvest-eva/install/realsense2_camera/share/realsense2_camera/package.ps1'
[12.569s] INFO:colcon.colcon_core.shell:Creating package descriptor '/home/imml/git/research_2025/apple-harvest-eva/install/realsense2_camera/share/realsense2_camera/package.dsv'
[12.569s] INFO:colcon.colcon_core.shell:Creating package script '/home/imml/git/research_2025/apple-harvest-eva/install/realsense2_camera/share/realsense2_camera/package.sh'
[12.569s] INFO:colcon.colcon_core.shell:Creating package script '/home/imml/git/research_2025/apple-harvest-eva/install/realsense2_camera/share/realsense2_camera/package.bash'
[12.570s] INFO:colcon.colcon_core.shell:Creating package script '/home/imml/git/research_2025/apple-harvest-eva/install/realsense2_camera/share/realsense2_camera/package.zsh'
[12.570s] Level 1:colcon.colcon_core.environment:create_file_with_runtime_dependencies(/home/imml/git/research_2025/apple-harvest-eva/install/realsense2_camera/share/colcon-core/packages/realsense2_camera)
[12.570s] Level 1:colcon.colcon_core.environment:create_environment_scripts_only(realsense2_camera)
[12.571s] Level 1:colcon.colcon_core.environment:checking '/home/imml/git/research_2025/apple-harvest-eva/install/realsense2_camera' for CMake module files
[12.571s] Level 1:colcon.colcon_core.environment:checking '/home/imml/git/research_2025/apple-harvest-eva/install/realsense2_camera' for CMake config files
[12.572s] Level 1:colcon.colcon_core.shell:create_environment_hook('realsense2_camera', 'cmake_prefix_path')
[12.572s] INFO:colcon.colcon_core.shell:Creating environment hook '/home/imml/git/research_2025/apple-harvest-eva/install/realsense2_camera/share/realsense2_camera/hook/cmake_prefix_path.ps1'
[12.572s] INFO:colcon.colcon_core.shell:Creating environment descriptor '/home/imml/git/research_2025/apple-harvest-eva/install/realsense2_camera/share/realsense2_camera/hook/cmake_prefix_path.dsv'
[12.572s] INFO:colcon.colcon_core.shell:Creating environment hook '/home/imml/git/research_2025/apple-harvest-eva/install/realsense2_camera/share/realsense2_camera/hook/cmake_prefix_path.sh'
[12.573s] Level 1:colcon.colcon_core.environment:checking '/home/imml/git/research_2025/apple-harvest-eva/install/realsense2_camera/lib'
[12.573s] Level 1:colcon.colcon_core.shell:create_environment_hook('realsense2_camera', 'ld_library_path_lib')
[12.573s] INFO:colcon.colcon_core.shell:Creating environment hook '/home/imml/git/research_2025/apple-harvest-eva/install/realsense2_camera/share/realsense2_camera/hook/ld_library_path_lib.ps1'
[12.573s] INFO:colcon.colcon_core.shell:Creating environment descriptor '/home/imml/git/research_2025/apple-harvest-eva/install/realsense2_camera/share/realsense2_camera/hook/ld_library_path_lib.dsv'
[12.574s] INFO:colcon.colcon_core.shell:Creating environment hook '/home/imml/git/research_2025/apple-harvest-eva/install/realsense2_camera/share/realsense2_camera/hook/ld_library_path_lib.sh'
[12.574s] Level 1:colcon.colcon_core.environment:checking '/home/imml/git/research_2025/apple-harvest-eva/install/realsense2_camera/bin'
[12.574s] Level 1:colcon.colcon_core.environment:checking '/home/imml/git/research_2025/apple-harvest-eva/install/realsense2_camera/lib/pkgconfig/realsense2_camera.pc'
[12.574s] Level 1:colcon.colcon_core.environment:checking '/home/imml/git/research_2025/apple-harvest-eva/install/realsense2_camera/lib/python3.10/site-packages'
[12.574s] Level 1:colcon.colcon_core.environment:checking '/home/imml/git/research_2025/apple-harvest-eva/install/realsense2_camera/bin'
[12.574s] INFO:colcon.colcon_core.shell:Creating package script '/home/imml/git/research_2025/apple-harvest-eva/install/realsense2_camera/share/realsense2_camera/package.ps1'
[12.575s] INFO:colcon.colcon_core.shell:Creating package descriptor '/home/imml/git/research_2025/apple-harvest-eva/install/realsense2_camera/share/realsense2_camera/package.dsv'
[12.575s] INFO:colcon.colcon_core.shell:Creating package script '/home/imml/git/research_2025/apple-harvest-eva/install/realsense2_camera/share/realsense2_camera/package.sh'
[12.575s] INFO:colcon.colcon_core.shell:Creating package script '/home/imml/git/research_2025/apple-harvest-eva/install/realsense2_camera/share/realsense2_camera/package.bash'
[12.576s] INFO:colcon.colcon_core.shell:Creating package script '/home/imml/git/research_2025/apple-harvest-eva/install/realsense2_camera/share/realsense2_camera/package.zsh'
[12.576s] Level 1:colcon.colcon_core.environment:create_file_with_runtime_dependencies(/home/imml/git/research_2025/apple-harvest-eva/install/realsense2_camera/share/colcon-core/packages/realsense2_camera)
[12.576s] DEBUG:colcon.colcon_parallel_executor.executor.parallel:closing loop
[12.577s] DEBUG:colcon.colcon_parallel_executor.executor.parallel:loop closed
[12.577s] DEBUG:colcon.colcon_parallel_executor.executor.parallel:run_until_complete finished with '0'
[12.577s] DEBUG:colcon.colcon_core.event_reactor:joining thread
[12.582s] INFO:colcon.colcon_core.plugin_system:Skipping extension 'colcon_notification.desktop_notification.terminal_notifier': Not used on non-Darwin systems
[12.582s] INFO:colcon.colcon_core.plugin_system:Skipping extension 'colcon_notification.desktop_notification.win32': Not used on non-Windows systems
[12.582s] INFO:colcon.colcon_notification.desktop_notification:Sending desktop notification using 'notify2'
[12.598s] DEBUG:colcon.colcon_core.event_reactor:joined thread
[12.599s] INFO:colcon.colcon_core.shell:Creating prefix script '/home/imml/git/research_2025/apple-harvest-eva/install/local_setup.ps1'
[12.600s] INFO:colcon.colcon_core.shell:Creating prefix util module '/home/imml/git/research_2025/apple-harvest-eva/install/_local_setup_util_ps1.py'
[12.601s] INFO:colcon.colcon_core.shell:Creating prefix chain script '/home/imml/git/research_2025/apple-harvest-eva/install/setup.ps1'
[12.602s] INFO:colcon.colcon_core.shell:Creating prefix script '/home/imml/git/research_2025/apple-harvest-eva/install/local_setup.sh'
[12.603s] INFO:colcon.colcon_core.shell:Creating prefix util module '/home/imml/git/research_2025/apple-harvest-eva/install/_local_setup_util_sh.py'
[12.603s] INFO:colcon.colcon_core.shell:Creating prefix chain script '/home/imml/git/research_2025/apple-harvest-eva/install/setup.sh'
[12.604s] INFO:colcon.colcon_core.shell:Creating prefix script '/home/imml/git/research_2025/apple-harvest-eva/install/local_setup.bash'
[12.604s] INFO:colcon.colcon_core.shell:Creating prefix chain script '/home/imml/git/research_2025/apple-harvest-eva/install/setup.bash'
[12.605s] INFO:colcon.colcon_core.shell:Creating prefix script '/home/imml/git/research_2025/apple-harvest-eva/install/local_setup.zsh'
[12.606s] INFO:colcon.colcon_core.shell:Creating prefix chain script '/home/imml/git/research_2025/apple-harvest-eva/install/setup.zsh'
